tree
version=v4
num_class=1
num_tree_per_iteration=1
label_index=0
max_feature_idx=108
objective=lambdarank
feature_names=course_code track_code turf_condition_code dirt_condition_code bracket_number horse_number sex_code distance prev_running_style affiliation_code pred_lap_diff pace_score_top3 prev_ucv_score max_ucv_score_5 avg_ucv_score_5 avg_ucv_3f_5 max_ucv_3f_5 ucv_3f_gap_avg_5 ucv_3f_rank dash_score_median leader_margin target_elo_rating horse_age weight_carried ucv_score_rank prev_ucv_score_rank max_ucv_score_5_rank elo_rating_rank dash_score_rank ucv_score_z elo_rating_z weight_carried_diff jockey_win_rate_100 jockey_top3_rate_100 straight_length elo_diff_from_mean ucv_elo_gap interval_days horse_weight_num weight_change_num carried_weight_ratio weight_change_per_day is_fatigue_loss is_jockey_changed is_sameday_jockey_change bracket_win_rate_highres bracket_top3_rate_highres slope_count woodchip_count slope_per_day woodchip_per_day slope_total_time_4f_1 slope_total_time_4f_2 slope_lap_time_2f_1f_1 slope_lap_time_2f_1f_2 slope_lap_time_1f_0m_1 slope_lap_time_1f_0m_2 woodchip_total_time_5f_1 woodchip_total_time_5f_2 woodchip_total_time_4f_1 woodchip_total_time_4f_2 woodchip_total_time_2f_1 woodchip_total_time_2f_2 woodchip_lap_time_1f_0m_1 woodchip_lap_time_1f_0m_2 slope_best_time_ratio_1 slope_best_time_ratio_2 slope_lap_diff_1 slope_lap_diff_2 slope_is_acceleration_1 slope_is_acceleration_2 woodchip_best_time_ratio_1 woodchip_best_time_ratio_2 woodchip_lap_diff_1 woodchip_lap_diff_2 woodchip_is_acceleration_1 woodchip_is_acceleration_2 prev_corner_4_ratio avg_corner_4_ratio_5 is_local is_small_turn interaction_small_turn_lead is_steep_slope steep_slope_top3_rate is_short_straight interaction_short_straight_back interaction_steep_slope_weight is_true_escape_prev dash_score_z dash_score_in_race_rank is_fastest_dash_in_race escape_horse_count_in_race interaction_escape_conflict_lead interaction_escape_conflict_back interaction_kokura_dirt_true_escape interaction_kokura_dirt_escape_conflict interaction_kokura_dirt_escape_conflict_back interaction_nakayama_turf_lead interaction_nakayama_turf_back distance_change is_promoted interaction_straight_length_lead interaction_straight_length_back interaction_chukyo_dirt_lead interaction_chukyo_dirt_back interaction_kokura_dirt_lead interaction_kokura_dirt_back interaction_fukushima_dirt_1150_lead interaction_fukushima_dirt_1150_back
feature_infos=-1:4:8:5:3:9:6:7:2:0:1 -1:3:1:4:2:0:6 -1:1:2:3:4 -1:0:2:4:3 -1:8:7:6:5:4:3:2:1 -1:5:2:4:1:6:3:7:8:9:10:11:12:13:14:15:16:17:18 -1:0:1:2 -1:1:7:6:4:2:8:10:12:0:3:11:13:9:14:16:15 -1:3:4:2:1 -1:1:0:2 [-6.8108422691589112:3.977668233167845] [0:0.63888888888888884] [-43.870307094042587:20.499436236859818] [-32.227487776962548:20.499436236859818] [-32.227487776962548:11.012694947879799] [-13.85247753063604:2.3311124066380842] [-13.85247753063604:2.4966985106747055] [-21.239582035637351:10.200580675021854] [1:18] [0:1] [0:0.55555555555555558] [964.41326619450922:1255.6867768458858] [2:12] [47:60] [1:18] [1:18] [1:18] [1:18] [1:18] [-3.8804604718124227:3.9646799307814926] [-3.9870528582115035:3.9792399332128481] [-7:5.6785714285714306] [0:1] [0:1] [262.10000000000002:1000] [-74.395094837847864:206.95771361845368] [-5.6840708584172734:6.7991703939399031] [1:1653] [330:596] [-38:48] [0.085365853658536592:0.16470588235294117] [-10:14] [0:1] [0:1] none [0:1] [0:1] [0:228] [0:71] [0:1.4594594594594594] [0:1.2857142857142858] [47.5:112.7] [48.700000000000003:117.8] [0:99.900000000000006] [0:99.900000000000006] [0:99.900000000000006] [0:99.900000000000006] [61.399999999999999:999.89999999999998] [63.399999999999999:999.89999999999998] [47:999.89999999999998] [48.600000000000001:231] [21.699999999999999:999.89999999999998] [21.800000000000001:114.59999999999999] [0:99.900000000000006] [0:99.900000000000006] [0.5700737618545838:2.0641025641025643] [0.71531966224366694:2.168241965973535] [-15:4.7000000000000011] [-17:11.399999999999999] [0:1] [0:1] [0.42062852538275586:4.5383141762452102] [0.454337899543379:4.4564796905222437] [-2.5:800.10000000000002] [-8:33.299999999999997] [0:1] [0:1] [0.055555555555555552:1.2307692307692308] [0.055555555555555552:1.1000000000000001] [0:1] [0:1] [-0.076923076923076872:0.94444444444444442] [0:1] [0:1] [0:1] [0:1.0769230769230769] [0:592] [0:1] [-3.7418039087087487:3.1819805153394647] [1:18] [0:1] [0:9] [-0.10000000000000009:8.1818181818181817] [0:6.2307692307692308] none none none [-0.076923076923076872:0.94444444444444442] [0:1.0769230769230769] [-1800:1800] [0:1] [-52.590000000000046:944.44444444444446] [14.561111111111112:1000] none none none none none none
tree_sizes=1790 1786 1788 1793 1783 1797 1792 1790 1792 1771 1789 1785 1789 1787 1790 1801 1788 1769 1811 1794 1799 1812 1811 1818 1791 1786 1812 1807 1789 1805 1790 1792 1787 1819 1805 1816 1795 1777 1804 1801 1793 1780 1776 1791 1792 1815 1802 1806 1799 1806 1791 1816 1783 1789 1777 1817 1801 1824 1802 1771 1794 1778 1805 1780 1787 1772 1812 1803 1802 1778 1812 1782 1775 1804 1802 1800 1821 1773 1784 1813 1784 1817 1806 1790 1795 1797 1788 1803 1776 1777 1787 1813 1773 1786 1793 1819 1801 1781 1784 1800 1769 1780 1786 1784 1779 1801 1810 1792 1799 1783 1774 1783 1771 1774 1764 1789 1762 1785 1776 1806 1769 1795 1801 1800 1787 1808 1785 1794 1781 1801 1769 1784 1777 1771 1779 1796 1803 1787 1801 1775 1794 1823 1789 1788 1808 1766 1761 1779 1766 1695 1779 1761 1796 1762 1753 1786 1759 1791 1786 1774 1795 1779 1773 1797 1751 1799 1779 1770 1780 1781 1792 1766 1800 1793 1789 1762 1754 1808 1780 1759 1778 1772 1788 1778 1782 1553 1759 1374 1809 1768 1801 1790 1810 1766 1773 1776 1779 1772 1805 1775 909 1773 1353 1782 1782 1791 1786 1791

Tree=0
num_leaves=15
num_cat=0
split_feature=29 33 33 12 33 83 29 18 83 14 29 33 33 22
split_gain=2160.89 865.07 362.712 271.666 227.799 113.548 111.468 98.5709 73.0527 71.3198 64.4779 58.1525 49.9211 46.0208
threshold=0.48821726425895445 0.24025316455696205 0.33508771929824566 -0.1729549470181235 0.43005376344086027 0.32071428571428579 0.92630534603181713 5.5000000000000009 0.32071428571428579 -0.7809982692450268 0.0092504726307662457 0.21026315789473685 0.41967741935483877 5.5000000000000009
decision_type=2 2 2 2 2 2 2 2 2 2 2 2 2 2
left_child=1 3 6 5 7 9 11 13 -5 -1 -9 -2 -4 -3
right_child=2 4 12 8 -6 -7 -8 10 -10 -11 -12 -13 -14 -15
leaf_value=-0.078694195268955339 -0.007073868942212228 0.012063447518491199 0.039904192013096779 -0.03334794067732131 0.037383806085035602 -0.032488192607737276 0.027887543573944226 -0.028530867782093485 -0.0044162449984325967 -0.052923874043627687 0.00036161787242867423 0.016960139638858406 0.060507018693346085 -0.041624782306404151
leaf_weight=536.02119724353543 492.41863691923209 570.55433992936742 521.40967927768361 638.54724738770165 362.82165213342523 338.59274015243864 1172.8323068439495 533.69970897596795 332.10809771524509 544.31814776652027 302.00769956957083 514.24949837301392 683.66872833285015 42.786285155685619
leaf_count=14458 8400 7277 4944 13525 3527 6757 13701 10118 5538 12855 4684 6684 4637 984
internal_value=-0.000143932 -0.0240958 0.0295871 -0.0438511 0.00195687 -0.057797 0.0174113 -0.00691206 -0.0234556 -0.0657208 -0.0180849 0.00519924 0.0516008 0.00830386
internal_weight=7586.04 4201.46 3384.58 2389.59 1811.87 1418.93 2179.5 1449.05 970.655 1080.34 835.707 1006.67 1205.08 613.341
internal_count=118089 79723 38366 53133 26590 34070 28785 23063 19063 27313 14802 15084 9581 8261
is_linear=0
shrinkage=0.05


Tree=1
num_leaves=15
num_cat=0
split_feature=33 18 78 78 15 15 89 83 12 12 15 78 25 78
split_gain=1737.48 831.479 770.37 584.814 373.201 363.516 267.011 240.217 241.002 216.034 169.551 157.513 139.426 137.263
threshold=0.20710681244743484 3.5000000000000004 0.52052072927072934 0.55556576797385626 0.31473242352793673 0.046328502519259906 4.5000000000000009 0.47493734335839605 0.94062072745685876 0.6868197493281607 0.60089860190321209 0.67738771645021656 6.5000000000000009 0.33047502334267048
decision_type=2 2 2 2 2 2 2 2 2 2 2 2 2 2
left_child=2 6 5 7 12 9 -2 8 -3 13 -8 -5 -4 -1
right_child=1 3 4 11 -6 -7 10 -9 -10 -11 -12 -13 -14 -15
leaf_value=-0.016623401767046003 0.0089220704745406956 -0.0087750029654947281 -0.036925223569708586 -0.014998301108460907 -0.016164778862188166 0.007276354694030711 0.020875236181864956 0.014471847942851718 0.015361988898398552 0.0028694031626123858 0.040418232736834869 -0.044981477829784629 -0.064344043957470926 -0.042776497798324271
leaf_weight=1134.0444803312421 2795.7998500596732 3751.3032549214549 796.37356140604243 1251.4808756147977 1081.2086780373938 2258.2733436732087 2864.1074367426336 3768.2825057571754 1427.6121935890988 770.58369211200625 1814.3756435215473 674.60898155346513 1115.6172961248085 901.29914520867169
leaf_count=8344 7835 17669 5504 6462 6525 9070 6378 11319 3792 3305 3310 4888 14895 8969
internal_value=-0.000187246 0.00831209 -0.0195416 -0.000512408 -0.0396515 -0.00765415 0.0211501 0.00486732 -0.0021203 -0.0196722 0.028456 -0.0255042 -0.0529288 -0.0282086
internal_weight=26405 18347.6 8057.4 10873.3 2993.2 5064.2 7474.28 8947.2 5178.92 2805.93 4678.48 1926.09 1911.99 2035.34
internal_count=118265 61653 56612 44130 26924 29688 17523 32780 21461 20618 9688 11350 20399 17313
is_linear=0
shrinkage=0.05


Tree=2
num_leaves=15
num_cat=0
split_feature=33 13 77 33 33 83 83 12 12 14 83 29 29 12
split_gain=1377.29 804.72 342.228 321.207 280.556 191.824 153.56 142.09 119.624 112.393 111.962 109.279 102.818 94.183
threshold=0.30053763440860221 0.54606564251949952 0.43303571428571436 0.50308641975308654 0.16754385964912283 0.79285714285714304 0.72474747474747481 -0.13876325344026327 1.6036466261482285 -1.3208970446231594 0.47493734335839605 -0.96698975233354445 1.4652852429725562 0.21882391931656733
decision_type=2 2 2 2 2 2 2 2 2 2 2 2 2 2
left_child=1 4 8 5 9 7 13 -2 10 -1 -3 -6 -5 -4
right_child=3 2 6 12 11 -7 -8 -9 -10 -11 -12 -13 -14 -15
leaf_value=-0.074933955695460491 -0.006611350980605943 -0.0042311799899022737 -0.024608591621107869 0.025965914893643284 -0.040950670282747466 0.024237089366788894 0.011376388344196601 0.010162726223654796 0.020765192784723562 -0.040425711943081089 0.010696499750396757 -0.013809010188201173 0.054485755624251744 -0.009530454943213508
leaf_weight=306.00034863594919 1777.2184371836483 3142.5095880860463 1904.0961237940937 1936.1569663658738 468.09348227689043 1710.7949201045558 564.42392713855952 4356.1039546416141 980.45439645834267 1041.1489744652063 2092.1481314217672 1791.0338642727584 378.26047455146909 2274.5405527921394
leaf_count=5618 7715 16764 14923 3485 5468 3610 2023 11852 2623 12456 7525 12464 467 11362
internal_value=0.000131893 -0.00972386 -0.00298099 0.0142627 -0.030211 0.00943211 -0.0130958 0.00530135 0.00473744 -0.0482728 0.00173414 -0.0194366 0.0306314 -0.0164028
internal_weight=24723 14564.4 10958.2 10158.5 3606.28 7844.12 4743.06 6133.32 6215.11 1347.15 5234.66 2259.13 2314.42 4178.64
internal_count=118355 91226 55220 27129 36006 23177 28308 19567 26912 18074 24289 17932 3952 26285
is_linear=0
shrinkage=0.05


Tree=3
num_leaves=15
num_cat=0
split_feature=33 29 22 83 15 83 33 40 29 55 22 55 88 77
split_gain=1016.44 744.351 325.184 309.96 278.186 251.731 202.876 165.883 110.359 99.9724 96.3273 95.2783 87.4609 86.6384
threshold=0.35067567567567576 -0.39011270056683339 5.5000000000000009 0.19677419354838713 0.28586860658433805 0.13714733542319751 0.16754385964912283 0.12853805073431243 1.4034711363541896 12.850000000000003 5.5000000000000009 12.350000000000003 -0.50909177577417364 0.65686274509803932
decision_type=2 2 2 2 2 2 2 2 2 2 2 2 2 2
left_child=1 5 3 6 -2 9 -3 8 -6 -1 -7 -5 -4 -11
right_child=4 2 12 11 7 10 -8 -9 -10 13 -12 -13 -14 -15
leaf_value=-0.021966431715613341 0.0044056574042227493 -0.024070825683821094 -0.010382821600359806 0.021164849860139858 0.022565373885669579 -0.0080748701193762637 -0.0029813890241516417 -0.022570888639653727 0.044401978783148673 -0.040110402201159745 -0.043252981181238194 0.0046000885865889419 -0.042386981364052848 -0.068247716265004574
leaf_weight=377.10476294718683 3069.0610129991546 1555.4954156046733 335.24244945682585 1017.5175479482859 3056.5168981822208 1083.5509643792175 4274.9524444756098 178.70440106000751 714.67677703872323 665.71207902685273 237.29395634168759 5920.3523628027178 590.28499032463878 467.16513159684837
leaf_count=4534 9049 13083 1911 3373 6353 9062 20668 496 1065 8783 3086 23345 5103 8322
internal_value=-0.000239852 -0.00701094 -0.00218558 -0.000110643 0.0157004 -0.0303505 -0.00860898 0.0244748 0.026706 -0.0442967 -0.0144013 0.00703049 -0.0308023 -0.0517228
internal_weight=23543.6 16524.7 13693.8 12768.3 7018.96 2830.83 5830.45 3949.9 3771.19 1509.98 1320.84 6937.87 925.527 1132.88
internal_count=118233 101270 67483 60469 16963 33787 33751 7914 7418 21639 12148 26718 7014 17105
is_linear=0
shrinkage=0.05


Tree=4
num_leaves=15
num_cat=0
split_feature=18 13 32 78 78 40 89 29 99 38 18 12 78 89
split_gain=979.346 586.209 441.913 266.16 263.675 170.364 152.318 126.274 118.898 114.61 105.181 102.548 98.6006 97.2983
threshold=5.5000000000000009 0.94984889716673426 0.20106382978723406 0.71301093514328817 0.44982841232841236 0.11713596441629916 9.5000000000000018 0.96547206073805947 1.0000000180025095e-35 451.00000000000006 2.5000000000000004 -1.1751057768783124 0.50559704184704191 9.5000000000000018
decision_type=2 2 2 2 2 2 2 2 2 2 2 2 2 2
left_child=2 4 3 5 9 12 -3 -4 -8 -2 -5 -6 -1 -7
right_child=1 6 7 10 11 13 8 -9 -10 -11 -12 -13 -14 -15
leaf_value=0.020283902389121089 -0.03266522283975945 -0.010803867841237474 0.021108229831310391 -0.005668967017999735 -0.059390150949253866 -0.002144128572365686 0.010438717024822408 0.047388825087871955 -0.011986173730321542 -0.0077581670805303322 -0.03709163353640392 -0.03273456426748092 0.0038221294103059824 0.013247300898204507
leaf_weight=3109.4185874657705 634.80843012919649 2452.0345350597054 1142.6960676964372 721.08691112929955 491.3817924214527 3747.7416110080667 2685.1878970232792 763.30475338175893 757.65962854446843 1698.1981948991306 422.64617045596242 1368.2649699412286 1286.9759702745359 1414.0134437014349
leaf_count=8303 5768 14911 2054 3984 9221 14852 11391 1116 4016 12638 4122 15620 5624 4370
internal_value=0.00016563 -0.0114458 0.00945634 0.00550516 -0.0257378 0.00823319 -0.00127977 0.0316375 0.00550207 -0.0145386 -0.0172873 -0.0397834 0.0154663 0.00207141
internal_weight=22695.4 10087.5 12607.9 10701.9 4192.65 9558.15 5894.88 1906 3442.85 2333.01 1143.73 1859.65 4396.39 5161.76
internal_count=117990 73565 44425 41255 43247 33149 30318 3170 15407 18406 8106 24841 13927 19222
is_linear=0
shrinkage=0.05


Tree=5
num_leaves=15
num_cat=0
split_feature=32 29 33 25 29 83 15 55 77 12 15 55 15 100
split_gain=918.045 669.929 324.555 186.539 180.663 136.928 134.491 116.164 105.668 105.356 91.4692 89.0024 67.259 61.9324
threshold=0.15047169811320757 0.19146449691155445 0.16754385964912283 2.5000000000000004 1.4034711363541896 0.32071428571428579 0.56329676139563867 13.050000000000002 0.36038961038961043 -0.070919097664253902 0.76436014917146355 12.450000000000001 0.11014875894439267 1.0000000180025095e-35
decision_type=2 2 2 2 2 2 2 2 2 2 2 2 2 2
left_child=1 2 9 11 10 7 8 -4 -5 12 -2 -3 -1 -13
right_child=4 3 5 6 -6 -7 -8 -9 -10 -11 -12 13 -14 -15
leaf_value=-0.054579193976111273 0.012827583412015543 0.025450838500695364 -0.0062794218002188498 0.00027271176638678094 0.043239085313086179 -0.0014732948691154157 0.012163446903986894 -0.028675164445790526 -0.012899803526036594 -0.020260057354835995 0.035797893384942471 0.010050339656569035 -0.025659663223713519 -0.0062745179965404685
leaf_weight=788.80332089634612 3309.8632053406909 771.39968695119023 979.49744891608134 3167.2239012108184 714.81329702213407 1868.595134573523 1214.2773895338178 1418.5541041800752 2930.3367115333676 554.15954188769683 499.04866688326001 2849.8735955795273 271.21107482234947 729.26547038368881
leaf_count=15466 8717 1838 8524 13260 1237 11503 4115 15085 17029 5992 870 8668 3574 2284
internal_value=8.75038e-05 -0.00509104 -0.0188505 0.00184693 0.0201709 -0.0116235 -0.00303029 -0.0195302 -0.00605696 -0.0379482 0.0158394 0.010045 -0.0471878 0.0067226
internal_weight=22066.9 17543.2 5880.82 11662.4 4523.73 4266.65 7311.84 2398.05 6097.56 1614.17 3808.91 4350.54 1060.01 3579.14
internal_count=118162 107338 60144 47194 10824 35112 34404 23609 30289 25032 9587 12790 19040 10952
is_linear=0
shrinkage=0.05


Tree=6
num_leaves=15
num_cat=0
split_feature=33 25 14 83 29 78 16 33 16 33 78 47 16 100
split_gain=892.706 564.332 270.102 197.367 187.862 143.854 152.651 115.952 103.107 97.0897 96.9466 71.362 70.6302 69.2634
threshold=0.35067567567567576 6.5000000000000009 -0.52580585400418367 0.54195804195804198 1.3507685877402131 0.43750152625152633 0.58320040032535758 0.18993670886075953 0.50809020907369307 0.47063218390804601 0.6740791615791617 7.5000000000000009 0.27399836226142654 1.0000000180025095e-35
decision_type=2 2 2 2 2 2 2 2 2 2 2 2 2 2
left_child=1 3 10 5 8 12 -7 -4 -2 -10 -3 -9 -1 -5
right_child=4 2 7 13 -6 6 -8 11 9 -11 -12 -13 -14 -15
leaf_value=-0.0078526483559394501 0.00018305236282325832 -0.028520909590972084 -0.023947095376966349 0.01782347725918965 0.035151225289521727 -0.027242154470375979 -0.0034519375149992941 -0.014171275766268789 0.0096474490390755143 0.025471644846589061 -0.056207892637788207 0.0022181929182640203 0.0075000924042146894 -0.0018874295626812112
leaf_weight=1020.4987885365263 1325.2360008843243 1255.1847980362363 1276.389417761704 1937.0913851028308 1079.6465952247381 992.15997893409804 2106.135771850124 1271.5216801809147 2312.4787516435608 1670.9605631902814 423.637633353821 1389.3750603296794 2814.3476887024008 578.26676345709711
leaf_count=5469 4556 18003 14050 5750 2003 7981 11351 8636 7008 3345 9202 8346 10590 1961
internal_value=0.000473802 -0.0061679 -0.0187201 0.00129259 0.0161366 -0.00305956 -0.0110725 -0.0115576 0.0122679 0.0162871 -0.0355134 -0.00561195 0.00341314 0.0132902
internal_weight=21452.9 15064.6 5616.11 9448.5 6388.32 6933.14 3098.3 3937.29 5308.68 3983.44 1678.82 2660.9 3834.85 2515.36
internal_count=118251 101339 58237 43102 16912 35391 19332 31032 14909 10353 27205 16982 16059 7711
is_linear=0
shrinkage=0.05


Tree=7
num_leaves=15
num_cat=0
split_feature=33 29 29 83 13 33 15 15 22 21 15 83 22 55
split_gain=742.543 394.52 270.772 218.632 161.336 161.006 157.728 124.13 98.9063 99.6036 83.6165 82.1501 78.8992 74.8143
threshold=0.28024390243902447 0.67700998203152762 0.88813098185004191 0.32071428571428579 -0.39991087992314617 0.44033898305084751 0.76436014917146355 0.39181006239334976 4.5000000000000009 999.30084921723312 0.31963031269936265 0.47493734335839605 5.5000000000000009 12.550000000000002
decision_type=2 2 2 2 2 2 2 2 2 2 2 2 2 2
left_child=1 3 6 4 -1 -4 8 -6 9 -2 -7 13 -5 -3
right_child=2 11 5 12 7 10 -8 -9 -10 -11 -12 -13 -14 -15
leaf_value=-0.050513232613625239 0.021311700650788908 0.014135384742721158 0.013620218985695653 -0.0021928878237202454 -0.02452936390477432 0.017822675044982868 0.027743963470344371 -0.00019386544812095401 -0.01234170635720272 0.00098284871523840619 0.045688549632764697 0.010580745893244132 -0.031890208563950397 -0.0071312508428415912
leaf_weight=497.98355554882437 724.20257928688079 510.91087430156767 2449.0547129251063 2282.6904844094533 2878.9434700952843 412.88249226845801 612.27920094272122 641.1058177514933 1109.1969391345046 3588.2110406067222 778.40566645935178 1872.4165781792253 247.92179722292349 2166.4143189094029
leaf_count=10187 2583 1887 6122 14608 35500 893 1444 4748 5914 14198 1318 5653 2959 10078
internal_value=6.32933e-05 -0.00876242 0.0101888 -0.0166201 -0.0238706 0.0209582 0.00369028 -0.0200987 0.000972437 0.00439834 0.0360372 0.00254646 -0.00510543 -0.00307072
internal_weight=20772.6 11098.4 9674.23 6548.65 4018.03 3640.34 6033.89 3520.05 5421.61 4312.41 1191.29 4549.74 2530.61 2677.33
internal_count=118092 85620 32472 68002 50435 8333 24139 40248 22695 16781 2211 17618 17567 11965
is_linear=0
shrinkage=0.05


Tree=8
num_leaves=15
num_cat=0
split_feature=33 26 83 29 12 18 19 40 33 15 18 55 88 52
split_gain=707.167 443.203 236.597 204.361 166.406 150.988 188.646 92.2079 91.8784 88.3071 84.5463 78.6527 73.6713 69.6594
threshold=0.38924963924963935 5.5000000000000009 0.39642857142857152 1.0069476053613016 -0.5858052317005723 2.5000000000000004 0.45856227106227115 0.1193785622357051 0.1202409638554217 0.28136722993476065 2.5000000000000004 12.450000000000001 -0.19127692123623419 67.950000000000017
decision_type=2 2 2 2 2 2 2 2 2 2 2 2 2 2
left_child=1 5 4 10 8 -1 11 -6 -3 -5 -2 -7 -12 -8
right_child=3 2 -4 9 7 6 13 -9 -10 -11 12 -13 -14 -15
leaf_value=0.012291141499922661 0.021154136494537602 -0.061988160444756128 -0.0020577519432005641 0.014466988829541753 -0.0077854784338835725 0.016595389511697124 -0.0094278696389422136 -0.025416181780926517 -0.029713045158106521 0.040158816085310522 0.011520797543940279 -0.00013231920532725077 -0.0073346058843950721 -0.031167493854138268
leaf_weight=2521.2699131127447 1039.4323491603136 273.88854478555731 2301.2295542713255 498.32728973776102 1762.7757867489709 869.65177285857499 1123.5325222185347 1281.6892562275752 1141.9370255195536 1022.4772396180779 1259.9488995736465 3656.0807871469297 879.33262373972684 549.09041678719223
leaf_count=7725 2167 7175 13952 1143 15568 2929 6965 13239 17335 1907 3669 16475 3312 4181
internal_value=-0.000317265 -0.00547442 -0.0150816 0.0166701 -0.0217998 0.00197486 -0.00222076 -0.0152101 -0.0359641 0.0317451 0.00945538 0.00308122 0.00376813 -0.016569
internal_weight=20180.7 15481.1 6761.52 4699.52 4460.29 8719.63 6198.36 3044.47 1415.83 1520.8 3178.71 4525.73 2139.28 1672.62
internal_count=117742 105544 67269 12198 53317 38275 30550 28807 24510 3050 9148 19404 6981 11146
is_linear=0
shrinkage=0.05


Tree=9
num_leaves=15
num_cat=0
split_feature=15 78 32 78 55 25 15 83 56 83 29 18 88 99
split_gain=616.279 424.68 406.078 201.612 177.285 142.201 107.492 97.5926 95.1994 91.2663 78.0995 61.9868 61.8628 59.4946
threshold=0.086969144150519109 0.46888888888888891 0.2096511627906977 0.60644841269841276 12.15 5.5000000000000009 0.58121481860310686 0.65833333333333344 16.150000000000002 0.23904761904761906 1.0509567557005544 3.5000000000000004 -1.1052175056964491 225.00000000000003
decision_type=2 2 2 2 2 2 2 2 2 2 2 2 2 2
left_child=1 4 3 7 -1 13 -5 12 -7 -3 -4 -9 -2 -6
right_child=2 9 10 6 5 8 -8 11 -10 -11 -12 -13 -14 -15
leaf_value=0.029188189310530851 0.016438328427190976 -0.038621723592649815 0.022200849182456833 -0.017530820152355669 0.0029560769713375791 -0.0075787798538255379 0.0041628799122352686 0.021343318194516944 -0.027990496760627832 -0.015869447801978877 0.044938075468865274 0.0058814877794943383 0.0011159391380799286 -0.031533484713584185
leaf_weight=375.01577523909509 768.6351745929569 1311.5919322229456 1182.5684849042445 1498.1750370857771 2652.9282194445841 1532.1228690340649 922.09059369144961 1577.7776120938361 911.76149521465413 665.49463276914321 556.35290334746242 1102.15972079942 4611.0201514931396 131.11043097916991
leaf_count=1518 2638 21828 2606 13246 11523 13047 4301 3897 9845 6149 1088 4243 21374 796
internal_value=0.000155736 -0.0110439 0.00710398 0.00339033 -0.00401244 -0.0063955 -0.0092639 0.00719103 -0.0151968 -0.0309669 0.0294805 0.0149868 0.00330637 0.00132897
internal_weight=19798.8 7580.03 12218.8 10479.9 5602.94 5227.92 2420.27 8059.59 2443.88 1977.09 1738.92 2679.94 5379.66 2784.04
internal_count=118099 64706 53393 49699 36729 35211 17547 32152 22892 27977 3694 8140 24012 12319
is_linear=0
shrinkage=0.05


Tree=10
num_leaves=15
num_cat=0
split_feature=33 33 29 15 83 29 78 77 18 83 36 12 89 15
split_gain=723.408 307.19 269.202 149.224 129.038 124.169 114.103 87.2904 92.8885 86.0531 80.0724 73.2754 68.6536 51.0792
threshold=0.24025316455696205 0.47063218390804601 -0.42560218930187382 0.31473242352793673 0.47493734335839605 0.96547206073805947 0.57265054390054404 0.39444444444444454 6.5000000000000009 0.32071428571428579 1.1991885365516921 1.1414572219823902 3.5000000000000004 0.27640293505854024
decision_type=2 2 2 2 2 2 2 2 2 2 2 2 2 2
left_child=2 3 9 6 7 -3 10 -4 -9 -1 -2 12 -5 -7
right_child=1 5 4 11 -6 13 -8 8 -10 -11 -12 -13 -14 -15
leaf_value=-0.040842754812319818 -0.0035256999040804457 0.015593211324942749 -0.0059605044232901097 -0.0065599428262356624 0.0017535173984785314 0.021135045952839323 -0.022716286415187817 -0.013049765582674761 -0.035150109510673481 -0.013747775692653534 0.011955126983141724 0.021074776297023048 0.010903128420147696 0.049204329429951427
leaf_weight=938.27375877159648 3264.2404262558557 1443.4917779527605 2226.4329090099782 767.11522618727759 2247.2140652574599 235.44595360010862 605.58257461176254 1515.4319212133996 693.73221954633482 427.24477081233636 1122.3829061435536 1173.3082338776439 2109.655320890015 527.03560213930905
leaf_count=21002 17137 3586 14878 3560 9965 527 5773 11961 9868 4877 3994 3081 6939 1003
internal_value=-0.00069547 0.00749325 -0.0121405 0.00341125 -0.00800567 0.0242222 -0.00237336 -0.012951 -0.0199934 -0.0323705 0.000434343 0.0105426 0.00624465 0.0405473
internal_weight=19296.6 11248.3 8048.33 9042.28 6682.81 2205.97 4992.21 4435.6 2209.16 1365.52 4386.62 4050.08 2876.77 762.482
internal_count=118151 45600 72551 40484 46672 5116 26904 36707 21829 25879 21131 13580 10499 1530
is_linear=0
shrinkage=0.05


Tree=11
num_leaves=15
num_cat=1
split_feature=33 25 55 29 13 33 33 15 15 7 63 16 32 77
split_gain=612.326 343.084 192.079 174.636 174.273 156.01 94.8295 82.105 75.209 73.784 87.718 71.7852 66.6611 57.4786
threshold=0.30992957746478877 3.5000000000000004 12.550000000000002 0.96547206073805947 0.19828869821447279 0.44033898305084751 0.15424266455194294 0.61195631031385378 0.26731803702922635 0 11.65 0.64117247852304182 0.23845060412224592 0.72474747474747481
decision_type=2 2 2 2 2 2 2 2 2 9 2 2 2 2
left_child=1 9 -3 7 11 13 -6 12 -7 -1 -11 -4 -2 -5
right_child=3 2 4 5 6 8 -8 -9 -10 10 -12 -13 -14 -15
leaf_value=0.013978146863945948 -0.00070395068159833599 0.0021810649544305319 -0.042897918101727606 0.015068099308820174 -0.026348681330939507 0.016357411978013617 -0.0096464444834366836 0.018116383774689229 0.046970100698765976 0.031645004939741331 -0.0027109803305888397 -0.013085731534618625 0.015545930348297925 -0.016974252595397029
leaf_weight=1215.905396212358 3388.9170443508774 1401.1278601288795 873.22048874129541 1524.3771205749363 1152.3973219797481 290.69557357951999 3244.2677744696848 1025.4665194479749 652.7783170863986 198.37591451779008 2905.7595541989431 263.48484660987742 775.31717843562365 153.88019666913897
leaf_count=4653 16213 10723 17607 3814 14596 686 25973 2733 1296 636 13566 3332 1920 522
internal_value=2.53857e-06 -0.00746223 -0.0143527 0.0107582 -0.0185401 0.021277 -0.0140259 0.00544307 0.037546 0.00359718 -0.000511187 -0.0359937 0.00232063 0.0121263
internal_weight=19066 11254.5 6934.5 7811.43 5533.37 2621.73 4396.67 5189.7 943.474 4320.04 3104.14 1136.71 4164.23 1678.26
internal_count=118270 91086 72231 27184 61508 6318 40569 20866 1982 18855 14202 20939 18133 4336
cat_boundaries=0 1
cat_threshold=98315
is_linear=0
shrinkage=0.05


Tree=12
num_leaves=15
num_cat=0
split_feature=33 13 15 29 78 55 78 40 15 15 25 67 55 99
split_gain=613.155 357.572 202.097 135.05 125.808 117.024 103.567 91.8623 81.7718 74.0262 71.0357 60.8318 47.8406 46.6239
threshold=0.41967741935483877 1.0000300084110314 -0.015233849124784343 0.90082032582294558 0.34773837273837277 12.250000000000002 0.71301093514328817 0.12556565718614987 0.31963031269936265 0.5904340519622967 6.5000000000000009 0.59999999999999887 13.350000000000003 -124.99999999999999
decision_type=2 2 2 2 2 2 2 2 2 2 2 2 2 2
left_child=1 2 4 -2 -1 13 9 10 -5 -4 -7 -6 -8 -3
right_child=3 5 6 8 11 7 12 -9 -10 -11 -12 -13 -14 -15
leaf_value=-0.012375249779212425 0.01126164440523237 0.035485820635931628 -0.0070625636984492368 0.015398584026856191 -0.040327014653717255 0.0042633184924492362 -0.011769847739983762 -0.014915489591786228 0.042369074922893157 0.012656799300745109 -0.0067945401895442518 -0.01265537796876713 -0.041030245608156588 0.010931273540836013
leaf_weight=1026.9759269424248 2137.3800223451108 264.3321687458083 2338.4658350248355 451.39125119335949 1139.4777900561457 5327.3532752152532 278.22374257468618 998.75781718594953 748.43302384763956 597.3116859337315 1996.4066257972736 241.35240945848636 281.94173206714913 723.55642546666786
leaf_count=10211 6280 867 17007 1136 21348 21984 3022 6010 1573 2439 15783 3553 4058 2876
internal_value=-0.000606063 -0.00486365 -0.0144897 0.0188022 -0.0256371 0.00123977 -0.00680999 -0.000691029 0.0322287 -0.00304848 0.00124829 -0.0354952 -0.0265108 0.0175094
internal_weight=18551.4 15214.2 5903.75 3337.2 2407.81 9310.41 3495.94 8322.52 1199.82 2935.78 7323.76 1380.83 560.165 987.889
internal_count=118147 109158 61638 8989 35112 47520 26526 43777 2709 19446 37767 24901 7080 3743
is_linear=0
shrinkage=0.05


Tree=13
num_leaves=15
num_cat=0
split_feature=33 18 78 29 102 33 15 18 55 83 99 67 22 55
split_gain=589.644 268.631 172.342 158.392 150.191 100.75 104.102 98.9596 90.4778 80.4239 70.9088 65.206 56.1544 54.4423
threshold=0.33166666666666672 9.5000000000000018 0.53436698717948727 0.77153019600224837 130.2996521493213 0.44033898305084751 0.15096157205300342 3.5000000000000004 12.750000000000002 0.70714285714285718 1.0000000180025095e-35 -0.20000000000000193 4.5000000000000009 12.550000000000002
decision_type=2 2 2 2 2 2 2 2 2 2 2 2 2 2
left_child=1 2 8 9 10 -5 -7 -4 -1 12 -3 -10 -2 -6
right_child=3 4 7 5 13 6 -8 -9 11 -11 -12 -13 -14 -15
leaf_value=0.010623098161327803 0.004744000513233395 -0.0049195518541705332 -0.0044096810869079708 0.013350999948779236 -0.011805840418465545 0.0035145145583264509 0.040752330188645929 -0.022643587749096084 -0.013605226391307165 0.018693090826570218 -0.031337597779015652 0.00126514144074112 -0.013790603821611506 -0.03949133130775595
leaf_weight=2125.3669802248478 2123.2299957913347 1254.3418255310971 1727.1746518504806 1537.9228009982035 220.98289592377841 237.51020154356956 900.39161355979741 1308.4770474287216 942.47472896613181 872.88268649112433 318.64741931855679 3381.4217721258756 505.8976962142624 917.76476452115458
leaf_count=8974 8357 11222 11070 4091 2797 619 1974 17520 5638 2511 3662 17863 2880 18860
internal_value=-4.09303e-05 -0.00641583 -0.00244748 0.0125439 -0.0202936 0.0217033 0.0329852 -0.0122713 0.00217591 0.00554346 -0.010276 -0.00197522 0.00117527 -0.0341246
internal_weight=18374.5 12196.7 9484.92 6177.83 2711.74 2675.82 1137.9 3035.65 6449.26 3502.01 1572.99 4323.9 2629.13 1138.75
internal_count=118038 97606 61065 20432 36541 6684 2593 28590 32475 13748 14884 23501 11237 21657
is_linear=0
shrinkage=0.05


Tree=14
num_leaves=15
num_cat=0
split_feature=33 29 15 33 29 78 77 55 99 15 83 78 36 56
split_gain=512.554 241.516 213.282 160.279 118.585 115.432 94.7462 89.4541 67.8678 66.811 65.2471 61.4978 61.1634 57.6284
threshold=0.25949975949975951 0.56943124822587265 0.23143728918347703 0.44033898305084751 0.87598354750921559 0.52052072927072934 0.36038961038961043 12.950000000000001 150.00000000000003 0.58121481860310686 0.63961038961038974 0.70904938811188822 1.2195689771555789 12.550000000000002
decision_type=2 2 2 2 2 2 2 2 2 2 2 2 2 2
left_child=1 5 6 10 -5 9 12 -7 13 -1 11 -4 -2 -3
right_child=2 8 3 4 -6 7 -8 -9 -10 -11 -12 -13 -14 -15
leaf_value=-0.013046990019368236 0.00064820308654103299 0.022316110251735452 0.0063622689870764127 0.015688063771465258 0.042851124425908688 -0.01162945482243229 -0.0096682155020392999 -0.036289451320001338 -0.012472231047578896 0.022961273568640944 0.017028450767753799 -0.01807465264836821 0.018320296097233339 0.00069360710347900049
leaf_weight=2498.2687645410188 1859.0597408735193 350.13083151169121 2289.7819540631026 982.09354223497212 681.18751491047442 553.32435197581071 1816.4160263831727 1101.2973399650073 891.44275515154004 135.63808612292632 1398.490878936369 289.89783149212599 664.88490918511525 2569.7371500032023
leaf_count=28293 9073 1182 8591 2427 1543 7893 12134 21241 5001 685 4192 1969 2150 11940
internal_value=-0.000210975 -0.00955635 0.00737194 0.0137827 0.0268175 -0.0176955 -0.000959491 -0.0280471 -0.000396515 -0.01119 0.00833102 0.00361358 0.0053061 0.00328882
internal_weight=18081.7 8099.84 9981.81 5641.45 1663.28 4288.53 4340.36 1654.62 3811.31 2633.91 3978.17 2579.68 2523.94 2919.87
internal_count=118314 76235 42079 18722 3970 58112 23357 29134 18123 28978 14752 10560 11223 13122
is_linear=0
shrinkage=0.05


Tree=15
num_leaves=15
num_cat=0
split_feature=32 25 32 25 83 16 77 15 83 15 13 49 83 37
split_gain=462.223 307.331 150.297 123.656 104.045 97.3592 78.731 76.7577 70.4467 69.0613 67.5605 60.0429 59.344 64.1183
threshold=0.13367697594501721 6.5000000000000009 0.030151515151515155 2.5000000000000004 0.58114035087719318 0.57354419272097201 0.28991596638655465 0.80934689326840692 0.13714733542319751 0.71229963573848287 0.37764214864390894 0.053614982578397218 0.37715517241379315 35.500000000000007
decision_type=2 2 2 2 2 2 2 2 2 2 2 2 2 2
left_child=1 4 8 -2 6 10 -1 12 -3 -8 -4 -7 13 -5
right_child=3 2 5 7 -6 11 9 -9 -10 -11 -12 -13 -14 -15
leaf_value=0.0043000455860237223 0.025081528265797168 -0.045926461082985398 -0.032233481493177521 -0.014224194582303874 0.010334364734676008 -0.019076114284196134 -0.0095833954366368514 0.030672206643580082 -0.017593467877047086 0.012685402057564257 -0.011824418269677677 0.0011745938306555283 0.011819146724473904 0.0076059846810836267
leaf_weight=2566.2516982397065 1523.5813590325415 501.67399765725713 649.65224651712924 622.25264640757814 2173.6470971796662 473.72766014095396 3204.8886950681917 330.73226203583181 391.50057337922044 390.32345741335303 1082.5325380153954 1607.3051710964646 1589.0247915480286 731.63398406328633
leaf_count=12234 3845 12136 12427 2861 7448 4899 22723 778 5280 1542 11311 12720 5201 3019
internal_value=4.29511e-05 -0.00483818 -0.0150527 0.0133134 0.000928918 -0.0107258 -0.00238845 0.00783432 -0.0335164 -0.00716405 -0.0194831 -0.00343358 0.00526508 -0.00242388
internal_weight=17838.7 13041.5 4706.39 4797.23 8335.11 3813.22 6161.46 3273.64 893.175 3595.21 1732.18 2081.03 2942.91 1353.89
internal_count=118424 102720 58773 15704 43947 41357 36499 11859 17416 24265 23738 17619 11081 5880
is_linear=0
shrinkage=0.05


Tree=16
num_leaves=15
num_cat=0
split_feature=33 33 29 26 29 38 55 16 77 83 15 12 83 78
split_gain=457.695 227.253 181.795 125.917 108.046 89.5057 88.9019 69.2702 82.6482 64.9556 59.3818 57.4374 55.1243 51.5137
threshold=0.20710681244743484 0.44033898305084751 0.19146449691155445 4.5000000000000009 0.90082032582294558 477.00000000000006 12.550000000000002 0.64117247852304182 0.46410256410256417 0.47493734335839605 0.26731803702922635 -0.070919097664253902 0.82085561497326209 0.71301093514328817
decision_type=2 2 2 2 2 2 2 2 2 2 2 2 2 2
left_child=2 3 7 6 12 -4 -2 8 11 13 -6 -1 -3 -5
right_child=1 4 5 9 10 -7 -8 -9 -10 -11 -12 -13 -14 -15
leaf_value=-0.032508183160226141 0.018890047557096334 0.0057176989917658528 -0.011132448957434799 -0.0057492562146427943 0.014409644490728443 0.0064742306514924356 0.0037961119316827063 -0.01173504620074255 -0.045716554230393579 0.0037153082969183801 0.04210855333033077 -0.0027133892371516343 0.027208492139386753 -0.02653074129850538
leaf_weight=373.90581539110281 1314.0444626808167 1161.2840895075351 2063.0345820474904 2711.2818164564669 287.31917590461671 1109.8297624299303 3791.5385386296548 682.0417178387288 563.03493612993043 1913.205113876611 597.42453427426517 285.74481591070071 401.94511071033776 335.2047559809871
leaf_count=7639 4033 3586 14637 21774 762 6359 15250 9838 15196 9580 1408 3134 945 4398
internal_value=0.000355792 0.00549365 -0.0123048 0.00217001 0.0191567 -0.00497226 0.00768217 -0.0245158 -0.0316396 -0.00350333 0.0331217 -0.0196117 0.0112481 -0.00803828
internal_weight=17590.8 12513.2 5077.59 10065.3 2447.97 3172.86 5105.58 1904.73 1222.69 4959.69 884.744 659.651 1563.23 3046.49
internal_count=118539 61736 56803 55035 6701 20996 19283 35807 25969 35752 2170 10773 4531 26172
is_linear=0
shrinkage=0.05


Tree=17
num_leaves=15
num_cat=0
split_feature=32 12 16 26 38 63 99 55 14 83 32 12 16 32
split_gain=451.234 255.442 167.125 110.326 105.817 105.424 92.2471 91.6188 73.8474 66.2025 55.6881 46.4163 42.817 42.5918
threshold=0.15849282296650721 -0.070919097664253902 0.57354419272097201 3.5000000000000004 437.00000000000006 11.65 150.00000000000003 12.15 -0.18042768920504235 0.79285714285714304 0.049281521959117593 0.45833145705995765 0.75867120222270124 0.20106382978723406
decision_type=2 2 2 2 2 2 2 2 2 2 2 2 2 2
left_child=1 2 4 11 -1 -3 7 -7 -6 10 -4 -2 -8 -5
right_child=3 5 9 13 8 6 12 -9 -10 -11 -12 -13 -14 -15
leaf_value=-0.049392088310857819 0.013563012623233117 0.021191976108588941 -0.023203142336853038 0.00035187273251642695 -0.027235570024205576 0.024936521151956693 -0.016946675702682889 0.00047437663880704815 -0.0066241113484182233 0.015378921932087036 -0.0038193318426141434 0.032390894183481338 -0.0022018165438823676 0.014849854133966287
leaf_weight=345.20960054767784 491.66793399304152 578.24825738649815 481.05236137681641 937.03601112868637 1114.870249278727 408.33461454650387 1091.2603690973483 6099.5715706471819 713.47073987359181 344.36931893182918 1616.046161182574 987.32737907022238 898.6686117388308 1104.5240658884868
leaf_count=7469 1442 2423 7255 3959 21014 1429 8351 34022 6048 1515 13080 2320 4889 3110
internal_value=-0.000228374 -0.00433399 -0.0139116 0.0157362 -0.0239961 0.000535574 -0.000869667 0.00201037 -0.0191959 -0.00493096 -0.00826905 0.0261366 -0.0102907 0.00819836
internal_weight=17211.7 13691.1 4615.02 3520.56 2173.55 9076.08 8497.84 6507.91 1828.34 2441.47 2097.1 1479 1989.93 2041.56
internal_count=118326 107495 56381 10831 34531 51114 48691 35451 27062 21850 20335 3762 13240 7069
is_linear=0
shrinkage=0.05


Tree=18
num_leaves=15
num_cat=1
split_feature=15 78 33 40 22 33 40 12 5 24 26 13 12 33
split_gain=369.65 289.069 183.916 122.301 120.011 98.6679 85.2916 83.0495 60.9952 60.8975 53.2164 52.455 49.1108 47.5215
threshold=0.3051931386316829 0.51806139122315609 0.40192307692307699 0.12209277168386666 5.5000000000000009 0.18993670886075953 0.1255760858022725 0.46908950164729396 0 2.5000000000000004 4.5000000000000009 1.7736350179520171 -1.154483059010097 0.20710681244743484
decision_type=2 2 2 2 2 2 2 2 9 2 2 2 2 2
left_child=1 3 4 7 6 -3 11 13 -5 -4 -9 -2 -7 -1
right_child=2 5 9 8 -6 12 -8 10 -10 -11 -12 -13 -14 -15
leaf_value=-0.012477919050095557 0.0044020521097443213 -0.037204499083366024 0.033982986263249158 -0.0014596403854394507 -0.03279708287220983 -0.035584340929003831 -0.010862316439429125 0.012793078831807154 -0.021030671461879105 0.015130051487814548 -0.0013113111757686962 0.016411702296895151 -0.010533501963962671 0.00022764609510157342
leaf_weight=1098.2252412512898 2931.4342613057233 745.90207278379239 700.49537062086165 651.55731336772442 213.40387681534048 234.96338797197677 686.27524099778384 1826.6084455973469 1055.4963392356876 1107.2323472909629 1054.0389753459021 1319.1688283500262 1176.2711461028084 2228.2333955031354
leaf_count=13924 15092 17773 1710 4732 2352 4120 4310 6173 9209 3114 6161 4724 11191 13780
internal_value=-0.000143665 -0.00626697 0.00871869 -0.00184371 0.00390132 -0.022492 0.00548931 0.00141519 -0.0136959 0.0224398 0.00763063 0.00813071 -0.0147101 -0.00396582
internal_weight=17029.3 10071.3 6958.01 7914.16 5150.28 2157.14 4936.88 6207.11 1707.05 1807.73 2880.65 4250.6 1411.23 3326.46
internal_count=118365 87063 31302 53979 26478 33084 24126 40038 13941 4824 12334 19816 15311 27704
cat_boundaries=0 1
cat_threshold=2438
is_linear=0
shrinkage=0.05


Tree=19
num_leaves=15
num_cat=0
split_feature=32 29 83 15 15 83 12 77 55 55 37 43 40 19
split_gain=389.823 255.368 149.812 108.503 101.142 83.866 74.6118 68.6707 59.6412 55.4387 55.3093 53.8161 53.2001 51.5272
threshold=0.14017543859649126 0.49697495105041817 0.19677419354838713 -0.10671783755474154 0.61195631031385378 0.59411764705882364 1.0642711989485181 0.31009615384615391 12.550000000000002 13.050000000000002 168.50000000000003 1.0000000180025095e-35 0.12117874783073022 0.26055513114336648
decision_type=2 2 2 2 2 2 2 2 2 2 2 2 2 2
left_child=1 2 3 7 6 8 12 -1 -3 -5 -7 -4 -2 -10
right_child=4 5 11 9 -6 10 -8 -9 13 -11 -12 -13 -14 -15
leaf_value=-0.017643095357566155 0.008836768561100012 0.0088898607347371022 0.003966555435251669 -0.00069125219999684314 0.028141718270801554 0.012381336167698716 0.022108058019888938 -0.041960944145472467 0.0032151151854532545 -0.019417105917162114 -0.0295564179507329 -0.009618130338659393 -0.0092403479143662766 -0.0087161449096776287
leaf_weight=503.04477119841613 1683.4903309345245 1106.5478596845642 1200.7713067887817 660.72787368693389 922.13053702097386 1956.5545476903208 821.43358343839645 690.15498421760276 1441.206236758735 985.72953282599337 81.751354105770588 1853.9820313884411 536.43203803617507 2429.30896995496
leaf_count=7571 6076 4341 9794 6898 2345 6554 2308 17668 6494 13829 328 17787 2320 14054
internal_value=-8.11932e-05 -0.00429248 -0.0119644 -0.0202322 0.0136342 0.0021529 0.00923317 -0.0317152 -0.00134478 -0.0119059 0.0106955 -0.00427663 0.00446606 -0.00427222
internal_weight=16873.3 12909.8 5894.41 2839.66 3963.49 7015.37 3041.36 1193.2 4977.06 1646.46 2038.31 3054.75 2219.92 3870.52
internal_count=118367 105318 73547 45966 13049 31771 10704 25239 24889 20727 6882 27581 8396 20548
is_linear=0
shrinkage=0.05


Tree=20
num_leaves=15
num_cat=1
split_feature=33 12 83 18 13 15 0 22 36 89 89 18 88 16
split_gain=366.87 190.356 144.415 110.883 95.4 90.1104 75.5839 75.4226 74.3655 61.4793 55.6471 50.6848 47.8749 47.6737
threshold=0.26013698630136989 0.67298738966999017 0.74166666666666681 2.5000000000000004 -0.2159527406301345 0.60089860190321209 0 4.5000000000000009 1.2195689771555789 6.5000000000000009 9.5000000000000018 5.5000000000000009 -0.81152389689895899 0.77722702088964934
decision_type=2 2 2 2 2 2 1 2 2 2 2 2 2 2
left_child=1 3 5 -1 -5 8 -6 12 9 -2 -9 -4 -3 -14
right_child=2 7 11 4 6 -7 -8 10 -10 -11 -12 -13 13 -15
leaf_value=0.0013363053101905227 -0.010487412465001639 0.0151591123784496 0.023043093543848456 -0.040100653270002257 -0.0060136292077369279 0.016564189749101007 -0.02077692132300114 -0.030134059705356011 0.011018695663643852 0.0022340790849014578 0.0044958787594016258 0.0056449172940335 -0.0083797876774124071 0.0095744573829013649
leaf_weight=1010.7287943698466 1502.6037216149271 926.97504553105682 1595.6102412911132 408.24211283482146 1531.3418716107262 1109.8777977623977 2079.9987587862415 275.11479492578655 1368.8754050629213 2579.5798042691313 200.10441220737994 568.71060461224988 733.72155600832775 745.00302631547675
leaf_count=6719 9767 3673 4268 12154 17407 3588 27713 2390 5307 13221 1113 2348 4771 3644
internal_value=0.000203799 -0.00759346 0.00727419 -0.013463 -0.0171855 0.00357854 -0.0145926 0.0026536 0.00093339 -0.00244747 -0.0155438 0.0184742 0.00625086 0.000662478
internal_weight=16636.5 7911.23 8725.26 5030.31 4019.58 6560.94 3611.34 2880.92 5451.06 4082.18 475.219 2164.32 2405.7 1478.72
internal_count=118083 79584 38499 63993 57274 31883 45120 15591 28295 22988 3503 6616 12088 8415
cat_boundaries=0 1
cat_threshold=526
is_linear=0
shrinkage=0.05


Tree=21
num_leaves=15
num_cat=1
split_feature=33 16 22 78 77 25 25 33 55 40 18 51 15 5
split_gain=283.248 185.666 177.423 125.919 94.0607 90.9215 69.654 67.4889 65.6417 62.8471 56.0703 51.0072 45.7781 44.8291
threshold=0.35067567567567576 0.21803706683399968 5.5000000000000009 0.38326520701520711 0.65686274509803932 6.5000000000000009 6.5000000000000009 0.43005376344086027 12.450000000000001 0.12057487468671681 8.5000000000000018 53.150000000000013 0.76436014917146355 0
decision_type=2 2 2 2 2 2 2 2 2 2 2 2 2 9
left_child=1 4 3 10 8 7 -5 -2 11 -9 -3 -1 13 -7
right_child=5 2 -4 6 -6 12 -8 9 -10 -11 -12 -13 -14 -15
leaf_value=0.030085320680924933 0.0073045375073759224 0.01080408391605016 -0.026365479253159491 -0.00028977519209283516 -0.045727078055338453 -0.016311292452547359 -0.012428067749310063 0.027348908329453386 -0.018065165464114255 0.0058257326772051254 -0.0029829073143592959 -0.014288194365434301 0.023871709389023835 0.0032689071228959041
leaf_weight=137.84091957611963 1550.6188088683411 2888.8915653438307 660.21445118146949 3291.921665905742 268.54255284776445 428.01702999928966 1844.5342438674998 1281.7661600057036 1427.6766678771237 462.14371447823942 989.47758139763027 121.82554673776031 176.29829109460115 872.60472566308454
leaf_count=774 5393 12237 9298 19953 7954 2223 24378 3329 17511 1428 8225 1133 466 4035
internal_value=1.95716e-05 -0.00418854 -0.00134754 0.000484408 -0.0182386 0.0102782 -0.00464984 0.0148994 -0.0138583 0.0216487 0.00728537 0.00925024 -2.69776e-05 -0.00327186
internal_weight=16402.4 11630.9 9675.04 9014.83 1955.89 4771.45 5136.46 3294.53 1687.34 1743.91 3878.37 259.666 1476.92 1300.62
internal_count=118337 101463 74091 64793 27372 16874 44331 10150 19418 4757 20462 1907 6724 6258
cat_boundaries=0 1
cat_threshold=389664
is_linear=0
shrinkage=0.05


Tree=22
num_leaves=15
num_cat=1
split_feature=15 78 32 88 25 83 78 25 40 18 83 15 40 5
split_gain=285.087 178.062 154.807 94.9981 94.8564 72.7543 62.3659 61.7375 58.3787 55.3335 47.1618 42.9601 42.1551 40.9658
threshold=0.2134795910965776 0.58888111888111905 0.082079496968335955 0.12599708477509478 1.5000000000000002 0.32071428571428579 0.54305184194890088 2.5000000000000004 0.11958864317841081 1.5000000000000002 0.47493734335839605 0.8632859122453006 0.12853805073431243 0
decision_type=2 2 2 2 2 2 2 2 2 2 2 2 2 9
left_child=1 4 6 7 -1 8 -2 -4 -6 13 -3 -5 -9 -8
right_child=2 10 3 11 5 -7 9 12 -10 -11 -12 -13 -14 -15
leaf_value=0.0094493945973689458 0.0033689990628035394 -0.031537024788119483 0.027803523610096737 0.0013359119067016673 -0.00664105004526073 -0.00093258505110030377 0.01571190586542744 0.013980762178835033 -0.020913290209032237 -0.018785964829591544 -0.00070603021623023962 0.021049524361166708 -0.024842730245276733 -0.014510549614844152
leaf_weight=1090.7491635135375 1988.3580951630138 827.72181466198526 1038.7468345053494 1877.2014100423548 1925.9300908528967 2923.0864488070365 259.66680441121571 1613.5610333392397 1142.4803025212605 797.36733411205932 146.29647256713361 324.12067711632699 72.908651828765869 182.33104240661487
leaf_count=4212 10188 18950 2677 8693 20033 18675 1486 5667 14453 9154 1394 1018 361 1346
internal_value=-0.000196646 -0.00686782 0.00639374 0.0119702 -0.00411011 -0.00657956 -0.00211623 0.0182108 -0.0119573 -0.01092 -0.0269119 0.00424162 0.012298 0.00326007
internal_weight=16210.5 8056.26 8154.26 4926.54 7082.25 5991.5 3227.72 2725.22 3068.41 1239.37 974.018 2201.32 1686.47 441.998
internal_count=118307 77717 40590 18416 57373 53161 22174 8705 34486 11986 20344 9711 6028 2832
cat_boundaries=0 1
cat_threshold=301516
is_linear=0
shrinkage=0.05


Tree=23
num_leaves=15
num_cat=1
split_feature=33 83 33 29 12 15 36 14 67 88 40 5 21 18
split_gain=300.218 182.197 129.1 89.6491 80.2923 64.2558 61.0842 57.0095 50.9356 48.5589 39.6633 39.6266 35.8416 35.45
threshold=0.36023255813953492 0.32071428571428579 0.20710681244743484 1.3277364185421439 -0.19427969651253049 0.15096157205300342 1.2641445751388798 0.58700285126135454 1.0000000180025095e-35 0.94315467681408738 0.1193785622357051 0 999.98093701517098 1.5000000000000002
decision_type=2 2 2 2 2 2 2 2 2 2 2 9 2 2
left_child=1 2 4 5 12 -2 8 -4 11 13 -6 -3 -1 -7
right_child=3 6 7 -5 10 9 -8 -9 -10 -11 -12 -13 -14 -15
leaf_value=-0.034021595330642383 -0.0013180464359623405 -0.018418908689480703 -0.0076265311789718224 0.027476205417349658 -0.0051621457545102849 0.027996174160990945 0.011961277320852419 0.0064560300387819722 0.0054226080748930247 -0.0033384686153390009 -0.020439270905418458 -0.0020512133507143053 -0.0093678221013645032 0.012364906167023106
leaf_weight=795.11129492009059 1177.7856627460569 458.38752359338105 2362.4965327470563 730.5276658795774 1019.9475817191415 471.86486122757196 1332.2283925218508 1032.3937633307651 2047.3807267495431 386.8903723647818 729.65662029432133 1801.0979857351631 181.81662246107589 1581.1244855327532
leaf_count=21122 5468 3741 22764 1965 9466 1175 5819 4446 11969 1590 8466 11882 3251 5137
internal_value=0.000271759 -0.00387842 -0.00985171 0.0114977 -0.0179543 0.00826904 0.00260496 -0.00334246 -0.000288253 0.0128989 -0.011537 -0.00546524 -0.0294398 0.0159613
internal_weight=16108.7 11760.5 6121.42 4348.19 2726.53 3617.67 5639.09 3394.89 4306.87 2439.88 1749.6 2259.49 976.928 2052.99
internal_count=118261 102926 69515 15335 42305 13370 33411 27210 27592 7902 17932 15623 24373 6312
cat_boundaries=0 1
cat_threshold=373248
is_linear=0
shrinkage=0.05


Tree=24
num_leaves=15
num_cat=0
split_feature=33 25 52 32 22 101 40 33 18 40 15 99 29 67
split_gain=276.601 160.224 114.803 89.9552 76.6879 70.8483 61.7086 57.8106 55.6599 53.4862 57.7782 51.2443 49.4429 47.9465
threshold=0.33166666666666672 5.5000000000000009 66.15000000000002 0.20106382978723406 4.5000000000000009 113.16423451548452 0.11620532139477326 0.15424266455194294 5.5000000000000009 0.13017265981735163 0.76436014917146355 1.0000000180025095e-35 1.0509567557005544 0.10000000000000055
decision_type=2 2 2 2 2 2 2 2 2 2 2 2 2 2
left_child=1 4 8 5 6 -2 -1 -4 13 10 -7 -10 -5 -3
right_child=3 2 7 12 -6 9 -8 -9 11 -11 -12 -13 -14 -15
leaf_value=0.009878936228197896 -0.020290532689063796 -0.0081048039183675893 -0.037232698454226269 0.01350966053501588 -0.011140803019666835 0.0055951700066890486 -0.0014272053852971644 -0.016415134465810381 -0.0066246741578000383 -0.032334677361174714 0.027940754012933489 -0.026967755302288482 0.032526696808862089 0.011569392692154486
leaf_weight=2084.4731576875784 260.37571421079338 587.66678465646692 463.83165749243926 1248.0765437344089 1122.5008533648215 2915.4009779950138 2864.7767878165469 1194.0231447546976 1224.9028147769859 84.988871600478888 321.25410524010658 414.7178862139117 471.74136128369719 654.15437138266861
leaf_count=9585 1681 5433 11752 3719 8565 12473 16273 15679 18165 496 838 8040 1270 4474
internal_value=4.48768e-06 -0.00465487 -0.0117607 0.00933055 0.000656789 0.00481561 0.00333369 -0.0222443 -0.00572657 0.00678568 0.00781542 -0.0117745 0.0187305 0.00225505
internal_weight=15912.9 10611 4539.3 5301.84 6071.75 3582.02 4949.25 1657.85 2881.44 3321.64 3236.66 1639.62 1719.82 1241.82
internal_count=118443 97966 63543 20477 34423 15488 25858 27431 36112 13807 13311 26205 4989 9907
is_linear=0
shrinkage=0.05


Tree=25
num_leaves=15
num_cat=0
split_feature=33 29 55 55 102 32 16 26 37 16 29 15 15 102
split_gain=277.899 146.453 94.6105 93.7725 79.863 78.2623 61.323 54.7997 47.6841 47.266 43.0859 40.7667 40.3199 39.0661
threshold=0.30053763440860221 0.59877757815717003 12.550000000000002 12.450000000000001 195.97103349673205 0.23038461538461544 -0.026723319204242545 4.5000000000000009 106.50000000000001 0.53526843333636431 -0.3308855721659722 0.53749452514622009 0.78548293693777693 323.64230769230778
decision_type=2 2 2 2 2 2 2 2 2 2 2 2 2 2
left_child=1 2 11 -2 6 7 -4 -5 -3 -6 -7 13 -9 -1
right_child=3 8 4 5 9 10 -8 12 -10 -11 -12 -13 -14 -15
leaf_value=0.00045652767242990237 0.019577030188232359 0.0025421761624808072 -0.030762483858131497 0.0073076263006310515 -0.037078834681536381 -0.011414682187120089 -0.0069425953511488923 -0.0066137598696446769 -0.015472320693198531 -0.017782643688125967 0.02130133279131087 0.026840509611154598 0.016859720116742135 -0.048556259312489282
leaf_weight=799.93203503219411 1347.1492501578759 4031.4144395682961 308.3118136562407 2132.7299684407189 504.7701982766157 113.66917352378368 2193.1754910169402 1793.0257496663835 404.0343374395743 860.44213748071343 861.6814824230969 142.91491176187992 203.53124335594475 42.723075014073402
leaf_count=8267 4791 19939 6467 7662 14246 442 25630 11115 2240 12840 2373 760 669 912
internal_value=-0.000128557 -0.00566622 -0.0116691 0.00784242 -0.015194 0.00474427 -0.00988154 0.00173386 0.000899759 -0.024923 0.0174826 0.00215539 -0.00421762 -0.00202798
internal_weight=15739.5 9287.72 4852.27 6451.79 3866.7 5104.64 2501.49 4129.29 4435.45 1365.21 975.351 985.57 1996.56 842.655
internal_count=118353 91301 69122 27052 59183 22261 32097 19446 22179 27086 2815 9939 11784 9179
is_linear=0
shrinkage=0.05


Tree=26
num_leaves=15
num_cat=1
split_feature=33 12 83 32 29 22 40 22 5 83 89 15 29 37
split_gain=258.937 153.31 118.156 95.5506 75.521 64.2748 63.2536 62.5861 53.137 51.7783 48.4027 49.7855 46.9667 39.1318
threshold=0.35067567567567576 0.67298738966999017 0.13714733542319751 0.039736842105263161 1.3043722646420297 4.5000000000000009 0.11894717209037943 5.5000000000000009 0 0.91287878787878796 5.5000000000000009 0.10545878484782643 -0.45049558493746378 26.500000000000004
decision_type=2 2 2 2 2 2 2 2 9 2 2 2 2 2
left_child=1 2 3 -1 9 6 -3 -4 -8 10 13 -12 -5 -2
right_child=4 5 7 12 -6 -7 8 -9 -10 -11 11 -13 -14 -15
leaf_value=-0.033230313407181168 -0.021127120189832111 0.011405176103173788 -0.00068975922398658738 -0.025577112759231014 0.024034551593707411 -0.011140108388064075 0.0048855825380055094 -0.02139357008598641 -0.015115164975005136 0.01828950121296127 -0.00098940758422276509 0.015106219127207304 -0.0080244966323599221 0.0010802244107466551
leaf_weight=649.25374022428878 273.40543873049319 2124.4638635197189 3349.4837849711766 477.93990685313474 788.3834071084857 652.71535020461306 934.81755871511996 409.65263336105272 502.3576066060923 802.67649802798405 814.83405157853849 1168.5476061990485 1889.6138314420823 720.72496857773513
leaf_count=15491 1379 9257 26252 12075 2246 4766 4815 6451 3099 2407 3895 3821 19011 3142
internal_value=-4.79058e-05 -0.00420698 -0.0088644 -0.0162349 0.00995608 0.00328018 0.00592453 -0.0029478 -0.00217384 0.00701803 0.00397729 0.0084914 -0.0115709 -0.00502371
internal_weight=15558.9 10990.3 6775.94 3016.81 4568.57 4214.35 3561.64 3759.14 1437.18 3780.19 2977.51 1983.38 2367.55 994.13
internal_count=118107 101217 79280 46577 16890 21937 17171 32703 7914 14644 12237 7716 31086 4521
cat_boundaries=0 1
cat_threshold=3950
is_linear=0
shrinkage=0.05


Tree=27
num_leaves=15
num_cat=1
split_feature=33 15 33 26 78 29 102 19 15 56 99 21 17 5
split_gain=237.736 158.995 118.804 100.696 76.3514 72.0824 64.1288 59.9887 57.0845 49.0595 35.5366 38.7253 35.454 35.0843
threshold=0.16754385964912283 0.086969144150519109 0.44033898305084751 7.5000000000000009 0.71301093514328817 0.41703097596796551 108.44057194031461 0.26055513114336648 0.56329676139563867 16.050000000000004 150.00000000000003 998.44421146901436 -0.204612892135386 0
decision_type=2 2 2 2 2 2 2 2 2 2 2 2 2 9
left_child=3 6 4 7 8 12 10 -1 -3 -8 11 -2 -4 -9
right_child=1 2 5 -5 -6 -7 9 13 -10 -11 -12 -13 -14 -15
leaf_value=0.0039656638801817698 0.02710660063201871 0.0024407533482880758 0.011030411921573433 -0.02764165491179963 -0.013635463086013176 0.02623469849115205 -0.0054940497737231376 -0.027426349374680515 0.01332129868302649 -0.020722436941267196 -0.013006939707023392 0.0019362689533869476 -0.018598493325781947 -0.0075429847733408497
leaf_weight=734.25146558997221 169.47531435173005 4467.3884392336477 456.68889233935624 881.47186355572194 577.59311208792496 1089.2584657594562 1590.818606127752 349.88140215422027 1651.7476438391022 793.28069588937797 352.35043511353433 1553.1924471848179 129.43459038529545 652.08178350038361
leaf_count=5011 919 24117 1450 22280 5761 3040 15703 4306 6312 10295 2716 9373 472 6700
internal_value=-0.000145323 0.00265589 0.00671807 -0.0138776 0.00373784 0.0186265 -0.00496981 -0.00688563 0.00537874 -0.0105639 0.00145529 0.00441685 0.00447683 -0.0148422
internal_weight=15448.9 12831.2 8372.11 2617.69 6696.73 1675.38 4459.12 1736.21 6119.14 2384.1 2075.02 1722.67 586.123 1001.96
internal_count=118455 80158 41152 38297 36190 4962 39006 16017 30429 25998 13008 10292 1922 11006
cat_boundaries=0 1
cat_threshold=81536
is_linear=0
shrinkage=0.05


Tree=28
num_leaves=15
num_cat=0
split_feature=83 33 22 12 12 32 51 55 18 102 89 15 55 89
split_gain=239.774 157.683 88.3097 80.0075 75.8365 64.4154 59.0425 55.2543 49.7636 46.08 40.6002 33.4893 33.3543 32.0988
threshold=0.58114035087719318 0.20710681244743484 4.5000000000000009 0.043587695984267587 1.3509099004856899 0.23038461538461544 53.850000000000001 12.750000000000002 2.5000000000000004 86.953638831756493 5.5000000000000009 0.5222220272753636 12.350000000000003 6.5000000000000009
decision_type=2 2 2 2 2 2 2 2 2 2 2 2 2 2
left_child=1 3 4 6 7 8 -1 -3 12 -5 -4 -11 -2 -10
right_child=5 2 10 9 -6 -7 -8 -9 13 11 -12 -13 -14 -15
leaf_value=-0.0037633808865655326 0.033249980372057772 0.0081875666005084939 -0.021387763992392048 0.0067814693026339405 0.015098591790777299 0.027165478658844812 -0.02670999066184401 -0.0031007021841934594 -0.0060696640316528416 -0.013891635961876328 -0.0041011457328579181 0.0046626474857423125 0.012221657600831928 0.0071788073621258863
leaf_weight=372.21179175528232 231.3572136098519 1580.2560076641385 553.14527775766328 528.26583584910259 1070.6959041226655 499.78532402217388 1142.5437115237582 3451.4834397647064 611.11747005349025 1256.4744866467081 882.41351850470528 301.0481723821722 1030.1339403842576 1810.8465826285537
leaf_count=6504 598 8453 5573 3123 3806 1352 26875 23749 3676 13548 6920 1908 3403 8638
internal_value=0.000112255 -0.00372059 0.000390344 -0.0123283 0.00301587 0.0103189 -0.0210754 0.000443563 0.00803101 -0.00597282 -0.0107665 -0.0103021 0.0160845 0.00383374
internal_weight=15321.8 11138.5 7537.99 3600.54 6102.44 4183.24 1514.76 5031.74 3683.46 2085.79 1435.56 1557.52 1261.49 2421.96
internal_count=118126 100459 48501 51958 36008 17667 33379 32202 16315 18579 12493 15456 4001 12314
is_linear=0
shrinkage=0.05


Tree=29
num_leaves=15
num_cat=0
split_feature=22 15 102 38 32 15 25 15 51 16 69 32 43 30
split_gain=227.106 179.965 128.872 106.175 91.0005 66.2012 57.8625 46.2529 45.4533 40.6316 34.3312 44.6686 34.2041 32.3291
threshold=5.5000000000000009 0.20893587302990721 92.463353174603185 437.00000000000006 0.080229885057471279 -0.15574355168323625 1.5000000000000002 0.8632859122453006 52.750000000000007 0.43275421470937198 1.0000000180025095e-35 0.010050505050505053 1.0000000180025095e-35 0.52415733754081961
decision_type=2 2 2 2 2 2 2 2 2 2 2 2 2 2
left_child=1 2 8 9 10 -5 -6 -8 -1 -4 11 -3 -10 -2
right_child=13 4 3 5 6 -7 7 -9 12 -11 -12 -13 -14 -15
leaf_value=0.022371772254105415 -0.028890929986550407 -0.044218331161059582 -0.041856956065766053 -0.01468925942393004 0.022944456330413088 -0.0010583856527224354 0.0068056803783091554 0.024899068601116771 0.0099342956219732378 -0.015852908360950168 0.0061009714325170562 -0.0029989875323342048 -0.0032062651350300052 -0.0062131278655663475
leaf_weight=339.21697817742825 712.90202218329068 68.774072743486613 293.86167058022693 1393.7583029767266 909.62098275125027 2470.3728667208925 3182.9382634842768 397.57407713588327 884.92086338007357 309.37857627798803 1342.6542864236981 1452.5686468367931 1123.4748942514416 202.43722690711729
leaf_count=1723 11579 905 6869 21060 2573 20498 13488 1232 5142 3951 8370 10575 7928 1993
internal_value=0.000253946 0.00181367 -0.00403946 -0.00902411 0.00723836 -0.00597647 0.0116804 0.00881678 0.0054439 -0.0285336 0.000272363 -0.00486843 0.00258132 -0.0238822
internal_weight=15084.5 14169.1 6814.98 4467.37 7354.13 3864.13 4490.13 3580.51 2347.61 603.24 2864 1521.34 2008.4 915.339
internal_count=117886 104314 67171 52378 37143 41558 17293 14720 14793 10820 19850 11480 13070 13572
is_linear=0
shrinkage=0.05


Tree=30
num_leaves=15
num_cat=0
split_feature=15 78 32 22 83 16 56 16 32 30 99 88 30 32
split_gain=215.793 140.815 110.569 83.8437 81.5669 64.1728 62.2003 52.2524 48.3807 43.2991 43.2117 36.1597 33.674 32.8946
threshold=0.3051931386316829 0.38912823287823295 0.2096511627906977 4.5000000000000009 0.24621212121212124 0.68767454433688191 12.250000000000002 0.074861261531669832 0.056980519480519486 1.2861284578180248 -174.99999999999997 -0.3220041606102691 0.77621158549336322 0.24025316455696205
decision_type=2 2 2 2 2 2 2 2 2 2 2 2 2 2
left_child=1 6 3 5 8 11 -1 -8 -3 -7 -9 -2 -5 -6
right_child=2 4 -4 12 13 9 7 10 -10 -11 -12 -13 -14 -15
leaf_value=0.024359159984397697 0.004594430412183062 -0.02934060018882453 0.023075791761445825 -0.018066694784654103 -0.0067765752047597204 0.0081286604690491357 -0.012000755740335087 0.010349213727690553 -0.013258423588401808 0.029734095543794043 -0.001626589917005054 -0.015129962618732874 0.0083123584348851129 0.018433203792693257
leaf_weight=254.90083029936068 471.58446259936318 764.99263376998715 909.43798800930381 532.02956170402467 1699.530988156097 3444.678687275853 878.75107095227577 1018.2707502983976 1208.7970303428592 248.79185594059527 2891.556173622841 457.36700533283874 156.2240747618489 139.87581979390234
leaf_count=1309 2047 20343 2639 4999 15625 16454 9328 6103 15527 900 18224 3578 844 404
internal_value=-0.000171236 -0.00518454 0.00696625 0.00420622 -0.0124351 0.00663116 0.000296521 -0.000983795 -0.0194952 0.00958612 0.00149128 -0.00511203 -0.0120714 -0.00485591
internal_weight=15076.8 8856.68 6220.11 5310.68 3813.2 4622.42 5043.48 4788.58 1973.79 3693.47 3909.83 928.951 688.254 1839.41
internal_count=118324 86863 31461 28822 51899 22979 34964 33655 35870 17354 24327 5625 5843 16029
is_linear=0
shrinkage=0.05


Tree=31
num_leaves=15
num_cat=1
split_feature=33 26 77 99 55 12 29 16 55 33 5 40 29 38
split_gain=202.912 151.733 82.5234 71.239 64.8536 65.88 54.1212 48.3415 45.8239 45.2681 44.6009 41.0884 35.4881 37.6792
threshold=0.38924963924963935 7.5000000000000009 0.42261904761904767 225.00000000000003 12.250000000000002 -1.1971030106788219 1.4034711363541896 0.29851929727556659 12.15 0.17010638297872344 0 0.1255760858022725 -0.26507794988486605 457.00000000000006
decision_type=2 2 2 2 2 2 2 2 2 2 9 2 2 2
left_child=1 2 3 8 -3 -6 12 10 -1 -7 -4 -9 13 -2
right_child=6 4 7 -5 5 9 -8 11 -10 -11 -12 -13 -14 -15
leaf_value=0.024337240991042328 -0.030902962669054703 0.011063326159015063 0.0020243642334098594 -0.022110172040423065 -0.030913834390994873 -0.021825297422726174 0.02675145554518224 -0.0010863662070301028 0.0047629204408582287 -0.0066199374379213964 -0.03579428691899051 -0.017959683079517157 0.010860845180529065 0.0034857128080834732
leaf_weight=320.9308234769851 103.37277616001666 273.14242158597335 124.49009624216706 234.82983374618925 500.53890438261442 685.79422730463557 472.05252167955041 2702.5373005352449 4391.1413081036881 1715.6868981573498 219.75005994923413 416.43935365066864 2439.7476460286416 345.26421604445204
leaf_count=1090 701 2562 1437 1708 14423 15554 1385 19070 23583 19467 3403 3656 8468 1705
internal_value=0.000234569 -0.00290279 0.000612585 0.00475718 -0.0122154 -0.0144084 0.011052 -0.00530614 0.00609764 -0.010965 -0.0230872 -0.00334136 0.0084837 -0.00443194
internal_weight=14945.7 11585.3 8410.12 4946.9 3175.16 2902.02 3360.44 3463.22 4712.07 2401.48 344.24 3118.98 2888.38 448.637
internal_count=118212 105953 53947 26381 52006 49444 12259 27566 24673 35021 4840 22726 10874 2406
cat_boundaries=0 1
cat_threshold=1172
is_linear=0
shrinkage=0.05


Tree=32
num_leaves=15
num_cat=0
split_feature=32 83 12 102 15 40 15 43 30 26 40 16 77 15
split_gain=192.099 134.622 101.606 83.8555 71.3858 44.8532 39.226 37.6542 36.7784 35.0063 33.3403 31.2258 31.1363 36.2491
threshold=0.15849282296650721 0.47493734335839605 1.3509099004856899 242.34800000000001 0.5222220272753636 0.12049512987012988 0.31963031269936265 1.0000000180025095e-35 -2.0258950420499056 1.5000000000000002 0.11758421317244848 0.17620245705439344 0.74166666666666681 0.29047238518787627
decision_type=2 2 2 2 2 2 2 2 2 2 2 2 2 2
left_child=1 2 3 4 -1 9 -5 11 -9 -2 -4 -3 13 -7
right_child=5 7 10 6 -6 12 -8 8 -10 -11 -12 -13 -14 -15
leaf_value=-0.0086087078517964859 0.03000978603891364 -0.014453812049341026 0.015252605425054591 -0.028803141547849933 0.0095787510564417297 -0.0074000912482603516 -0.011523942183271404 0.029131915709447842 -0.0011364523137608611 0.012500789241283282 -0.0020436293594218338 0.011174780286997248 -0.022219778509834059 0.015065674399484329
leaf_weight=4346.9207531325519 339.58235566690564 127.09461194137111 586.24678878765553 687.75010058726184 615.63565282849595 311.5984989120625 631.55115107027814 104.65711707784794 2389.2548028554302 1811.4603643934242 529.97847964684479 1781.9244298147969 117.10854343883693 422.84966166038066
leaf_count=51657 950 951 2573 16804 3330 1446 6147 475 13706 6450 2885 8869 571 1421
internal_value=0.000131514 -0.00274117 -0.00686122 -0.00933158 -0.00635129 0.0114233 -0.0205369 0.00418045 0.000132873 0.0152685 0.00703651 0.00946525 0.00170383 0.00552779
internal_weight=14803.6 11801 7398.08 6281.86 4962.56 3002.6 1319.3 4402.93 2493.91 2151.04 1116.23 1909.02 851.557 734.448
internal_count=118235 107397 83396 77938 54987 10838 22951 24001 14181 7400 5458 9820 3438 2867
is_linear=0
shrinkage=0.05


Tree=33
num_leaves=15
num_cat=1
split_feature=15 78 55 32 38 78 100 83 22 99 61 16 5 52
split_gain=177.743 128.583 75.9275 74.406 68.3092 59.7772 51.0297 44.8734 44.469 37.2849 34.0868 33.3116 31.46 29.9601
threshold=0.3051931386316829 0.56126771920889584 12.450000000000001 0.2096511627906977 473.00000000000006 0.74881970970206269 1.0000000180025095e-35 0.19677419354838713 3.5000000000000004 1.0000000180025095e-35 23.150000000000002 0.69139653811564672 0 52.350000000000001
decision_type=2 2 2 2 2 2 2 2 2 2 2 2 9 2
left_child=1 2 13 5 6 8 -4 -3 11 -6 -10 -2 -9 -1
right_child=3 7 4 -5 9 -7 -8 12 10 -11 -12 -13 -14 -15
leaf_value=0.043127065752899568 -5.7127075998822014e-06 -0.027067932717643718 -0.0075123673979715366 0.020216092537741519 0.0046345700847802004 -0.013342650456223921 -0.030195726614572638 -0.027133212983714246 0.032752565117016595 -0.0089230663158795624 -0.0030299756064473896 0.011885302564563062 -0.00043183744154557904 0.0070772452975283173
leaf_weight=60.333173975348473 764.75527734309435 751.51590193226002 2924.4964730532374 856.40083937067538 2072.1982780832332 438.84251495404169 271.04741528257728 145.27589201461524 69.779940599109977 671.19180221331771 1394.3889699827414 2550.1260837125592 394.04687919770367 1278.8929966411088
leaf_count=261 4256 19787 28560 2625 15042 4769 2397 2201 268 5916 8148 11311 4914 7771
internal_value=1.27599e-05 -0.00462486 -0.00204456 0.00655584 -0.00447024 0.00431251 -0.00943883 -0.0191683 0.00593501 0.00131556 -0.0013191 0.00914058 -0.00814829 0.00870815
internal_weight=14643.3 8569 7278.16 6074.29 5938.93 5217.89 3195.54 1290.84 4779.05 2743.39 1464.17 3314.88 539.323 1339.23
internal_count=118226 86849 59947 31377 51915 28752 30957 26902 23983 20958 8416 15567 7115 8032
cat_boundaries=0 1
cat_threshold=172584
is_linear=0
shrinkage=0.05


Tree=34
num_leaves=15
num_cat=2
split_feature=32 55 26 83 99 78 29 15 5 25 5 67 51 32
split_gain=173.952 108.863 94.7874 56.6179 56.5568 56.4073 52.2882 47.4948 52.8853 44.8956 44.0789 38.4612 37.1785 34.7049
threshold=0.13367697594501721 12.450000000000001 7.5000000000000009 0.70714285714285718 1.0000000180025095e-35 0.44444749694749702 0.30329807542649823 0.15096157205300342 0 11.500000000000002 1 -0.10000000000000052 56.45000000000001 0.23038461538461544
decision_type=2 2 2 2 2 2 2 2 9 2 9 2 2 2
left_child=1 4 3 5 -1 -3 10 8 -8 11 -2 -4 -12 -9
right_child=6 2 9 -5 -6 -7 7 13 -10 -11 12 -13 -14 -15
leaf_value=0.011986966966836305 0.008456926087082919 -0.00044716037990466854 -0.022534326798962574 0.0073812823847372727 -0.0093505423518769597 -0.011057458512384623 -0.012971853877867964 0.012693171664511753 0.014138405985510817 -0.027077220529586239 0.00084056359532587693 -0.0063555226418683291 -0.025726427864699131 0.027482760100462363
leaf_weight=1480.3954079811228 755.06594139058143 3060.0130865650717 497.50765756878536 1170.4280672757886 392.64475072198547 2121.8910425024806 318.38238123431802 1327.0459304470569 387.9289425117895 527.00652922329027 313.85212033195421 1409.6627497173613 226.34754168335348 567.52107151225209
leaf_count=8919 3688 19310 8522 4904 3277 20891 1379 4526 1367 16354 1624 20325 1440 1669
internal_value=-0.000126576 -0.00343149 -0.00576477 -0.00254898 0.00751106 -0.00479297 0.008914 0.0130016 0.0019273 -0.0141544 0.000701858 -0.0105795 -0.0100978 0.0171273
internal_weight=14555.7 10659.5 8786.51 6352.33 1873.04 5181.9 3896.14 2600.88 706.311 2434.18 1295.27 1907.17 540.2 1894.57
internal_count=118195 102502 90306 45105 12196 40201 15693 8941 2746 45201 6752 28847 3064 6195
cat_boundaries=0 1 2
cat_threshold=120488 282006
is_linear=0
shrinkage=0.05


Tree=35
num_leaves=15
num_cat=1
split_feature=33 55 15 13 99 55 32 22 78 14 77 102 15 5
split_gain=191.041 105.43 83.7885 73.9427 57.5208 57.3797 55.3883 53.844 42.8121 41.0444 35.9783 34.2644 38.4716 32.3008
threshold=0.24025316455696205 12.850000000000003 0.086969144150519109 0.54606564251949952 1.0000000180025095e-35 11.950000000000001 0.23038461538461544 5.5000000000000009 0.29038838612368029 0.6196760357705472 0.36038961038961043 218.06157499363385 -0.13384340791026531 0
decision_type=2 2 2 2 2 2 2 2 2 2 2 2 2 9
left_child=1 4 5 11 -1 -2 7 9 -5 -4 13 12 -3 -7
right_child=2 3 6 8 -6 10 -8 -9 -10 -11 -12 -13 -14 -15
leaf_value=0.0062193029246791825 0.040855214265537086 -0.030734735609571007 0.0028553116761503446 0.0005346646325735991 -0.013537215639335631 0.0089245916786299291 0.019577968939410505 -0.021399397045173029 -0.01236618363773841 0.012142580425774249 -0.011853737826880028 -0.037777061477961865 -0.0053089976631766726 -0.0055179790363420085
leaf_weight=1651.9230972127989 72.620458794757724 284.07649447221775 2790.2695150917862 950.25016245711595 473.98965815757401 649.1027375436388 858.88793936930597 174.96075676381588 1984.6199280373985 2076.251825699117 953.71403334080242 316.95580588071607 313.54384509543888 927.89837843202986
leaf_count=14097 267 8241 14479 6761 5602 3718 2668 1822 22484 7529 9563 10961 4513 5771
internal_value=-0.000271609 -0.00712336 0.0045424 -0.0120591 0.00181164 -0.00292805 0.00783932 0.00583814 -0.00818758 0.00681883 -0.00418798 -0.024475 -0.0174065 0.000445285
internal_weight=14479.1 5975.36 8503.71 3849.45 2125.91 2603.34 5900.37 5041.48 2934.87 4866.52 2530.72 914.576 597.62 1577
internal_count=118476 72659 45817 52960 19699 19319 26498 23830 29245 22008 19052 23715 12754 9489
cat_boundaries=0 1
cat_threshold=430290
is_linear=0
shrinkage=0.05


Tree=36
num_leaves=15
num_cat=1
split_feature=25 33 33 25 40 55 15 78 5 64 35 40 52 18
split_gain=176.358 126.155 77.897 53.6375 57.5391 50.5251 44.1373 45.3545 39.7056 38.7344 37.8201 37.4589 35.0239 34.5072
threshold=6.5000000000000009 0.36993150684931514 0.15821566110397947 1.5000000000000002 0.12441855433677335 12.350000000000003 -0.44328753718259956 0.705372127872128 0 11.65 3.3964524295211622 0.13027585353785257 65.950000000000017 9.5000000000000018
decision_type=2 2 2 2 2 2 2 2 9 2 2 2 2 2
left_child=1 3 10 13 9 8 -7 -8 -4 -5 12 -3 -2 -1
right_child=2 11 5 4 -6 6 7 -9 -10 -11 -12 -13 -14 -15
leaf_value=0.011062458743779846 -0.014378495283820453 0.014682461694549712 0.018817217964596736 0.027961680775218625 -0.013999817910768309 -0.021679429897687584 -0.0026324735472620115 -0.023521790513453312 -0.0068263146501500328 -0.00022081672968353225 0.048040737287768004 -0.025694956443903863 -0.035973542765210857 -0.0099005525289618292
leaf_weight=1548.4667799097952 463.08153204293922 2581.8945766743273 370.92091550095938 125.50474536279216 800.36963010579348 433.04982739710249 2746.2309308201075 287.0325475333957 245.85464174998924 4148.0041799948085 18.966638189507648 58.571187970228493 317.3854921067832 224.4790548235178
leaf_count=6255 11057 8944 2260 633 7178 8537 25103 5253 1928 28670 204 292 10594 1476
internal_value=0.000525634 0.00449963 -0.00719519 0.000918255 -0.00169695 -0.00439887 -0.00674587 -0.00461155 0.0087822 0.000606314 -0.0214687 0.013784 -0.0231702 0.00840503
internal_weight=14369.8 9487.29 4882.52 6846.82 5073.88 4083.09 3466.31 3033.26 616.776 4273.51 799.434 2640.47 780.467 1772.95
internal_count=118384 53448 64936 44212 36481 43081 38893 30356 4188 29303 21855 9236 21651 7731
cat_boundaries=0 1
cat_threshold=55122
is_linear=0
shrinkage=0.05


Tree=37
num_leaves=15
num_cat=0
split_feature=33 22 40 36 18 99 49 25 30 60 40 83 30 18
split_gain=174.944 113.009 91.9772 76.4895 67.2295 54.5058 50.1297 44.1441 41.7257 41.0616 39.5848 33.8905 26.8678 26.125
threshold=0.43005376344086027 5.5000000000000009 0.11909827760891592 0.7460332855672781 3.5000000000000004 225.00000000000003 0.1398924731182796 6.5000000000000009 0.52415733754081961 52.95000000000001 0.12390342439399771 0.2834821428571429 1.6796257440705957 5.5000000000000009
decision_type=2 2 2 2 2 2 2 2 2 2 2 2 2 2
left_child=1 2 5 4 -4 6 -1 10 -3 -7 12 -5 13 -2
right_child=7 8 3 11 -6 9 -8 -9 -10 -11 -12 -13 -14 -15
leaf_value=-0.0011538991452439099 0.02402405863071681 -0.027039969663905192 -0.0021770590697967754 -0.0054942174405425469 -0.018377242142836606 0.04511812219137315 0.0078435679967878754 0.0022811750727660053 0.00054417475464087564 -0.017677398845078254 -0.0025421444340307142 0.0077701768751380282 0.049702445053249091 0.0079208506974933202
leaf_weight=2785.2259341666941 853.23663706425577 603.23365075443871 1057.1170259099454 974.70832949504256 1627.5970302619971 27.551798789296299 3482.6927905408666 656.12399236811325 176.94662610790692 435.78335893899202 204.92162684351206 951.34649406513199 77.300083994865417 359.02306011412293
leaf_count=22848 2507 11309 6789 8544 25794 146 23881 2715 1863 5056 737 4669 187 1288
internal_value=-4.00147e-05 -0.00237199 -0.00110528 -0.00654586 -0.0120005 0.0026207 0.00384468 0.0131017 -0.0207781 -0.0139236 0.0178484 0.001055 0.0210925 0.0192601
internal_weight=14272.8 12122.2 11342 4610.77 2684.71 6731.25 6267.92 2150.61 780.18 463.335 1494.48 1926.05 1289.56 1212.26
internal_count=118333 110899 97727 45796 32583 51931 46729 7434 13172 5202 4719 13213 3982 3795
is_linear=0
shrinkage=0.05


Tree=38
num_leaves=15
num_cat=0
split_feature=33 15 88 40 78 15 56 55 41 99 15 27 36 16
split_gain=153.154 99.0412 72.24 56.8091 48.5395 42.1683 41.0757 38.8783 37.2008 35.1649 34.7992 33.9365 35.9946 32.6686
threshold=0.17010638297872344 0.068636567196345408 0.12599708477509478 0.12111080381659788 0.38912823287823295 0.50668148150500303 12.250000000000002 11.950000000000001 0.24156877605153471 150.00000000000003 0.68323929205139733 3.5000000000000004 0.034069252155998951 0.73870226192393951
decision_type=2 2 2 2 2 2 2 2 2 2 2 2 2 2
left_child=3 4 5 6 7 9 -1 -2 10 -3 -4 -8 -13 -5
right_child=1 2 8 13 -6 -7 11 -9 -10 -11 -12 12 -14 -15
leaf_value=0.027435924831756497 0.035516445550006236 0.0094591517468606695 -0.0018925144334236419 -0.029943970595855896 -0.012538749736456712 0.017273717401375736 0.003937521408678671 -0.0015413416757057211 -0.020888346289083801 -0.0030289892720864347 0.010432079497781792 -0.024092577017204932 -0.0065080411668945598 -0.0090637805683243498
leaf_weight=85.80674101295881 72.825618257280439 2361.1335309543647 2294.9544509842526 504.69880743557587 1249.998893121141 1278.890419033356 453.23137758742087 2397.6101620874833 203.55639259261079 739.71768068429083 762.97829898726195 417.31638051103801 965.59522660146467 299.33631835144479
leaf_count=702 261 10532 16380 11728 17806 4567 3968 17009 1485 4089 3381 11563 10900 3949
internal_value=-0.000374027 0.00217924 0.00543692 -0.0110173 -0.00451019 0.00963215 -0.00634452 -0.000445503 -0.000195296 0.00647845 0.00118117 -0.00792728 -0.0118194 -0.0221787
internal_weight=14087.7 11361.7 7641.23 2725.98 3720.43 4379.74 1921.95 2470.44 3261.49 3100.85 3057.93 1836.14 1382.91 804.035
internal_count=118320 75510 40434 42810 35076 19188 27133 17270 21246 14621 19761 26431 22463 15677
is_linear=0
shrinkage=0.05


Tree=39
num_leaves=15
num_cat=0
split_feature=83 15 55 12 43 32 100 46 32 12 22 45 102 70
split_gain=168.3 103.382 90.294 96.4615 64.5994 39.303 39.2636 36.5573 36.5536 27.5029 26.4045 24.9903 22.7832 25.8767
threshold=0.58114035087719318 0.57214704272365313 12.350000000000003 -0.24193849494381689 1.0000000180025095e-35 0.23038461538461544 1.0000000180025095e-35 0.28449010162721028 0.053908747457134566 -0.047129271371347869 4.5000000000000009 0.095293466223698789 208.21832467532474 1.0000000180025095e-35
decision_type=2 2 2 2 2 2 2 2 2 2 2 2 2 2
left_child=1 2 11 8 -5 6 7 9 -4 -2 12 -1 -3 -14
right_child=5 10 3 4 -6 -7 -8 -9 -10 -11 -12 -13 13 -15
leaf_value=0.0049475187179794924 -0.00027010293662117389 0.016331910824256762 -0.024841662916183196 0.0025039275105480392 -0.0087481240716968736 0.022581006069262825 -0.0037001063744762233 0.028924510776616098 -0.011621872663965886 0.011169209879070543 -0.011458110643915081 0.027885540281505902 -0.0089601428741287927 0.011993833398688054
leaf_weight=924.55678914114833 744.91098370333202 762.73317315103486 793.3330926700728 2247.5618878661189 2947.7003682561917 445.75894158519804 707.29987762356177 222.80310887936503 1542.756830004626 1776.3611518964171 150.63205942441709 136.348998864647 250.59758055722341 356.83696672786027
leaf_count=6409 4829 3049 22753 17462 25065 1348 3419 896 19737 7168 1359 801 1791 1800
internal_value=-0.00022174 -0.00362399 -0.00575117 -0.00767526 -0.00387937 0.00860566 0.00679864 0.00950661 -0.0161143 0.0077876 0.00839054 0.00790261 0.010577 0.00334097
internal_weight=14010.2 10113.1 8592.26 7531.35 5195.26 3897.13 3451.38 2744.08 2336.09 2521.27 1520.8 1060.91 1370.17 607.435
internal_count=117886 100226 92227 85017 42527 17660 16312 12893 42490 11997 7999 7210 6640 3591
is_linear=0
shrinkage=0.05


Tree=40
num_leaves=15
num_cat=0
split_feature=33 13 40 15 83 16 22 88 30 12 99 55 36 15
split_gain=149.031 84.3899 60.4876 59.0546 52.6422 51.6826 50.8187 46.0803 45.1915 42.7035 38.405 37.6244 33.0961 30.1954
threshold=0.30992957746478877 0.85256053501754014 0.12860610263522887 0.21811349136625532 0.62019230769230782 0.44256759793211681 4.5000000000000009 -1.2057924516400085 1.4692789243462425 1.7697968534216446 1.0000000180025095e-35 12.850000000000003 1.7697033768571175 0.58121481860310686
decision_type=2 2 2 2 2 2 2 2 2 2 2 2 2 2
left_child=1 5 3 -2 12 10 9 -7 -8 11 -1 -3 -5 -9
right_child=2 6 -4 4 -6 7 8 13 -10 -11 -12 -13 -14 -15
leaf_value=-0.013722119099216 0.0010575805776854737 0.0061375029900208817 -0.018803784885214864 0.0038632024427338214 0.019281040408257025 0.021852104719526019 -0.012785301753288901 -0.012206357743382898 0.02759820157012885 0.014255311313220498 -0.033823223620176326 -0.0040374153726327562 0.023813046718814165 0.0055457580470655247
leaf_weight=887.27038820018061 2208.2377154203132 1458.4546716068871 229.8535406794399 1677.8082729254384 1334.7080545127392 142.13050345843658 1060.0852542014327 1028.5016254314105 73.95633043255657 588.55328391445801 325.47747784666717 2409.1259077843279 237.41270676348358 311.76057803444564
leaf_count=18821 12815 8857 1499 7413 4428 1074 11954 16356 413 2477 9270 19537 849 2421
internal_value=7.83395e-05 -0.00419971 0.00631069 0.00736955 0.0116567 -0.0114671 -0.000694902 -0.00519931 -0.0101451 0.00170913 -0.0191233 -0.000199128 0.00633993 -0.00807317
internal_weight=13973.3 8285.32 5688.02 5458.17 3249.93 2695.14 5590.18 1482.39 1134.04 4456.13 1212.75 3867.58 1915.22 1340.26
internal_count=118184 91180 27004 25505 12690 47942 43238 19851 12367 30871 28091 28394 8262 18777
is_linear=0
shrinkage=0.05


Tree=41
num_leaves=15
num_cat=4
split_feature=15 19 33 21 12 55 29 7 36 102 5 5 5 40
split_gain=128.47 81.5772 74.7763 58.0459 62.9947 50.1892 44.2213 42.588 42.1684 40.0599 34.5566 30.3165 29.9757 26.2445
threshold=0.22243910726473998 0.72559523809523829 0.43005376344086027 999.14080415782291 -0.40108364425676141 12.550000000000002 0.68697043484963316 0 1.7697033768571175 257.1158333333334 1 2 3 0.11638803573921543
decision_type=2 2 2 2 2 2 2 9 2 2 9 9 9 2
left_child=1 3 5 8 10 11 -4 -6 -1 13 -5 -2 -11 -7
right_child=2 -3 6 4 7 9 -8 -9 -10 12 -12 -13 -14 -15
leaf_value=-0.00074403086971213707 -0.00066185553274418778 -0.02670522528011365 0.0064163251824417497 -0.0017626870189018696 0.0030898889463083163 0.0072232884029788729 0.024683562999769842 -0.007123721267298321 0.02035273919613759 -9.675148454427689e-05 -0.019351103599402789 0.015478435142007181 -0.018821198179986759 -0.0017836048004917051
leaf_weight=606.72664864605758 429.04870478855446 407.14405208849348 682.13104797992855 397.1614171260735 1868.5872795957839 1363.6550917490385 645.98205480817705 2229.0469311955385 387.9894035034813 407.01518330350518 1040.2419135342352 925.59683579090051 454.820165657904 1985.9452816054691
leaf_count=7600 2308 10949 2339 6244 13662 7238 2142 18646 2490 3617 18956 4397 4773 12760
internal_value=-0.00018743 -0.00499173 0.00464591 -0.0036367 -0.00563568 0.00210112 0.0153063 -0.00247481 0.00748097 -0.000590577 -0.0146422 0.0104724 -0.0102046 0.0018818
internal_weight=13831.1 6936.9 6894.19 6529.75 5535.04 5566.08 1328.11 4097.63 994.716 4211.44 1437.4 1354.65 861.835 3349.6
internal_count=118121 78547 39574 67598 57508 35093 4481 32308 10090 28388 25200 6705 8390 19998
cat_boundaries=0 1 2 3 4
cat_threshold=65551 65620 404514 82268
is_linear=0
shrinkage=0.05


Tree=42
num_leaves=15
num_cat=0
split_feature=33 25 12 15 83 37 102 16 63 36 16 78 67 56
split_gain=130.66 65.2879 58.3947 48.838 47.3576 41.4304 45.3773 36.0199 32.7491 42.0231 34.354 29.7379 28.2411 27.5673
threshold=0.24025316455696205 8.5000000000000018 1.4659244150190596 0.56329676139563867 0.70714285714285718 98.500000000000014 90.178611111111124 0.77219829785257754 11.950000000000001 1.7342033396934757 0.84101863632351648 0.76040798254033559 0.4000000000000013 12.65
decision_type=2 2 2 2 2 2 2 2 2 2 2 2 2 2
left_child=1 5 4 11 8 6 -1 -8 10 -10 -2 12 -3 -7
right_child=2 3 -4 -5 -6 13 7 -9 9 -11 -12 -13 -14 -15
leaf_value=0.0073992384802766768 0.00032670071726258393 -0.020430959572461202 0.0139002532165882 0.013248148518309936 0.0098416017530302425 0.0064165153414454407 -0.0096251498299770189 0.0017601048327653438 -0.003305822202691799 0.010779386527768451 0.024310377272902091 -0.045356709563131141 -0.0017757167477411705 -0.025734823727314223
leaf_weight=1089.2491837167181 340.15960424672812 889.44571747456212 1267.2214678088203 134.91620086273178 1569.0780139244162 85.660640720278025 1578.7493625035277 1239.3617546969326 4065.0474172525574 608.65808419696987 266.62305612047203 94.624007503502071 263.61323337152135 296.49257583054714
leaf_count=6423 2280 22193 4691 1497 6320 603 19142 9460 28121 2964 1186 5254 5043 3103
internal_value=-2.82403e-05 -0.00585087 0.0040401 -0.0152999 0.00221499 -0.0028038 -0.00126546 -0.00461643 -5.04328e-05 -0.00147024 0.0108757 -0.0183918 -0.0161708 -0.0185151
internal_weight=13788.9 5672.11 8116.79 1382.6 6849.57 4289.51 3907.36 2818.11 5280.49 4673.71 606.783 1247.68 1153.06 382.153
internal_count=118280 72718 45562 33987 40871 38731 35025 28602 34551 31085 3466 32490 27236 3706
is_linear=0
shrinkage=0.05


Tree=43
num_leaves=15
num_cat=0
split_feature=14 22 55 36 16 22 38 28 38 17 26 22 10 31
split_gain=115.419 70.6164 67.004 51.723 49.8038 43.2856 42.4975 40.9295 39.7435 35.7795 29.413 29.1077 29.0801 26.3528
threshold=0.60926348162189325 5.5000000000000009 12.850000000000003 -1.0388579113634084 0.26197506605761234 4.5000000000000009 469.00000000000006 6.5000000000000009 443.00000000000006 -0.40872368875711823 2.5000000000000004 4.5000000000000009 0.50922753310568059 -0.91421568627450955
decision_type=2 2 2 2 2 2 2 2 2 2 2 2 2 2
left_child=1 2 5 -2 6 9 -4 -6 -5 -1 11 -10 -7 -3
right_child=3 13 4 8 7 12 -8 -9 10 -11 -12 -13 -14 -15
leaf_value=0.014643166472770164 0.040006250131166349 -0.046626486735257766 -0.025006698947494327 -0.0049220645929106532 0.0014861696866394533 0.00041493673662066488 -0.0044776095679800506 -0.008218905062113516 0.014318023124707483 0.0020497229984984557 0.0029673469555824153 -0.004728695180803915 -0.023750444237904372 -0.015520394356769577
leaf_weight=849.22276054229587 110.2080374523066 76.867180289002135 553.53410746681038 777.63087810343131 2174.9384848375339 297.52206436125562 464.20145750476513 2168.9834084782051 1617.9545378051698 1682.5679563281592 1796.6827013120055 228.49668991100043 213.47404840379022 608.226376216684
leaf_count=6879 432 2116 12978 4281 15938 2838 6978 24927 6052 12161 8867 1235 1956 10399
internal_value=-0.000338376 -0.00358836 -0.0023293 0.00618022 -0.00569282 0.00359586 -0.0156494 -0.00335864 0.00533493 0.00627625 0.00752575 0.0119582 -0.0096733 -0.0190241
internal_weight=13620.5 9089.54 8404.44 4530.97 5361.66 3042.79 1017.74 4343.92 4420.76 2531.79 3643.13 1846.45 510.996 685.094
internal_count=118037 97170 84655 20867 60821 23834 19956 40865 20435 19040 16154 7287 4794 12515
is_linear=0
shrinkage=0.05


Tree=44
num_leaves=15
num_cat=2
split_feature=33 12 22 15 83 29 5 40 88 56 40 5 20 74
split_gain=137.505 86.9264 62.0018 57.7851 61.5347 34.172 33.4304 37.7197 28.8631 24.5469 22.9912 31.592 31.2638 22.6266
threshold=0.40192307692307699 1.4350558117949739 6.5000000000000009 0.57214704272365313 0.19677419354838713 1.3507685877402131 0 0.11804065331425848 1.6657024426645735 12.050000000000002 0.11839419978517725 1 0.042921784098254694 0.69999999999999851
decision_type=2 2 2 2 2 2 9 2 2 2 2 9 2 2
left_child=1 2 3 4 -1 6 -2 -8 -5 -3 12 -12 -11 -9
right_child=5 9 -4 8 -6 -7 7 13 -10 10 11 -13 -14 -15
leaf_value=-0.010217265545464583 -0.0085234155818548867 0.045254454512717604 -0.031302547857458229 0.0075587374892880982 -0.0012561433231445083 0.024387209368742953 0.016262923448272206 -5.1454627234667653e-05 -0.025797063416360684 0.021433487658993923 0.012637702481475757 -0.0087135932656488401 0.003273351657774746 0.033195664222528447
leaf_weight=3403.5713672714191 259.99284512270242 43.563731633126736 204.95776588609442 1315.9540647731628 4385.7084590141894 380.81962652690709 1148.0831021955237 758.99588659638539 68.060917155817151 471.06305857701227 289.44217916112393 400.79115915996954 478.4587376601994 54.751303001306951
leaf_count=52488 1181 141 4896 6935 35415 1287 4116 3223 717 1862 1364 2157 2188 180
internal_value=0.000202971 -0.00222964 -0.00410785 -0.00349937 -0.00517248 0.0105435 0.00816746 0.0103729 0.00591306 0.00823106 0.0072417 0.000289985 0.0122893 0.00218317
internal_weight=13664.2 11061.6 9378.25 9173.29 7789.28 2602.64 2221.82 1961.83 1384.01 1683.32 1639.76 690.233 949.522 813.747
internal_count=118150 108163 100451 95555 87903 9987 8700 7519 7652 7712 7571 3521 4050 3403
cat_boundaries=0 1 2
cat_threshold=81952 143108
is_linear=0
shrinkage=0.05


Tree=45
num_leaves=15
num_cat=2
split_feature=15 12 32 77 88 55 32 21 15 40 15 5 93 7
split_gain=112.567 96.3235 61.4014 47.4501 47.2751 41.2654 40.7417 35.7423 42.6832 34.3367 36.1813 32.7145 32.3121 32.0094
threshold=0.3051931386316829 0.085794804407942529 0.2096511627906977 0.34313725490196084 -1.2057924516400085 12.950000000000001 0.030151515151515155 999.14080415782291 -0.2719585814445083 0.11383021196283392 0.76436014917146355 0 0.77227799977799994 1
decision_type=2 2 2 2 2 2 2 2 2 2 2 9 2 9
left_child=1 6 3 -2 13 -6 -1 12 -9 -5 -11 -7 -8 -3
right_child=2 4 -4 9 5 11 7 8 -10 10 -12 -13 -14 -15
leaf_value=-0.023515708306140196 0.0094448453628585404 -0.00012959191890684078 0.017896002728574022 0.0080668544507596727 0.0039652281351724664 0.0051488084329933785 0.0094819633942977294 -0.021487988986514939 -0.0065539728111752189 -0.0071688805539763855 0.0082962799020577967 -0.010204291331914958 -0.023186834199951281 0.017849099639638155
leaf_weight=522.67409180197865 1763.3554530176334 445.97767238505185 794.14978611376137 802.85688880854286 1534.0548285668483 439.14386579266284 421.50762622314505 679.86367261596024 1620.6487400842598 1815.5530589642003 477.34432245418429 1588.6574116582051 92.103155778138898 560.25723727466539
leaf_count=15972 7775 2586 2654 4744 9948 3405 4769 13647 18530 13808 2441 13943 1664 2687
internal_value=-0.000380728 -0.00423386 0.00500616 0.00289815 0.000482339 -0.00222008 -0.0106917 -0.00830731 -0.0109703 -0.000829449 -0.00394688 -0.00690177 0.00361053 0.0100526
internal_weight=13558.1 7904.89 5653.26 4859.11 4568.09 3561.86 3336.8 2814.12 2300.51 3095.75 2292.9 2027.8 513.611 1006.23
internal_count=118573 87151 31422 28768 32569 27296 54582 38610 32177 20993 16249 17348 6433 5273
cat_boundaries=0 1 2
cat_threshold=268292 7568
is_linear=0
shrinkage=0.05


Tree=46
num_leaves=15
num_cat=2
split_feature=33 43 63 56 77 67 15 88 5 22 24 5 31 86
split_gain=91.3673 96.6909 63.5983 62.2964 48.0272 43.6797 34.7729 41.7029 33.0623 32.7145 28.8018 32.0777 26.698 25.6952
threshold=0.45027472527472534 1.0000000180025095e-35 11.750000000000002 15.750000000000002 0.39444444444444454 0.10000000000000055 0.3247001635309652 -1.0074155922656427 0 6.5000000000000009 1.5000000000000002 1 0.46291208791208766 469.00000000000006
decision_type=2 2 2 2 2 2 2 2 9 2 2 9 2 2
left_child=1 2 -1 5 8 9 7 -5 -4 -3 -2 -12 -7 -13
right_child=10 3 4 6 -6 12 -8 -9 -10 -11 11 13 -14 -15
leaf_value=0.02294613982020538 0.024990059791530263 -0.0061219872590724421 0.013463749213649909 -0.0038836144609819007 -0.0040282299441686473 -0.0015676256448449201 -0.0035425851952657359 -0.020908533096570869 0.0017960630062947521 -0.046625015674593588 -0.0039072282134192254 0.0078621104287129404 0.0095875972216746454 0.026313101513244921
leaf_weight=390.15255054621957 289.22276127710938 2042.1486031754757 996.31948275235482 512.89022570708767 1940.5168298558565 1324.082137784455 863.08370283525437 1210.7294995380798 1562.1638782698428 51.050839802017435 421.73516916949302 729.86935286503285 900.7907114616828 255.13146574795246
leaf_count=2263 1047 20390 6401 4943 21432 11359 6001 20551 10852 1241 1674 2718 6585 743
internal_value=-0.000235971 -0.00179677 0.00358267 -0.00560659 0.00190189 -0.00192928 -0.011743 -0.0158459 0.00640161 -0.00711438 0.0106146 0.00765388 0.0029468 0.0125214
internal_weight=13489.9 11793.9 4889.15 6904.78 4499 4318.07 2586.7 1723.62 2558.48 2093.2 1695.96 1406.74 2224.87 985.001
internal_count=118200 112018 40948 71070 38685 39575 31495 25494 17253 21631 6182 5135 17944 3461
cat_boundaries=0 1 2
cat_threshold=360526 115240
is_linear=0
shrinkage=0.05


Tree=47
num_leaves=15
num_cat=1
split_feature=83 33 14 67 15 7 99 55 22 78 40 40 30 78
split_gain=106.386 87.3852 60.3513 43.7136 40.7084 34.2606 33.7916 34.2401 30.0452 34.9934 29.6237 28.2837 26.9321 25.1412
threshold=0.37715517241379315 0.20710681244743484 1.1362875090277604 0.3499999999999997 -0.074928008756406123 0 225.00000000000003 12.350000000000003 5.5000000000000009 0.31251373626373635 0.12281655225019071 0.11804065331425848 -2.2365229512554952 0.18752020038784747
decision_type=2 2 2 2 2 9 2 2 2 2 2 2 2 2
left_child=1 4 6 -2 5 10 7 -3 -6 -10 -1 -4 -5 -14
right_child=3 2 11 12 8 -7 -8 -9 9 -11 -12 -13 13 -15
leaf_value=-0.0015225462979742178 0.0017824991351978994 0.011168595692264383 0.025471143086859806 0.042507319260097445 -0.0049585708992889279 -0.027795251782312926 -0.018042601454586801 -0.0027303586549883001 0.048080366754611081 -0.045030626250397325 -0.036258825077985078 0.0022128932324917898 0.024614434197062114 0.007570213660776811
leaf_weight=322.98545162891969 3986.3421685762005 504.23623165930621 306.08753034938127 65.10621633939445 1446.6730898454553 557.34576165757608 314.3645934255328 3646.261472934857 11.328659657388924 84.247905531781726 75.784111672081053 228.99709128262475 249.19484856445342 1658.8980819780845
leaf_count=5779 23968 2850 1028 260 18288 16794 3396 30239 83 2566 2330 1021 1067 8629
internal_value=-0.000189223 -0.00415279 -0.000336195 0.0047969 -0.0117886 -0.0198969 -0.00223897 -0.00104037 -0.00675766 -0.0339032 -0.00794479 0.0155291 0.0108838 0.00979996
internal_weight=13457.9 7498.31 4999.95 5959.54 2498.36 956.115 4464.86 4150.5 1542.25 95.5766 398.77 535.085 1973.2 1908.09
internal_count=118298 84374 38534 33924 45840 24903 36485 33089 20937 2649 8109 2049 9956 9696
cat_boundaries=0 1
cat_threshold=8715
is_linear=0
shrinkage=0.05


Tree=48
num_leaves=15
num_cat=2
split_feature=83 14 18 8 36 83 5 55 40 22 71 99 38 33
split_gain=116.28 84.8563 49.9997 52.3585 41.3965 43.0876 39.4566 38.917 36.238 34.7876 32.7478 28.0691 28.5432 28.3768
threshold=0.39642857142857152 0.71411284212763182 7.5000000000000009 0 1.4063532513750971 0.79285714285714304 1 12.750000000000002 0.11713596441629916 4.5000000000000009 1.015794684691006 150.00000000000003 419.00000000000006 0.39012195121951226
decision_type=2 2 2 9 2 2 9 2 2 2 2 2 2 2
left_child=1 2 7 -4 5 6 -2 9 -9 -1 -5 12 -3 -13
right_child=4 11 3 10 -6 -7 -8 8 -10 -11 -12 13 -14 -15
leaf_value=0.0088904213666057951 -0.014028477602830458 -0.027038877002431183 -0.021741939221528291 -0.0035212538222384108 0.013559849336410929 0.0087694035887140604 0.0017157514681301349 -5.0584311018151909e-05 -0.012100748149730873 -0.01435501130827849 -0.037618152854097316 -0.013388138187187771 0.010678706958061661 0.016747862511618507
leaf_weight=843.39910460263491 467.09955342602916 52.132270632777363 985.1620302782394 1041.1004118286073 1151.4036608287133 1929.1154153910466 2386.8313836924499 1081.8314771358855 1476.5478764091386 198.68198180117179 75.488724594004452 311.05708554922603 1227.9583407565951 104.09076984319836
leaf_count=5300 3586 373 26818 13927 5039 8830 16195 9669 16516 2414 1307 2092 5683 375
internal_value=-0.000165401 -0.00434814 -0.00726837 -0.0133971 0.00504763 0.00299724 -0.000902879 -0.00368907 -0.00700739 0.00445272 -0.00578229 0.00547143 0.00913674 -0.00581783
internal_weight=13331.9 7397.45 5702.21 2101.75 5934.45 4783.05 2853.93 3600.46 2558.38 1042.08 1116.59 1695.24 1280.09 415.148
internal_count=118124 84474 75951 42052 33650 28611 19781 33899 26185 7714 15234 8523 6056 2467
cat_boundaries=0 1 2
cat_threshold=24 328224
is_linear=0
shrinkage=0.05


Tree=49
num_leaves=15
num_cat=2
split_feature=22 12 83 38 55 14 5 99 32 5 101 31 100 40
split_gain=84.6671 75.0421 65.8256 61.1087 36.7479 35.6051 30.9501 28.5456 28.4259 25.3367 35.1989 20.9423 20.3424 23.1186
threshold=5.5000000000000009 1.4350558117949739 0.37268518518518523 461.00000000000006 12.350000000000003 -0.42971502929627486 0 -174.99999999999997 0.03069073783359498 1 182.35303308823532 -0.74264705882352888 1.0000000180025095e-35 0.11663372859025035
decision_type=2 2 2 2 2 2 9 2 2 9 2 2 2 2
left_child=1 2 3 5 -3 -1 -4 -8 -5 -2 -11 -12 -6 -14
right_child=9 4 6 8 12 -7 7 -9 -10 10 11 -13 13 -15
leaf_value=-0.020917711658013812 -0.030974662620439936 0.024917427060791267 -0.0060842488771204011 -0.011727913173437828 0.010652151153576414 -0.0065856656140382691 0.012729334566491111 0.0031628497574420936 0.0024345793813987365 -0.024494213343957606 -0.036990433311268174 0.0046510527213899609 0.0079068363055606536 -0.013943258088919126
leaf_weight=547.35031782533042 196.54243242822122 348.48900042008609 645.42136485967785 404.39723954699002 1166.0687882974744 2090.8285869291285 1055.909773839172 2990.5884707402438 2852.9083888574969 243.00394194875844 33.441549437586218 302.09281424700748 282.38224443141371 211.6541975713335
leaf_count=15570 3738 1142 4254 7923 4990 20861 5537 17095 25037 5507 750 3641 1235 1189
internal_value=0.000305289 0.00129267 -0.000387868 -0.0039054 0.0101529 -0.00956175 0.0040309 0.0056467 0.000674453 -0.0157325 -0.00983599 0.000476108 0.00704925 -0.00144495
internal_weight=13371.1 12596 10587.4 5895.48 2008.59 2638.18 4691.92 4046.5 3257.31 775.081 578.538 335.534 1660.11 494.036
internal_count=118469 104833 96277 69391 8556 36431 26886 22632 32960 13636 9898 4391 7414 2424
cat_boundaries=0 1 2
cat_threshold=201216 4680
is_linear=0
shrinkage=0.05


Tree=50
num_leaves=15
num_cat=1
split_feature=33 13 8 63 30 78 38 22 13 40 18 33 17 33
split_gain=87.8388 63.8222 54.6736 43.4739 48.1986 47.7007 34.9031 33.1706 32.2885 28.1439 27.4192 23.6481 23.5149 21.2356
threshold=0.42928571428571433 1.3453719872375927 0 11.65 -0.62877482140603502 0.2331774475524476 445.00000000000006 6.5000000000000009 0.28414456525955306 0.12049512987012988 4.5000000000000009 0.53006024096385562 0.3731944761033274 0.37807807807807814
decision_type=2 2 9 2 2 2 2 2 2 2 2 2 2 2
left_child=1 2 10 13 12 -6 8 -8 -4 11 -1 -2 -5 -3
right_child=9 3 6 4 5 -7 7 -9 -10 -11 -12 -13 -14 -15
leaf_value=0.0088517545172834122 0.007975854308233955 0.022286609452229187 -0.032380254344852311 0.019214772088005289 0.0082717543792898088 -0.0046447852022537791 -0.0049803190788305102 -0.035418627969171078 -0.011385316963092159 0.00024380961054510102 -0.0029975037021463926 0.02071254358175038 0.0031799946478542254 -0.014985823081320833
leaf_weight=789.4546940762084 910.21710643498227 357.99019143730402 248.54452910437249 471.35340846818872 958.86182155786082 2805.7734893928282 2955.5311258410802 92.272912308224477 701.41305326926522 593.38554276991636 1278.3703030467732 610.18548780772835 445.71422397624701 42.545054723508656
leaf_count=3958 3605 1819 8228 3341 4920 19449 37986 3002 9267 2578 15030 2007 2609 193
internal_value=0.000142548 -0.00162904 -0.00509227 0.00250332 0.00114938 -0.00135345 -0.00849451 -0.00590462 -0.0168865 0.00948764 0.00151677 0.0130918 0.0114282 0.0183123
internal_weight=13261.6 11147.8 6065.59 5082.24 4681.7 3764.64 3997.76 3047.8 949.958 2113.79 2067.82 1520.4 917.068 400.535
internal_count=117992 109802 77471 32331 30319 24369 58483 40988 17495 8190 18988 5612 5950 2012
cat_boundaries=0 1
cat_threshold=4
is_linear=0
shrinkage=0.05


Tree=51
num_leaves=15
num_cat=1
split_feature=33 16 99 88 21 12 37 29 78 0 37 63 26 22
split_gain=104.307 60.6453 57.9246 44.198 42.3929 48.6176 40.9446 50.5317 38.5617 37.2522 35.1449 32.2187 30.4984 26.2752
threshold=0.33166666666666672 0.43275421470937198 1.0000000180025095e-35 -0.2727453926979358 999.17480539618987 -0.57171482167641663 32.500000000000007 0.11892790419949922 0.59903221778221794 0 89.500000000000014 11.750000000000002 6.5000000000000009 4.5000000000000009
decision_type=2 2 2 2 2 2 2 2 2 1 2 2 2 2
left_child=1 2 4 8 -1 -6 7 -2 10 -5 -3 -11 13 -8
right_child=6 3 -4 9 5 -7 12 -9 -10 11 -12 -13 -14 -15
leaf_value=0.012660025234035916 -0.015233305335851897 0.0071417975731111853 -0.023184781141617258 0.0045214118296340528 -0.024394551931693972 -0.0040139813413920854 0.016766917357713323 0.0049761775927960102 -0.0512476593182613 0.011336072018693431 -0.00883061082223628 -0.0091869614043200414 0.0024874269093240324 0.00025911014689600719
leaf_weight=277.90351358731277 398.20300630899146 2371.0866129619535 597.98072127031628 878.63957707735244 371.92506550939288 1375.6217388852965 1467.7016869131476 1384.0318885669112 30.895068953279406 208.5486989505589 402.57404997176491 2267.7854801918147 845.51813996280544 289.15761823393404
leaf_count=3798 2986 15315 13001 8546 11228 14301 5441 5626 514 1732 3017 26466 5010 1389
internal_value=2.75837e-07 -0.0031436 -0.00950983 -0.000431213 -0.00546912 -0.00835552 0.00629895 0.000457386 0.00420025 -0.00430434 0.0048215 -0.00742618 0.0102974 0.0140529
internal_weight=13167.6 8782.96 2623.43 6159.53 2025.45 1747.55 4384.61 1782.23 2804.56 3354.97 2773.66 2476.33 2602.38 1756.86
internal_count=118370 97918 42328 55590 29327 25529 20452 8612 18846 36744 18332 28198 11840 6830
cat_boundaries=0 1
cat_threshold=518
is_linear=0
shrinkage=0.05


Tree=52
num_leaves=15
num_cat=0
split_feature=33 13 22 12 21 40 18 46 19 55 22 14 16 33
split_gain=99.4846 54.98 46.1886 41.2669 39.1144 35.4867 35.147 37.4058 34.0709 31.1203 27.2814 25.3941 25.8945 23.0478
threshold=0.24025316455696205 0.5158687724414267 4.5000000000000009 1.3509099004856899 999.14080415782291 0.12555310817425358 2.5000000000000004 0.1834918877389615 0.26055513114336648 12.250000000000002 3.5000000000000004 -1.3208970446231594 0.77219829785257754 0.089943820224719112
decision_type=2 2 2 2 2 2 2 2 2 2 2 2 2 2
left_child=1 9 3 4 10 -6 7 -3 13 -1 -2 12 -11 -8
right_child=2 6 -4 -5 5 -7 8 -9 -10 11 -12 -13 -14 -15
leaf_value=0.018339299583614039 0.024028417075482186 -0.016981729894352687 -0.0045967114875814655 0.01373260905314821 0.0036554978003946279 -0.0096796919875646054 -0.027668364029745759 0.0095039304209989361 -0.0099360618991757143 -0.045059536616877248 0.0033950729824678153 -0.013920645981764321 0.013679886312534459 0.0015663934117091051
leaf_weight=65.456961300922558 368.95757621945813 156.66078615887091 1341.7150579016889 1255.6483236504719 3940.0294321223628 570.97798449196853 70.456190789525863 887.64288216200657 1693.8539395427797 126.0645454172045 284.25664145499468 876.80169187590946 21.847582355840132 1513.7520108463941
leaf_count=815 1852 1091 10820 4721 22278 4404 924 5057 23850 7599 1647 20507 553 12318
internal_value=0.000209404 -0.00499324 0.00383813 0.00560178 0.00362362 0.00196632 -0.0024609 0.00552466 -0.0050065 -0.0150279 0.015059 -0.0171658 -0.0363462 0.000261384
internal_weight=13174.1 5412.54 7761.59 6419.87 5164.22 4511.01 4322.37 1044.3 3278.06 1090.17 653.214 1024.71 147.912 1584.21
internal_count=118436 72714 45722 34902 30181 26682 43240 6148 37092 29474 3499 28659 8152 13242
is_linear=0
shrinkage=0.05


Tree=53
num_leaves=15
num_cat=1
split_feature=32 63 49 102 12 102 15 78 13 5 102 52 24 71
split_gain=84.9524 65.4504 59.1538 45.1885 44.314 43.77 38.9828 31.8556 30.0376 28.603 31.9442 27.4828 25.1008 24.4728
threshold=0.14839839839839844 11.65 0.14089233386898575 86.953638831756493 -0.68649274236466395 290.62570701357475 0.29552944253069097 0.75544494720965327 1.7736350179520171 0 239.1380952380953 62.45000000000001 10.500000000000002 1.0142421307105129
decision_type=2 2 2 2 2 2 2 2 2 9 2 2 2 2
left_child=1 9 4 -2 -3 8 -7 -6 -4 10 -1 -5 13 -13
right_child=3 2 5 11 7 6 -8 -9 -10 -11 -12 12 -14 -15
leaf_value=0.006390974362931132 0.020616708358506965 -0.018237805405121727 -0.00046131456574085346 0.0090318998733175497 -0.0041295244481740828 -0.031800337880849093 -0.0030088610776756132 -0.028303292098582296 0.0086240533662259641 0.021469515136891246 -0.049722209606288141 0.0033721504720764447 -0.027781086533939195 -0.023281949477077638
leaf_weight=169.43968732049689 533.6332195806317 784.46236316370778 3358.6021416131989 1435.7623689156026 3401.432623949484 184.44843711261638 325.22151718148962 141.96926001494285 1247.1577704641968 393.53864171309397 29.716376474243589 847.48462721845135 84.410949714016169 95.746466389857233
leaf_count=1145 1999 18374 34095 6009 30401 5289 3026 2811 6905 2589 430 3764 746 476
internal_value=3.69212e-05 -0.00216868 -0.00318074 0.00742417 -0.00748306 0.0004583 -0.0134424 -0.00510025 0.00199789 0.0139457 -0.00188292 0.0045636 -0.00167466 0.000659037
internal_weight=13033 10036 9443.29 2997.04 4327.86 5115.43 509.67 3543.4 4605.76 592.695 199.156 2463.4 1027.64 943.231
internal_count=118059 105065 100901 12994 51586 49315 8315 33212 41000 4164 1575 10995 4986 4240
cat_boundaries=0 1
cat_threshold=436490
is_linear=0
shrinkage=0.05


Tree=54
num_leaves=15
num_cat=0
split_feature=33 63 16 43 22 21 55 88 37 63 89 71 78 18
split_gain=89.722 46.8521 43.9055 40.8287 40.3078 46.7141 37.268 33.9048 31.719 31.9004 25.6988 24.4166 23.1677 25.3635
threshold=0.24025316455696205 11.65 0.074861261531669832 1.0000000180025095e-35 3.5000000000000004 998.52222562551003 12.950000000000001 -1.5428608570891515 111.50000000000001 11.750000000000002 7.5000000000000009 1.0446172059389072 0.14930035242535244 8.5000000000000018
decision_type=2 2 2 2 2 2 2 2 2 2 2 2 2 2
left_child=3 11 -3 8 5 -4 12 -6 9 -1 -11 -2 -5 -14
right_child=1 2 4 6 7 -7 -8 -9 -10 10 -12 -13 13 -15
leaf_value=0.023648843292582922 0.020135148001883416 -0.012289223649727512 0.028345134064562263 0.01851329352911708 0.029405503293067705 0.0052512934371243712 -0.013742000966300089 -0.0023564221406428506 -0.026476443704633392 -0.0069358387195797861 0.0042135918690505139 -0.017706084076854731 0.00034277882754693567 -0.016268495607152992
leaf_weight=146.90264779224526 533.99229905707762 478.31593450950459 232.8241795564536 120.41642641671933 86.716669828630984 3693.7318126177415 1702.739815539855 2596.5098125208169 109.00419395021163 886.33394327224232 1239.2255131812999 46.108461153693497 775.27206615020987 326.16719895729329
leaf_count=1094 2428 4773 1098 772 400 19342 30747 17304 1575 12895 11794 292 7117 6555
internal_value=-3.80968e-06 0.00345453 0.0023355 -0.00500263 0.00339474 0.0066226 -0.00896037 -0.00132702 -0.000139992 0.00112221 -0.000433348 0.0171162 -0.00229218 -0.00457278
internal_weight=12974.3 7668.2 7088.1 5306.06 6609.78 3926.56 2924.6 2683.23 2381.47 2272.46 2125.56 580.101 1221.86 1101.44
internal_count=118186 45637 42917 72549 38144 20440 45191 17704 27358 25783 24689 2720 14444 13672
is_linear=0
shrinkage=0.05


Tree=55
num_leaves=15
num_cat=1
split_feature=77 16 16 12 5 33 71 12 37 38 100 64 67 99
split_gain=71.2999 69.7062 57.0092 43.1795 42.7656 38.5194 31.0711 29.7803 38.0507 28.4029 27.5262 24.5994 24.3387 26.0884
threshold=0.45804195804195807 0.49853262335944609 0.58732339778855291 -0.82569951662150676 0 0.17010638297872344 1.0093720794597749 1.4659244150190596 21.500000000000004 437.00000000000006 1.0000000180025095e-35 11.950000000000001 -0.15000000000000033 225.00000000000003
decision_type=2 2 2 2 9 2 2 2 2 2 2 2 2 2
left_child=2 9 3 -1 11 -3 10 8 -7 -2 -5 -4 -6 -14
right_child=1 5 4 6 12 7 -8 -9 -10 -11 -12 -13 13 -15
leaf_value=-0.016129385744067217 -0.034403695731006066 -0.012286651727923576 0.022755406459180418 0.0039390906472238814 0.0017746965244499801 -0.010908270465586976 -0.01437313299672442 0.012995459703289275 0.0022981948563496244 -0.012254399821158266 -0.010769138712862733 -0.0015611502948878167 0.014589931929144987 -0.011257734679723538
leaf_weight=446.2756508202292 171.63265166396741 685.2276143754134 112.21293755667284 2535.6264534888323 584.91791652957909 734.73252013977617 317.79178290744312 430.92835977207869 2114.8985077259131 935.87936344748596 363.50594967533834 1405.4425001232885 1989.8963506370783 102.36599884927273
leaf_count=8539 6069 11828 541 19790 3605 6154 2657 1937 15683 19013 2628 8749 10285 729
internal_value=1.63779e-05 -0.00460385 0.00299994 -0.00155628 0.00697986 -0.0015051 0.00046429 0.000745685 -0.00110539 -0.0156942 0.00209288 0.000233325 0.0107613 0.0133224
internal_weight=12931.3 5073.3 7858.04 3663.2 4194.84 3965.79 3216.92 3280.56 2849.63 1107.51 2899.13 1517.66 2677.18 2092.26
internal_count=118207 60684 57523 33614 23909 35602 25075 23774 21837 25082 22418 9290 14619 11014
cat_boundaries=0 1
cat_threshold=357152
is_linear=0
shrinkage=0.05


Tree=56
num_leaves=15
num_cat=2
split_feature=15 83 38 33 22 13 67 4 8 56 17 77 55 11
split_gain=85.0938 66.6573 66.6957 53.2677 38.5759 34.6486 32.744 28.4886 23.4841 22.6727 21.8974 21.2133 21.0676 20.9853
threshold=0.63359505565011898 0.39642857142857152 457.00000000000006 0.49090163934426234 4.5000000000000009 1.3453719872375927 0.20000000000000198 0 1 16.150000000000002 -0.16276248030771767 0.82843137254901966 12.550000000000002 0.079388422035480868
decision_type=2 2 2 2 2 2 2 9 9 2 2 2 2 2
left_child=1 2 5 4 -4 11 7 13 -2 -5 -7 -1 -9 -3
right_child=8 6 3 9 -6 10 -8 12 -10 -11 -12 -13 -14 -15
leaf_value=-0.014698985546750615 0.0058253375176542214 -0.0056280741846328249 5.1155409510599442e-05 0.028819331026623554 -0.011894111847857809 0.015669498809322526 0.0078179287336390575 0.0065598195324360151 0.018077367439720861 -0.0015313962826420998 -0.0072547916240258033 -0.035089085107564678 -0.0044367307374321005 0.021638360159464617
leaf_weight=1292.5638745459728 1223.8343352002557 100.75916197174229 2746.9029201267986 199.08639565575868 895.9842529790476 122.46627588709816 1873.7415789943188 542.45772946195211 592.54483804106712 88.582412828691304 690.84802113939077 142.00181954482105 2203.6410935251042 233.12868254259229
leaf_count=22201 6530 712 29085 657 15010 1207 10283 2926 2272 371 5469 5261 15004 1298
internal_value=-7.64249e-05 -0.00171411 -0.00517877 -0.00124864 -0.00288571 -0.0120482 0.00260612 -0.000563063 0.00995735 0.0194587 -0.00379528 -0.0167231 -0.00225431 0.0130064
internal_weight=12948.5 11132.2 6178.44 3930.56 3642.89 2247.88 4953.73 3079.99 1816.38 287.669 813.314 1434.57 2746.1 333.888
internal_count=118286 109484 79261 45123 44095 34138 30223 19940 8802 1028 6676 27462 17930 2010
cat_boundaries=0 1 2
cat_threshold=2 24
is_linear=0
shrinkage=0.05


Tree=57
num_leaves=15
num_cat=1
split_feature=15 32 88 22 89 15 49 40 16 32 67 49 5 99
split_gain=79.7418 58.4833 52.8503 46.071 45.6474 39.7253 35.7486 31.0084 29.5123 26.2337 25.4135 25.0253 23.8172 23.3703
threshold=-0.074928008756406123 0.23038461538461544 -0.45122582203871575 5.5000000000000009 12.500000000000002 0.71229963573848287 0.023850154396229485 0.12611113305941848 0.074861261531669832 0.16477052359405303 -0.39999999999999941 0.12861980006449533 0 1.0000000180025095e-35
decision_type=2 2 2 2 2 2 2 2 2 2 2 2 9 2
left_child=4 2 8 5 6 -4 -1 12 -2 -5 -8 -10 -6 -12
right_child=1 -3 3 9 7 -7 10 -9 11 -11 13 -13 -14 -15
leaf_value=-0.023552979765061377 -0.02282133739449493 0.014811138615156833 -0.002867448823842949 -0.01713822926761915 -0.024483950089649403 0.008917205506605316 -0.020683570032685339 -0.02837843278260041 0.0012518934436237346 -0.08044048652514578 -0.00097375487177508871 0.010215468286463379 0.0054430123282955198 -0.016583030642066877
leaf_weight=460.91708741348702 86.667354022618383 842.03932823706418 4267.8841698165052 294.23798806371633 61.375899869250134 858.85497559979558 308.45424783893395 82.066837687278166 1280.1355553050525 17.300184624735266 998.7737924058456 1993.290757976938 991.52455955243204 315.79734255024232
leaf_count=9650 778 2952 37860 5954 864 4267 6346 1422 7347 192 13877 10076 10152 6308
internal_value=-5.17342e-05 0.00222303 0.00101758 -0.00202778 -0.00686591 -0.000892119 -0.0112601 0.00119823 0.00594787 -0.0206942 -0.00776477 0.00671176 0.00351077 -0.00472833
internal_weight=12859.3 9640.41 8798.37 5438.28 3218.91 5126.74 2083.94 1134.97 3360.09 311.538 1623.03 3273.43 1052.9 1314.57
internal_count=118045 69426 66474 48273 48619 42127 36181 12438 18201 6146 26531 17423 11016 20185
cat_boundaries=0 1
cat_threshold=262656
is_linear=0
shrinkage=0.05


Tree=58
num_leaves=15
num_cat=2
split_feature=55 15 63 33 99 22 13 37 5 86 77 65 5 99
split_gain=82.1848 77.4195 47.1786 43.3305 43.0256 35.4188 32.9762 34.6468 26.6175 30.1009 25.6426 19.5196 19.4984 19.4677
threshold=12.250000000000002 -0.079926664621687404 11.750000000000002 0.50308641975308654 225.00000000000003 5.5000000000000009 0.47483307612575265 15.500000000000002 0 505.00000000000006 0.11437908496732027 1.0130887009192839 1 -1.0000000180025095e-35
decision_type=2 2 2 2 2 2 2 2 9 2 2 2 9 2
left_child=8 4 -3 5 6 -4 7 -2 -1 13 -8 -6 -5 -10
right_child=1 2 3 12 11 -7 10 -9 9 -11 -12 -13 -14 -15
leaf_value=0.02067738349823281 -0.04047795061022344 0.013281363690417915 -0.00042928375073997575 0.020468354754302854 -0.052801165182382398 -0.016985666150586196 0.0065905863129906766 -0.010994903330525368 0.015968010641246616 0.038617177771185181 -0.0067692550891146203 -0.018526321762448294 0.0041614720332543891 -0.0031109309808776738
leaf_weight=531.96066554985009 124.10780438425718 729.32262588024605 6884.3370321097318 320.52663391456008 70.564082697499543 338.88290812657215 465.0157897779718 509.61235183663666 189.16621024580672 63.281311994418502 1572.8458520796848 102.87041369808139 453.73842992261052 454.58209530869499
leaf_count=2776 4085 4135 52284 1098 2348 6161 3536 14631 1039 281 18720 2626 1707 2886
internal_value=8.37448e-05 -0.00122632 0.00110831 -1.3246e-06 -0.00838912 -0.00120696 -0.00681938 -0.0167822 0.0123225 0.00565494 -0.00371807 -0.0325227 0.0112384 0.00248928
internal_weight=12810.8 11571.8 8726.81 7997.49 2845.02 7223.22 2671.58 633.72 1238.99 707.03 2037.86 173.434 774.265 643.748
internal_count=118313 111331 65385 61250 45946 58445 40972 18716 6982 4206 22256 4974 2805 3925
cat_boundaries=0 1 2
cat_threshold=7824 273604
is_linear=0
shrinkage=0.05


Tree=59
num_leaves=15
num_cat=2
split_feature=15 56 99 8 32 64 5 28 24 55 51 52 49 26
split_gain=69.2645 50.0917 44.8046 43.3741 47.7727 42.2034 31.107 30.057 27.3843 26.48 22.1062 25.4774 18.744 17.4192
threshold=-0.035092462084016722 12.15 150.00000000000003 0 0.23038461538461544 12.050000000000002 1 4.5000000000000009 2.5000000000000004 12.950000000000001 51.250000000000007 53.550000000000004 0.13343224530168155 2.5000000000000004
decision_type=2 2 2 9 2 2 9 2 2 2 2 2 2 2
left_child=2 12 7 6 5 -5 -3 10 -9 -10 -1 -12 -2 -8
right_child=1 3 -4 4 -6 -7 13 8 9 -11 11 -13 -14 -15
leaf_value=0.031733048506668478 -0.0024320775650217732 0.010980400766218907 -0.01634701529588338 0.014709994728596782 0.014480889096397173 -0.002776962277426184 0.0094362261402451773 -0.0323539644728814 0.0031111116875678665 -0.013028654354257388 -0.030963258724805254 0.0020662163567385047 0.029898979641105519 -0.0036369582947392886
leaf_weight=59.871777817141265 55.316528733237647 1938.0743481772952 723.06039909442188 370.34404530492611 506.81727841403335 5018.7421076929313 377.19042478362098 109.76214657118544 445.449314021389 590.25098677806091 60.588680453132838 1532.0285428769421 229.89627597015351 784.4273387263529
leaf_count=315 334 9985 14679 2598 1785 43198 1622 856 6639 14836 666 14496 1000 5146
internal_value=0.000718766 0.00298443 -0.00525165 0.0023296 -0.000192565 -0.00157406 0.00710615 -0.00238206 -0.00860695 -0.00608257 0.00193011 0.000804656 0.0236122 0.000599039
internal_weight=12801.8 9280.81 3521.01 8995.6 5895.9 5389.09 3099.69 2797.95 1145.46 1035.7 1652.49 1592.62 285.213 1161.62
internal_count=118155 65668 52487 64334 47581 45796 16753 37808 22331 21475 15477 15162 1334 6768
cat_boundaries=0 1 2
cat_threshold=4 36558
is_linear=0
shrinkage=0.05


Tree=60
num_leaves=15
num_cat=1
split_feature=33 55 83 57 22 100 102 13 88 65 5 49 54 35
split_gain=71.8338 55.9978 53.1552 38.4527 37.5652 32.1454 28.3745 26.4015 24.7932 22.1684 21.7915 22.549 21.0762 19.5095
threshold=0.15424266455194294 12.250000000000002 0.79285714285714304 66.450000000000017 6.5000000000000009 1.0000000180025095e-35 209.43234207622444 1.9004516401700877 -1.5174387194786583 0.99648196737543027 0 0.077442071785552027 12.65 5.2246895713039985
decision_type=2 2 2 2 2 2 2 2 2 2 9 2 2 2
left_child=6 8 3 -3 -5 7 12 -4 -2 -7 11 -10 -1 -14
right_child=1 2 5 4 -6 9 -8 -9 10 -11 -12 -13 13 -15
leaf_value=0.018385218909736722 0.040357344060245492 0.016262304640005235 0.0073198130563743432 -0.0016673752082535039 -0.028969508161890801 -0.032911036883300708 -0.019963272984801619 0.022603644543359478 -0.014963704481561599 0.00048290759735078817 0.00096949584739777729 0.01903815834037148 -0.0080462357429477559 0.044586145743247901
leaf_weight=85.54459736822173 72.732289711711928 295.19151865772437 981.25088983261958 7597.9137316773995 128.04349379986525 57.906972420867532 466.07019204861717 397.81280291033909 53.044057794148102 345.05752152809873 412.12316356040537 574.16725050890818 1193.5674738240195 17.745345070259646
leaf_count=947 263 2078 4583 65746 3053 330 13937 1457 325 1715 2356 2785 18342 138
internal_value=-1.40257e-05 0.00149814 0.000291364 -0.00144352 -0.00212087 0.00810278 -0.00937907 0.0117336 0.0121308 -0.00431045 0.010147 0.0158992 -0.00557018 -0.00726744
internal_weight=12678.2 10915.2 9803.18 8021.15 7725.96 1782.03 1762.93 1379.06 1112.07 402.964 1039.33 627.211 1296.86 1211.31
internal_count=118055 84691 78962 70877 68799 8085 33364 6040 5729 2045 5466 3110 19427 18480
cat_boundaries=0 1
cat_threshold=73400
is_linear=0
shrinkage=0.05


Tree=61
num_leaves=15
num_cat=2
split_feature=13 8 15 40 22 35 21 46 63 32 5 67 99 39
split_gain=72.7348 51.4398 46.6942 37.2949 37.073 34.3955 31.4685 34.6554 34.569 31.7137 28.3239 27.9024 27.4748 23.923
threshold=1.3453719872375927 0 0.71229963573848287 0.11383021196283392 4.5000000000000009 2.6576603017979328 999.40631663951319 0.17507024848680433 11.65 0.15849282296650721 1 -0.34999999999999959 1.0000000180025095e-35 4.5000000000000009
decision_type=2 9 2 2 2 2 2 2 2 2 9 2 2 2
left_child=1 -1 3 11 6 10 7 -2 -8 -10 -6 -3 -5 -4
right_child=4 2 13 12 5 -7 8 -9 9 -11 -12 -13 -14 -15
leaf_value=0.0028635036741220107 -0.024563295709238722 -0.019928705059439049 0.012841123954564257 -0.0081606792440972672 -0.019796784937401175 0.01597710978708675 0.019670720745128361 0.019632811363213633 0.0010124270418905173 0.012177395770737377 -0.0012499633234325138 0.0025844960918440731 -0.019304274739512055 -0.015619043447969197
leaf_weight=2388.1647136243992 47.579654238186777 159.73636508383788 425.66446228488348 1990.6809926072019 307.72544497251511 183.37608017586172 356.96027672314085 621.81594912149012 2986.0657279937295 808.50184725178406 604.57166189351119 989.88090550445486 767.77214043604909 89.098668333142996
leaf_count=20560 359 2653 2358 29637 3104 1048 1482 3327 18389 3089 5222 11867 14607 553
internal_value=0.000475263 -0.00304716 -0.00623221 -0.00811149 0.004531 -0.00376795 0.00641821 0.0164807 0.00479416 0.0033929 -0.0077436 -0.000540768 -0.0112647 0.00790326
internal_weight=12727.6 6811 4422.83 3908.07 5916.6 1095.67 4820.92 669.396 4151.53 3794.57 912.297 1149.62 2758.45 514.763
internal_count=118255 82235 61675 58764 36020 9374 26646 3686 22960 21478 8326 14520 44244 2911
cat_boundaries=0 1 2
cat_threshold=4 68264
is_linear=0
shrinkage=0.05


Tree=62
num_leaves=15
num_cat=2
split_feature=22 25 52 35 43 32 30 55 38 5 16 32 5 17
split_gain=66.0248 49.2962 48.2852 44.7334 42.4081 45.117 31.3066 29.993 29.6765 28.5871 26.4567 24.2759 23.9505 21.7873
threshold=5.5000000000000009 6.5000000000000009 65.950000000000017 -0.50825958728705689 1.0000000180025095e-35 0.22111111111111112 0.52415733754081961 12.550000000000002 453.00000000000006 0 0.46197420420489305 0.069883720930232582 1 -0.91870114101276268
decision_type=2 2 2 2 2 2 2 2 2 9 2 2 9 2
left_child=1 4 9 -4 8 7 -2 -6 13 -3 -7 -5 -8 -1
right_child=6 2 3 11 5 10 12 -9 -10 -11 -12 -13 -14 -15
leaf_value=0.032130606754799791 -0.020901621863199389 0.0073243110868080417 0.011231434137349594 -0.023752682355129302 0.0059989170768830046 -0.011324547334978481 -0.01814892787141275 -0.0041453615030210009 0.010292602340900764 -0.0034794014808398523 0.021393704292732997 -0.0089481855479735927 0.017286732446470592 -0.0011367409533915888
leaf_weight=51.558979538735002 520.48840618989198 961.54661370790564 191.71325917332433 459.94753728847718 966.84377381112427 74.897889322601259 69.944357657106593 2953.9765777917346 2553.4855144680478 1645.5216579922708 346.73152085160837 700.38103566120844 108.68382396572269 1038.9403409146471
leaf_count=410 11562 10918 2722 13807 4712 314 911 20725 13629 21373 1180 7847 1072 7140
internal_value=0.000230284 0.00110478 -0.00345649 -0.0111239 0.00336659 2.77703e-05 -0.0147029 -0.0016425 0.00734389 0.000518213 0.0155685 -0.0148225 0.0033328 0.000434362
internal_weight=12644.7 11945.5 3959.11 1352.04 7986.43 4342.45 699.117 3920.82 3643.98 2607.07 421.629 1160.33 178.628 1090.5
internal_count=118322 104777 56667 24376 48110 26931 13545 25437 21179 32291 1494 21654 1983 7550
cat_boundaries=0 1 2
cat_threshold=1368 12914
is_linear=0
shrinkage=0.05


Tree=63
num_leaves=15
num_cat=4
split_feature=15 102 49 56 13 5 25 77 101 19 5 5 38 5
split_gain=65.0502 50.5074 40.9176 37.2353 30.52 30.513 28.2975 27.5493 25.1703 23.3111 22.2473 20.9302 22.9625 20.8522
threshold=0.60089860190321209 273.63364865689874 0.14315852923447861 12.450000000000001 1.0361953598914189 0 4.5000000000000009 0.91287878787878796 154.40048018648022 0.28590527119938886 1 2 445.00000000000006 3
decision_type=2 2 2 2 2 9 2 2 2 2 9 9 2 9
left_child=1 2 5 13 -5 6 -1 -3 10 -7 -2 12 -10 -4
right_child=8 7 3 4 -6 9 -8 -9 11 -11 -12 -13 -14 -15
leaf_value=0.0047063986627414178 0.008566925730435446 -0.0089775633524249009 -0.016494606714623029 -0.0044688242062735552 0.004226904167816084 -0.0033374100058622806 -0.0056343584532262785 -0.033451563124403831 -0.029721193452068407 -0.014384202956218034 -0.0089987217552683647 0.015152557222707631 0.0070271897700084603 0.016260133064875473
leaf_weight=1332.4314268690068 382.90401005418971 924.34211006620899 46.727059786673635 1614.3088711245218 2689.992065243423 975.53919188608415 1313.6727339447243 131.51219460659195 55.026412610895932 938.3526814491488 322.88432324049063 1071.2269076714292 185.43509451532736 596.17220466816798
leaf_count=7785 2286 14931 431 20441 17127 8573 18516 4144 330 12547 2195 4483 864 3626
internal_value=-8.74439e-05 -0.00165914 -0.000506334 0.00264224 0.00096442 -0.00392335 -0.000423854 -0.0120335 0.00813879 -0.00871106 0.00051765 0.0122354 -0.00131558 0.0138658
internal_weight=12580.5 10563.1 9507.2 4947.2 4304.3 4560 2646.1 1055.85 2017.48 1913.89 705.788 1311.69 240.462 642.899
internal_count=118279 108121 89046 41625 37568 47421 26301 19075 10158 21120 4481 5677 1194 4057
cat_boundaries=0 1 2 3 4
cat_threshold=268750 288120 305408 282624
is_linear=0
shrinkage=0.05


Tree=64
num_leaves=15
num_cat=0
split_feature=33 12 55 21 37 40 15 21 21 78 74 56 71 51
split_gain=77.4051 42.0872 34.092 30.7437 29.5722 31.6522 28.62 31.7652 42.0038 28.399 29.7503 28.0269 27.5346 27.2239
threshold=0.35067567567567576 -0.082167669603979934 12.250000000000002 1003.00652977896 127.50000000000001 0.11909827760891592 -0.090597371010850039 1000.3211887958115 999.17480539618987 0.74881970970206269 1.0999999999999972 12.550000000000002 0.99809704870541383 53.050000000000004
decision_type=2 2 2 2 2 2 2 2 2 2 2 2 2 2
left_child=1 6 -2 9 5 12 7 8 -1 10 -4 -8 -3 -7
right_child=2 4 3 -5 -6 13 11 -9 -10 -11 -12 -13 -14 -15
leaf_value=0.0020132336870837572 0.019755056705297806 0.022848796669905889 0.0031995137548427618 0.02342948808215127 -0.01536353292965004 0.010142133253299835 0.013112369669337107 0.00708493972704001 -0.023563285264723836 -0.020398984271921206 0.032445482445429275 -0.0060429333610478864 0.0025555440990928939 -0.0061870451576307578
leaf_weight=208.19685280515114 403.68869385588914 176.07364810956642 2844.7913147944491 198.18254324467853 305.54972861730494 293.57472313684411 216.44200707192067 150.95385730906855 695.63912848249311 123.14784158486873 89.650509055703878 1609.0725588769419 3299.283181373612 1942.1602041866863
leaf_count=4473 1511 987 13423 905 2588 2118 2004 2247 22474 861 327 22463 23853 18084
internal_value=-7.27567e-05 -0.00259089 0.0060479 0.00434624 -0.000210604 0.000599474 -0.00756112 -0.0141193 -0.0176667 0.00310697 0.00409579 -0.00376845 0.00358574 -0.00404026
internal_weight=12556.4 8896.95 3659.46 3255.77 6016.64 5711.09 2880.3 1054.79 903.836 3057.59 2934.44 1825.51 3475.36 2235.73
internal_count=118318 101291 17027 15516 47630 45042 53661 29194 26947 14611 13750 24467 24840 20202
is_linear=0
shrinkage=0.05


Tree=65
num_leaves=15
num_cat=4
split_feature=15 88 78 15 99 12 45 46 33 5 5 5 40 5
split_gain=59.0121 54.3433 47.8395 37.3467 31.4231 29.1553 29.0526 19.6208 18.9959 18.9327 17.4909 16.639 16.0458 15.399
threshold=0.71229963573848287 -1.4504094961724312 0.74881970970206269 0.064106442662999766 225.00000000000003 2.4205991557910402 0.075765660877720659 0.26583572778338643 0.17875939849624065 0 1 2 0.12985482654600305 3
decision_type=2 2 2 2 2 2 2 2 2 9 9 9 2 9
left_child=1 6 3 4 -3 -5 11 10 -8 -10 -4 -1 -2 -9
right_child=12 2 7 5 -6 -7 8 13 9 -11 -12 -13 -14 -15
leaf_value=0.028191173288071494 0.01118545929215769 -0.0045352191694369307 0.0027611587389067323 0.00010120917895078419 -0.024850102546621594 0.020244471258959357 -0.026447180825493001 0.02025241982760061 -0.018395365197029719 0.011387367406492035 -0.027676652065210146 0.0095858479966866809 -0.018556770491158722 -0.019090932612029571
leaf_weight=215.00586321298033 1206.0177742955275 3502.3935054673348 61.081620483892038 6012.4060045249062 201.35449892509496 185.0887306984514 60.910758013837039 47.203136238385923 60.919201111420989 210.56315889838152 306.32497819775017 344.36205170676112 46.908540134783834 34.249460132676177
leaf_count=1355 5679 46419 1539 41458 4779 727 908 886 446 1248 8932 2494 312 996
internal_value=-0.0002253 -0.00137287 -0.00239371 -0.00166929 -0.00564163 0.000703913 0.0104687 -0.0183584 -0.00122473 0.00442351 -0.0232813 0.0174252 0.0100666 0.00378718
internal_weight=12494.8 11241.9 10350.1 9901.24 3703.75 6197.49 891.761 448.859 332.393 271.482 367.407 559.368 1252.93 81.4526
internal_count=118178 112187 105736 93383 51198 42185 6451 12353 2602 1694 10471 3849 5991 1882
cat_boundaries=0 1 2 3 4
cat_threshold=33120 81984 26890 122374
is_linear=0
shrinkage=0.05


Tree=66
num_leaves=15
num_cat=1
split_feature=33 15 13 100 40 88 27 13 40 16 102 7 26 24
split_gain=58.9666 41.5407 38.5006 35.4718 33.5042 26.67 23.4074 22.9973 22.1557 21.6562 22.1243 20.9132 29.5642 19.8645
threshold=0.17010638297872344 0.8632859122453006 2.0264509162772666 1.0000000180025095e-35 0.12111080381659788 -1.2057924516400085 2.5000000000000004 3.4813275157930721 0.11670110192837467 0.056323357069652968 64.047394149967701 0 7.5000000000000009 4.5000000000000009
decision_type=2 2 2 2 2 2 2 2 2 2 2 9 2 2
left_child=4 2 3 5 11 -2 -4 -8 -5 -6 -11 -1 -13 -14
right_child=1 -3 6 8 9 -7 7 -9 -10 10 -12 12 13 -15
leaf_value=-0.0094424922058921005 0.0077638823775931891 0.014825200718110582 0.01670927646917459 -0.0033576774973750403 -0.041112841079135119 -0.00094924386346729745 0.0055093036103051113 -0.0222943473492659 -0.019120772840732103 0.014384450517383476 -0.016786122375510845 0.0073466084425779553 -0.04937418069604714 -0.0073608336924825355
leaf_weight=800.03395903471392 1033.9405805296265 545.70291962102056 483.03956135362387 519.94441512413323 80.519610333954915 5826.8449452717323 1186.5692663821392 79.192152047995478 391.43414364487398 63.504553220933303 531.4864559766138 649.30915991053917 32.017442754935473 232.05876752897166
leaf_count=14186 6705 2238 1979 3075 3778 51198 6566 498 3113 520 11373 5622 345 7110
internal_value=-0.000265528 0.00140998 0.000640398 -0.000867263 -0.00732776 0.000363215 0.00734339 0.0037642 -0.0101347 -0.0167594 -0.013449 -0.00360567 0.00158779 -0.0124904
internal_weight=12455.6 10066.7 9520.97 7772.16 2388.93 6860.79 1748.8 1265.76 911.379 675.511 594.991 1713.42 913.385 264.076
internal_count=118306 75372 73134 64091 42934 57903 9043 7064 6188 15671 11893 27263 13077 7455
cat_boundaries=0 1
cat_threshold=10456
is_linear=0
shrinkage=0.05


Tree=67
num_leaves=15
num_cat=3
split_feature=15 78 13 5 40 68 5 37 37 25 40 5 77 78
split_gain=56.3713 54.5289 37.5862 42.8757 29.9402 27.8187 26.5316 25.3227 22.0168 21.7691 20.7884 20.4444 19.2197 18.1013
threshold=0.63359505565011898 0.57265054390054404 0.94984889716673426 0 0.11116579177602801 0.39999999999999952 1 14.500000000000002 168.50000000000003 7.5000000000000009 0.12556565718614987 2 0.93541666666666679 0.74881970970206269
decision_type=2 2 2 9 2 2 9 2 2 2 2 9 2 2
left_child=1 2 3 -1 -5 6 -4 -3 13 -7 11 -9 -12 -2
right_child=8 7 5 4 -6 9 -8 10 -10 -11 12 -13 -14 -15
leaf_value=-0.013430002048036255 0.011355997421778553 -0.024014439964575973 0.0047992040832635502 0.01333180402937449 -0.0030844885074103132 0.010403375415157965 -0.0031757602602185396 0.0020071548100456665 -0.024073463003938578 -0.0022611596095488346 -0.015929138335075078 -0.01006842940055896 -0.067494243691629582 -0.0046980239083800855
leaf_weight=870.35307032731362 1521.5068953367881 239.78500391956186 1881.0783534205984 343.15754014695995 1455.0976870541926 1535.2605753191747 2314.9448712419253 676.00489412253955 50.071092125028372 434.75404744001571 219.33533811755478 715.63800718187122 19.700919646187685 197.96024576434866
leaf_count=12570 6709 5785 12024 3470 18480 7537 16501 11014 322 3925 4714 12364 910 1728
internal_value=0.000283279 -0.00108286 0.000558617 -0.00439793 4.57331e-05 0.00270461 0.000402125 -0.00883824 0.00855038 0.00760598 -0.00660223 -0.0042572 -0.0202264 0.00950464
internal_weight=12474.6 10705.1 8834.65 2668.61 1798.26 6166.04 4196.02 1870.46 1769.54 1970.01 1630.68 1391.64 239.036 1719.47
internal_count=118053 109294 74507 34520 21950 39987 28525 34787 8759 11462 29002 23378 5624 8437
cat_boundaries=0 1 2 3
cat_threshold=479840 265494 88296
is_linear=0
shrinkage=0.05


Tree=68
num_leaves=15
num_cat=2
split_feature=22 21 83 12 30 16 33 5 22 40 38 52 5 31
split_gain=59.9808 53.0433 61.7305 56.9202 41.9223 35.2569 30.2321 26.8463 24.0169 23.8499 22.5004 22.1195 20.8645 20.7535
threshold=4.5000000000000009 999.65371104998189 0.79285714285714304 -0.24193849494381689 0.80676700329643525 0.69666427428476774 0.10994505494505495 0 3.5000000000000004 0.10686253385865552 473.00000000000006 52.350000000000001 1 -0.43541666666666495
decision_type=2 2 2 2 2 2 2 9 2 2 2 2 9 2
left_child=1 8 3 6 11 9 -3 -5 -1 -4 12 -2 -6 -13
right_child=4 2 5 7 10 -7 -8 -9 -10 -11 -12 13 -14 -15
leaf_value=0.015485681862571458 0.02335872417225095 -0.037490091342767554 0.035191394130651747 0.0036560094559691053 0.014691104337248137 0.014214770485049081 -0.0085348190734100982 -0.0036290935419000196 0.003222545071687611 -0.0029275239323676453 0.014679639556394938 -0.021696993633783714 -0.022840619752220209 -0.0086791703750922471
leaf_weight=880.58692283194978 46.489641655469313 95.788647758890875 43.789568208158016 2882.2703164793784 51.673010129015893 1048.3383137024939 1543.8835255403537 2236.939082984929 732.70205955405254 629.92187471315265 289.24198291404173 391.7623916901648 89.539912248495966 1415.8332805784885
leaf_count=6737 434 4965 175 20383 357 4364 24993 16564 6314 3485 2001 7107 855 19527
internal_value=-4.55361e-05 0.00160984 2.83886e-05 -0.00212424 -0.00736176 0.00847977 -0.0102316 0.000471708 0.00991982 -0.000437614 0.00668698 -0.0106263 -0.00964755 -0.0115043
internal_weight=12378.8 10094.2 8480.93 6758.88 2284.54 1722.05 1639.67 5119.21 1613.29 673.711 430.455 1854.09 141.213 1807.6
internal_count=118261 87980 74929 66905 30281 8024 29958 36947 13051 3660 3213 27068 1212 26634
cat_boundaries=0 1 2
cat_threshold=47572 475460
is_linear=0
shrinkage=0.05


Tree=69
num_leaves=15
num_cat=3
split_feature=33 63 13 40 100 101 5 22 5 37 68 5 16 101
split_gain=64.5319 38.8409 35.6104 31.6126 32.3765 27.2934 31.5005 25.6314 27.082 32.5115 24.4038 25.4352 23.4468 19.7169
threshold=0.33166666666666672 11.65 -0.39991087992314617 0.10632124809025739 1.0000000180025095e-35 89.711111111111151 0 3.5000000000000004 1 28.500000000000004 -0.20000000000000193 2 0.43728985216326072 206.1002317994506
decision_type=2 2 2 2 2 2 9 2 9 2 2 9 2 2
left_child=1 10 -3 -4 -5 6 -2 8 9 -7 -1 -12 -10 -9
right_child=5 2 3 4 -6 7 -8 13 12 -11 11 -13 -14 -15
leaf_value=0.037992628891191316 0.0088599979679854484 -0.022025496238774894 0.011787140844381596 -0.0025805580198564708 -0.012837608068922361 -0.010022411123058595 -0.038618749026267295 -0.0060492858905197731 0.00066240346171866351 0.0093653456101197626 0.018452910758399197 -0.005993238424870523 0.015998669883428938 0.0054268980413399899
leaf_weight=70.754730818327516 62.767411777051166 257.886173068895 338.93484199955128 6302.0951317664003 876.72099325968884 354.83243169263005 66.386828630696982 662.34847314213403 314.8526126020588 552.93386617442593 199.43891803384759 210.78385398921091 1208.2956949807703 860.07466754131019
leaf_count=478 461 11211 3226 72024 7605 1801 622 3993 1762 2472 1397 1901 4968 4399
internal_value=-0.000360217 -0.00290318 -0.00375662 -0.00312898 -0.00383407 0.00478151 -0.0178193 0.00552157 0.00870765 0.00176178 0.0108813 0.00618487 0.0127483 0.000430693
internal_weight=12339.1 8256.61 7775.64 7517.75 7178.82 4082.49 129.154 3953.34 2430.91 907.766 480.978 410.223 1523.15 1522.42
internal_count=118320 97842 94066 82855 79629 20478 1083 19395 11003 4273 3776 3298 6730 8392
cat_boundaries=0 1 2 3
cat_threshold=113040 356648 1748
is_linear=0
shrinkage=0.05


Tree=70
num_leaves=15
num_cat=2
split_feature=33 13 102 37 15 99 7 10 29 33 5 93 31 18
split_gain=83.8677 33.5307 34.7798 32.1267 31.6524 27.7948 25.2529 24.7903 28.5702 24.4364 23.5918 22.6539 21.7256 20.9999
threshold=0.25126262626262635 1.2957605846400997 98.813720238095257 32.500000000000007 0.2134795910965776 225.00000000000003 0 0.90767976324476052 0.17297250148067397 0.098833265499932169 1 0.20000816993464057 -0.7573529411764709 9.5000000000000018
decision_type=2 2 2 2 2 2 9 2 2 2 9 2 2 2
left_child=1 2 -1 5 10 7 -6 8 -2 -4 -5 -9 -11 -3
right_child=3 13 9 4 6 -7 -8 11 -10 12 -12 -13 -14 -15
leaf_value=0.00071748313784997979 -0.0070143226683055011 0.001763064592538348 -0.029542098584561683 -0.0082303876625403755 0.017676609278469167 -0.020167375157555473 0.006490609554200665 0.00074434950858900061 0.0067481006182119503 -0.019633059513376284 0.0050740793503821144 -0.017157101006163016 -0.007132651443740372 -0.0098400204267595753
leaf_weight=777.99277164286468 488.38735855557024 2040.901145351585 174.91080236044945 462.76571603340562 775.73924395395443 165.44981083553284 1547.9140899593476 400.10090566985309 1650.2479465405922 452.76097684516571 1119.0147709972225 315.72615821100771 1508.2556293461239 481.89892956253607
leaf_count=8948 4928 14752 6702 4115 3461 1481 7591 2409 7805 10628 8269 2035 29032 6129
internal_value=-2.54315e-05 -0.00467387 -0.00832751 0.0036231 0.00661773 -0.000248069 0.0103317 0.000905405 0.00360274 -0.0116243 0.00115834 -0.00714566 -0.0100222 -0.000451648
internal_weight=12362.1 5436.72 2913.92 6925.35 3905.43 3019.91 2323.65 2854.46 2138.64 2135.93 1581.78 715.827 1961.02 2522.8
internal_count=118285 76191 55310 42094 23436 18658 11052 17177 12733 46362 12384 4444 39660 20881
cat_boundaries=0 1 2
cat_threshold=7296 223776
is_linear=0
shrinkage=0.05


Tree=71
num_leaves=15
num_cat=2
split_feature=55 63 33 99 15 25 12 17 29 51 99 5 31 5
split_gain=53.472 49.9249 46.5423 34.3694 31.7986 28.6962 23.3542 27.8022 20.6967 19.6298 20.5722 17.6668 17.5195 16.9988
threshold=12.250000000000002 11.65 0.38924963924963935 150.00000000000003 -0.0049414491395367776 15.500000000000002 1.0448522782987297 -1.0514816314513051 -0.26507794988486605 53.150000000000013 -174.99999999999997 0 -1.7928571428571407 1
decision_type=2 2 2 2 2 2 2 2 2 2 2 9 2 9
left_child=6 13 3 5 -5 -3 7 -1 -4 10 -9 -8 -10 -2
right_child=1 2 8 4 -6 -7 11 9 12 -11 -12 -13 -14 -15
leaf_value=0.038175816639326857 1.3614780073500829e-05 -0.001587992285367437 -0.0076576576412126368 -0.019882051546774335 -0.0056440981186259851 -0.028453430373250068 0.032644816408320884 0.028085075378744075 0.026336497300348212 -0.0052410801058216704 0.0028494785970210588 0.0093627999627502439 0.0050104325295961824 0.016958709397931256
leaf_weight=59.224235757952556 224.44740870117676 6075.6420834086603 316.33279927587137 546.6144377362798 1393.5579302657861 100.9806642314652 156.98461883235723 117.8295077662915 101.56642556656152 388.57789540407248 258.02010258194059 217.20250807888806 1877.9877926972695 472.09609592123888
leaf_count=411 1712 64265 2166 13919 14208 3852 520 596 326 2801 1738 958 8067 2903
internal_value=-0.000124899 -0.00120755 -0.00207491 -0.00385308 -0.00965882 -0.00202847 0.00991107 0.00519601 0.00420927 0.0026297 0.0107795 0.0202722 0.00610843 0.0117501
internal_weight=12307.1 11109.2 10412.7 8116.8 1940.17 6176.62 1197.84 823.652 2295.89 764.428 375.85 374.187 1979.55 696.544
internal_count=118442 111418 106803 96244 28127 68117 7024 5546 10559 5135 2334 1478 8393 4615
cat_boundaries=0 1 2
cat_threshold=266928 256264
is_linear=0
shrinkage=0.05


Tree=72
num_leaves=15
num_cat=0
split_feature=55 83 22 99 43 32 102 56 46 49 92 100 10 15
split_gain=43.8867 53.5772 35.3908 26.963 26.418 33.0437 32.9645 24.7293 24.4896 22.5941 19.9727 18.4785 17.8681 16.6228
threshold=12.450000000000001 0.70714285714285718 6.5000000000000009 -174.99999999999997 1.0000000180025095e-35 0.21975609756097564 290.62570701357475 12.15 0.29672563209148578 0.14315852923447861 2.227818627450981 1.0000000180025095e-35 -1.1059291638734023 0.63359505565011898
decision_type=2 2 2 2 2 2 2 2 2 2 2 2 2 2
left_child=3 2 4 10 6 -6 -2 9 11 -5 -1 12 -3 -9
right_child=1 8 -4 7 5 -7 -8 13 -10 -11 -12 -13 -14 -15
leaf_value=0.016634170000551601 0.0017215050444318741 -0.0074344821746838005 -0.029464100770683444 -0.015109010966033299 -0.0071349560981674234 0.00750858208066877 -0.015727789186025479 -0.0022341871532563858 0.028945907212604167 0.026719878800825072 -0.02356982675646635 -0.0056433879811187346 0.0089918076401432675 0.01200592022222971
leaf_weight=590.00204077886883 2917.0715611762134 190.99508956423961 132.19200506189372 39.838829369051382 4212.1066203364171 423.61699818214402 298.24113292165566 1244.2322867633775 105.39741876674816 166.00119674904272 32.412403899710625 379.5123644573614 1225.5597930741496 245.23439036868513
leaf_count=3581 27347 1063 4343 303 55137 1762 5016 9113 474 781 244 2126 6013 1043
internal_value=-0.000563757 -0.00201612 -0.00381302 0.005628 -0.00338011 -0.0057956 0.000100976 0.00235646 0.00552525 0.0185965 0.0145291 0.00414655 0.00677314 0.000107678
internal_weight=12202.4 9884.69 7983.23 2317.72 7851.04 4635.72 3215.31 1695.31 1901.46 205.84 622.414 1796.07 1416.55 1489.47
internal_count=118346 103281 93605 15065 89262 56899 32363 11240 9676 1084 3825 9202 7076 10156
is_linear=0
shrinkage=0.05


Tree=73
num_leaves=15
num_cat=2
split_feature=33 15 83 33 30 21 23 58 15 67 5 78 31 5
split_gain=51.0108 30.5648 30.1517 31.9483 26.7882 26.2346 38.9113 27.7549 23.19 22.4912 22.0843 20.6171 18.8916 20.7006
threshold=0.24025316455696205 0.8632859122453006 0.29814814814814822 0.098833265499932169 2.5446107730825891 998.98668566762933 54.500000000000007 68.550000000000011 0.56329676139563867 -0.099999999999998743 0 0.38518518518518524 0.37980769230769346 1
decision_type=2 2 2 2 2 2 2 2 2 2 9 2 2 9
left_child=2 4 3 -1 5 6 -2 -7 11 -4 -10 -5 -11 -14
right_child=1 -3 9 8 -6 7 -8 -9 10 12 -12 -13 13 -15
leaf_value=-0.024868051004559494 0.024230974920120635 0.015748620213262333 -0.0070942500938017241 -0.0022518044105460859 0.032610138150955544 0.016968046649557728 0.0019840514151823639 -0.00015706669420302881 -0.020774369021329793 -0.00074990214800618857 0.011731020913102568 -0.012176699685164081 -0.0080586446474267878 0.014302075681035163
leaf_weight=234.98585662589176 306.01233152742498 436.28654043423012 677.76381432625931 984.14110725431237 71.073697353713214 246.93786089355126 550.78832029446494 5588.0312302585226 54.016165329143405 953.07341961562634 293.33901909133419 1120.8634795437683 123.32204975979403 540.28775015333667
leaf_count=7845 1681 1707 6648 12247 279 1340 4257 36312 564 8511 2339 29015 1181 4263
internal_value=0.000229559 0.00292155 -0.00365958 -0.00725388 0.00209309 0.00176773 0.00993743 0.000567095 -0.0055631 0.000548154 0.00639702 -0.00753927 0.00375542 0.0102326
internal_weight=12180.9 7199.13 4981.79 2687.35 6762.84 6691.77 856.801 5834.97 2452.36 2294.45 347.355 2105 1616.68 663.61
internal_count=118189 45576 72613 52010 43869 43590 5938 37652 44165 20603 2903 41262 13955 5444
cat_boundaries=0 1 2
cat_threshold=165890 263712
is_linear=0
shrinkage=0.05


Tree=74
num_leaves=15
num_cat=2
split_feature=15 28 33 13 22 5 68 11 14 12 13 46 37 5
split_gain=53.4848 41.8535 33.7332 28.1134 26.8601 25.8464 26.7127 25.8006 28.7266 21.2226 21.0373 32.0305 29.8873 20.1211
threshold=0.22243910726473998 4.5000000000000009 0.53006024096385562 -1.0701299455737734 4.5000000000000009 0 0.65000000000000047 0.10646202925614691 -0.3065167308929842 1.2744798601975311 1.4480666980111272 0.17404596542324788 174.50000000000003 1
decision_type=2 2 2 2 2 9 2 2 2 2 2 2 2 9
left_child=1 3 4 -1 10 -5 -7 -6 -9 -3 12 -12 -2 -11
right_child=2 9 -4 5 7 6 -8 8 -10 13 11 -13 -14 -15
leaf_value=-0.052916949152557839 0.0012353035922355266 -0.0095960540301696234 0.015677654353644949 0.0043695542548816985 0.0030221855493966351 -0.0090968974691015749 0.0095815181291589724 0.0083960815462111576 -0.022982293314070354 0.013804183953532938 -0.012498279522060163 0.0089358121923731968 -0.033235188561332417 -0.0075755005457527214
leaf_weight=24.351422558538616 2591.5252621984691 2494.744488630211 490.95090870372951 1965.533292427077 356.14020124194212 895.99242396547925 243.0869213322876 95.589302130276337 304.35963373025879 196.72413002047688 190.92347571253777 1972.1906731277704 64.343036687001586 226.06551771867089
leaf_count=972 18610 47288 1815 16702 3748 8876 1812 1316 3018 1305 1094 9583 525 1613
internal_value=-0.000203912 -0.00353215 0.0031128 0.000483269 0.00200515 0.000905422 -0.00506149 -0.00675379 -0.01547 -0.00784015 0.00338057 0.00704117 0.000397093 0.00250885
internal_weight=12112.5 6046.5 6066.02 3128.96 5575.07 3104.61 1139.08 756.089 399.949 2917.53 4818.98 2163.11 2655.87 422.79
internal_count=118277 78568 39709 28362 37894 27390 10688 8082 4334 50206 29812 10677 19135 2918
cat_boundaries=0 1 2
cat_threshold=37310 472134
is_linear=0
shrinkage=0.05


Tree=75
num_leaves=15
num_cat=2
split_feature=33 61 12 21 99 37 27 55 78 38 5 68 5 40
split_gain=55.5729 45.6238 35.3251 37.0064 32.812 36.063 32.5847 26.7617 26.0097 25.7333 20.2118 19.9951 19.7852 19.6611
threshold=0.36023255813953492 24.250000000000004 -0.070919097664253902 998.98668566762933 225.00000000000003 125.50000000000001 3.5000000000000004 12.350000000000003 0.20871821805645338 465.00000000000006 0 -0.20000000000000193 1 0.12853805073431243
decision_type=2 2 2 2 2 2 2 2 2 2 9 2 9 2
left_child=1 9 3 -3 5 -4 -5 -2 -9 -1 13 -11 -6 -10
right_child=7 2 4 6 12 -7 -8 8 10 11 -12 -13 -14 -15
leaf_value=-0.0032393637466158567 0.016248887863961625 0.0065842566202243729 0.00095992149110926412 -0.00022073568290801511 -0.033019894807421596 -0.019034364345725259 -0.014045709057658805 0.01617076322291609 -0.0016695909108336859 0.035520308813531395 0.0061097631000589687 0.01060395303448242 -0.0054866894035708255 -0.033349485579741253
leaf_weight=304.81085470947437 503.80128258466721 371.7105057911831 4851.6568154491251 576.67651447479147 109.28744307113811 236.41536349034868 1641.4983430646826 362.73184658726677 1061.149770508986 95.863134280312806 1256.2751121027395 510.72778665996157 177.28266919660382 51.28053592145443
leaf_count=3232 2021 6574 38472 7144 1403 2249 37080 1525 5341 623 6083 4088 2049 359
internal_value=4.81525e-05 -0.00199625 -0.00320938 -0.00800647 -0.000896766 2.9556e-05 -0.0104539 0.00565845 0.00370273 0.00859869 0.00179073 0.0145551 -0.0173554 -0.00310937
internal_weight=12111.2 8875.93 7964.53 2589.89 5374.64 5088.07 2218.17 3235.24 2731.44 911.402 2368.71 606.591 286.57 1112.43
internal_count=118243 102914 94971 50798 44173 40721 44224 15329 13308 7943 11783 4711 3452 5700
cat_boundaries=0 1 2
cat_threshold=86442 164808
is_linear=0
shrinkage=0.05


Tree=76
num_leaves=15
num_cat=1
split_feature=27 30 83 54 78 61 55 16 100 17 5 92 20 30
split_gain=37.2186 38.9986 37.9137 34.4058 30.8811 28.5493 29.3005 26.0637 24.5709 23.8197 22.4379 22.0133 21.9591 19.4891
threshold=2.5000000000000004 -0.58396774828351827 0.23904761904761906 16.850000000000005 0.54545917317976156 23.150000000000002 12.450000000000001 1.243446140065485 1.0000000180025095e-35 -0.073949579432584997 0 0.26666666666666683 0.2001838235294118 2.5446107730825891
decision_type=2 2 2 2 2 2 2 2 2 2 9 2 2 2
left_child=13 2 7 5 12 6 -3 9 -7 -2 -4 -6 -5 -1
right_child=1 3 10 4 11 8 -8 -9 -10 -11 -12 -13 -14 -15
leaf_value=0.0044949231256927423 -0.01405144568214887 -0.010585703481836838 0.014670730519894119 -0.0041988593339087601 -0.030487538060122582 -0.0005662572918534968 0.032671568859149784 0.022823175254673259 -0.011160162468436881 0.0010967176453518844 0.0022849560252831301 -0.0095905566455292048 -0.035964533977503682 0.026881841552502797
leaf_weight=2302.8615565411747 450.22602237941464 57.998303727246821 786.55460014054552 1470.4026432201499 243.18380596395582 4208.3284769580932 119.15574108390138 88.999221563513856 629.28715741238557 611.13088856928516 704.00531195127405 263.69733715895563 56.455628216732293 101.5270473472774
leaf_count=14369 10310 354 5306 15076 5707 43240 677 709 4990 6457 5331 4851 552 472
internal_value=-0.000124233 -0.00150637 0.00367485 -0.00344839 -0.0089341 -0.00122254 0.0184834 -0.00314124 -0.00194557 -0.00532512 0.00893846 -0.0196301 -0.00537895 0.00544339
internal_weight=12093.8 9689.43 2640.92 7048.51 2033.74 5014.77 177.154 1150.36 4837.62 1061.36 1490.56 506.881 1526.86 2404.39
internal_count=118401 103560 28113 75447 26186 49261 1031 17476 48230 16767 10637 10558 15628 14841
cat_boundaries=0 1
cat_threshold=314518
is_linear=0
shrinkage=0.05


Tree=77
num_leaves=15
num_cat=0
split_feature=67 12 86 99 36 21 101 15 12 29 88 15 13 26
split_gain=47.3512 44.8483 37.966 27.4037 27.0172 31.3939 22.8668 22.7995 22.2237 21.2491 21.232 21.763 21.2289 20.6651
threshold=0.10000000000000055 1.0448522782987297 493.00000000000006 150.00000000000003 1.7697033768571175 1002.5200848689241 391.31305672268911 0.72861599338680205 2.4205991557910402 0.054968735639592266 1.1632070970738655 -0.20278468732478569 2.7566585548604965 8.5000000000000018
decision_type=2 2 2 2 2 2 2 2 2 2 2 2 2 2
left_child=1 4 3 7 5 6 -1 8 -2 -7 11 -4 -5 -3
right_child=2 13 10 12 -6 9 -8 -9 -10 -11 -12 -13 -14 -15
leaf_value=-0.0087826391087318413 0.0017949133192886374 0.0044643216027094789 -0.0045374082474329966 -0.0066632786769120853 0.004097838082523066 -0.018573709060950388 0.0064215410131652903 0.015724810251899899 0.028126864600001175 0.023478677479265436 -0.025361706162498665 0.023155296614457446 0.022782938168775153 -0.02508072493103948
leaf_weight=4017.9961683147703 2981.7593920078361 1774.7857942220289 85.47359102871269 1086.0311970242183 623.96120468899608 38.60855031106621 263.06012618355453 365.16277885437012 82.280822318047285 132.6957895476371 29.25442038977053 408.34242570889182 64.701866908464581 61.084916329011321
leaf_count=55769 25681 9505 1053 11388 5017 674 2751 1557 330 785 396 2142 318 744
internal_value=-0.000520776 -0.00321808 0.00313182 0.00167295 -0.00564047 -0.00700639 -0.00784708 0.0039142 0.00250455 0.0139664 0.0158932 0.018352 -0.00500144 0.00347723
internal_weight=12015.2 6912.19 5103.01 4579.94 5076.32 4452.36 4281.06 3429.2 3064.04 171.304 523.07 493.816 1150.73 1835.87
internal_count=118110 75245 42865 39274 64996 59979 58520 27568 26011 1459 3591 3195 11706 10249
is_linear=0
shrinkage=0.05


Tree=78
num_leaves=15
num_cat=0
split_feature=15 83 40 27 37 100 30 17 66 78 16 88 67 38
split_gain=52.6942 45.2392 45.7584 34.3304 29.0505 27.3318 26.9244 25.5265 24.4447 25.1033 23.0443 18.5454 16.7399 16.4179
threshold=0.61195631031385378 0.39642857142857152 0.1193785622357051 1.5000000000000002 209.50000000000003 1.0000000180025095e-35 -2.3916234235556471 0.95611428548818445 1.0676837160599761 0.20000816993464057 -0.037216175228402024 1.6657024426645735 -0.15000000000000033 503.00000000000006
decision_type=2 2 2 2 2 2 2 2 2 2 2 2 2 2
left_child=1 2 4 12 7 -5 -3 -1 10 -10 -8 -2 -4 -6
right_child=11 6 3 5 13 -7 8 -9 9 -11 -12 -13 -14 -15
leaf_value=-0.001679007269061201 0.0089659975647216443 0.024397745290331081 -0.02445068795989256 -0.010352859345295085 -0.052469682775071184 -0.036825495289630625 -0.035771215798545745 0.011992551206366579 0.016617271526445994 0.0028717168900901486 -0.0013262666271477595 -0.01501336520416382 0.020805216811556972 0.0019852506196088968
leaf_weight=3028.8204912694055 1755.6863142109942 134.7146801892668 24.322738840710372 1924.4373234163504 41.85753820836544 102.81241928366944 49.633755868766457 384.69077565893531 404.19890450802632 1870.8125053092372 2085.3511076220311 84.273205859819427 122.91789271729067 20.386260957457125
leaf_count=39878 8847 662 286 32881 745 1713 584 2220 2047 12562 13871 830 934 252
internal_value=7.62118e-05 -0.00132892 -0.00431634 -0.0100051 -0.000755723 -0.0116996 0.00238411 -0.0001365 0.00170998 0.0053167 -0.00213102 0.00786423 0.0132839 -0.0345797
internal_weight=12034.9 10195 5650.25 2174.49 3475.76 2027.25 4544.71 3413.51 4410 2275.01 2134.98 1839.96 147.241 62.2438
internal_count=118312 108635 78909 35814 43095 34594 29726 42098 29064 14609 14455 9677 1220 997
is_linear=0
shrinkage=0.05


Tree=79
num_leaves=15
num_cat=1
split_feature=22 55 67 33 31 16 40 40 47 17 5 46 29 17
split_gain=47.8868 37.083 34.0098 31.1803 28.8871 25.8613 20.6975 20.6864 19.9995 18.8553 21.2054 19.7722 18.9767 17.8696
threshold=5.5000000000000009 12.850000000000003 -0.29999999999999799 0.50308641975308654 -0.91421568627450955 -0.1360928298143865 0.12111080381659788 0.10660339717282262 19.500000000000004 -0.82204209863443722 0 0.2858380787323595 0.054968735639592266 0.33070820843557297
decision_type=2 2 2 2 2 2 2 2 2 2 9 2 2 2
left_child=1 9 7 5 -2 -4 -5 13 -9 -1 12 -12 -11 -3
right_child=4 2 3 6 -6 -7 -8 8 -10 10 11 -13 -14 -15
leaf_value=0.015493858441510659 -0.043799944282984622 -0.0061118955369519837 -0.017312023425711903 0.018896977885406001 -0.0089968270648842132 0.00049348138965430441 -0.0055727057642200005 -0.0071025959021612838 -0.029513397797973073 -0.0040188762536351513 0.00085402088114288049 0.017699754018866153 0.014071337245274202 0.047512734337021731
leaf_weight=385.87367404490942 66.260310064768419 30.749448899878189 212.88251564494567 364.75891794264317 598.52342272014357 4793.586130774871 112.81125710438937 1346.319384445902 107.62015185126802 179.00549989403225 2871.8120331121609 185.40956190810539 752.58967650402337 30.964668428059667
leaf_count=3840 2269 423 6024 1334 11355 47485 524 15887 1406 2133 20659 1133 3835 149
internal_value=0.00056272 0.00132551 -0.00093087 0.000900587 -0.0124793 -0.000262967 0.0131063 -0.00756049 -0.00876679 0.0049369 0.00391402 0.00187171 0.0104774 0.0207464
internal_weight=12039.2 11374.4 6999.69 5484.04 664.784 5006.47 477.57 1515.65 1453.94 4374.69 3988.82 3057.22 931.595 61.7141
internal_count=118456 104832 73232 55367 13624 53509 1858 17865 17293 31600 27760 21792 5968 572
cat_boundaries=0 1
cat_threshold=336
is_linear=0
shrinkage=0.05


Tree=80
num_leaves=15
num_cat=3
split_feature=15 41 71 13 77 7 5 4 22 11 29 39 16 72
split_gain=46.0098 39.0612 34.223 31.1163 29.1636 41.6677 31.1611 25.9381 22.9561 28.5962 26.0322 24.0528 24.3873 22.8909
threshold=0.30983054861417264 0.20722186076772939 1.04351332398317 -1.2536003368693136 0.38675213675213682 0 1 2 4.5000000000000009 0.13646274749215928 0.53258586801239838 -10.499999999999998 0.7013341733883518 1.0677136714264799
decision_type=2 2 2 2 2 9 9 9 2 2 2 2 2 2
left_child=2 8 3 -1 5 -5 -6 -3 11 10 -10 -2 -13 -4
right_child=1 7 13 4 6 -7 -8 -9 9 -11 -12 12 -14 -15
leaf_value=-0.039107107075205719 -0.021478772471659836 0.0033360857521577986 -0.035483144117475024 0.00557714443310577 0.0034836922534556623 -0.0045214865168433935 -0.008897449627372286 -0.023892121600673673 -0.012569705643191301 -0.019295504804136832 0.014910884206061828 -0.00102808046940539 0.008858145736777177 -0.0071771306726208239
leaf_weight=55.49405411753105 76.094460883410648 154.9355940441601 125.22707968053874 2282.4332723548869 685.53905300865881 1832.5759107721969 1929.5948914294713 193.92297978862189 142.18188355141319 205.87567792180926 218.12370173726231 779.41098986496218 3106.3081582016312 167.5271702047321
leaf_count=3709 604 997 1899 19449 10549 16625 33005 1457 2052 2159 1338 5538 16615 2054
internal_value=9.32814e-07 0.00373822 -0.00257329 -0.00185019 -0.00154167 0.00108118 -0.0056706 -0.0123767 0.00498115 -0.00443055 0.00405229 0.00632751 0.00687387 -0.0193102
internal_weight=11955.2 4876.85 7078.39 6785.64 6730.14 4115.01 2615.13 348.859 4527.99 566.181 360.306 3961.81 3885.72 292.754
internal_count=118050 30760 87290 83337 79628 36074 43554 2454 28306 5549 3390 22757 22153 3953
cat_boundaries=0 1 2 3
cat_threshold=90142 20500 176
is_linear=0
shrinkage=0.05


Tree=81
num_leaves=15
num_cat=1
split_feature=22 21 12 27 40 67 7 100 27 55 20 93 77 77
split_gain=39.1919 48.3381 43.0335 30.8098 30.1929 35.0214 29.6832 22.7856 21.9777 20.3761 20.2126 20.205 19.57 18.4059
threshold=4.5000000000000009 999.67897617188748 0.29500516037760444 3.5000000000000004 0.11413156747948995 0.39999999999999952 0 1.0000000180025095e-35 2.5000000000000004 11.750000000000002 0.12520396270396275 0.48312021312021319 0.057189542483660136 0.73030303030303034
decision_type=2 2 2 2 2 2 9 2 2 2 2 2 2 2
left_child=1 13 3 11 5 -4 -5 -6 10 -10 -2 -3 -11 -1
right_child=8 2 4 6 7 -7 -8 -9 9 12 -12 -13 -14 -15
leaf_value=0.01103952281908622 0.0086949695553144839 -0.0031780680167983197 0.0029210565783293098 0.015651389266965469 0.0017066238368826201 0.019231284995984487 -0.009714058148645963 -0.0088579290217638412 0.047016099558261887 0.037119790030384008 -0.020850149699997572 0.011197292864432662 -0.010099469203018661 -0.0034846868643936494
leaf_weight=1372.7456846229034 347.9705920428969 688.74875461228658 1018.0325737595558 114.09251441957895 2592.9105152885895 486.9572692187503 2133.1140805641189 635.31330236210488 15.970878273248671 22.086086201947182 69.276531591080129 378.55654608621262 1724.1250924221822 258.69877494196407
leaf_count=10350 2564 5675 5511 1506 16771 2228 35145 4300 71 149 556 3556 26917 3130
internal_value=-0.000477973 0.000885556 -0.000704811 -0.00507444 0.00235408 0.00820267 -0.00839695 -0.000371138 -0.00653567 -0.00897962 0.00377372 0.00191654 -0.00949729 0.00873328
internal_weight=11858.6 9679.17 8047.73 3314.51 4733.21 1504.99 2247.21 3228.22 2179.43 1762.18 417.247 1067.31 1746.21 1631.44
internal_count=118429 88172 74692 45882 28810 7739 36651 21071 30257 27137 3120 9231 27066 13480
cat_boundaries=0 1
cat_threshold=12289
is_linear=0
shrinkage=0.05


Tree=82
num_leaves=15
num_cat=1
split_feature=15 28 21 21 33 12 53 4 13 67 51 15 100 30
split_gain=48.1298 38.4628 33.6858 37.1096 29.475 27.363 24.9053 24.8007 22.8507 19.7803 25.6612 25.5625 18.1555 24.8123
threshold=0.61195631031385378 4.5000000000000009 1003.9568587729563 999.02869259041665 0.095817545904983981 0.075550650126170973 13.750000000000002 0 1.2098285492039309 0.3499999999999997 52.850000000000001 -0.12883803543302538 1.0000000180025095e-35 0.92969932759823704
decision_type=2 2 2 2 2 2 2 9 2 2 2 2 2 2
left_child=1 2 3 7 6 -5 -3 -1 -8 11 -11 -6 -2 -14
right_child=12 4 -4 5 9 -7 8 -9 -10 10 -12 -13 13 -15
leaf_value=-0.0024253223793012707 0.010789861814789284 -0.043282935606866149 0.027165748661463013 -0.0056907478548109559 -0.01357890605073267 0.0033554806562055006 -0.026907566111935496 0.02169347954736689 0.018663801285385261 0.02686944704649279 0.000261509113103546 -0.0028505394307982153 -0.0084670750265242092 0.017232589824798888
leaf_weight=155.20776245440356 1414.5816212364007 83.07087895728182 137.26547287404537 1268.0391817794298 672.87022837327095 2452.2843507739017 63.125454023829661 352.15393402834889 48.493399454513565 96.154661356005818 1553.7402077487204 3187.6704926068196 313.33577292389236 133.97749846242368
leaf_count=1367 7355 2845 815 15828 17224 14191 3244 2543 622 588 15779 33277 1824 534
internal_value=0.000628203 -0.000736836 0.00279528 0.0020022 -0.00344011 0.00027074 -0.0225586 0.0146861 -0.00706511 -0.00276333 0.00181676 -0.00472203 0.00801336 -0.000756307
internal_weight=11932 10070.1 4364.95 4227.69 5705.13 3720.32 194.69 507.362 111.619 5510.44 1649.89 3860.54 1861.89 447.313
internal_count=118036 108323 34744 33929 73579 30019 6711 3910 3866 66868 16367 50501 9713 2358
cat_boundaries=0 1
cat_threshold=76
is_linear=0
shrinkage=0.05


Tree=83
num_leaves=15
num_cat=0
split_feature=33 12 15 88 83 15 71 45 45 77 13 39 20 46
split_gain=39.6637 30.7618 29.3576 27.9666 24.9489 26.2279 23.2291 20.168 19.8113 19.3605 19.218 16.7095 14.8565 16.6838
threshold=0.16405676535356009 1.6802620702795139 1.0696980868871935 -1.6024912722049411 0.24621212121212124 0.5222220272753636 1.0446172059389072 0.03848897179852958 0.062351530540273668 0.06458333333333334 2.6211225218519747 -8.4999999999999982 0.017902930402930398 0.26852779633340762
decision_type=2 2 2 2 2 2 2 2 2 2 2 2 2 2
left_child=4 2 3 -2 5 8 -5 -3 -1 -6 11 -11 -9 -14
right_child=1 7 -4 6 9 -7 -8 12 -10 10 -12 -13 13 -15
leaf_value=-0.0064215473336226448 0.01325219315254713 -0.018152786026575617 0.021400016047606062 -0.00036110209747780651 0.025376126911363872 0.0069020221308478446 -0.014263314163370264 0.01941858109265103 -0.021803920201221655 -0.034832417894135832 -0.033738657860267245 0.00051980539661910109 0.0094879389168203154 -0.014187436057351198
leaf_weight=356.38942417677026 365.16651860589627 63.830281874164939 158.77728489786386 8017.9684423889848 65.542029500124045 153.51920622657053 312.11991673678858 333.91803563106805 511.38625740917632 34.809118265286088 47.313273523934186 781.77795199782122 592.51692362385802 84.854659941978753
leaf_count=9503 2442 343 678 69061 450 1691 3005 1406 16229 589 415 9357 2684 435
internal_value=-0.00020958 0.00107057 0.000100171 -0.000288436 -0.00672778 -0.012122 -0.000882769 0.00905682 -0.0154937 -0.000794439 -0.00278843 -0.000985132 0.0107808 0.00651308
internal_weight=11879.9 9929.15 8854.03 8695.25 1950.74 1021.29 8330.09 1075.12 867.776 929.442 863.9 816.587 1011.29 677.372
internal_count=118288 80054 75186 74508 38234 27423 72066 4868 25732 10811 10361 9946 4525 3119
is_linear=0
shrinkage=0.05


Tree=84
num_leaves=15
num_cat=0
split_feature=54 99 77 33 36 63 56 46 14 67 15 88 46 78
split_gain=36.9307 31.5622 30.8384 23.6603 22.8296 25.6173 24.4695 22.5061 22.4325 21.6768 21.5703 21.562 21.0148 17.641
threshold=16.650000000000002 -174.99999999999997 0.80625000000000013 0.098833265499932169 1.7697033768571175 11.950000000000001 12.250000000000002 0.21519727589014734 0.71411284212763182 -0.39999999999999941 0.31963031269936265 0.20093014823140296 0.20768683663420509 0.25385489510489517
decision_type=2 2 2 2 2 2 2 2 2 2 2 2 2 2
left_child=1 2 3 -1 5 -3 -7 -2 -9 -5 12 -12 -6 -10
right_child=7 4 -4 9 10 6 -8 8 13 -11 11 -13 -14 -15
leaf_value=-0.027787380224977978 -0.0084993101261283659 0.0077799380230677692 -0.014392174195678035 -0.0022856434458078073 -0.013352778877585328 0.010340042432380394 -0.0035045251479262143 -0.0036564530215859288 0.021732523711900043 0.012206592943228125 0.030500979184249571 0.0044729338766775059 0.0092051119552627927 0.0016614568271832713
leaf_weight=42.739727795182262 1687.6361128412536 697.83945075224619 153.14711714745499 309.41289020271506 162.65192279405892 344.22154266480356 4343.5530253119068 1492.9576982437284 169.60379797639325 1535.9831692751031 165.68967499025166 154.06173259532079 282.1356243819464 310.26183664635755
leaf_count=1091 20810 5027 2730 3336 1278 2326 43819 20144 733 11766 606 881 1957 1762
internal_value=-8.47363e-05 0.0017806 0.00716766 0.0089197 -6.68159e-06 -0.00115532 -0.00248666 -0.00426032 -0.000631322 0.00977401 0.00807718 0.0179812 0.000943654 0.00876885
internal_weight=11851.9 8191.44 2041.28 1888.14 6150.15 5385.61 4687.77 3660.46 1972.82 1845.4 764.539 319.751 444.788 479.866
internal_count=118266 74817 18923 16193 55894 51172 46145 43449 22639 15102 4722 1487 3235 2495
is_linear=0
shrinkage=0.05


Tree=85
num_leaves=15
num_cat=0
split_feature=30 25 67 36 37 52 14 32 86 93 77 35 35 35
split_gain=38.7555 35.0494 33.8306 30.8941 32.3294 30.7256 28.7858 24.8358 22.6751 21.9353 21.87 21.4404 21.3148 19.0059
threshold=0.73879496408823331 15.500000000000002 -0.20000000000000193 1.3089466970858055 188.50000000000003 66.15000000000002 0.58700285126135454 0.19895833333333338 493.00000000000006 1.2583730158730162 0.13809523809523813 0.77138278411359817 -0.54082870158123331 -0.054316259834877194
decision_type=2 2 2 2 2 2 2 2 2 2 2 2 2 2
left_child=1 3 6 5 12 10 11 -7 9 -4 -1 -2 -5 -3
right_child=2 13 8 4 -6 7 -8 -9 -10 -11 -12 -13 -14 -15
leaf_value=0.0078894878604649828 -0.032634057293526225 -0.0048561028583628228 0.0047037680538013736 0.010441756908746181 -0.03775963311917839 -0.0095228755855371241 0.0061641580440055114 0.0076988889432282178 0.022379810805465944 0.025790135435849973 -0.0020205018061673586 -0.0035748422250192545 0.00079344528771303552 -0.042056559795808433
leaf_weight=659.86138505034614 128.8309749129694 60.164213827811182 1871.7598463820759 904.27284823311493 46.358640068676323 2001.2590344598866 227.28522656392306 233.40131441992708 239.66635995497927 132.09943886846304 3556.9871854336816 125.92820642865263 1563.0394990826026 81.002325659501366
leaf_count=5262 1721 1747 12843 6581 349 31016 1126 970 1169 1104 39500 1127 10273 3510
internal_value=2.60399e-05 -0.00153909 0.00525696 -0.00114911 0.00355213 -0.00298163 -0.00675406 -0.00772163 0.00784006 0.00609755 -0.00046843 -0.0182967 0.00433187 -0.026252
internal_weight=11831.9 9106.35 2725.57 8965.18 2513.67 6451.51 482.044 2234.66 2243.53 2003.86 4216.85 254.759 2467.31 141.167
internal_count=118298 99208 19090 93951 17203 76748 3974 31986 15116 13947 44762 2848 16854 5257
is_linear=0
shrinkage=0.05


Tree=86
num_leaves=15
num_cat=0
split_feature=22 40 19 51 13 15 18 25 18 43 15 35 16 30
split_gain=32.8591 32.4744 27.5527 26.0527 25.9889 27.1235 23.6805 21.8112 20.1498 19.1484 17.8178 17.5957 16.1629 14.5764
threshold=5.5000000000000009 0.11909827760891592 0.76528944911297858 52.850000000000001 -1.4589039235309265 0.43204430913310371 15.500000000000002 10.500000000000002 2.5000000000000004 1.0000000180025095e-35 0.8632859122453006 0.027792516809768134 1.1118487162676465 0.20126403907931581
decision_type=2 2 2 2 2 2 2 2 2 2 2 2 2 2
left_child=1 2 4 7 -1 -6 8 11 -5 -9 12 -3 -4 -2
right_child=13 3 10 6 5 -7 -8 9 -10 -11 -12 -13 -14 -15
leaf_value=-0.041950658090350534 -0.01704181255633162 0.021765974446257243 -0.018232241804937089 0.0017686395450307623 0.0021154425208343374 0.0095944477644195805 -0.038765259337319898 0.015122610313551291 -0.0060104013344304177 -0.039724628668892141 0.016686835513530323 0.0018225378502600361 0.0053219746231131151 -0.0017655533536676444
leaf_weight=30.716160244774073 381.14901966718026 227.98006490035914 305.46521128236782 1226.1761064669117 4653.909965684521 1640.5419487818144 48.159361796511803 25.716252538375556 2586.5437819754588 41.045940042240545 59.329822442494333 215.9014693768695 95.18182586831972 265.85348486574367
leaf_count=1018 9636 1536 5362 7267 40890 7830 2120 331 34981 900 324 1403 827 3937
internal_value=0.000179582 0.000815332 0.00298091 -0.00254477 0.00384072 0.00406563 -0.00394944 0.00806463 -0.00350736 -0.0185321 -0.00882973 0.0120795 -0.0126241 -0.0107738
internal_weight=11803.7 11156.7 6785.14 4371.52 6325.17 6294.45 3860.88 510.644 3812.72 66.7622 459.977 443.882 400.647 647.003
internal_count=118362 104789 56251 48538 49738 48720 44368 4170 42248 1231 6513 2939 6189 13573
is_linear=0
shrinkage=0.05


Tree=87
num_leaves=15
num_cat=0
split_feature=18 83 40 100 78 77 43 88 66 68 68 88 41 33
split_gain=37.5987 33.6994 30.3324 26.1575 25.857 22.1998 22.1497 24.2137 22.0977 20.4374 25.4861 21.1963 19.9559 19.5134
threshold=5.5000000000000009 0.79285714285714304 0.12555310817425358 1.0000000180025095e-35 0.55556576797385626 0.78174603174603186 1.0000000180025095e-35 -1.1052175056964491 1.1058712331813636 0.3499999999999997 1.4999999999999993 -0.47473419260674099 0.18233766233766238 0.25949975949975951
decision_type=2 2 2 2 2 2 2 2 2 2 2 2 2 2
left_child=1 6 4 5 9 -3 7 -1 13 11 -11 -2 -9 -5
right_child=2 3 -4 8 -6 -7 -8 12 -10 10 -12 -13 -14 -15
leaf_value=0.018927576767496984 -0.00036976800704278836 0.015209570944437568 -0.015090122567228177 -0.019475507881590103 -0.012362876474031349 -0.010683308648966744 -0.0023324199552642293 0.0041609144494682455 -0.021610859313222437 0.0061561101484923454 -0.022181343198271079 -0.01007145911518908 -0.011742146290695378 0.013661598815189281
leaf_weight=248.9977049883455 1909.2086885950994 979.52181713050231 500.52649269375252 58.422915709670633 543.37580504640937 90.119828608818352 3022.0292828906095 1769.1889849695144 107.29494117945433 1240.899974752916 84.605912791099399 799.04135518951807 221.80167304934002 183.51305783446878
leaf_count=1089 19182 3926 11415 353 18041 469 23173 12455 559 11854 946 12146 1752 749
internal_value=-0.000159997 0.00230441 -0.00340349 0.00914293 -0.00212412 0.0130226 0.000459359 0.00422799 -0.00272582 -0.000743378 0.00434205 -0.00323426 0.00238626 0.00563422
internal_weight=11758.5 6680.89 5077.66 1418.87 4577.13 1069.64 5262.02 2239.99 349.231 4033.76 1325.51 2708.25 1990.99 241.936
internal_count=118109 44525 73584 6056 62169 4395 38469 15296 1661 44128 12800 31328 14207 1102
is_linear=0
shrinkage=0.05


Tree=88
num_leaves=15
num_cat=4
split_feature=33 43 33 67 51 40 16 63 5 4 37 67 5 5
split_gain=37.6702 31.3546 38.8756 26.4514 25.164 24.1532 23.3087 22.6939 19.588 19.3417 19.1509 18.3618 17.2316 17.0522
threshold=0.089943820224719112 1.0000000180025095e-35 0.41967741935483877 -0.54999999999999971 53.050000000000004 0.10797727272727274 0.2421090404078439 11.750000000000002 0 1 54.500000000000007 0.10000000000000055 2 3
decision_type=2 2 2 2 2 2 2 2 9 9 2 2 9 9
left_child=12 3 4 13 9 11 -6 -7 -4 -3 -10 -5 -1 -2
right_child=1 2 8 5 6 7 -8 -9 10 -11 -12 -13 -14 -15
leaf_value=-0.00058175134373654577 -0.021783242380293028 -0.0048393910981461476 0.012324152291694854 0.005795720364585883 -0.013247541438207647 0.016319389844971208 -0.0033668069765434199 0.0027245971272272284 -0.0081432838118339658 0.0093577971118145569 0.0091742965036566634 0.029924137013362464 -0.029475072007530814 6.015278255406036e-05
leaf_weight=89.701300719403662 143.57380773685873 386.49078409548383 650.44987115822732 154.38854584959336 709.71660888253246 334.81526045314968 3772.0264372018282 3711.0686204138328 339.24433906096965 605.31953843322117 301.37435220740736 162.4922652177047 142.68939869245514 222.09856485400815
leaf_count=2430 1696 3853 2820 1229 16014 2039 39548 32215 1702 5539 1310 942 4391 2284
internal_value=0.000283338 0.000686829 -0.00149607 0.00381076 -0.00333756 0.00489423 -0.00493287 0.00385124 0.00630681 0.00386599 0 0.0181898 -0.0196418 -0.00910005
internal_weight=11725.4 11493.1 6764.62 4728.44 5473.55 4362.76 4481.74 4045.88 1291.07 991.81 640.619 316.881 232.391 365.672
internal_count=118012 111191 70786 40405 64954 36425 55562 34254 5832 9392 3012 2171 6821 3980
cat_boundaries=0 1 2 3 4
cat_threshold=404678 352 481314 289556
is_linear=0
shrinkage=0.05


Tree=89
num_leaves=15
num_cat=0
split_feature=33 37 16 102 100 56 46 38 99 71 31 10 26 68
split_gain=42.6312 29.0325 29.7315 34.5828 28.3674 23.602 21.5704 21.567 21.211 20.6437 26.0577 20.1884 19.88 19.2295
threshold=0.30053763440860221 98.500000000000014 1.0739673122558071 273.63364865689874 1.0000000180025095e-35 12.15 0.24516608349710015 411.00000000000006 225.00000000000003 1.0440747395173491 -0.22048611111111069 -0.65236714412526819 3.5000000000000004 -0.29999999999999799
decision_type=2 2 2 2 2 2 2 2 2 2 2 2 2 2
left_child=1 2 3 8 13 -2 -5 -7 -1 12 -11 -6 -9 -3
right_child=5 4 -4 6 11 7 -8 9 -10 10 -12 -13 -14 -15
leaf_value=-0.00076350090362052527 0.021516875671514973 -0.028514528692721881 0.0065934935634012828 -0.021680037425771723 -0.073629750625600079 -0.029712653606606434 0.00040184926537959755 0.0079704663308901216 -0.014587342781095551 -0.049127919482136656 -0.0028217373384926284 -0.023396134414246681 0.0010981635957955764 -0.0039045290633772812
leaf_weight=4448.2447616674472 175.95698487432674 94.510872017941438 958.14299058169127 371.39100418111775 26.306698514614254 50.144950161222368 156.83841651061084 1766.3549561221153 295.9472838077927 40.130066113546491 125.25266544311307 85.662744787987322 2608.1556822443381 498.23563144839136
leaf_count=52984 763 1768 7877 9903 387 438 3800 7789 5623 289 795 950 17055 7850
internal_value=-9.34107e-05 -0.00259567 -0.00150667 -0.00297974 -0.0122151 0.0035467 -0.0151153 0.00285628 -0.00162719 0.00321776 -0.014111 -0.0352981 0.00387435 -0.00784107
internal_weight=11701.3 6935.28 6230.56 5272.42 704.716 4766 528.229 4590.04 4744.19 4539.89 165.383 111.969 4374.51 592.747
internal_count=118271 91142 80187 72310 10955 27129 13703 26366 58607 25928 1084 1337 24844 9618
is_linear=0
shrinkage=0.05


Tree=90
num_leaves=15
num_cat=4
split_feature=77 40 5 36 7 40 18 17 14 30 101 5 61 5
split_gain=33.5326 38.8409 28.298 28.6347 24.2162 29.5579 26.0069 21.6248 21.2713 20.4747 19.7762 19.173 19.0403 18.2649
threshold=0.46862745098039221 0.11157911538325117 0 -0.14545276675255794 1 0.12674433698968005 7.5000000000000009 -1.484121773177483 -0.47569550873769989 1.8348062437823311 43.055050505050509 2 24.250000000000004 3
decision_type=2 2 9 2 9 2 2 2 2 2 2 9 2 9
left_child=2 13 7 -4 5 10 -6 -1 -5 12 -3 -7 -9 -2
right_child=1 4 3 8 6 11 -8 9 -10 -11 -12 -13 -14 -15
leaf_value=0.032556990609366711 0.013245385560658407 -0.060827732408264737 -0.0093542081312854384 -0.020618872937991611 -0.00068469008172793991 -0.0032869236961200221 -0.014188839088573282 0.013632932125646072 0.0024557456511568854 0.026219174110928237 -0.0079705253400516249 -0.047838001748743753 0.0025809658959042212 -0.0017549039610679736
leaf_weight=69.192218336858787 437.07091622147709 17.990601069643162 839.60924451157916 104.44991333666258 2101.7932792266365 48.030540040461347 429.50176037795609 438.21516385837458 2221.3109916546382 104.51021261047572 892.28330804075813 77.530207037401851 3540.1615310170455 372.92237466771621
leaf_count=638 4699 689 10391 1843 19944 896 14096 2674 14455 457 12442 1970 28322 4636
internal_value=5.6098e-05 -0.00340518 0.00212725 -0.00143453 -0.00565032 -0.0120574 -0.00296675 0.00483558 0.00141647 0.00437562 -0.00902725 -0.0349204 0.0037999 0.00647553
internal_weight=11694.6 4377.12 7317.45 3165.37 3567.13 1035.83 2531.3 4152.08 2325.76 4082.89 910.274 125.561 3978.38 809.993
internal_count=118152 59372 58780 26689 50037 15997 34040 32091 16298 31453 13131 2866 30996 9335
cat_boundaries=0 1 2 3 4
cat_threshold=269518 16391 12820 345276
is_linear=0
shrinkage=0.05


Tree=91
num_leaves=15
num_cat=1
split_feature=55 15 46 33 61 35 100 74 16 99 68 5 77 78
split_gain=43.7974 34.3929 27.4372 21.9427 22.933 21.0804 19.9605 19.8079 19.7798 17.6696 22.6561 26.6671 17.6247 15.3651
threshold=12.250000000000002 -0.16154191483615946 0.12073808601317321 0.33166666666666672 23.650000000000002 1.565771924005958 1.0000000180025095e-35 1.0999999999999972 0.57014182732271534 150.00000000000003 0.99999999999999922 0 0.12916666666666668 0.74881970970206269
decision_type=2 2 2 2 2 2 2 2 2 2 2 9 2 2
left_child=9 2 -2 4 7 12 -6 -3 -7 -1 11 -11 -4 -5
right_child=1 3 5 13 6 8 -8 -9 -10 10 -12 -13 -14 -15
leaf_value=0.012431656052663205 -0.038053827011840645 0.0072949083007494689 0.00070091444844814859 0.0047427786718791387 -0.00084989747903494372 -0.00019552451829450251 -0.0099375990410206991 0.046574762443812159 0.037666503660016573 -0.025627611085781522 -0.045582145159783011 0.013443955921527426 -0.010128374525945593 -0.014073401988591689
leaf_weight=936.47114339249674 67.051969128951896 269.69672778015956 524.19536174961831 2879.602076719515 4469.0312126227655 106.41709942137823 698.94129507197067 36.440834973473102 50.754771706648171 50.619570444803685 27.526582268998027 146.38361737621017 1318.7989435998024 112.5253253672272
leaf_count=5282 1367 1966 5825 14216 48326 1171 6108 208 359 481 253 1004 30550 979
internal_value=0.000193911 -0.000821547 -0.00660349 0.000589711 -0.00129152 -0.00554482 -0.0020801 0.0120006 0.0120155 0.00941048 -0.00316796 0.00275318 -0.00704566 0.00403304
internal_weight=11694.5 10533.5 2067.22 8466.24 5474.11 2000.17 5167.97 306.138 157.172 1161 224.53 197.003 1842.99 2992.13
internal_count=118095 111075 39272 71803 56608 37905 54434 2174 1530 7020 1738 1485 36375 15195
cat_boundaries=0 1
cat_threshold=238784
is_linear=0
shrinkage=0.05


Tree=92
num_leaves=15
num_cat=3
split_feature=33 60 99 5 12 67 15 56 98 67 5 85 36 5
split_gain=36.754 25.9938 23.8214 25.6967 24.786 21.3855 19.9914 19.0048 17.0131 16.9874 20.1276 15.8279 28.4897 15.3459
threshold=0.35067567567567576 52.95000000000001 1.0000000180025095e-35 0 -1.9604861677262273 -0.29999999999999799 -0.52328136269141157 12.15 0.21924879042526102 0.90000000000000135 1 0.27419822824234596 2.0791043186161438 2
decision_type=2 2 2 9 2 2 2 2 2 2 9 2 2 9
left_child=1 13 4 6 -3 -6 -4 -2 -5 11 -11 -9 -13 -1
right_child=7 2 3 8 5 -7 -8 9 -10 10 -12 12 -14 -15
leaf_value=-0.0049464007119299873 0.024264632910055369 -0.015971765028310103 -0.035067922683878719 -0.0083589720420925804 -0.0060659006163124923 0.001746474368363473 0.005004991022230218 0.0050047794376393605 -0.026042619259548525 0.027087693705629717 -0.0011130012207582563 -0.0069460275693799872 0.02884656466897198 0.022154603152200643
leaf_weight=74.070479884860106 121.25996028259397 243.08414960844675 33.005716480955016 1251.3674123672536 1071.6777806717437 4793.3255708240904 515.22023678536061 2278.0075452589663 152.95432664261898 153.30791533738375 110.2123635946773 614.82341079600155 60.9881153088063 171.17170775099657
leaf_count=804 465 7148 1311 19268 13615 48587 6419 11456 2781 636 565 3491 245 1532
internal_value=0.000401621 -0.00137886 -0.00186738 -0.00667488 -0.000329686 0.000318033 0.00253118 0.00483258 -0.0102175 0.00409791 0.0162637 0.00301035 -0.00370476 0.0146516
internal_weight=11644.5 8305.88 8060.64 1952.55 6108.09 5865 548.226 3338.6 1404.32 3217.34 263.52 2953.82 675.812 245.242
internal_count=118323 101465 99129 29779 69350 62202 7730 16858 22049 16393 1201 15192 3736 2336
cat_boundaries=0 1 2 3
cat_threshold=6164 12178 221206
is_linear=0
shrinkage=0.05


Tree=93
num_leaves=15
num_cat=1
split_feature=12 63 5 33 97 37 15 102 50 40 45 46 45 52
split_gain=30.8523 27.1779 24.1027 23.5278 25.5124 23.8081 21.9694 22.1834 19.516 17.4644 27.4671 17.9437 16.995 16.496
threshold=1.6802620702795139 11.65 0 0.30053763440860221 0.80896603396603406 32.500000000000007 0.5222220272753636 273.63364865689874 0.023769168684422925 0.10847218661881571 0.03848897179852958 0.20592488115760335 0.058512961070333554 58.150000000000013
decision_type=2 2 9 2 2 2 2 2 2 2 2 2 2 2
left_child=1 2 13 6 5 -5 7 -3 -4 11 -11 -2 -10 -1
right_child=9 3 8 4 -6 -7 -8 -9 12 10 -12 -13 -14 -15
leaf_value=0.030132811800757331 0.046452989301234815 -0.003853400339709049 -0.046093993763566272 -0.0036500105840376589 0.029778419675057313 0.0043405595380310294 0.0031836992346167617 -0.015269422838733004 -0.034693745977663046 -0.025150351145070079 0.0074780633071857561 0.0081905030313654276 0.0064351248029070503 0.00909328763334942
leaf_weight=144.56186441751197 55.260682705789804 4374.7647443938185 24.430997544433922 1648.2980756184552 77.788958503399044 2144.7296527703293 996.20702612982132 471.78010559035465 28.870161594008096 68.60984909767285 1039.9199882035609 69.610908161848783 188.43096991069615 265.06770385487471
leaf_count=774 191 62163 245 10189 304 12716 7478 14558 314 406 5034 321 1454 1912
internal_value=-1.8915e-05 -0.000908949 0.00897631 -0.00157242 0.00144992 0.000866855 -0.00357557 -0.004966 -0.00366353 0.00745593 0.00545201 0.0251868 0.000934387 0.0161421
internal_weight=11598.3 10364.9 651.362 9713.57 3870.82 3793.03 5842.75 4846.54 241.732 1233.4 1108.53 124.872 217.301 409.63
internal_count=118059 112107 4699 107408 23209 22905 84199 76721 2013 5952 5440 512 1768 2686
cat_boundaries=0 1
cat_threshold=1782
is_linear=0
shrinkage=0.05


Tree=94
num_leaves=15
num_cat=2
split_feature=33 36 21 55 37 38 29 5 17 43 13 5 38 47
split_gain=32.6573 30.2755 36.9742 26.8759 25.7801 24.6871 21.3795 21.8236 21.2353 18.6635 13.6818 13.2297 21.693 12.3819
threshold=0.12365342291208156 1.2406000928338183 1003.00652977896 11.850000000000003 188.50000000000003 397.00000000000006 0.62808759891979649 0 -0.39332335165917259 1.0000000180025095e-35 -0.52521419098061439 1 433.00000000000006 17.500000000000004
decision_type=2 2 2 2 2 2 2 9 2 2 2 9 2 2
left_child=10 2 5 -3 9 -2 7 -4 -7 -5 -1 -12 -13 -14
right_child=1 3 6 4 -6 8 -8 -9 -10 -11 11 12 13 -15
leaf_value=-0.041188853948727226 -0.050370399137895129 0.051277778448184291 0.018101533095039212 0.010671837430588594 -0.031605519892168192 0.0030221724469851169 0.024462437894014522 -0.01461021719187679 -0.0028605969546884429 0.001811380232009864 0.00030023720669835994 -0.040559969335683149 -0.01226479825666258 0.014048996218291303
leaf_weight=32.591155071859248 25.602824763220269 31.728546047117561 89.074135892558843 1066.8893158808351 46.997810177970678 2095.772914318135 222.17956207925454 94.924996695714071 5717.3180004735477 1345.4488626142265 303.37951560993679 63.434316657832824 394.77790827781428 50.157991378044244
leaf_count=3356 623 82 737 6270 349 28190 984 1167 50317 9405 6028 2017 7855 751
internal_value=3.31321e-05 0.000778225 -0.000680722 0.00560886 0.00501558 -0.00144356 0.0140255 0.00138928 -0.00128195 0.00573239 -0.00943389 -0.00814788 -0.0129496 -0.0092847
internal_weight=11580.3 10735.9 8244.87 2491.06 2459.34 7838.69 406.179 183.999 7813.09 2412.34 844.341 811.75 508.37 444.936
internal_count=118131 98124 82018 16106 16024 79130 2888 1904 78507 15675 20007 16651 10623 8606
cat_boundaries=0 1 2
cat_threshold=271438 292960
is_linear=0
shrinkage=0.05


Tree=95
num_leaves=15
num_cat=1
split_feature=54 49 32 5 101 33 48 16 24 92 77 17 66 15
split_gain=35.9477 24.4726 22.4756 21.4598 32.9128 29.7327 19.4984 19.1092 18.2988 17.4293 25.3192 20.8048 19.1119 17.7922
threshold=16.650000000000002 0.022962142781820103 0.056980519480519486 0 685.30092592592598 0.14017543859649126 7.5000000000000009 0.038211735835704273 3.5000000000000004 0.25946581196581198 0.67708333333333337 -0.67184117232736285 1.2518587617468215 0.89759283244035959
decision_type=2 2 2 9 2 2 2 2 2 2 2 2 2 2
left_child=1 -1 8 5 7 -3 -7 -5 -2 10 12 -12 -4 -11
right_child=2 3 9 4 -6 6 -8 -9 -10 13 11 -13 -14 -15
leaf_value=-0.048615465019582152 -0.002105209797683453 -0.0075456196580994204 0.00062725798849305248 -0.016729619568223969 0.039482476779046614 0.0047910948564721875 0.02290937499244056 -0.00079412990700045757 -0.015545164320054775 0.00065465088564306507 0.00055497658769118163 -0.034081666827962619 -0.026077982610428842 0.028296717388703253
leaf_weight=23.626118037500419 427.50536877755076 490.63999014475849 585.02410461590625 202.62460116413422 48.680483337026089 4531.5344128592988 153.60800469527021 2627.5496128506493 624.77102461177856 1555.0044351933757 63.806008803541772 133.30090545164421 75.516945541137829 60.402265916578472
leaf_count=462 3237 9538 4686 4332 274 35403 908 23852 18080 13445 1209 1756 699 258
internal_value=0.000242543 0.00208139 -0.00396968 0.00223132 -0.00122959 0.00415164 0.00538667 -0.00193734 -0.0100904 -0.001363 -0.00712444 -0.0228494 -0.00242176 0.00169301
internal_weight=11603.6 8078.26 3525.33 8054.64 2878.85 5175.78 4685.14 2830.17 1052.28 2473.05 857.648 197.107 660.541 1615.41
internal_count=118139 74769 43370 74307 28458 45849 36311 28184 21317 22053 8350 2965 5385 13703
cat_boundaries=0 1
cat_threshold=5982
is_linear=0
shrinkage=0.05


Tree=96
num_leaves=15
num_cat=2
split_feature=40 16 28 93 22 49 19 5 35 5 79 35 43 46
split_gain=33.1926 27.1147 26.1691 28.3225 24.2206 25.7072 27.8826 23.6534 22.9761 21.4851 20.9284 20.1578 20.5164 22.6624
threshold=0.11909827760891592 0.40327864985444811 1.5000000000000002 0.25000969618616681 4.5000000000000009 0.088465474685449422 0.80871212121212133 0 2.6576603017979328 1 1.0000000180025095e-35 1.955974110443208 1.0000000180025095e-35 0.15647556732616716
decision_type=2 2 2 2 2 2 2 9 2 9 2 2 2 2
left_child=4 11 3 -3 5 -1 9 -6 -9 -7 -5 12 13 -2
right_child=1 2 -4 10 7 6 -8 8 -10 -11 -12 -13 -14 -15
leaf_value=-0.0016293190525817165 -0.045739084753078842 0.024945785173119437 -0.0026621412967500692 -0.05163718424237871 0.0033768522016774643 0.019060420771115121 -0.014118885952539302 -0.013193368091788674 0.010714775954807408 0.0053669958597843005 0.0085456068698022171 0.031588384888878461 -0.018368450988291873 -0.00026283818327531506
leaf_weight=1748.5368532377179 29.452187325106934 173.4039800609462 3177.5397507072776 23.430487106088549 627.88633802067488 308.20066878944635 170.1767223951756 678.88255157152889 117.63650609739125 3436.6346196788363 37.082143356557935 27.013470639241859 552.37196120346198 378.6451391481678
leaf_count=16471 577 915 31129 254 7893 2022 2488 10458 903 25215 277 243 12806 6334
internal_value=-0.000174203 -0.0035863 -0.00147248 0.0146609 0.00194273 0.00340899 0.00566049 -0.00388357 -0.00953554 0.00656101 -0.0147214 -0.010883 -0.0120858 -0.00356749
internal_weight=11486.9 4398.94 3411.46 233.917 7087.95 5663.55 3915.01 1424.41 796.519 3744.84 60.5126 987.483 960.469 408.097
internal_count=117985 52535 32575 1446 65450 46196 29725 19254 11361 27237 531 19960 19717 6911
cat_boundaries=0 1 2
cat_threshold=353294 16
is_linear=0
shrinkage=0.05


Tree=97
num_leaves=15
num_cat=3
split_feature=15 8 64 40 19 21 40 12 4 5 19 10 12 55
split_gain=24.8874 24.798 23.6491 22.9626 21.5098 20.7909 23.3847 22.3892 18.3151 17.5736 29.4872 17.0701 16.269 15.27
threshold=-0.029812169474901919 0 11.850000000000003 0.10151816322415234 0.73326330532212902 999.17480539618987 0.130488327264939 -0.26695913660210357 1 2 0.1178513071895425 -1.4985310731744692 1.8722219587280373 12.950000000000001
decision_type=2 9 2 2 2 2 2 2 9 9 2 2 2 2
left_child=4 9 -3 -4 5 8 7 -7 -1 -2 -11 -10 -12 -5
right_child=1 2 3 13 -6 6 -8 -9 11 10 12 -13 -14 -15
leaf_value=0.015783576654612601 0.0089835041090034987 0.013330287101918215 0.03886222527819419 0.0013324810071812675 -0.025576707626107704 -0.01122172580888098 -0.037622323363138178 -0.0010401365689965574 -0.051524401173649405 0.017793557209788313 -0.0038029274287509174 0.00033718657518314233 0.014979608709948276 -0.004156194778664031
leaf_weight=237.14372101984918 1427.63708133623 285.39928950101603 34.973060212330893 2271.0466775530367 110.19506746949628 797.78286864858819 53.839500006812159 1674.2606658455916 16.602507531759329 225.70760096586309 1110.7006509748753 313.6619610004127 128.47761000622995 2863.6872801161371
leaf_count=2823 8048 1962 215 17018 6191 20526 1761 17061 360 1121 7358 4282 537 29223
internal_value=-0.000126368 0.00131092 -0.000675618 -0.00145135 -0.00387313 -0.00309754 -0.00504141 -0.0043283 0.00554635 0.00504392 0.00116589 -0.0022029 -0.00185047 -0.00172765
internal_weight=11551.1 8347.63 5455.11 5169.71 3203.49 3093.29 2525.88 2472.04 567.408 2892.52 1464.89 330.264 1239.18 5134.73
internal_count=118486 65482 48418 46456 53004 46813 39348 37587 7465 17064 9016 4642 7895 46241
cat_boundaries=0 1 2 3
cat_threshold=4 274 11466
is_linear=0
shrinkage=0.05


Tree=98
num_leaves=15
num_cat=3
split_feature=22 63 55 21 21 30 99 5 5 68 46 99 5 45
split_gain=36.4104 25.9791 32.0522 29.8409 28.113 25.7785 22.4245 24.1101 18.7022 18.35 18.0364 17.5872 14.5918 14.2184
threshold=5.5000000000000009 11.750000000000002 12.450000000000001 1003.9568587729563 999.40631663951319 1.3957245548209529 -174.99999999999997 0 1 -0.099999999999998743 0.18110845664415789 150.00000000000003 2 0.046741109357931791
decision_type=2 2 2 2 2 2 2 9 9 2 2 2 9 2
left_child=1 9 6 4 -4 -5 8 -8 -3 -1 -11 -12 -2 -14
right_child=12 2 3 5 -6 -7 7 -9 -10 10 11 -13 13 -15
leaf_value=0.021977789025267966 -0.025266590600786273 0.025093878006591339 0.0054039579222841683 -0.0024180947226724141 -0.0032148262592079043 0.036484510638261754 -0.015814286184565825 0.0047480784021664592 0.0051243576329677194 -0.026338592277383985 0.011693405694202201 -0.0068380625928509122 -0.029229457489605794 -0.0038150277359714369
leaf_weight=200.05785905115772 147.66020837024553 224.96261346142273 1096.7076983603183 76.858327463036403 6873.2167890227283 94.726174116134644 151.60695215244778 1208.8034936975455 271.87769541563466 43.444943936076015 490.97603155812249 172.74251874652691 63.586591370054521 411.55262885714183
leaf_count=1233 3679 1219 11007 673 74879 438 1169 7651 1806 368 3111 1305 1482 8408
internal_value=-0.000167194 0.000503892 -0.000230733 -0.00158333 -0.00202815 0.0190384 0.00569562 0.00237056 0.0147877 0.00860506 0.00481225 0.00686248 -0.011925 -0.00708309
internal_weight=11528.8 10906 9998.76 8141.51 7969.92 171.585 1857.25 1360.41 496.84 907.221 707.163 663.719 622.799 475.139
internal_count=118428 104859 98842 86997 85886 1111 11845 8820 3025 6017 4784 4416 13569 9890
cat_boundaries=0 1 2 3
cat_threshold=426016 168120 4680
is_linear=0
shrinkage=0.05


Tree=99
num_leaves=15
num_cat=2
split_feature=25 47 13 46 5 5 77 59 100 83 86 15 32 30
split_gain=24.2373 28.1584 29.8444 29.6456 28.4521 22.4623 20.9524 20.2903 19.6242 20.8357 19.8768 18.9084 18.9057 18.3961
threshold=4.5000000000000009 7.5000000000000009 3.4813275157930721 0.25016556291390735 0 1 0.94281045751633996 51.250000000000007 1.0000000180025095e-35 0.65833333333333344 493.00000000000006 -0.39106652651552215 0.24025316455696205 -0.90969572075258187
decision_type=2 2 2 2 9 9 2 2 2 2 2 2 2 2
left_child=6 3 5 12 -5 11 8 -7 9 -1 13 -3 -2 -10
right_child=1 2 -4 4 -6 7 -8 -9 10 -11 -12 -13 -14 -15
leaf_value=0.0020680938678980325 -0.0099482342191742797 -0.010834577327789818 -0.049666028079338162 -0.013723659617167615 0.010226507324909068 0.026614820192279395 -0.026681286823118006 -0.0034359986191289031 0.028475090996357113 0.0097828600764151424 0.014700598505934741 0.0084510351846085081 0.011176737481435856 -0.007155688184638115
leaf_weight=3433.7965868350584 1987.7671033960069 142.09131000121124 28.66919037560001 161.57533305208199 441.86933647468686 58.080635794205591 61.653076939634047 1605.094428052369 37.515533324331045 1175.7151826322079 134.21381117030978 1182.886061537487 111.57002134807408 949.74466423515696
leaf_count=24041 35328 3434 242 2924 6459 506 709 20963 181 5098 588 11751 473 5801
internal_value=4.38493e-07 -0.00230791 0.00101131 -0.00601455 0.00374629 0.00150084 0.00228055 -0.0023678 0.00259345 0.0040371 -0.00333566 0.00633062 -0.00882268 -0.00579392
internal_weight=11512.2 5719.6 3016.82 2702.78 603.445 2988.15 5792.64 1663.18 5730.99 4609.51 1121.47 1324.98 2099.34 987.26
internal_count=118498 82080 36896 45184 9383 36654 36418 21469 35709 29139 6570 15185 35801 5982
cat_boundaries=0 1 2
cat_threshold=33248 267608
is_linear=0
shrinkage=0.05


Tree=100
num_leaves=15
num_cat=3
split_feature=33 12 56 64 30 41 0 49 4 102 4 81 53 77
split_gain=39.3591 22.8641 22.5323 19.8948 20.5845 18.1759 17.5924 22.7729 16.5556 15.8826 14.3032 14.0993 13.2537 12.9328
threshold=0.18469899665551842 2.4205991557910402 12.250000000000002 11.450000000000001 2.0846470990919981 0.32495285983658084 0 0.43534002229654406 1 209.43234207622444 2 0.58839848060436306 12.750000000000002 0.19375000000000003
decision_type=2 2 2 2 2 2 1 2 9 2 9 2 2 2
left_child=2 3 -1 -2 5 -5 7 -4 13 -9 -3 -10 -6 -8
right_child=1 10 6 4 12 -7 8 9 11 -11 -12 -13 -14 -15
leaf_value=0.017863547529310405 0.019785686786924387 -0.0079193620658329356 -0.0051760312924665763 0.00093135529843336735 -0.0034856660060025818 -0.012218437402680089 0.01803195803332858 0.021287952757566148 -0.01821446125192475 -0.015934972664140578 0.022056206545437274 -0.0021533487837275141 0.028821909543952431 -0.0069804651992647244
leaf_weight=98.674426454643253 140.69924373005051 48.158198766410351 1144.4628190216608 8230.9164811487426 44.951691418187693 271.31829580047633 72.268575208145194 144.85834231402259 650.36323863372672 35.48474979121238 195.05261793127283 173.9404906865675 105.69050926622003 180.64290291874204
leaf_count=985 805 247 20351 66002 233 2426 877 1510 16371 886 772 2234 469 4337
internal_value=2.25989e-05 0.00155928 -0.00552838 0.00114031 0.00083633 0.000511 -0.00649209 -0.00255109 -0.0112059 0.0139314 0.0166804 -0.0146543 0.0191522 0.000145536
internal_weight=11537.5 9036.79 2500.7 8793.58 8652.88 8502.23 2402.02 1324.81 1077.22 180.343 243.211 824.304 150.642 252.911
internal_count=118505 70954 47551 69935 69130 68428 46566 22747 23819 2396 1019 18605 702 5214
cat_boundaries=0 1 2 3
cat_threshold=654 10 258
is_linear=0
shrinkage=0.05


Tree=101
num_leaves=15
num_cat=2
split_feature=61 22 55 25 33 5 101 102 37 31 5 68 39 88
split_gain=28.6246 30.2003 23.9531 22.5856 22.4632 19.2169 18.4247 16.5966 16.0892 15.8985 14.7074 13.9303 8.51275 7.34096
threshold=22.550000000000004 5.5000000000000009 12.15 15.500000000000002 0.50308641975308654 0 413.38720779220785 89.127261904761923 91.500000000000014 -0.9354166666666649 1 0.59999999999999887 -8.4999999999999982 -0.78840606547710845
decision_type=2 2 2 2 2 9 2 2 2 2 9 2 2 2
left_child=-1 2 5 4 -4 11 9 -7 -5 12 -11 -2 -3 -8
right_child=1 6 3 8 -6 7 13 -9 -10 10 -12 -13 -14 -15
leaf_value=0.033358365224259272 -0.011713694558455709 0.015477935123980369 -0.00067416210559222969 -0.03139433433826113 0.0078778397545623234 0.032035127815519648 -0.00021321388179830443 0.0098792952034641099 0.0061389505613977232 0.0029804096579952614 -0.015844427601217095 0.012427752394237868 -0.045607315060413781 0.041033541462802171
leaf_weight=63.63558540539816 142.95923083461821 6.254232876119203 9066.532043640269 96.970895448001102 838.78501065354794 121.84785692114383 21.081814187578857 279.56675091851503 40.11952094908338 145.52551575243706 361.59532082284568 102.43721596919931 50.064907969848718 21.487108333967626
leaf_count=293 921 144 92122 3955 3485 479 279 1587 1206 2720 8096 600 1996 227
internal_value=-5.49242e-05 -0.000243906 0.00037128 -0.000228962 4.95912e-05 0.00969698 -0.0111015 0.0162194 -0.0203773 -0.0135039 -0.0106866 -0.00155167 -0.0387198 0.0205367
internal_weight=11358.9 11295.2 10689.2 10042.4 9905.32 646.811 606.009 401.415 137.09 563.44 507.121 245.396 56.3191 42.5689
internal_count=118110 117817 104355 100768 95607 3587 13462 2066 5161 12956 10816 1521 2140 506
cat_boundaries=0 1 2
cat_threshold=221292 151558
is_linear=0
shrinkage=0.05


Tree=102
num_leaves=15
num_cat=0
split_feature=21 40 22 65 39 73 53 49 21 30 97 56 15 77
split_gain=32.9871 26.0788 24.6764 23.7854 24.0775 21.5945 20.914 20.9022 22.5728 19.316 18.8919 21.5683 17.7012 15.8298
threshold=1002.5200848689241 0.12441855433677335 4.5000000000000009 1.127678708097352 -10.499999999999998 0.99999999999999922 11.850000000000003 0.088465474685449422 999.87533729632617 0.74734026274768073 0.57190170940170948 15.850000000000003 0.43204430913310371 0.06458333333333334
decision_type=2 2 2 2 2 2 2 2 2 2 2 2 2 2
left_child=1 2 7 4 9 -6 -4 8 -1 -3 11 -5 -9 -8
right_child=-2 3 6 10 5 -7 13 12 -10 -11 -12 -13 -14 -15
leaf_value=0.0051529033485587794 0.012672202819121646 -0.055846908946370601 0.036353372231183775 -0.0052104369631695985 -0.0039526500365476905 0.031605696271812693 0.019348473875892627 0.001737307941217703 -0.0053200219759663705 0.015369926774640112 0.027657473888565445 -0.045177545337795465 0.0079888214065046911 -0.0065245463217375775
leaf_weight=759.20552635350032 513.08089438593015 37.84225038276054 30.2160280138487 54.841997858718969 1482.1409296166385 43.839934860588983 61.259984244708903 3544.168586282758 1594.0780523161229 12.528187058866022 15.594332294538615 89.098342244280502 1665.9669207611587 1561.5159264059621
leaf_count=7551 3653 871 244 714 19531 388 509 33806 16794 139 147 1842 8730 23586
internal_value=0.000282214 -0.000297873 0.000760531 -0.0059199 -0.00405334 -0.00292581 -0.00477259 0.00197051 -0.00193909 -0.0380394 -0.0243178 -0.0299988 0.00373734 -0.00554362
internal_weight=11465.4 10952.3 9216.41 1735.89 1576.35 1525.98 1652.99 7563.42 2353.28 50.3704 159.535 143.94 5210.14 1622.78
internal_count=118505 114852 91220 23632 20929 19919 24339 66881 24345 1010 2703 2556 42536 24095
is_linear=0
shrinkage=0.05


Tree=103
num_leaves=15
num_cat=2
split_feature=88 61 78 21 22 27 18 5 14 45 33 11 22 0
split_gain=30.292 27.4674 25.499 21.3744 33.319 24.9717 15.1328 16.9839 21.0219 18.5882 14.3501 14.2708 10.7649 17.1388
threshold=-1.6024912722049411 22.550000000000004 0.71988445378151267 999.74536073830188 3.5000000000000004 3.5000000000000004 2.5000000000000004 0 0.68939638558911176 0.076616864186577108 0.098833265499932169 0.29766737891737899 3.5000000000000004 1
decision_type=2 2 2 2 2 2 2 9 2 2 2 2 2 1
left_child=6 -2 3 4 -3 -5 -1 12 9 -9 -4 -12 13 -8
right_child=1 2 10 5 -6 -7 7 8 -10 -11 11 -13 -14 -15
leaf_value=0.035529139183715558 0.032674765682460492 0.012004574497164921 -0.043251050457888664 0.002197134550086439 -0.00050529263739617356 -0.0036306720971293117 -0.01754210044159496 -0.00093218123145316254 0.021256093279076634 -0.041934326533329618 -0.011358436990362347 0.01136787336918188 0.03027851071872753 0.01851459904156149
leaf_weight=60.487453793175519 61.43511955300346 836.12200932158157 31.322059821686707 2944.181814585696 1462.3309730141191 4889.5904118047329 38.262235888163559 81.691281476174481 59.450710530392826 41.883964716573246 568.35423574081506 78.3346785599133 100.68954657157883 103.88221302884631
leaf_count=223 284 6718 2342 19839 18182 53033 344 829 269 538 12976 1332 726 794
internal_value=-8.73837e-05 -0.000634014 -0.000824072 -0.00019535 0.00404365 -0.00143976 0.0121192 0.00877481 -0.00295661 -0.0148923 -0.0102109 -0.00859649 0.0170547 0.00883662
internal_weight=11358 10871.7 10810.2 10132.2 2298.45 7833.77 486.347 425.86 183.026 123.575 678.011 646.689 242.834 142.144
internal_count=118429 114706 114422 97772 24900 72872 3723 3500 1636 1367 16650 14308 1864 1138
cat_boundaries=0 1 2
cat_threshold=95758 224
is_linear=0
shrinkage=0.05


Tree=104
num_leaves=15
num_cat=1
split_feature=33 19 21 63 18 5 67 27 31 53 21 58 13 23
split_gain=29.5086 24.65 28.1796 27.1251 23.4568 19.494 18.9451 21.6562 18.4427 20.9033 20.628 25.849 16.7305 16.555
threshold=0.20710681244743484 0.38470965309200611 1003.9568587729563 11.15 2.5000000000000004 0 -0.24999999999999997 4.5000000000000009 2.0138888888888897 12.65 999.91462119343646 69.850000000000009 -0.52521419098061439 53.500000000000007
decision_type=2 2 2 2 2 9 2 2 2 2 2 2 2 2
left_child=4 2 3 -2 6 -5 7 -1 10 -10 13 -12 -6 -3
right_child=1 8 -4 5 12 -7 -8 -9 9 -11 11 -13 -14 -15
leaf_value=-0.041345608745796264 0.041984089912025645 0.019239285774209948 0.023104329305271416 -0.0031121772826189359 -0.030238222075077637 0.0048591258479284988 0.0075878344935368979 0.0017954607311385395 0.010981904231583677 -0.033033599897702375 0.014003413821133556 -0.0052210334402248764 -0.0057040802327923369 0.002128591378427881
leaf_weight=45.370023422408849 44.813619935885072 158.86661394173279 188.31184796150774 1010.8650974393822 71.614471497829072 3108.8299807354342 593.12915109470487 80.159933069488034 38.174811738776043 90.319090287666768 190.55740306875668 2095.7785339684924 2361.8123611154151 1288.1205674583907
leaf_count=455 152 1362 1073 7223 6715 20081 4788 909 329 1051 1187 17466 43640 11759
internal_value=2.74647e-05 0.00160599 0.00418607 0.00332889 -0.00408466 0.00290618 0.00384752 -0.0137776 -0.00130087 -0.0199196 -0.000658189 -0.00361602 -0.00642937 0.00401185
internal_weight=11366.7 8214.64 4352.82 4164.51 3152.09 4119.7 718.659 125.53 3861.82 128.494 3733.32 2286.34 2433.43 1446.99
internal_count=118190 61683 28529 27456 56507 27304 6152 1364 33154 1380 31774 18653 50355 13121
cat_boundaries=0 1
cat_threshold=405792
is_linear=0
shrinkage=0.05


Tree=105
num_leaves=15
num_cat=2
split_feature=40 43 33 55 13 16 22 88 51 25 81 59 5 5
split_gain=30.9249 26.1621 27.9906 21.4337 23.1566 21.1966 21.4002 19.8639 18.3575 23.9344 18.656 19.0172 17.6713 16.8371
threshold=0.12556565718614987 1.0000000180025095e-35 0.50308641975308654 12.250000000000002 -0.093818219271841849 0.074861261531669832 4.5000000000000009 -0.416407402532464 53.45000000000001 1.5000000000000002 0.76429612054612062 52.350000000000001 0 1
decision_type=2 2 2 2 2 2 2 2 2 2 2 2 9 9
left_child=1 5 3 -3 -5 -1 7 -7 9 -2 11 -10 -8 -11
right_child=8 2 -4 4 -6 6 12 -9 10 13 -12 -13 -14 -15
leaf_value=-0.0085047473900820812 0.040813781192185705 0.0070009408448624758 0.0097464236749515189 -0.017905218934461599 -0.0023669713053405044 0.010759011708728814 -0.016353511927247027 0.0029748596047110328 0.014015963607237359 -0.026061681154777246 0.01112458794373461 -0.013562184948623799 0.0021175830006161084 0.0072717573733159999
leaf_weight=305.42893950536381 40.661879950203001 577.96504939440638 550.29079870320857 253.19250252633356 4542.4207233292982 1594.8341893528122 175.33144688897301 1690.7686664628563 66.768552344059572 41.500324233376887 98.028808972332627 928.08812107521226 425.7405102198245 132.88922133017331
leaf_count=5452 173 3802 2221 9523 47740 9469 2433 13959 718 603 867 14885 5018 1536
internal_value=0.000211428 0.00114729 -0.000991047 -0.00209173 -0.00318874 0.00417013 0.00516765 0.00675503 -0.00702255 0.0063148 -0.0096519 -0.0117051 -0.00350071 -0.00171935
internal_weight=11423.9 10116 5923.87 5373.58 4795.61 4192.1 3886.67 3285.6 1307.94 215.051 1092.89 994.857 601.072 174.39
internal_count=118399 99617 63286 61065 57263 36331 30879 23428 18782 2312 16470 15603 7451 2139
cat_boundaries=0 1 2
cat_threshold=237744 309504
is_linear=0
shrinkage=0.05


Tree=106
num_leaves=15
num_cat=1
split_feature=12 33 100 21 36 38 83 15 77 32 5 47 11 13
split_gain=24.7412 22.3822 19.6075 19.9671 34.9752 22.0932 19.4027 19.2646 18.1837 16.7571 20.1665 16.298 18.794 14.7399
threshold=2.4205991557910402 0.17010638297872344 1.0000000180025095e-35 1000.1809954855893 1.603408015945224 485.00000000000006 0.17752100840336138 0.56329676139563867 0.2752525252525253 0.069883720930232582 0 15.500000000000002 0.047680097680097684 3.4813275157930721
decision_type=2 2 2 2 2 2 2 2 2 2 9 2 2 2
left_child=1 6 7 4 -4 -5 11 13 -9 10 -2 -1 -13 -3
right_child=9 2 3 5 -6 -7 -8 8 -10 -11 -12 12 -14 -15
leaf_value=-0.012275557823725681 0.020156176386846747 0.00078252367154465216 -0.025171013644280423 -0.0070213462561033906 0.018278134060951062 0.0091574150331012946 -0.00022552950481751554 0.019598136915017151 0.0044476027471798624 0.021065873743939496 -0.026904144426989823 -0.038154886959505717 0.014493813362293842 -0.027600960767575913
leaf_weight=893.25852617027704 32.738301757257432 6354.0573396885884 232.60584891412873 620.39126465911977 57.612311465665698 319.51981782494113 1072.266941226495 240.43165454780683 1131.8404635239858 225.01243756641634 39.768520871642977 19.834906295873225 112.15084293478867 45.965257601812482
leaf_count=25811 163 58646 2296 4113 264 1585 13743 934 6079 902 302 508 2634 362
internal_value=9.99202e-05 -0.000281092 0.000802205 -0.00506195 -0.0165252 -0.00151572 -0.00493275 0.00173103 0.00710696 0.014327 -0.00651748 -0.00985049 0.00652098 0.000577463
internal_weight=11397.5 11099.9 9002.42 1230.13 290.218 939.911 2097.51 7772.29 1372.27 297.519 72.5068 1025.24 131.986 6400.02
internal_count=118342 116975 74279 8258 2560 5698 42696 66021 7013 1367 465 28953 3142 59008
cat_boundaries=0 1
cat_threshold=304664
is_linear=0
shrinkage=0.05


Tree=107
num_leaves=15
num_cat=1
split_feature=22 77 21 51 40 20 15 21 5 86 10 66 29 56
split_gain=27.1653 25.2219 25.4589 20.8003 29.4054 20.9187 19.5939 17.2937 15.4479 13.0271 13.351 15.6429 15.0632 12.6102
threshold=6.5000000000000009 0.94281045751633996 1003.00652977896 52.95000000000001 0.11681285429753334 0.14250700280112047 0.31473242352793673 998.52222562551003 0 479.00000000000006 0.76562412479967701 1.0915819383109104 0.66716489937897916 12.250000000000002
decision_type=2 2 2 2 2 2 2 2 9 2 2 2 2 2
left_child=1 2 3 5 -5 -1 -3 -8 -9 10 11 12 -2 -11
right_child=9 6 -4 4 -6 -7 7 8 -10 13 -12 -13 -14 -15
leaf_value=0.0033433803448429315 -0.0056719430969428067 -0.035163396809022078 0.012690842149531645 0.0023012031445728601 -0.0034254789694544898 0.021097528209477828 0.040664970794443867 0.0048537684782832772 -0.032181294674297471 0.017537995742057159 -0.035193450252057022 0.024503066185962 -0.077866997311031749 -0.057657830542992131
leaf_weight=1364.9261226890958 39.056138108251616 86.155389003222808 421.79653601069003 4197.0604808806092 4809.9908163489308 189.00531958206557 18.28508978150785 64.134841389721259 39.763161027687602 6.5374722443521014 41.734050326922443 35.556957748485729 8.8258191922213864 33.100262401858345
leaf_count=11245 1454 3603 2816 37628 55146 1309 141 677 599 64 1372 884 174 1196
internal_value=2.16662e-05 0.000318963 0.0006464 0.000164766 -0.000756437 0.00550726 -0.0169102 -0.00398022 -0.011917 -0.0201233 -0.0121391 -0.000519678 -0.019218 -0.045117
internal_weight=11355.9 11191.1 10982.8 10561 9007.05 1553.93 208.338 122.183 103.898 164.811 125.173 83.4389 47.882 39.6377
internal_count=118308 113164 108144 105328 92774 12554 5020 1417 1276 5144 3884 2512 1628 1260
cat_boundaries=0 1
cat_threshold=13738
is_linear=0
shrinkage=0.05


Tree=108
num_leaves=15
num_cat=1
split_feature=63 33 71 67 51 57 49 40 5 30 29 37 97 32
split_gain=23.2554 24.9527 26.9454 26.5086 31.7633 21.2576 18.0672 17.3682 21.3344 16.6297 16.5567 22.6457 16.1494 15.9571
threshold=11.65 0.35067567567567576 1.013320659062104 -0.20000000000000015 52.750000000000007 65.65000000000002 0.17179608585858588 0.12853805073431243 0 -0.30600371975364637 -0.028690614717151064 20.500000000000004 0.76465974385092039 0.12337223067816676
decision_type=2 2 2 2 2 2 2 2 9 2 2 2 2 2
left_child=5 2 3 4 -2 -1 -5 10 -9 -7 11 -3 -12 -4
right_child=1 7 13 6 -6 9 -8 8 -10 -11 12 -13 -14 -15
leaf_value=0.029590626847656183 0.0031762915863656664 -0.028983102675486261 -0.009960967356862211 -0.0023201232125578562 -0.012483696736727862 -0.010494572297188611 0.0034088597707678117 0.0059322636820641102 -0.033241912143783837 0.0093025847256299459 0.0052251155567935364 0.00033968119281322897 0.029247702569269118 -0.039083972727529309
leaf_weight=103.49178804166149 484.70720420125872 75.345427141990513 506.03346667502774 3000.1609058477334 972.44216180962394 133.85534521355294 2541.8808748653391 67.743363779736683 60.857019419781864 506.71188198786695 2227.2010957777966 514.92027404881082 72.247020677663386 51.95885615516454
leaf_count=587 5624 692 7536 40894 16333 1252 26361 430 489 3320 10349 3581 244 521
internal_value=2.17706e-05 -0.000578952 -0.00211425 -0.00127038 -0.00727126 0.00856565 0.000306611 0.00326338 -0.0147005 0.0051569 0.00406503 -0.00339908 0.0059833 -0.0126883
internal_weight=11319.6 10575.5 7557.18 6999.19 1457.15 744.059 5542.04 3018.31 128.6 640.567 2889.71 590.266 2299.45 557.992
internal_count=118213 113054 97269 89212 21957 5159 67255 15785 919 4572 14866 4273 10593 8057
cat_boundaries=0 1
cat_threshold=322436
is_linear=0
shrinkage=0.05


Tree=109
num_leaves=15
num_cat=0
split_feature=15 55 19 15 99 37 22 13 21 27 78 15 52 67
split_gain=25.9209 29.1934 24.0221 20.7211 20.1612 18.5482 24.1803 18.3944 17.0056 15.0376 22.4099 20.1915 16.3291 14.7426
threshold=0.22243910726473998 12.750000000000002 0.80871212121212133 0.24046175836168379 425.00000000000006 27.500000000000004 4.5000000000000009 -1.2536003368693136 999.14080415782291 10.500000000000002 0.38912823287823295 0.56329676139563867 57.45000000000001 -0.20000000000000015
decision_type=2 2 2 2 2 2 2 2 2 2 2 2 2 2
left_child=2 9 4 13 7 6 -5 -1 -9 11 -11 -2 -12 -3
right_child=1 3 -4 5 -6 -7 -8 8 -10 10 12 -13 -14 -15
leaf_value=-0.037997458268685946 0.00058042630929956436 -0.013287144673010535 -0.02395676963704281 -0.0033901631311327226 -0.024436777956998373 0.0019749454843606558 -0.026503408986733281 0.0052245144052054807 -0.0023730856723637298 0.033594013596439903 0.017316257313227487 0.012021508623099836 -0.006336815307095481 0.02565769019081502
leaf_weight=33.95933162473375 983.85387424426153 30.102906820829958 124.68258186388994 1240.1023576215375 96.295448402292095 2109.0238747239346 124.54918955615722 879.95698978757719 4508.0849780989229 123.4098139363341 192.61811858206056 635.18762458534911 116.9728145385161 121.74965826154221
leaf_count=2488 6012 361 6022 8808 2540 15752 1857 10590 57182 539 1332 3001 896 976
internal_value=0.000140052 0.0025257 -0.00225933 -0.000170354 -0.00176776 -0.000962271 -0.00550512 -0.00136379 -0.00113127 0.00729126 0.0155725 0.00507258 0.00836411 0.0179008
internal_weight=11320.5 5677.57 5642.98 3625.53 5518.3 3473.68 1364.65 5422 5388.04 2052.04 433.001 1619.04 309.591 151.853
internal_count=118356 39534 78822 27754 72800 26417 10665 70260 67772 11780 2767 9013 2228 1337
is_linear=0
shrinkage=0.05


Tree=110
num_leaves=15
num_cat=4
split_feature=21 25 99 37 5 21 56 49 40 93 7 5 5 17
split_gain=26.0571 22.5734 25.2496 29.4505 25.0611 20.4818 22.4269 19.1355 21.6954 22.7418 18.98 18.8669 18.0608 17.4651
threshold=1002.5200848689241 6.5000000000000009 225.00000000000003 84.500000000000014 0 998.98668566762933 12.050000000000002 0.3044581770028692 0.11359109018471569 0.43206272893772896 1 2 3 -0.14906456567228998
decision_type=2 2 2 2 9 2 2 2 2 2 9 9 9 2
left_child=1 2 3 -1 -5 10 -7 -2 -9 -10 -3 -8 -4 -14
right_child=7 5 12 4 -6 6 11 8 9 -11 -12 -13 13 -15
leaf_value=0.0036696559403883323 0.017033433469245022 -0.0058873462738072797 0.00085231017692609943 -0.020537863234090362 -0.0011794979450453543 0.029265857662647721 -0.00033843685084051925 0.016588500572885811 -0.0026784125150242991 -0.066012908804738507 0.01256631635723825 -0.0084950385846138312 -0.0014966140307596963 -0.030627552979024916
leaf_weight=5858.2220649368828 384.60257482517045 222.24187266669469 211.90719176398125 214.32206445024349 678.88038101780694 47.315375859150663 1161.6569347099285 54.559149431530386 37.441400563810021 22.890342715661973 347.88145194755634 1846.9616341157234 80.255716519197449 145.18458782904781
leaf_count=40496 2622 3714 1972 1823 4877 350 19915 386 321 307 4878 34237 916 1480
internal_value=0.00051816 1.97677e-06 0.0016248 0.00237964 -0.00607499 -0.0032139 -0.00483788 0.0116821 -0.00618742 -0.0268602 0.00548142 -0.00537683 -0.0100144 -0.0194233
internal_weight=11314.3 10814.8 7188.77 6751.42 893.202 3626.06 3055.93 499.493 114.891 60.3317 570.123 3008.62 437.347 225.44
internal_count=118294 114658 51564 47196 6700 63094 54502 3636 1014 628 8592 54152 4368 2396
cat_boundaries=0 1 2 3 4
cat_threshold=76416 18451 68944 351282
is_linear=0
shrinkage=0.05


Tree=111
num_leaves=15
num_cat=3
split_feature=15 43 49 71 36 86 46 33 56 12 5 5 10 5
split_gain=26.5867 27.2153 20.8317 20.5541 19.9622 20.0063 19.3943 26.9071 18.999 18.8614 18.7824 18.4465 17.6512 17.0094
threshold=0.31473242352793673 1.0000000180025095e-35 0.14315852923447861 1.0093720794597749 1.665293035070899 493.00000000000006 0.20010764262648012 0.23971830985915496 12.250000000000002 -0.47745511326098095 0 1 -0.81827345701157994 2
decision_type=2 2 2 2 2 2 2 2 2 2 9 9 2 9
left_child=1 2 9 -3 5 10 -6 12 -4 -1 -2 -5 -8 -11
right_child=4 3 8 11 6 -7 7 -9 -10 13 -12 -13 -14 -15
leaf_value=-0.016554129389266838 -0.0048788395777026143 -0.0032240713074144002 0.028710773108161405 0.0012198803988357507 -0.002615678924332553 0.013307444756977588 -0.034444938688993496 0.024528435509296426 0.0047322479735952654 -0.011419841908881921 0.0029813330300857703 -0.02155229785268746 0.0079390768481975866 0.0034873388215713266
leaf_weight=203.12167754897382 1070.8034505704418 3628.89460616 88.149290222208947 132.82067616592394 181.15596363437362 341.69462616648525 31.75077327946201 324.76414729608223 1321.1777002988965 238.1650527860038 2550.4365302507067 290.26466063846601 107.09958311216906 824.59739030071069
leaf_count=5640 7968 51382 545 1791 1060 1872 261 1356 14002 2631 17261 4364 756 7664
internal_value=0.000146051 -0.00185758 0.00205505 -0.004442 0.00307238 0.00174328 0.0112321 0.0166533 0.00623751 -0.00259753 0.000650383 -0.0148734 -0.00173466 6.6542e-05
internal_weight=11334.9 6727.19 2675.21 4051.98 4607.71 3962.93 644.77 463.615 1409.33 1265.88 3621.24 423.085 138.85 1062.76
internal_count=118553 88019 30482 57537 30534 27101 3433 2373 14547 15935 25229 6155 1017 10295
cat_boundaries=0 1 2 3
cat_threshold=512288 38080 16944
is_linear=0
shrinkage=0.05


Tree=112
num_leaves=15
num_cat=4
split_feature=21 99 7 88 15 63 5 73 7 5 102 31 37 101
split_gain=24.6022 23.7931 39.8748 24.1467 23.9742 22.8782 24.2104 20.573 19.9374 22.8844 16.9494 16.8997 31.4667 16.772
threshold=1003.00652977896 150.00000000000003 0 -0.20271156945045302 0.72861599338680205 12.15 1 -0.29999999999999888 2 3 25.99784610814023 0.36931818181818349 104.50000000000001 232.89936741363212
decision_type=2 2 9 2 2 2 9 2 9 9 2 2 2 2
left_child=1 3 11 8 7 -4 -7 -5 9 -1 -10 12 -3 -13
right_child=-2 2 5 4 -6 6 -8 -9 10 -11 -12 13 -14 -15
leaf_value=-0.0049991532208182613 0.011295437984094251 -0.020039960630642523 0.010506607317691111 -0.036004988120956004 0.0073366099264545685 -0.013082273039544548 -0.00020474406980703713 -0.0038003092832552773 -0.023234350885320429 0.010817468986585506 0.0011879332995422256 -0.021273506225664457 -0.078395246347122971 0.0067486963734588283
leaf_weight=281.31923202145845 433.68679107911885 295.48258701892337 318.16539833240677 50.375245959672611 513.98804600257427 511.79902251559542 1228.8729132049775 2978.9162963733543 72.563018955755979 1156.1026946810307 3165.0006829912309 100.84158934472362 25.065656256861985 112.92184400442056
leaf_count=2549 3127 4823 2767 873 2756 7177 14705 40546 544 8939 25833 1903 551 1127
internal_value=-0.000379298 -0.000848178 -0.00502396 0.000468862 -0.00264349 -0.00180644 -0.00407078 -0.00433867 0.00282886 0.00770525 0.00063635 -0.0170569 -0.0246417 -0.00645099
internal_weight=11245.1 10811.4 2593.15 8218.27 3543.28 2058.84 1740.67 3029.29 4674.99 1437.42 3237.56 534.312 320.548 213.763
internal_count=118220 115093 33053 82040 44175 24649 21882 41419 37865 11488 26377 8404 5374 3030
cat_boundaries=0 1 2 3 4
cat_threshold=28 508552 28 480256
is_linear=0
shrinkage=0.05


Tree=113
num_leaves=15
num_cat=3
split_feature=16 21 46 11 31 29 12 1 56 15 14 5 7 92
split_gain=31.7797 25.1165 18.3348 31.873 20.4426 22.9451 19.9084 20.0695 19.3782 18.2148 16.5421 16.4671 21.9277 21.7789
threshold=0.21803706683399968 1000.4984703649345 0.17507024848680433 0.027874902874902879 1.0000000180025095e-35 1.568444760700584 1.6802620702795139 0 12.15 0.83515133574331724 1.0791542493405595 1 2 1.8125408496732029
decision_type=2 2 2 2 2 2 2 9 2 2 2 9 9 2
left_child=1 11 3 10 5 -5 7 -4 -8 -9 -2 12 -1 -13
right_child=2 -3 6 4 -6 -7 8 9 -10 -11 -12 13 -14 -15
leaf_value=0.011342353837091035 -0.041841411770488321 0.013310673550961308 0.025397826912912081 -0.0077839912629932831 0.0037726717988734119 -0.057470376868427736 0.03953123548605298 -7.2728985003794159e-05 0.0068663650844265588 0.010008639105586307 0.0039049771734153277 -0.010493950828098795 -0.010514008765004386 -0.037345893602634676
leaf_weight=193.89871396511444 82.518049012927804 138.51560008502565 72.114501604810357 400.68916247348534 574.28167695400771 24.619572398252785 47.845559424720705 7164.4845306528732 888.33855616534129 477.77555787237361 25.697985853068531 825.57323064561933 252.32287392759463 83.260947414906695
leaf_count=3700 1119 1403 598 4219 5188 170 159 70336 4474 2548 125 17687 5176 1456
internal_value=-0.000155702 -0.00694797 0.000883441 -0.00517151 -0.00237416 -0.0106847 0.00165948 0.000823113 0.00854515 0.000556274 -0.0309383 -0.00902336 -0.00096487 -0.0128222
internal_weight=11251.9 1493.57 9758.37 1107.81 999.59 425.309 8650.56 7714.37 936.184 7642.26 108.216 1355.06 446.222 908.834
internal_count=118358 29422 88936 10821 9577 4389 78115 73482 4633 72884 1244 28019 8876 19143
cat_boundaries=0 1 2 3
cat_threshold=1 110852 3273
is_linear=0
shrinkage=0.05


Tree=114
num_leaves=15
num_cat=3
split_feature=64 5 15 83 16 56 5 102 53 78 69 5 24 20
split_gain=22.6194 24.5071 21.9398 21.7032 19.9712 19.2737 23.6253 20.8496 15.9562 14.7261 14.3892 20.7797 18.0741 11.571
threshold=11.850000000000003 0 1.0696980868871935 0.65833333333333344 0.7673465575247802 12.250000000000002 1 247.01388888888894 14.15 0.4138113275613276 1.0000000180025095e-35 2 2.5000000000000004 0.03413228927934811
decision_type=2 9 2 2 2 2 9 2 2 2 2 9 2 2
left_child=1 9 3 5 8 6 -2 -7 -3 -1 11 -5 -12 -11
right_child=2 4 -4 10 -6 7 -8 -9 -10 13 12 -13 -14 -15
leaf_value=0.027360374165308256 -0.010720891651178517 -0.050525974661487331 0.01697016397774093 0.0053343784926333706 0.0089360352787651223 -0.001553785929132669 0.017206701613957608 -0.0086033617554016114 -0.0050965441529270657 -0.014122526650407394 -0.00090400519886329003 -0.0074945633011870381 0.011146383758891563 0.015288567757669624
leaf_weight=189.40621639438905 101.1187865678221 33.110628300812095 174.5266251754947 653.39984914637171 107.98192661860958 6304.8392724310397 247.88682154985145 1258.8539399057918 46.97032804985065 46.763917695498094 492.6165661746636 592.0512825595215 841.24147458723746 115.7746825304348
leaf_count=1127 900 399 841 3749 671 71059 1807 25023 577 495 2173 3749 4843 958
internal_value=-9.95817e-05 0.00988249 -0.000605494 -0.000898488 -0.00480449 -0.0021972 0.00928584 -0.00272783 -0.0239819 0.0173865 0.00308365 -0.000777569 0.00669249 0.00679249
internal_weight=11206.5 540.008 10666.5 10492 188.063 7912.7 349.006 7563.69 80.081 351.945 2579.31 1245.45 1333.86 162.539
internal_count=118371 4227 114144 113303 1647 98789 2707 96082 976 2580 14514 7498 7016 1453
cat_boundaries=0 1 2 3
cat_threshold=13230 9350 403566
is_linear=0
shrinkage=0.05


Tree=115
num_leaves=15
num_cat=2
split_feature=15 21 77 31 40 83 16 5 88 39 85 89 14 7
split_gain=23.1479 22.9298 29.8843 23.8989 22.611 22.8393 18.622 17.7489 17.44 18.0894 15.5193 12.8217 12.6966 11.1629
threshold=0.8632859122453006 999.17480539618987 0.90454545454545465 1.6201923076923068 0.12555310817425358 0.79285714285714304 0.43275421470937198 0 -1.3899089425207933 11.500000000000002 0.18462295874060583 12.500000000000002 -0.031261389127267655 1
decision_type=2 2 2 2 2 2 2 9 2 2 2 2 2 9
left_child=1 3 4 8 5 -3 -6 -2 -1 -10 11 -5 -12 -9
right_child=7 2 -4 10 6 -7 -8 13 9 -11 12 -13 -14 -15
leaf_value=0.026731480481405941 0.019854404139153251 -0.0018474693167806753 -0.017632328778811907 -0.017618588913840324 -0.019677059306827328 0.005122344182853276 -0.0044434133398756235 -0.0099401514816093942 0.0031270797248871408 0.025051455185085916 -0.014091442456408238 0.030157159683469797 -0.07280451355413857 0.0090613745615832058
leaf_weight=98.382425964344293 226.01289001200348 6358.6911146609928 296.18625213444466 49.211020355811343 270.58986070682295 1441.6413288323674 780.67440861824434 121.37605638755485 1180.3939553147648 102.25604494288564 18.452284020080697 19.502394559327513 18.918677619658411 177.77496151346713
leaf_count=758 1084 68244 7896 680 6722 7500 8462 752 13556 927 392 140 244 889
internal_value=-0.000567603 -0.00107409 -0.00201057 0.00468293 -0.00148709 -0.000558633 -0.00837073 0.00967779 0.00644272 0.00488066 -0.0181638 -0.00396199 -0.0440628 0.00126277
internal_weight=11160.1 10634.9 9147.78 1487.12 8851.6 7800.33 1051.26 525.164 1381.03 1282.65 106.084 68.7134 37.371 299.151
internal_count=118246 115521 98824 16697 90928 75744 15184 2725 15241 14483 1456 820 636 1641
cat_boundaries=0 1 2
cat_threshold=5528 134
is_linear=0
shrinkage=0.05


Tree=116
num_leaves=15
num_cat=3
split_feature=37 26 17 25 43 7 101 33 64 64 1 5 49 12
split_gain=20.4348 24.793 24.5016 23.7511 21.3556 19.738 21.2869 19.4747 19.8534 18.2396 24.3208 21.6155 18.2269 17.93
threshold=15.500000000000002 3.5000000000000004 -1.2132105550588268 10.500000000000002 1.0000000180025095e-35 0 242.70893467643472 0.41012820512820519 11.250000000000002 12.15 1 2 0.13267724151271887 1.6413208627668507
decision_type=2 2 2 2 2 9 2 2 2 2 9 9 2 2
left_child=1 5 3 -2 9 6 12 8 -6 11 -11 -4 -1 -3
right_child=2 13 4 -5 7 -7 -8 -9 -10 10 -12 -13 -14 -15
leaf_value=-0.012710473590857639 0.021831607580366594 -0.012169412843562374 -0.020529315592164445 -0.0038143350255696049 0.040645708129209146 0.0053023845328506077 0.0019990592691544831 0.0043499720504022584 -0.0034255238798453348 0.0049789353212189016 -0.0041485792167782433 0.018372209736618794 -0.073617455304455154 0.024241802882226195
leaf_weight=25.356581974308938 259.98253435222432 872.79690339945955 33.48888703272678 137.77566405764082 25.587240999797359 598.90096773765981 57.049188612960279 1067.9404265678022 4410.9237021889421 2295.7234683763818 1059.401978141279 299.30870425060857 24.255957753863186 34.994358217809349
leaf_count=227 2746 15568 356 4339 189 3717 341 4980 53909 19518 9997 1970 277 205
internal_value=-8.6553e-05 -0.00529304 0.000788862 0.0129371 0.000262525 0.00173144 -0.017149 -0.0017095 -0.00316931 0.00320722 0.00209781 0.0143728 -0.0426771 -0.0107578
internal_weight=11203.5 1613.35 9590.13 397.758 9192.37 705.563 106.662 5504.45 4436.51 3687.92 3355.13 332.798 49.6125 907.791
internal_count=118339 20335 98004 7085 90919 4562 845 59078 54098 31841 29515 2326 504 15773
cat_boundaries=0 1 2 3
cat_threshold=5136 25 444416
is_linear=0
shrinkage=0.05


Tree=117
num_leaves=15
num_cat=2
split_feature=33 30 22 21 5 15 77 0 83 30 16 56 19 35
split_gain=26.0234 23.254 16.899 21.9235 26.6042 18.9672 15.1996 19.7123 21.7915 15.511 17.681 21.6844 15.1869 14.0921
threshold=0.18016393442622955 1.2402681097422621 3.5000000000000004 999.35552431876738 0 0.086969144150519109 0.45804195804195807 1 0.39642857142857152 1.4692789243462425 0.77219829785257754 12.65 0.13351158645276295 0.79556094142247968
decision_type=2 2 2 2 9 2 2 1 2 2 2 2 2 2
left_child=6 2 3 4 -2 -5 7 -1 -9 10 11 -8 -12 -3
right_child=1 13 -4 5 -6 -7 9 8 -10 -11 12 -13 -14 -15
leaf_value=-0.01085188453482744 0.024937352719064589 -0.00085809181315886756 -0.0022434941245383288 -0.0042735418953943885 0.0024265586470910644 0.0032217502670728276 0.012933176577606212 -0.0034597037024377236 0.011092104268938354 -0.054727207800900936 -0.0540691047373607 -0.019115054010649158 0.00048156022459242887 0.015530858745849158
leaf_weight=396.67310682556126 217.1517257289961 187.10133337904699 3243.9409433070105 1152.2810968154809 333.6899469376076 3151.4634825231042 59.940657265018672 678.83593269914854 413.89720282808412 18.609835173236206 13.062828847207127 428.01915266917786 411.34521310694981 434.16122978297062
leaf_count=6559 1356 1121 30121 14302 2170 19238 1426 10792 3079 292 173 18130 6882 2291
internal_value=-7.15138e-06 0.0012656 0.000549735 0.00241727 0.0118094 0.00121375 -0.00459436 -0.00145758 0.00202948 -0.00960662 -0.0086749 -0.0151662 -0.00119801 0.0105877
internal_weight=11140.2 8719.79 8098.53 4854.59 550.842 4303.74 2420.38 1489.41 1092.73 930.978 912.368 487.96 424.408 621.263
internal_count=117932 70599 67187 37066 3526 33540 47333 20430 13871 26903 26611 19556 7055 3412
cat_boundaries=0 1 2
cat_threshold=247616 336
is_linear=0
shrinkage=0.05


Tree=118
num_leaves=15
num_cat=0
split_feature=21 15 21 40 100 64 14 20 86 102 39 46 33 38
split_gain=25.289 24.177 21.3789 21.0417 30.234 20.2999 18.1363 19.5829 16.3571 15.844 14.2982 12.946 12.2391 11.1147
threshold=1002.5200848689241 1.195631215667462 999.14080415782291 0.11670110192837467 1.0000000180025095e-35 11.950000000000001 0.6196760357705472 0.096804176215940924 513.00000000000011 290.62570701357475 9.5000000000000018 0.21130386473589705 0.43005376344086027 515.00000000000011
decision_type=2 2 2 2 2 2 2 2 2 2 2 2 2 2
left_child=1 2 8 5 -5 -4 7 10 9 -1 13 12 -8 -2
right_child=6 -3 3 4 -6 -7 11 -9 -10 -11 -12 -13 -14 -15
leaf_value=0.0077444554864418555 -0.0030265780098261588 0.024677060327042352 0.014698180717891593 -0.0023060031687880435 -0.014556482241103806 0.00020469271854309931 -0.010060518965530478 -0.026770831588837241 -0.026594445475525558 -0.0091474545826112971 0.042683250018554303 0.028704630270232359 0.027141778437461947 0.030293879717332606
leaf_weight=1265.7852502324968 136.3099000119837 95.286582709755749 257.49273762549274 4345.1525841520051 569.91137701517437 3903.8840579889948 53.678385473787785 49.301314480602741 39.686553663108498 155.57159224880161 26.330231161089614 165.87043365323916 37.338602336123586 30.51084828004241
leaf_count=12962 1490 443 1794 53105 5452 37439 380 503 476 2872 186 722 127 201
internal_value=0.00013496 -0.000381074 -0.000608372 -0.00151239 -0.00372775 0.00110304 0.0111311 0.00129902 0.00500395 0.00589156 0.0084998 0.0203871 0.00515943 0.00305214
internal_weight=11132.1 10632.8 10537.5 9076.44 4915.06 4161.38 499.34 242.452 1461.04 1421.36 193.151 256.887 91.017 166.821
internal_count=118152 114543 114100 97790 58557 39233 3609 2380 16310 15834 1877 1229 507 1691
is_linear=0
shrinkage=0.05


Tree=119
num_leaves=15
num_cat=1
split_feature=67 22 31 15 67 102 62 86 28 47 26 4 14 102
split_gain=18.9256 20.5611 20.3414 19.5899 25.1347 19.4104 15.3206 15.3324 15.3125 13.9958 17.8258 15.2628 21.3428 14.7405
threshold=0.89999999999999958 5.5000000000000009 -0.9354166666666649 0.71229963573848287 0.65000000000000047 445.69566155658072 24.150000000000002 531.00000000000011 6.5000000000000009 3.5000000000000004 2.5000000000000004 0 0.31213619373502438 129.38628968253971
decision_type=2 2 2 2 2 2 2 2 2 2 2 9 2 2
left_child=1 3 -3 4 5 -1 -4 -8 -6 13 -11 12 -12 -2
right_child=9 2 6 -5 8 -7 7 -9 -10 10 11 -13 -14 -15
leaf_value=0.00018409051565643962 0.010168071954198603 -0.039882741700828617 0.034351283906943746 0.0066784327071520563 -0.0042037765387385314 -0.025593889530148791 -0.010294292097395727 0.043480459760870387 -0.0203896918461191 0.020257317190555003 -0.051165363919035867 0.006882850442859011 0.010333483649304441 -0.021797473276755141
leaf_weight=7923.2428393219598 63.845217455178499 51.535711546428502 21.414332961430773 973.86076662410051 374.94861674087588 73.604321961815003 462.64730821171543 13.517086504492907 240.48298732272815 248.29205016000196 29.424826769391075 582.66199044563109 26.752275293692946 82.248582665401045
leaf_count=83610 494 2058 307 5059 2789 2083 10244 140 2935 1185 495 5488 174 1178
internal_value=7.48984e-05 -0.000581842 -0.00999046 -4.22762e-05 -0.000802891 -5.28662e-05 -0.00687699 -0.00874846 -0.0105389 0.00652136 0.00888548 0.00445539 -0.0185308 -0.00779644
internal_weight=11168.5 10135.3 549.114 9586.14 8612.28 7996.85 497.579 476.164 615.432 1033.22 887.131 638.839 56.1771 146.094
internal_count=118239 109225 12749 96476 91417 85693 10691 10384 5724 9014 7342 6157 669 1672
cat_boundaries=0 1
cat_threshold=4
is_linear=0
shrinkage=0.05


Tree=120
num_leaves=15
num_cat=4
split_feature=32 12 71 5 100 86 25 7 4 101 25 46 5 33
split_gain=19.7067 17.7311 18.1708 32.5318 17.4827 20.4128 18.8672 16.2392 13.5475 14.5602 13.8939 16.0921 13.1051 12.6844
threshold=0.013793759512937596 2.4205991557910402 1.1932246722048505 0 1.0000000180025095e-35 473.00000000000006 7.5000000000000009 1 2 330.00112500000006 6.5000000000000009 0.24424625244981199 3 0.089943820224719112
decision_type=2 2 2 9 2 2 2 9 9 2 2 2 9 2
left_child=8 2 4 -4 6 -6 -2 -3 -1 10 13 -12 -9 -10
right_child=1 7 3 -5 5 -7 -8 12 9 -11 11 -13 -14 -15
leaf_value=-0.025888093730791907 0.002860912773389351 -0.013338763926295311 0.0058845059047840905 -0.045127730728251332 -0.0080131418967847746 0.0063754253076720906 -0.0021040081376944133 0.00060273527165209608 -0.018023155609397826 -0.040764743537879823 -0.035207005652385125 0.021964563842891641 0.026182704435158889 0.019453824911442485
leaf_weight=103.89888904592954 6299.6089801840135 45.078202364500612 66.576142539270222 49.849987829918973 1064.0985497105576 320.33508945128415 2746.9927770051872 83.397766953799874 29.490176180494018 23.619255587575026 42.90862763376208 17.050834065768868 157.27443177788518 93.99311145930551
leaf_count=2943 48133 231 681 729 8823 1980 48667 423 573 452 2338 682 675 928
internal_value=0.000308531 0.000665245 0.000331749 -0.0193022 0.000551555 -0.00468003 0.00135276 0.0129531 -0.0120988 -0.00371723 0.000842682 -0.0188562 0.0177199 0.0104558
internal_weight=11144.2 10833.2 10547.5 116.426 10431 1384.43 9046.6 285.75 310.961 207.062 183.443 59.9595 240.672 123.483
internal_count=118258 110342 109013 1410 107603 10803 96800 1329 7916 4973 4521 3020 1098 1501
cat_boundaries=0 1 2 3 4
cat_threshold=231800 2176 162 67978
is_linear=0
shrinkage=0.05


Tree=121
num_leaves=15
num_cat=2
split_feature=55 5 51 43 32 38 40 99 51 54 15 17 6 51
split_gain=18.0384 19.4308 20.4442 18.4231 25.4383 21.491 20.2484 23.3284 20.5872 18.8778 17.8209 20.0094 15.0986 19.232
threshold=12.250000000000002 0 53.150000000000013 1.0000000180025095e-35 0.23038461538461544 401.00000000000006 0.11731544469639708 1.0000000180025095e-35 51.550000000000004 13.250000000000002 0.3754532856483625 0.58274220642365171 1 52.150000000000013
decision_type=2 9 2 2 2 2 2 2 2 2 2 2 1 2
left_child=1 2 -1 5 6 -2 7 -5 -8 -6 11 -4 -3 -14
right_child=3 12 10 4 9 -7 8 -9 -10 -11 -12 -13 13 -15
leaf_value=0.022114380316898843 -0.047711485455179017 0.0062101535538158373 -0.020130497577226354 0.0020362762075028665 -0.014818249919872364 0.0018454056520711391 0.019533721783477884 -0.0084615570187687832 -0.0076296702784908084 0.012288411400561042 0.019019517309164707 0.015313041708522669 -0.043947438192431784 -0.0044170380503141598
leaf_weight=276.559594623046 21.886343664431479 305.37202512612566 108.18424369115382 2001.6397789714974 75.69161414122209 4156.7594272454735 71.51425285753794 719.17307448427891 2562.1224220649165 416.64108349615708 105.57886079559103 62.748315286822617 36.599159146891907 193.23322974494658
leaf_count=1548 591 1885 1050 21111 373 40080 623 9714 37052 1776 464 299 301 1442
internal_value=-0.000286948 0.00582605 0.0122799 -0.000951074 -0.00276337 0.00158351 -0.00376411 -0.000736913 -0.00688946 0.0081087 0.00286519 -0.00708881 -0.00104486 -0.0107501
internal_weight=11113.7 1088.28 553.071 10025.4 5846.78 4178.65 5354.45 2720.81 2633.64 492.333 276.511 170.933 535.204 229.832
internal_count=118309 6989 3361 111320 70649 40671 68500 30825 37675 2149 1813 1349 3628 1743
cat_boundaries=0 1 2
cat_threshold=319120 1
is_linear=0
shrinkage=0.05


Tree=122
num_leaves=15
num_cat=2
split_feature=16 67 40 51 15 33 54 88 5 21 35 35 5 71
split_gain=22.0807 20.2666 25.0454 24.5492 21.6828 17.6933 17.4431 17.2841 26.6992 24.3679 19.19 28.7454 18.0731 17.058
threshold=0.21803706683399968 0.10000000000000055 0.11359109018471569 53.250000000000007 0.53009694145444464 0.35977528089887645 13.950000000000001 -0.70928904787564862 0 999.60648602629328 1.2999922249267117 0.035785439055359809 1 1.0410703332651809
decision_type=2 2 2 2 2 2 2 2 9 2 2 2 9 2
left_child=-1 7 4 6 13 -5 -4 10 9 -9 11 -2 -12 -3
right_child=1 2 3 5 -6 -7 -8 8 -10 -11 12 -13 -14 -15
leaf_value=-0.0059483353082050144 0.0063981281884502019 0.0068432778881866831 0.006099080818514767 -0.0039503369971117582 0.020708603740302416 0.0051014508387434397 0.030967885381436328 0.0038833376630401217 -0.00046269061358253323 -0.013747315310681336 0.030348245021147288 -0.0074776550900970953 0.0016555231420223812 -0.025741131736703195
leaf_weight=1465.9833985143341 909.61125851469114 933.19242925825529 255.2039197247941 1701.9845132359769 305.85736228339374 790.2477925142739 97.768800473306328 252.26469049404841 2545.958066466439 871.48398510797415 103.79008886916563 632.7238704568008 121.43751062056981 41.818386769387871
leaf_count=29577 6753 6905 1707 17950 1409 4059 546 3394 28751 10536 513 4940 778 411
internal_value=-0.000234199 0.000641262 0.00328385 0.000668126 0.00908977 -0.00107806 0.0130084 -0.00136317 -0.00332023 -0.00969876 0.00269709 0.000702403 0.0163279 0.0054381
internal_weight=11029.3 9563.34 4126.07 2845.21 1280.87 2492.23 352.973 5437.27 3669.71 1123.75 1767.56 1542.34 225.228 975.011
internal_count=118229 88652 32987 24262 8725 22009 2253 55665 42681 13930 12984 11693 1291 7316
cat_boundaries=0 1 2
cat_threshold=246820 67764
is_linear=0
shrinkage=0.05


Tree=123
num_leaves=15
num_cat=2
split_feature=21 37 5 19 41 0 14 92 35 19 99 26 46 39
split_gain=18.655 18.9983 27.36 22.0652 23.3051 21.762 20.275 18.0979 17.7878 20.6432 17.7372 18.5396 17.5147 15.2844
threshold=1003.00652977896 85.500000000000014 0 0.47871017871017879 0.24156877605153471 1 0.20524907727166283 1.6464670868347342 0.28798349387460581 0.062622549019607857 225.00000000000003 2.5000000000000004 0.24849092123641223 -4.4999999999999991
decision_type=2 2 9 2 2 1 2 2 2 2 2 2 2 2
left_child=1 3 7 10 5 -5 -6 12 -4 -10 11 -1 -3 -2
right_child=13 2 8 4 6 -7 -8 -9 9 -11 -12 -13 -14 -15
leaf_value=0.0070282170529969339 -0.016165470022513308 -0.017519098224167879 0.0044103541536229442 -0.0064499655686547424 -0.034043361546120469 0.0022446739404252264 -0.0047534401382949842 -0.045381602942916738 -0.053876974927696192 -0.0061543634640447891 -0.0099211444686445709 0.00077823912626313332 0.0044880177544480452 0.013339629305245699
leaf_weight=1698.8676095313858 49.339287282433361 374.23464909609174 627.83501701412024 1366.7372067859978 109.17218970844988 1500.8408903751988 129.72746979864314 44.943742071976885 24.018971256795339 386.7133456816664 294.46550909749931 3941.6147036945913 118.7151129997801 383.11927597108297
leaf_count=8934 457 5040 7999 18900 2975 20133 1050 556 250 3391 4204 40348 1221 2719
internal_value=-0.000218722 -0.000633808 -0.00569883 0.000248827 -0.00316461 -0.00191234 -0.0181679 -0.0147245 -0.00086837 -0.00896971 0.00203636 0.00266166 -0.0122092 0.00995887
internal_weight=11050.3 10617.9 1576.46 9041.43 3106.48 2867.58 238.9 537.894 1038.57 410.732 5934.95 5640.48 492.95 432.459
internal_count=118177 115001 18457 96544 43058 39033 4025 6817 11640 3641 53486 49282 6261 3176
cat_boundaries=0 1 2
cat_threshold=290308 305
is_linear=0
shrinkage=0.05


Tree=124
num_leaves=15
num_cat=3
split_feature=37 31 5 45 13 99 41 0 46 34 67 5 49 92
split_gain=23.4949 22.8318 23.6891 23.3202 22.0774 19.6139 19.2994 23.5143 19.2549 19.7891 18.572 18.481 16.9034 14.5193
threshold=15.500000000000002 -0.7573529411764709 0 0.052360442903636624 0.18426695959081427 325.00000000000006 0.2814700704225353 1 0.25386124142840377 829.35000000000014 -0.70000000000000007 2 0.17222840192806826 2.227818627450981
decision_type=2 2 9 2 2 2 2 1 2 2 2 9 2 2
left_child=1 13 5 -4 -5 -3 8 -8 9 12 -10 -11 -2 -1
right_child=6 2 3 4 -6 -7 7 -9 10 11 -12 -13 -14 -15
leaf_value=-0.019588207418109804 -0.0019075096391833774 0.0077625574749542502 -0.02774553063248246 -0.033550839825703789 -0.0012165937639348394 -0.041983677473484443 -0.03140471927227409 -0.00047925713659089167 -0.016209129495454024 0.020031605397899607 0.0069887183822431144 -0.031543744419642916 0.0029272464641662867 0.027424947164615354
leaf_weight=318.4920465410396 3647.8999863657518 498.68622681967099 127.03631222853437 58.16053672102862 567.07416118890978 20.510361958993599 90.355301843956113 170.88118208467495 90.436239951930474 17.169179101241753 1789.2697025343077 73.61195607855916 3583.0873660884681 17.143812451511621
leaf_count=5028 42100 5396 1777 2003 5640 519 1086 1908 1317 169 16874 1224 33031 138
internal_value=2.42966e-05 -0.00556454 -0.0024974 -0.00810914 -0.00423727 0.00567084 0.000974057 -0.0124227 0.00135507 0.000195433 0.00586916 -0.0229898 0.000487517 -0.0171645
internal_weight=11069.8 1607.1 1271.47 752.271 625.235 519.197 9462.71 261.236 9201.47 7321.77 1879.71 90.7811 7230.99 335.636
internal_count=118210 20501 15335 9420 7643 5915 97709 2994 94715 76524 18191 1393 75131 5166
cat_boundaries=0 1 2 3
cat_threshold=205140 325 238592
is_linear=0
shrinkage=0.05


Tree=125
num_leaves=15
num_cat=1
split_feature=15 22 38 21 67 40 88 102 21 31 12 74 4 52
split_gain=21.5571 18.5315 27.3153 23.3466 19.1555 17.96 15.5872 15.438 15.5105 17.0091 16.2553 17.9844 15.8677 15.759
threshold=0.30983054861417264 3.5000000000000004 497.00000000000006 999.06829123913951 -0.84999999999999953 0.13108953613807986 -0.35685128411005879 242.34800000000001 999.75428568577593 2.1291666666666669 -0.26695913660210357 0.90000000000000135 0 52.750000000000007
decision_type=2 2 2 2 2 2 2 2 2 2 2 2 9 2
left_child=7 3 4 6 -3 -5 -2 8 9 13 12 -12 -10 -1
right_child=1 2 -4 5 -6 -7 -8 -9 10 -11 11 -13 -14 -15
leaf_value=0.031969693989607688 0.04615791033735285 -0.045220095972901442 0.011076835958494558 0.0045175286250725274 -0.0044333652532897441 -0.020149909970331087 0.013500049618863653 -0.0085084416098950757 0.0032281481889813446 -0.023208447532710098 -0.0012408060702040343 0.019724738050914084 -0.01096086715163818 0.0035575502683515316
leaf_weight=50.478250107727945 48.986496028490365 29.500553099205717 318.19411486387253 2852.9038406522013 1095.5533289570594 75.584577665897086 146.67519312445074 728.59096848571789 257.29784862452652 57.268423911533318 3022.3540442081867 105.75808419869281 822.49590559717035 1440.9757479518885
leaf_count=435 180 404 2015 17552 9100 846 855 19916 4839 897 26287 784 16883 17254
internal_value=0.000201543 0.00283315 -0.00185006 0.00499822 -0.00551122 0.00387849 0.0217213 -0.00165109 -0.000782179 0.00349442 -0.00235742 -0.000529777 -0.00764684 0.00452459
internal_weight=11052.6 4567.4 1443.25 3124.15 1125.05 2928.49 195.662 6485.22 5756.63 1548.72 4207.91 3128.11 1079.79 1491.45
internal_count=118247 30952 11519 19433 9504 18398 1035 87295 67379 18586 48793 27071 21722 17689
cat_boundaries=0 1
cat_threshold=12
is_linear=0
shrinkage=0.05


Tree=126
num_leaves=15
num_cat=1
split_feature=15 37 16 63 74 48 56 43 37 29 32 56 11 0
split_gain=20.8791 17.8784 17.7666 16.5038 18.5477 17.7082 17.5818 14.4556 11.8819 15.4813 19.3717 13.4634 12.8976 18.6162
threshold=-0.37482103835669839 380.50000000000006 1.1607098023087066 11.65 1.0999999999999972 14.500000000000002 12.550000000000002 1.0000000180025095e-35 63.500000000000007 -0.55285680573799112 0.15849282296650721 14.65 0.086274509803921581 0
decision_type=2 2 2 2 2 2 2 2 2 2 2 2 2 1
left_child=2 3 8 4 7 6 -5 -2 9 11 -11 -1 -10 -14
right_child=1 -3 -4 5 -6 -7 -8 -9 12 10 -12 -13 13 -15
leaf_value=-0.0012878761907913114 0.014349872350220795 -0.038730511964557138 0.039992571135376159 0.0065761467247323919 0.028639074217189975 -0.044161125471469519 -7.5550602406038728e-05 -0.0017002166058020319 -0.025972931964469811 -0.0024659535349452169 0.026572063343367619 -0.024832122081607958 -0.026063604640419638 0.0068350967016062511
leaf_weight=110.67275323619833 247.90465033566579 28.008843999472447 20.596475993050262 1134.1958561136853 99.970646564848721 21.897412155172788 7988.6621514234575 321.86972614785191 145.24996025586734 556.15211998205632 63.940160212107003 135.72442313295323 57.868918573367409 110.52341742254794
leaf_count=3189 1433 403 200 8101 605 342 78519 2340 3519 7998 321 6699 1809 2519
internal_value=0.000323544 0.00108335 -0.00590008 0.00119787 0.00877419 0.000642362 0.000750934 0.00527558 -0.00670859 -0.00368165 0.000524011 -0.014282 -0.0150512 -0.00559101
internal_weight=11043.2 9842.51 1200.73 9814.5 669.745 9144.76 9122.86 569.774 1180.13 866.489 620.092 246.397 313.642 168.392
internal_count=117997 91743 26254 91340 4378 86962 86620 3773 26054 18207 8319 9888 7847 4328
cat_boundaries=0 1
cat_threshold=113
is_linear=0
shrinkage=0.05


Tree=127
num_leaves=15
num_cat=3
split_feature=47 0 14 5 67 5 29 67 48 19 101 77 99 67
split_gain=19.5055 31.2067 22.4009 19.1988 18.9578 22.9703 18.976 18.4972 18.4555 17.5556 16.356 15.7617 15.742 22.8535
threshold=2.5000000000000004 0 0.60926348162189325 1 0.10000000000000055 2 1.4034711363541896 0.70000000000000029 8.5000000000000018 0.70018382352941189 206.83589604839611 0.13809523809523813 -174.99999999999997 -0.59999999999999865
decision_type=2 1 2 9 2 9 2 2 2 2 2 2 2 2
left_child=1 10 4 7 5 11 -7 -3 9 -5 -1 -2 13 -4
right_child=2 3 12 8 -6 6 -8 -9 -10 -11 -12 -13 -14 -15
leaf_value=-0.002390028126770913 0.0041963997710805926 -0.014514292783806776 -0.017363275254264343 0.00038446135294650173 0.0016170022004208459 -0.0002961463783951034 -0.050981610840528317 -0.05389282421472133 -0.047316913466718298 -0.025640185809454614 0.0096362376727578743 -0.013789960482432601 0.0023032047635083669 0.014497760311348732
leaf_weight=1008.5142159688694 145.02529122843407 568.70420484687202 62.337950360495597 593.82086081581656 2851.713005273632 1690.0514779466321 18.573628351092339 31.51034750288818 23.654290695325471 72.593412102753064 392.60121036157943 746.3885402532178 2222.6207461538725 560.79380634333938
leaf_count=12942 1506 8645 379 7378 30504 22999 129 521 322 2051 3350 12049 12699 2746
internal_value=-0.000520026 -0.00421896 0.000679203 -0.00978856 -0.00119706 -0.00428538 -0.000848038 -0.0163266 -0.00394121 -0.00244636 0.000969764 -0.0107375 0.00427533 0.0113001
internal_weight=10988.9 2691.4 8297.5 1290.28 5451.75 2600.04 1708.63 600.215 690.069 666.414 1401.12 891.414 2845.75 623.132
internal_count=118220 35209 83011 18917 67187 36683 23128 9166 9751 9429 16292 13555 15824 3125
cat_boundaries=0 1 2 3
cat_threshold=291 136810 470146
is_linear=0
shrinkage=0.05


Tree=128
num_leaves=15
num_cat=2
split_feature=37 68 15 19 0 93 67 67 0 41 45 54 77 77
split_gain=20.3469 19.6955 17.5932 17.4471 16.2342 16.2927 16.016 19.1756 15.5542 22.4522 14.8657 27.1133 14.5875 14.5571
threshold=196.50000000000003 0.49999999999999917 0.8632859122453006 0.84382070135746623 0 1.6550568181818186 0.89999999999999958 0.79999999999999993 1 -0.11139311900733219 0.073997885835095159 14.250000000000002 0.6132478632478634 0.39444444444444454
decision_type=2 2 2 2 1 2 2 2 1 2 2 2 2 2
left_child=2 -2 3 6 12 -6 7 -1 9 -4 -10 -12 -5 -3
right_child=1 13 8 4 5 -7 -8 -9 10 -11 11 -13 -14 -15
leaf_value=9.1065806471208319e-05 -0.025236796141200557 0.022313974684281979 -0.014016803072409947 -0.054834357700170734 0.0027999981176319139 -0.045420884276346753 0.0066725416814045887 -0.015370365315653285 0.010310714986874268 0.023395896423192845 0.010246552387189158 -0.043194272256373324 -0.016173622759703486 -0.019853524669561161
leaf_weight=8797.3429321496224 150.94040148245404 49.533651628298685 47.685731146950275 30.95937487721676 198.93258192087524 19.100333632610273 917.65462694445159 205.10145197086968 125.96406529471278 245.37566467002034 48.243593997322023 46.344169108662754 118.20805678362376 34.653886389336549
leaf_count=93922 2160 355 295 635 4284 707 7876 1990 610 1186 241 331 3203 452
internal_value=0.000117578 -0.0144296 0.000434853 -1.56031e-05 -0.0107171 -0.001358 0.000380122 -0.000260801 0.00946513 0.0167182 -0.000871254 -0.0159024 -0.0227391 0.0048944
internal_weight=11036 235.128 10800.9 10287.3 367.2 218.033 9920.1 9002.44 513.613 293.061 220.552 94.5878 149.167 84.1875
internal_count=118247 2967 115280 112617 8829 4991 103788 95912 2663 1481 1182 572 3838 807
cat_boundaries=0 1 2
cat_threshold=232 570
is_linear=0
shrinkage=0.05


Tree=129
num_leaves=15
num_cat=3
split_feature=41 19 4 88 21 12 17 35 36 7 88 17 53 0
split_gain=18.4306 27.4104 19.0445 19.1268 16.561 19.6448 20.0359 18.8305 18.039 15.9136 19.6171 18.922 15.1308 14.8012
threshold=0.24156877605153471 0.35339366515837112 0 -0.89017778514769497 1000.4984703649345 -0.38889998573999301 -0.75982273912988718 0.026703973651592609 0.26866214998063814 1 0.063063886764770358 -0.047328101177910913 12.950000000000001 2
decision_type=2 2 9 2 2 2 2 2 2 9 2 2 2 1
left_child=4 2 3 -2 5 9 12 -8 -6 10 -1 -11 -7 -10
right_child=1 -3 -4 -5 8 6 7 -9 13 11 -12 -13 -14 -15
leaf_value=-0.0039375842688417493 -0.00073430847946994891 -0.017486609021404659 -0.0074862126296768765 0.032176572069388114 0.0085214059449202281 0.023583980570531373 0.0027204380806950968 -0.0028852602141455973 -0.015719390811882141 0.0031589814078738219 -0.019689283540784322 -0.011623436037860563 0.0044742525934268638 0.0033518828779647413
leaf_weight=544.84464629681315 97.051362802274525 354.25459486979526 250.67566947377054 80.441354328533635 1203.6310728428653 162.36934580141678 3709.3296167895896 2512.5151195240906 146.21785469772294 860.19909890991403 311.1151443378476 289.12388251279481 288.35050787555519 285.53819883102551
leaf_count=10050 769 5423 2267 618 9672 1383 32044 19846 998 16220 10077 4158 3242 1760
internal_value=0.000198207 -0.00719912 0.00130288 0.0134078 0.000759961 -0.000109297 0.00119428 0.000455923 0.00537528 -0.00444926 -0.00955866 -0.000551228 0.0113732 -0.00338371
internal_weight=11095.7 782.423 428.168 177.493 10313.2 8677.85 6672.56 6221.84 1635.39 2005.28 855.96 1149.32 450.72 431.756
internal_count=118527 9077 3654 1387 109450 97020 56515 51890 12430 40505 20127 20378 4625 2758
cat_boundaries=0 1 2 3
cat_threshold=176 16415 390
is_linear=0
shrinkage=0.05


Tree=130
num_leaves=15
num_cat=4
split_feature=13 22 5 81 18 5 14 16 5 40 101 5 101 13
split_gain=20.2322 22.1807 29.0246 27.3843 24.4148 28.7765 21.0163 19.9812 25.6443 18.8506 26.6603 23.1931 18.4052 18.1051
threshold=1.4183388937970685 3.5000000000000004 0 0.48960154428904434 7.5000000000000009 1 0.89376595592556662 1.4398529699371159 2 0.12228255732622546 137.84361431623935 3 413.38720779220785 3.0390192091609274
decision_type=2 2 9 2 2 9 2 2 9 2 2 9 2 2
left_child=7 4 -3 13 9 -6 -5 -1 -9 11 -11 -2 -7 -4
right_child=1 2 3 6 5 12 -8 8 -10 10 -12 -13 -14 -15
leaf_value=-0.0023589596569923337 0.0021473427707862326 0.0062921835088871119 0.00078825153159820492 -0.023887741953168992 0.01035731051068987 -0.0095776629988614023 0.00086869541133831666 -0.01441395313335192 0.023779082248250965 0.027284398533686246 -0.0060887680676743822 0.01490531278718174 -0.053944255564969248 -0.026623208621872375
leaf_weight=6048.7989455759816 558.05981886340305 789.46593309671152 884.92278292408446 288.3830710533075 216.56668171030469 318.5994707721984 121.41831945441663 55.61625237565022 145.48046687268652 70.726133619202301 385.45738336769864 1055.6123343168292 25.211977151921019 64.522303391713649
leaf_count=84121 2924 5970 7216 2497 1830 3168 620 523 978 492 2337 4893 276 511
internal_value=2.94925e-05 0.00247896 -0.0012879 -0.00569869 0.00555805 -0.00369359 -0.0165421 -0.00184269 0.0136549 0.00806524 -0.000898829 0.0106024 -0.012497 -0.00107192
internal_weight=11028.8 4778.95 2148.71 1359.25 2630.23 560.378 409.801 6249.9 201.097 2069.86 456.184 1613.67 343.811 949.445
internal_count=118356 32734 16814 10844 15920 5274 3117 85622 1501 10646 2829 7817 3444 7727
cat_boundaries=0 1 2 3 4
cat_threshold=307490 55316 140426 477600
is_linear=0
shrinkage=0.05


Tree=131
num_leaves=15
num_cat=3
split_feature=21 99 58 5 38 7 22 30 46 12 5 46 29 93
split_gain=22.3573 20.8355 18.0563 20.2538 17.9942 17.9089 17.6402 16.393 16.2958 16.2573 11.2051 17.5489 13.9792 13.2621
threshold=1002.5200848689241 225.00000000000003 68.550000000000011 0 397.00000000000006 1 5.5000000000000009 0.94367567419678799 0.24233556060631956 1.6802620702795139 2 0.26426140969867212 0.81583251280322877 0.36457604895104906
decision_type=2 2 2 9 2 9 2 2 2 2 9 2 2 2
left_child=1 4 -3 5 -1 -4 9 -5 -8 -6 -2 12 13 -12
right_child=10 2 3 7 6 -7 8 -9 -10 -11 11 -13 -14 -15
leaf_value=-0.037968379553641116 0.024573264608734442 0.022609456094865824 0.0061375771486917099 -0.024067646215388594 -0.00057253392738163239 -0.023058503557280747 -0.015895026137412473 0.0066570877866008503 0.0037968102320828133 0.0062064962064924695 0.0038318803524312419 0.027972857422660365 0.010902329361416028 -0.025063380143874381
leaf_weight=31.77049707173137 94.510215116431937 40.690255562076345 209.34788797184592 308.2847472440917 8304.659359321493 58.96493038587505 330.47339428134728 50.19893788616173 153.42484900192358 989.67999065876938 83.414390934864059 72.411419349489734 166.00561490096152 75.222461143741384
leaf_count=963 619 372 3032 6081 85835 1209 8307 612 3213 4927 764 462 760 987
internal_value=-0.000550808 -0.00104022 -0.00958776 -0.0116892 -0.000458031 -0.000864384 -0.000335257 -0.0192148 -0.0096417 0.000148832 0.0098687 0.00559118 0.000748654 -0.00984534
internal_weight=10969.1 10477.5 667.487 626.797 9810.01 268.313 9778.24 358.484 483.898 9294.34 491.564 397.054 324.642 158.637
internal_count=118143 114551 11306 10934 103245 4241 102282 6693 11520 90762 3592 2973 2511 1751
cat_boundaries=0 1 2 3
cat_threshold=13586 24256 24640
is_linear=0
shrinkage=0.05


Tree=132
num_leaves=15
num_cat=3
split_feature=88 15 46 65 5 27 16 21 7 5 47 40 65 33
split_gain=22.9145 19.4013 18.3821 21.4675 19.6948 18.6108 23.9332 18.0959 18.5285 30.1772 29.0811 17.8529 15.2199 11.3942
threshold=-1.6024912722049411 1.195631215667462 0.24915250341871506 1.083396560445119 0 3.5000000000000004 1.2600180303272897 999.02869259041665 1 2 7.5000000000000009 0.12232901104921927 1.1591944550528301 0.32989361702127667
decision_type=2 2 2 2 9 2 2 2 9 9 2 2 2 2
left_child=7 2 5 4 -4 12 -7 -1 9 10 -9 -5 -2 -11
right_child=1 -3 3 11 -6 6 -8 8 -10 13 -12 -13 -14 -15
leaf_value=0.039490153084394082 0.0030366170224179444 0.022394265529162568 0.0064366780752583208 0.017394402710132408 -0.0034186862924418457 -0.0044829177016816229 0.0070008750979636105 -0.052864725858834963 0.018725126858242066 0.0032735827314091682 0.00055533643335678223 -0.0091853208842205356 -0.012460591394081351 0.033335002597988085
leaf_weight=48.757398922694847 2107.3634996897308 91.060832387767732 875.58128235739423 372.09998166013975 1175.5776698949048 5184.0256494488567 496.8113523934735 46.431683234346565 184.66441281756852 92.791081761708483 55.895015233661979 75.760182299243752 171.12155717465794 48.003014015965164
leaf_count=316 15049 446 8832 3643 12497 67771 3736 515 1408 880 442 1166 1509 211
internal_value=-8.5589e-05 -0.000570538 -0.000771183 0.00296896 0.000800672 -0.00194614 -0.00347763 0.0106373 0.0073286 -0.001999 -0.0215588 0.012886 0.00187004 0.0126751
internal_weight=11025.9 10549.4 10458.3 2499.02 2051.16 7959.32 5680.84 476.543 427.785 243.121 102.327 447.86 2278.49 140.794
internal_count=118421 114649 114203 26138 21329 88065 71507 3772 3456 2048 957 4809 16558 1091
cat_boundaries=0 1 2 3
cat_threshold=92186 3520 60640
is_linear=0
shrinkage=0.05


Tree=133
num_leaves=15
num_cat=3
split_feature=21 51 22 37 78 64 33 5 86 77 0 46 5 12
split_gain=25.4257 23.292 20.343 20.1984 20.0157 19.6117 18.0473 19.4836 17.8206 22.7307 15.8725 15.7676 17.4839 15.5415
threshold=1003.9568587729563 52.850000000000001 4.5000000000000009 23.500000000000004 0.68087301587301596 11.450000000000001 0.16754385964912283 0 479.00000000000006 0.44949494949494956 1 0.19690535509839643 2 1.9982109867148263
decision_type=2 2 2 2 2 2 2 9 2 2 1 2 9 2
left_child=1 2 3 10 -5 -3 7 -7 11 -10 -1 12 -2 -4
right_child=8 5 13 4 -6 6 -8 -9 9 -11 -12 -13 -14 -15
leaf_value=0.0034274551245913839 0.024701703822407297 0.017880544962032976 -0.0027456592993758341 0.0031042525760435957 0.031073657088247466 -5.2498264944561297e-05 -0.00051084875340033468 -0.011567794458539398 0.0091986531652532722 -0.044201521495239877 0.031213619316136573 0.026254547493732357 -0.02167030875806528 -0.053303803248082232
leaf_weight=95.68172088265419 25.586264717392623 132.15049022226594 326.54590200609528 819.18183282460086 69.366060451953672 664.57584062349633 7490.5509953319561 830.08546845213277 76.01505185640417 26.867077671457082 145.07934801548254 209.29979972844012 37.273427403881215 15.865170477889476
leaf_count=727 157 954 4452 5995 770 14511 67239 19825 455 327 880 1402 345 105
internal_value=0.000164592 -0.000288139 0.00554771 0.00878609 0.00529661 -0.00123076 -0.00151259 -0.00652914 0.0129572 -0.00472732 0.021636 0.01966 -0.002225 -0.00511768
internal_weight=10964.1 10589.1 1471.72 1129.31 888.548 9117.36 8985.21 1494.66 375.042 102.882 240.761 272.159 62.8597 342.411
internal_count=118144 115458 12929 8372 6765 102529 101575 34336 2686 782 1607 1904 502 4557
cat_boundaries=0 1 2 3
cat_threshold=319788 212 25920
is_linear=0
shrinkage=0.05


Tree=134
num_leaves=15
num_cat=5
split_feature=62 5 33 5 14 45 102 17 7 5 15 5 59 31
split_gain=17.8395 21.6994 14.826 18.2739 18.9368 19.7888 15.0266 21.6617 30.3522 21.9483 18.5333 18.3684 14.7262 14.6592
threshold=24.250000000000004 0 0.41012820512820519 1 0.94768540561786974 0.046167509222571394 195.97103349673205 -0.77216914329155706 2 3 0.3247001635309652 4 51.850000000000001 0.91287878787878551
decision_type=2 9 2 9 2 2 2 2 9 9 2 9 2 2
left_child=1 12 6 -4 5 -5 7 9 -9 -2 11 -8 -1 -12
right_child=2 -3 3 4 -6 -7 10 8 -10 -11 13 -13 -14 -15
leaf_value=0.0085575468333048913 0.020611138393957146 0.017967673953335855 0.0085653958472589817 0.015009041377051884 0.013311876680405822 -0.0083548939804363575 -0.017507984966302046 -0.012024377850583612 0.00020784767600003301 -0.0018467657919240329 0.0017876808049090366 -0.0040914333076721302 -0.018867370010481558 -0.010955405318447025
leaf_weight=108.73456314037321 232.38895404175855 276.96330511267297 889.32359095243737 105.58569685462862 174.41840462898836 631.78790685441345 434.03739234470413 550.90899682207964 5276.9886374416528 201.10597580036847 1072.16075527051 652.23741268698359 88.698310970561579 285.65950803435408
leaf_count=883 3010 2020 4177 462 774 3249 12101 5406 51322 3163 10281 17732 886 2796
internal_value=-0.000180379 0.00930213 -0.000609096 0.00351927 -0.00147517 -0.00500101 -0.00146384 -0.000165128 -0.000968064 0.0106157 -0.00478874 -0.00965676 -0.00356104 -0.000890149
internal_weight=10981 474.396 10506.6 1801.12 911.792 737.374 8705.49 6261.39 5827.9 433.495 2444.1 1086.27 197.433 1357.82
internal_count=118262 3789 114473 8662 4485 3711 105811 62901 56728 6173 42910 29833 1769 13077
cat_boundaries=0 1 2 3 4 5
cat_threshold=247928 404566 81152 9404 164816
is_linear=0
shrinkage=0.05


Tree=135
num_leaves=15
num_cat=3
split_feature=57 47 22 40 19 18 5 30 0 32 46 5 32 52
split_gain=21.7393 16.5573 25.0132 30.5518 20.5677 26.6339 18.4913 19.8328 17.4084 15.6589 15.1488 13.0556 20.1997 12.9025
threshold=64.850000000000009 2.5000000000000004 4.5000000000000009 0.13436848017974645 0.70018382352941189 2.5000000000000004 0 0.46912476293400923 1 0.056980519480519486 0.17507024848680433 2 0.18697033898305088 66.750000000000014
decision_type=2 2 2 2 2 2 9 2 1 2 2 9 2 2
left_child=-1 4 3 10 5 8 -6 -8 -2 -7 -3 12 -4 -13
right_child=1 2 11 -5 6 9 7 -9 -10 -11 -12 13 -14 -15
leaf_value=0.028092838827271472 -0.0081280929149898911 -0.0042330282648099906 -0.014273630109617443 -0.04229509588217667 -0.0017176297156252932 -0.01177048966438337 -0.017159921480878707 -0.055687708904950367 0.012714876119669675 -0.0017274149536518923 0.0033231379234349811 -0.0017902053165937866 -0.07927809193038779 -0.018230471802492494
leaf_weight=68.289320595562458 126.31315755937248 745.98551653738832 116.80937050463399 38.205723044695333 153.28716783650452 565.35492629028158 124.65925161584164 45.957871998427436 406.29468968650326 1242.6531618388835 5944.1864947082649 1233.3190742630977 13.286151328124104 132.18590643198695
leaf_count=507 851 7474 2095 994 3266 12229 3217 1009 2160 12371 53278 16229 114 2583
internal_value=-8.78237e-06 -0.000185743 0.000923591 0.00222418 -0.00361146 -0.00197453 -0.0154206 -0.0260668 0.00784788 -0.00487108 0.00247979 -0.00492389 -0.0195081 -0.00336194
internal_weight=10956.8 10888.5 8223.98 6728.38 2664.52 2340.62 323.904 170.617 532.608 1808.01 6690.17 1495.6 130.096 1365.5
internal_count=118377 117870 82767 61746 35103 27611 7492 4226 3011 24600 60752 21021 2209 18812
cat_boundaries=0 1 2 3
cat_threshold=291776 532 32800
is_linear=0
shrinkage=0.05


Tree=136
num_leaves=15
num_cat=2
split_feature=59 65 56 66 20 99 15 89 5 36 5 51 50 65
split_gain=17.5876 17.0182 22.4601 26.2476 31.7622 19.3186 19.1408 17.0681 23.2784 19.7187 14.5828 16.4864 14.1511 13.3071
threshold=51.150000000000013 1.0313045166731898 12.250000000000002 1.0606296243932327 0.0089514652014651992 150.00000000000003 0.63359505565011898 11.500000000000002 0 -0.14545276675255794 1 61.250000000000007 0.06416137379440133 1.0604342051710474
decision_type=2 2 2 2 2 2 2 2 9 2 9 2 2 2
left_child=10 6 13 4 -4 -5 7 8 -2 -9 12 -12 -1 -3
right_child=1 2 3 5 -6 -7 -8 9 -10 -11 11 -13 -14 -15
leaf_value=-0.03148605747539393 0.0027820764249746051 0.023108773595227169 -0.034123808856688101 0.00037065757555513246 -0.0071034303405607749 -0.0081993006506682776 0.0078077559004170495 -0.0056840085987027358 -0.0050662779251822963 0.007493274208033431 0.031221401162660437 -0.0025969486461282073 0.012168143837653231 -0.012622818912928708
leaf_weight=32.295590894296765 1642.7794194676098 125.10786169534549 135.97052620328031 2621.7711232654983 546.58573125180556 877.21900492208079 942.5605455172481 369.02727762516588 2198.9984033721557 1224.9525295905769 124.20319769554771 50.360379141522571 43.207017766777426 32.639340085792355
leaf_count=327 19614 837 2040 26411 6723 11406 5250 5985 28700 9016 765 534 343 244
internal_value=-0.000106045 -0.000412393 -0.00282828 -0.00352808 -0.0124976 -0.00177663 0.00123042 8.88659e-05 -0.00171491 0.00443926 0.0129987 0.0202795 -0.00570127 0.0156806
internal_weight=10967.7 10717.6 4339.29 4181.55 682.556 3498.99 6378.32 5435.76 3841.78 1593.98 250.066 174.564 75.5026 157.747
internal_count=118195 116226 47661 46580 8763 37817 68565 63315 48314 15001 1969 1299 670 1081
cat_boundaries=0 1 2
cat_threshold=280730 52234
is_linear=0
shrinkage=0.05


Tree=137
num_leaves=15
num_cat=3
split_feature=88 88 5 102 27 30 5 27 20 101 5 38 43 33
split_gain=24.724 26.0474 23.5369 19.9328 18.8701 23.0265 21.9055 15.0559 13.5643 13.1102 12.7559 12.479 22.8439 13.137
threshold=-1.2057924516400085 -1.1935735377078742 0 25.99784610814023 3.5000000000000004 0.13339405294539261 1 1.5000000000000002 0.046186166774402078 207.83758236208237 2 493.00000000000006 1.0000000180025095e-35 0.47063218390804601
decision_type=2 2 9 2 2 2 9 2 2 2 9 2 2 2
left_child=2 8 7 -3 6 -6 -5 -1 -2 10 -4 13 -13 -9
right_child=1 3 9 4 5 -7 -8 11 -10 -11 -12 12 -14 -15
leaf_value=0.020983941683711496 -0.073439860149079716 -0.041170971518818517 0.0090281005877004689 0.0081478689331177905 -5.0209569435188245e-05 -0.0061678338102365551 -0.0010888320221345059 -0.0050972908648735035 -0.014999332328734237 0.01111286078172982 -0.022141096521281173 0.0030799017685286183 -0.043970084821991072 0.030410293059002481
leaf_weight=54.794051743578166 17.995815620757639 30.728926315670833 60.794791297288612 1070.2494729961036 4131.0573316203663 2452.1252003886329 1579.7239751262823 315.4875059624901 22.74768594885245 1047.1568740672665 53.598783120978624 48.103053796105087 55.046718205558136 28.272924475371838
leaf_count=264 258 242 597 7653 53071 31324 12054 3190 213 7959 608 341 593 97
internal_value=-0.000201889 -0.00120603 0.00541222 -0.00102981 -0.000895226 -0.00232974 0.00266653 -0.00363472 -0.0410507 0.00927555 -0.00668435 -0.00674964 -0.0219985 -0.0021544
internal_weight=10967.9 9304.63 1663.25 9263.88 9233.16 6583.18 2649.97 501.704 40.7435 1161.55 114.394 446.91 103.15 343.76
internal_count=118464 104815 13649 104344 104102 84395 19707 4485 471 9164 1205 4221 934 3287
cat_boundaries=0 1 2 3
cat_threshold=512192 298010 8726
is_linear=0
shrinkage=0.05


Tree=138
num_leaves=15
num_cat=1
split_feature=64 102 37 20 16 53 78 22 17 12 52 45 5 48
split_gain=20.1261 17.7758 24.3834 23.5466 19.1597 22.4318 23.2379 19.8708 23.9849 18.1193 16.0856 15.0528 14.6425 17.3768
threshold=11.850000000000003 72.331458333333345 58.500000000000007 0.13032212885154063 0.22363206001421976 12.450000000000001 0.2847420634920636 3.5000000000000004 -1.9247110337469207 0.13009650845857898 65.15000000000002 0.062351530540273668 0 4.5000000000000009
decision_type=2 2 2 2 2 2 2 2 2 2 2 2 9 2
left_child=11 2 9 -4 5 -3 -7 8 -6 10 -2 12 -1 -14
right_child=1 4 3 -5 7 6 -8 -9 -10 -11 -12 -13 13 -15
leaf_value=-0.036687866137642626 0.0080289779052551413 0.010918999197657875 -0.0097805089550477373 0.027067291221452735 0.032543933350567898 -0.02612636107096393 -0.00629715861601041 -0.0033926481011334179 0.0012549253484091429 0.011908463567893671 -0.014148159093298338 0.013272036717567597 -0.020722204435537624 0.029184131217615417
leaf_weight=21.511029913672246 183.3354395381175 131.8059827927791 389.50184786960017 48.634566341061145 62.016987136274111 198.66276335774455 580.49098753154976 3350.9039797714213 4471.17133360554 866.11664475430734 147.30082047882024 449.80077543080552 33.855406793765724 35.686924282024847
leaf_count=311 1820 2189 3319 284 738 3074 18431 38127 39290 4745 2027 3259 367 301
internal_value=0.000111069 -0.000376183 0.00441059 -0.00567363 -0.00126659 -0.008132 -0.0113622 -0.000472608 0.00168479 0.00810681 -0.00183727 0.00951492 -0.00898444 0.00421609
internal_weight=10970.8 10429.9 1634.89 438.136 8795.05 910.96 779.154 7884.09 4533.19 1196.75 330.636 540.854 91.0534 69.5423
internal_count=118282 114044 12195 3603 101849 23694 21505 78155 40028 8592 3847 4238 979 668
cat_boundaries=0 1
cat_threshold=109600
is_linear=0
shrinkage=0.05


Tree=139
num_leaves=15
num_cat=4
split_feature=99 7 56 5 5 35 51 37 54 41 5 22 51 41
split_gain=15.1405 21.8394 20.538 20.1529 17.4355 18.048 17.1398 19.2652 16.5481 22.419 18.8353 18.5534 16.3961 15.9574
threshold=150.00000000000003 0 12.550000000000002 1 2 4.0820306121828489 52.350000000000001 30.500000000000004 12.950000000000001 -0.092807924203273023 3 5.5000000000000009 52.95000000000001 -0.45307917888563043
decision_type=2 9 2 9 9 2 2 2 2 2 9 2 2 2
left_child=2 3 -1 -2 5 -3 7 -6 9 -4 -11 12 -10 -5
right_child=1 4 8 13 6 -7 -8 -9 11 10 -12 -13 -14 -15
leaf_value=0.0076982777623027208 0.0044623375628910595 -0.0046594587281194935 -0.029664711927872081 -0.055767822988184813 0.043770597608180591 0.040230112906607253 -0.020269581537305865 -0.016967675315213974 0.010238161477479123 -0.016491998159645048 0.0041716663308689443 -0.011186446094042117 0.00075055839167870305 -0.0052999407055532603
leaf_weight=1051.2659213333391 1042.3234239625745 388.49186997237848 98.665372206363827 15.946518282580653 23.409820631146431 23.649001757614315 400.05101358453976 29.134828448295593 493.54241951898439 162.82599536073394 297.71632910612971 302.44581816450227 5901.8382210392156 705.61884314045892
leaf_count=7814 11770 5543 1207 337 201 111 6555 370 3786 1942 2882 7581 58965 9277
internal_value=0.000120089 -0.00318671 0.00116694 2.88171e-05 -0.00963963 -0.00201355 -0.0163777 0.0100294 0.000220017 -0.00804143 -0.00339263 0.000910629 0.00148366 -0.0063419
internal_weight=10936.9 2628.63 8308.3 1763.89 864.737 412.141 452.596 52.5446 7257.03 559.208 460.542 6697.83 6395.38 721.565
internal_count=118341 34164 84177 21384 12780 5654 7126 571 76363 6031 4824 70332 62751 9614
cat_boundaries=0 1 2 3 4
cat_threshold=113088 7540 25654 420512
is_linear=0
shrinkage=0.05


Tree=140
num_leaves=15
num_cat=1
split_feature=83 99 15 37 51 93 99 12 12 4 16 49 12 16
split_gain=17.7759 18.3428 17.8959 18.17 17.6917 15.8524 14.0674 14.7872 13.7104 14.8233 13.2599 16.4123 13.0253 12.2099
threshold=0.37715517241379315 225.00000000000003 -0.10671783755474154 63.500000000000007 51.45000000000001 0.59072218631042173 -349.99999999999994 -2.1013514776350326 1.2744798601975311 0 0.40798071596595142 0.068908988128886392 -0.41337656057861089 1.1200036265687836
decision_type=2 2 2 2 2 2 2 2 2 9 2 2 2 2
left_child=1 4 -3 5 12 -4 10 13 -6 -10 -2 -12 -1 -8
right_child=6 2 3 -5 8 -7 7 -9 9 -11 11 -13 -14 -15
leaf_value=-0.016032776002822394 -0.013356562903909568 -0.032471259458835298 -0.024164696507794327 0.012923089380263609 -0.0025585334379156933 0.0034448082670495333 -0.023301059610541422 0.002175939099078004 0.013470633695579388 -1.0892162853988565e-05 -0.0046319660892276664 0.024206198901882133 0.023339371459283092 0.014963683791953631
leaf_weight=25.295315639930777 41.481115627568215 84.56994956539711 141.4967873286223 86.483963642036542 4462.5940984083281 81.658857198199257 98.846630039275624 4525.0196589046391 279.41120236529969 696.86101489374414 65.455572091275826 196.58122544502839 118.54258612473495 26.170983807649463
leaf_count=503 446 4296 2179 1068 67662 1515 1479 30339 1668 4497 494 1122 838 192
internal_value=0.00017305 -0.00166208 -0.0120854 -0.00649277 -0.000924959 -0.0140422 0.0023883 0.00170617 -0.00138367 0.00398127 0.0128183 0.0169845 0.0163743 -0.0152453
internal_weight=10930.5 5976.91 394.21 309.64 5582.7 223.156 4953.56 4650.04 5438.87 976.272 303.518 262.037 143.838 125.018
internal_count=118298 84226 9058 4762 75168 3694 34072 32010 73827 6165 2062 1616 1341 1671
cat_boundaries=0 1
cat_threshold=136
is_linear=0
shrinkage=0.05


Tree=141
num_leaves=15
num_cat=1
split_feature=99 67 5 93 51 30 35 38 12 33 21 46 37 100
split_gain=17.1026 21.1835 22.7062 21.8562 17.8672 16.0083 15.8957 15.7258 14.5732 19.4351 17.6435 19.5999 17.0152 16.8326
threshold=-174.99999999999997 -0.40000000000000119 0 0.31251984126984134 51.45000000000001 0.59344663274107223 0.46414484211288715 463.00000000000006 1.0836476613707962 0.14017543859649126 999.88827021836835 0.25134169874902795 30.500000000000004 1.0000000180025095e-35
decision_type=2 2 9 2 2 2 2 2 2 2 2 2 2 2
left_child=1 2 -1 -4 -3 -6 -5 -7 9 -2 11 -11 -12 -10
right_child=8 4 3 6 5 7 -8 -9 13 10 12 -13 -14 -15
leaf_value=0.0053435243084120274 -0.010680995964625144 0.033476519562079553 -0.0053084421203549101 -0.058698582500208797 0.0013413872704805948 0.00025929622204507298 -0.0076661671305764973 0.016243758413599839 0.0046886773010242069 -0.0008000889292657953 -0.00755953535507819 0.011084552031699148 -0.00057875524271949145 -0.0049000200622267608
leaf_weight=139.27739961200859 688.35310121293878 52.860824979259633 79.784018020902295 50.696150341129396 1589.7040851179627 239.84052457852522 22.199570649536327 432.41807158046868 1601.6935423773248 1352.5123465306824 1631.0215867209481 466.20145632163621 1881.5483161995071 640.28193510393612
leaf_count=1828 19558 308 1036 1210 18953 2295 251 2871 9321 16103 17127 4860 18473 3952
internal_value=-0.000377146 0.00315317 -0.00953057 -0.0220339 0.00475541 0.00408056 -0.0432575 0.0105493 -0.0014917 -0.0027736 -0.00175152 0.00224406 -0.00382175 0.00194793
internal_weight=10868.4 2606.78 291.957 152.68 2314.82 2261.96 72.8957 672.259 8261.61 6019.64 5331.28 1818.71 3512.57 2241.98
internal_count=118146 28752 4325 2497 24427 24119 1461 5166 89394 76121 56563 20963 35600 13273
cat_boundaries=0 1
cat_threshold=234596
is_linear=0
shrinkage=0.05


Tree=142
num_leaves=15
num_cat=2
split_feature=63 5 50 31 37 17 20 5 74 30 33 32 97 68
split_gain=13.9674 21.1504 19.512 14.1631 17.5081 16.1392 17.1642 16.1334 13.9269 14.7918 13.1368 19.031 16.7867 16.598
threshold=11.950000000000001 0 0.015189970773727121 2.1291666666666669 64.500000000000014 -0.26838786658129993 0.033210784313725504 1 1.0999999999999972 1.0086444676908723 0.36993150684931514 0.17974358974358975 0.82892255892255906 2.100000000000001
decision_type=2 9 2 2 2 2 2 9 2 2 2 2 2 2
left_child=1 -1 -3 10 7 -6 -7 -5 9 -4 11 13 -12 -2
right_child=3 2 8 4 5 6 -8 -9 -10 -11 12 -13 -14 -15
leaf_value=-0.0088248986850716707 -0.0013106841311293542 -0.031438953674257114 0.0040865786885112545 0.015135755884972128 0.00037839500580620882 -0.014764128632485172 -0.077654583209784966 -0.013765710969101728 0.023785903861295733 0.02396570206751987 0.0020939278058283313 -0.035433606485704337 0.034757535534630526 -0.051404048127197892
leaf_weight=221.69920619647019 6911.7028052649111 30.043629920575768 686.92504607239971 62.19110159703996 22.287114371778443 18.983316258294508 26.122634458472021 139.4067164134467 142.78240397723857 108.47801457846072 2392.1483701188117 41.311927173286676 39.918625981546938 16.481618713587523
leaf_count=2234 91342 315 5826 608 406 246 364 1724 1063 573 12871 314 146 279
internal_value=-0.00022441 0.00488646 0.00803986 -0.000853846 -0.0121649 -0.0342196 -0.0513883 -0.00475407 0.00939833 0.00680667 -0.000529564 -0.00163409 0.00263351 -0.00143131
internal_weight=10860.5 1189.93 968.229 9670.55 268.991 67.3931 45.106 201.598 938.185 795.403 9401.56 6969.5 2432.07 6928.18
internal_count=118311 10011 7777 108300 3348 1016 610 2332 7462 6399 104952 91935 13017 91621
cat_boundaries=0 1 2
cat_threshold=444448 3600
is_linear=0
shrinkage=0.05


Tree=143
num_leaves=15
num_cat=2
split_feature=33 61 36 31 15 15 11 93 83 31 5 22 34 7
split_gain=16.9633 15.7525 14.2116 22.8371 20.9783 16.0577 15.9683 14.361 12.272 22.0059 14.371 14.209 14.6466 11.8516
threshold=0.15424266455194294 22.650000000000002 1.4307007171438706 -2.1213235294117641 0.059623045296259509 1.0696980868871935 0.11904761904761905 2.4381517094017098 0.15192307692307697 -1.2696969696969693 0 4.5000000000000009 381.20000000000005 1
decision_type=2 2 2 2 2 2 2 2 2 2 9 2 2 9
left_child=8 -2 5 6 -5 7 -4 -3 10 11 -1 -10 -13 -11
right_child=1 2 3 4 -6 -7 -8 -9 9 13 -12 12 -14 -15
leaf_value=8.0734068336203222e-05 0.021860218311591073 7.699853934263602e-05 0.0072546783109524076 -0.004649030190091291 0.0074785597575084354 0.015989703056468515 0.047264761436391266 -0.041480886650450327 0.02033584361399772 0.0021377489882705627 -0.014786944304963341 -0.073471848250922914 0.010984335384009315 -0.012041736853548687
leaf_weight=269.69404637537082 93.523387100081891 7418.0775997170131 47.772708999924362 507.46741403022315 1195.7960452366387 159.49758175993338 52.95336586679332 20.746431007341016 159.92837405577302 305.01699678573641 420.40256118000252 8.5155572132207471 12.449357412930111 273.63161753676832
leaf_count=8187 409 71947 270 4169 6752 740 232 514 1532 4334 14365 330 310 4293
internal_value=0.000679425 0.00144891 0.00124512 0.00523463 0.00386229 0.000297217 0.0283642 -3.87878e-05 -0.00435737 2.12956e-05 -0.00918322 0.0152445 -0.0232688 -0.00473086
internal_weight=10945.5 9495.83 9402.31 1803.99 1703.26 7598.32 100.726 7438.82 1449.64 759.542 690.097 180.893 20.9649 578.649
internal_count=118384 85033 84624 11423 10921 73201 502 72461 33351 10799 22552 2172 640 8627
cat_boundaries=0 1 2
cat_threshold=262950 12563
is_linear=0
shrinkage=0.05


Tree=144
num_leaves=15
num_cat=1
split_feature=12 74 74 72 45 45 17 5 15 67 38 88 29 100
split_gain=14.7748 21.2954 18.4278 17.4512 16.6479 17.1272 16.5537 16.1732 14.6623 14.394 17.1837 13.9143 12.9799 11.9459
threshold=-0.37692704196004029 1.4000000000000032 1.0999999999999972 1.0491326259651419 0.10191960134056256 0.13802629072204234 -1.8184917773224007 0 -1.3958873004553116 0.10000000000000055 451.00000000000006 -0.6389405495786652 1.1437945180507987 1.0000000180025095e-35
decision_type=2 2 2 2 2 2 2 9 2 2 2 2 2 2
left_child=1 4 6 -4 9 -6 -2 -5 -8 12 -11 -7 -1 -10
right_child=2 -3 3 7 5 11 8 -9 13 10 -12 -13 -14 -15
leaf_value=-0.0068827621035091966 0.041532214666710761 -0.069436959361324824 0.029910631467778989 0.013254308398182913 0.014502881952612399 -0.058885179621961208 0.036414245120090137 -0.022177702020104006 0.0013029679406024626 -0.01247096776198894 0.0036552239703361599 -0.0007712939497625396 -0.030898274820191612 -0.0039107403845893623
leaf_weight=1151.2869474906765 24.661478013498709 12.016351002152076 106.15138481417671 94.005020497716032 225.26792379305698 14.491831369930877 28.357071694917977 36.689073230256326 6783.8685693315929 211.44198717322433 753.76646208192687 35.643447359383572 59.221089698374271 1310.6432827477693
leaf_count=27783 245 269 647 622 3461 298 324 348 58647 4774 10131 671 512 9614
internal_value=0.000109545 -0.0032944 0.00111017 0.0148566 -0.00296528 0.00860851 0.000709772 0.00257784 0.000584707 -0.00443292 0.000116458 -0.0177527 -0.00806425 0.000458122
internal_weight=10847.5 2463.14 8384.38 236.845 2451.12 275.403 8147.53 130.694 8122.87 2175.72 965.208 50.1353 1210.51 8094.51
internal_count=118346 47899 70447 1617 47630 4430 68830 970 68585 43200 14905 969 28295 68261
cat_boundaries=0 1
cat_threshold=3902
is_linear=0
shrinkage=0.05


Tree=145
num_leaves=15
num_cat=4
split_feature=100 5 86 12 86 83 77 5 83 16 0 67 5 77
split_gain=17.5346 22.7211 14.7156 14.7041 16.2462 20.877 21.2738 20.4228 14.5447 13.8918 15.8442 13.5632 18.9235 17.7162
threshold=1.0000000180025095e-35 0 483.00000000000006 1.6036466261482285 459.00000000000006 0.58114035087719318 0.21825396825396828 1 0.37268518518518523 0.63171167511336657 2 -0.59999999999999865 3 0.70294117647058829
decision_type=2 9 2 2 2 2 2 9 2 2 1 2 9 2
left_child=3 -2 9 11 5 6 -5 -7 -6 10 -3 12 13 -1
right_child=1 2 -4 4 8 7 -8 -9 -10 -11 -12 -13 -14 -15
leaf_value=-0.010171557590199904 -0.011041820529411793 0.0071945115979788867 0.016639803848065685 0.012128598168906008 0.032676548596252485 -0.0041097852840948912 -0.011212839571324152 0.027743458667833176 0.0075547268161463843 0.0027276717809997086 -0.024214612803786641 0.00084942965983863909 0.0012125515834588 -0.04152721840410549
leaf_weight=280.80429874523543 747.02940693206619 58.908015954657458 129.15237727109343 147.31897230260074 100.33325570495799 83.181640222668648 288.35039825481363 122.73528706352226 136.93475458351895 439.44076514040353 108.8997031225008 7764.4814266233006 400.17227005434688 53.805831792909885
leaf_count=3790 6140 546 731 697 478 377 1917 461 638 3067 1424 90689 5955 1578
internal_value=7.22099e-05 -0.00497832 0.00129887 0.00087168 0.00702841 0.00288393 -0.00330763 0.0160033 0.0182083 -0.0019365 -0.0141748 0.000234388 -0.00625722 -0.0147973
internal_weight=10861.5 1483.43 736.401 9378.12 878.854 641.586 435.669 205.917 237.268 607.248 167.808 8499.26 734.782 334.61
internal_count=118488 11908 5768 106580 4568 3452 2614 838 1116 5037 1970 102012 11323 5368
cat_boundaries=0 1 2 3 4
cat_threshold=72052 332186 82 273290
is_linear=0
shrinkage=0.05


Tree=146
num_leaves=15
num_cat=5
split_feature=33 39 0 5 33 5 26 18 66 5 5 31 33 49
split_gain=17.6341 18.89 15.2973 18.8484 14.8415 14.5393 16.519 14.092 16.9036 19.5255 17.3627 13.592 20.7699 18.3645
threshold=0.35067567567567576 -7.4999999999999991 0 1 0.40192307692307699 2 7.5000000000000009 9.5000000000000018 1.0654713194606813 3 4 0.64495798319327957 0.11466871584699455 0.51744421906693727
decision_type=2 2 1 9 2 9 2 2 2 9 9 2 2 2
left_child=1 5 3 -2 -5 6 -1 -3 9 -9 -10 12 -7 -13
right_child=2 7 -4 4 -6 11 -8 8 10 -11 -12 13 -14 -15
leaf_value=0.0077400637621815142 0.0086322225315887281 0.0010536492752348729 0.0044500358414197626 -0.0068511242832675571 -0.045821312980205198 -0.054597406488482172 -0.019042384338051586 -0.00055362841310288926 0.0083335235393371069 -0.017031920237123663 -0.0072465087509905636 -0.035475617657958966 -0.0048183421993019081 0.02679278198813221
leaf_weight=203.9799617343233 70.495220120996237 5661.5865395367437 2955.2563867454883 49.09204347524792 49.314938020892441 22.755131589074153 80.094092294515576 333.30952465563314 372.10705704445718 400.645059960254 326.11962084105471 110.6557949676062 257.66644442098914 13.092017264221793
leaf_count=1923 347 57405 15861 311 311 859 2175 7874 7285 10705 7233 1983 3773 120
internal_value=0.000438795 -0.000834576 0.00361218 -0.0106455 -0.0240195 -0.00874275 0.000161487 -6.65016e-05 -0.00449785 -0.00979614 0.00106499 -0.0146536 -0.00889357 -0.0288312
internal_weight=10906.2 7782.01 3124.16 168.902 98.407 688.243 284.074 7093.77 1432.18 733.955 698.227 404.169 280.422 123.748
internal_count=118165 101335 16830 969 622 10833 4098 90502 33097 18579 14518 6735 4632 2103
cat_boundaries=0 1 2 3 4 5
cat_threshold=6 51222 67928 57548 331066
is_linear=0
shrinkage=0.05


Tree=147
num_leaves=15
num_cat=3
split_feature=41 11 88 5 13 33 46 5 5 11 67 17 89 14
split_gain=18.2218 29.6126 15.8815 14.1884 22.9881 13.1476 16.1264 14.4133 12.8102 17.2222 16.6132 16.351 11.4259 13.4405
threshold=0.28831168831168835 0.092110177404295071 -1.6377538175592801 0 1.5673773113424641 0.089943820224719112 0.28986917047312927 1 2 0.075443510737628394 0.09999999999999877 0.13757900037376353 1.5000000000000002 0.21324054349148883
decision_type=2 2 2 9 2 2 2 9 9 2 2 2 2 2
left_child=2 8 3 4 -1 6 7 -4 9 10 -2 -10 13 -7
right_child=1 -3 5 -5 -6 12 -8 -9 11 -11 -12 -13 -14 -15
leaf_value=-0.031320822867740176 -0.051991616511004035 -0.022890490767362843 0.00027911784032897167 0.014533246980693812 0.026198296044387687 -0.00011832279775510229 0.035491968632040932 -0.030048474540417598 0.04285204421888536 0.022665899696158381 0.0067025951840897248 -0.0025226842745709483 0.00075690298015310999 -0.017537648074883502
leaf_weight=47.230112672667019 28.592560523131397 212.87411974434508 74.070447511534439 326.43921208684333 27.273318073712289 268.38776912534377 15.280540070554705 88.008792568260105 40.902055872080382 26.198985500144772 20.521249152254313 38.093281676527113 9456.557163752208 189.12281055934727
leaf_count=508 475 2996 2520 2507 140 6331 350 3448 464 232 213 330 96100 1850
internal_value=0.00014574 -0.0108006 0.000529386 0.0102875 -0.00898644 0.000141093 -0.0133475 -0.0180018 0.00584947 -0.00875122 -0.027402 0.0185832 0.000383036 -0.0073322
internal_weight=10859.6 367.182 10492.4 400.943 74.5034 10091.4 177.36 162.079 154.308 75.3128 49.1138 78.9953 9914.07 457.511
internal_count=118464 4710 113754 3155 648 110599 6318 5968 1714 920 688 794 104281 8181
cat_boundaries=0 1 2 3
cat_threshold=426176 346786 81450
is_linear=0
shrinkage=0.05


Tree=148
num_leaves=15
num_cat=3
split_feature=21 83 52 88 0 68 5 53 5 52 31 37 16 12
split_gain=16.106 21.4211 17.8628 17.0276 18.2737 19.1274 17.6767 15.4637 21.1871 19.747 21.9558 14.4605 14.9414 21.9143
threshold=999.17480539618987 0.79285714285714304 52.350000000000001 -1.3719265829027727 0 1.1500000000000006 1 12.65 2 54.050000000000004 0.22474747474747406 204.50000000000003 0.58320040032535758 0.50603132579407151
decision_type=2 2 2 2 1 2 9 2 9 2 2 2 2 2
left_child=2 7 -1 -4 6 -6 -5 8 -2 10 -9 12 -3 -14
right_child=1 11 3 4 5 -7 -8 9 -10 -11 -12 -13 13 -15
leaf_value=0.041206262966034718 -0.0044559490380896944 -0.0018308878545546772 0.023349651689513196 -0.012316906169633289 0.011159589234261158 -0.033023857519283405 0.003754005789513193 -0.0037838188870799858 0.0071714218367149654 -0.0020558650166267547 -0.047501348254985538 -0.025678215272859486 0.015991534532598665 0.0023511905314562492
leaf_weight=34.120007212215569 607.77576991694514 478.13729642867111 111.98902385355905 269.82889906130731 597.1039173854515 25.395423079840839 432.62270941541647 66.603345965384506 1068.6880146296462 5854.8179472920892 50.786318055004813 37.583556208293885 545.99278291873634 641.2805316101294
leaf_count=282 6330 3163 850 3610 6526 309 5168 755 10186 74129 679 256 2839 3196
internal_value=0.000621686 -0.000142822 0.00548481 0.00463032 0.00304269 0.00919633 -0.00249929 -0.00127253 0.0029693 -0.00246412 -0.0227642 0.00492787 0.00562306 0.00862902
internal_weight=10822.7 9351.67 1471.06 1436.94 1324.95 622.499 702.452 7648.67 1676.46 5972.21 117.39 1702.99 1665.41 1187.27
internal_count=118278 101533 16745 16463 15613 6835 8778 92079 16516 75563 1434 9454 9198 6035
cat_boundaries=0 1 2 3
cat_threshold=312 52424 491814
is_linear=0
shrinkage=0.05


Tree=149
num_leaves=14
num_cat=1
split_feature=81 22 41 21 101 31 21 12 5 24 38 41 89
split_gain=15.9888 15.4748 15.0546 14.908 22.5896 18.455 17.1725 14.654 13.0372 15.8972 14.4173 11.8313 4.32614
threshold=0.93340012928248239 5.5000000000000009 0.32495285983658084 999.81320849342535 578.56005907491215 1.6306818181818168 999.8191031049987 2.4205991557910402 0 1.5000000000000002 501.00000000000006 0.066759517177344491 5.5000000000000009
decision_type=2 2 2 2 2 2 2 2 9 2 2 2 2
left_child=1 3 8 4 5 -1 11 -8 9 -3 -10 -5 -4
right_child=-2 2 12 6 -6 -7 7 -9 10 -11 -12 -13 -14
leaf_value=0.0055299711512990391 -0.03677748410100546 0.017987167168922923 -0.026395815766864856 -0.070652530557855142 -0.04037832258302608 -0.010467647038357702 -0.00091138298463786904 0.012499924952826246 -0.0064942528144668211 -0.020235553231090882 0.017788746819070233 -0.0064954462868631714 -0.082398644952469652
leaf_weight=2275.2338506930973 29.61866761231795 30.849758453201503 6.7484488573390982 14.583939448581079 28.550306118559092 195.50331680371892 7510.7194743548462 209.22804125945549 209.96184715256095 218.64227682037745 86.092208607064094 14.484096817555836 8.1196024592500162
leaf_count=22869 288 253 256 286 311 2529 77300 993 5367 6077 1337 135 251
internal_value=-0.000153095 -5.19329e-05 -0.00814194 0.000390045 0.00374819 0.00426172 -0.000692445 -0.000547101 -0.00677292 -0.0148875 0.000535863 -0.0389875 -0.0576598
internal_weight=10838.3 10808.7 560.414 10248.3 2499.29 2470.74 7749.02 7719.95 545.546 249.492 296.054 29.068 14.8681
internal_count=118252 117964 13541 104423 25709 25398 78714 78293 13034 6330 6704 421 507
cat_boundaries=0 1
cat_threshold=78426
is_linear=0
shrinkage=0.05


Tree=150
num_leaves=15
num_cat=3
split_feature=21 45 5 78 102 26 29 16 47 5 49 52 0 68
split_gain=17.5871 15.5258 14.892 13.7336 19.8053 15.5418 14.0403 13.1721 13.1195 12.2522 14.041 18.8866 12.6074 11.3417
threshold=1003.00652977896 0.069235890607395281 0 0.74881970970206269 460.16881944444452 16.500000000000004 0.82799284252414185 1.3823495157263248 12.500000000000002 1 0.43348082595870213 55.750000000000007 2 -0.49999999999999906
decision_type=2 2 9 2 2 2 2 2 2 9 2 2 1 2
left_child=3 2 -2 4 5 7 -6 -1 -4 12 11 -11 -5 -7
right_child=1 -3 8 9 6 13 -8 -9 -10 10 -12 -13 -14 -15
leaf_value=-0.00065812835639273717 0.011732376510020522 0.017512155876868902 -0.0013236977864044478 0.028941555320027484 -0.015696598394320284 0.0366498573311256 -0.077906994937565421 0.008175326637272589 -0.040788352616433002 -0.048928239538525327 0.0060497851652700522 -0.013288994133696037 -0.0053057888683036526 -0.044078575454299482
leaf_weight=9417.518717829691 92.498528103926219 248.26339847850613 52.480125614441931 29.025542656163452 32.020818694960326 4.9015578396501942 12.76439274754375 441.68330364162102 35.391776838805526 43.816090656560846 71.216662602790166 249.61278014513664 80.581785078684334 31.432272700301837
leaf_count=96311 668 1724 438 627 859 191 123 2716 359 1269 1521 7807 2272 1505
internal_value=-0.00052179 0.00940176 -0.00173727 -0.000930782 -0.000533608 -0.000382782 -0.0336729 -0.000261812 -0.0155376 -0.00924312 -0.0134377 -0.0186427 0.0053983 -0.0329801
internal_weight=10843.2 428.634 180.37 10414.6 9940.32 9895.54 44.7852 9859.2 87.8719 474.253 364.646 293.429 109.607 36.3338
internal_count=118390 3189 1465 115201 101705 100723 982 99027 797 13496 10597 9076 2899 1696
cat_boundaries=0 1 2 3
cat_threshold=416326 337984 72
is_linear=0
shrinkage=0.05


Tree=151
num_leaves=15
num_cat=5
split_feature=100 65 5 55 0 21 21 0 21 13 42 5 0 30
split_gain=13.8213 19.3199 21.1107 25.5997 19.5071 19.1324 25.1556 16.3195 18.0069 17.8123 15.7015 14.4256 19.2895 18.7348
threshold=1.0000000180025095e-35 0.98913886080215707 0 12.850000000000003 1 1000.1809954855893 998.72724658777918 2 999.98536414987041 0.35498316535612268 1.0000000180025095e-35 3 4 0.17845924768535912
decision_type=2 2 9 2 1 2 2 1 2 2 2 9 1 2
left_child=1 2 7 -4 -5 6 -2 9 -9 -1 11 13 -13 -7
right_child=5 -3 3 4 -6 10 -8 8 -10 -11 -12 12 -14 -15
leaf_value=-0.027532208048413217 0.011177609136032858 -0.00010916899777784384 0.023327154109694381 0.013825178212488787 -0.018290253645144108 -0.043364310511052079 -0.021447751127402288 -0.008304901564435415 -0.059176631652753713 0.019460827168676146 -0.0324447979752297 0.016125014339184795 -0.0023993200637935398 -0.0039856033283405656
leaf_weight=25.178848738432862 74.230141991982237 8569.278811607277 306.27982118655927 94.070572744414676 76.497927885560784 32.280561059480533 285.15611698356224 106.44616904418217 20.796644775429741 98.597120432415977 39.185311090201139 227.02740537491627 343.36858583835419 459.48931460804306
leaf_count=644 554 97955 2344 1230 1152 384 3779 1422 262 755 371 1373 2445 2957
internal_value=-0.00015534 0.000554576 0.00837475 0.0143819 -0.000812812 -0.00467689 -0.0146939 -0.00345323 -0.0154828 0.00911101 -0.00140261 -0.000249752 0.00511735 -0.00645765
internal_weight=10757.9 9297.15 727.867 476.848 170.569 1460.74 359.386 251.019 127.243 123.776 1101.35 1062.17 570.396 491.77
internal_count=117627 105764 7809 4726 2382 11863 4333 3083 1684 1399 7530 7159 3818 3341
cat_boundaries=0 1 2 3 4 5
cat_threshold=373892 360 172 21232 777
is_linear=0
shrinkage=0.05


Tree=152
num_leaves=15
num_cat=1
split_feature=12 45 21 5 73 71 71 71 38 99 46 88 86 41
split_gain=20.6031 19.5105 15.6148 13.1137 11.4643 17.2998 15.2888 13.4497 11.3073 11.0878 12.0079 10.9125 14.8301 9.99591
threshold=1.6802620702795139 0.027816465490560199 1003.9568587729563 0 1.1000000000000008 1.04351332398317 1.0364897431604849 1.0530377448353876 513.00000000000011 275.00000000000006 0.19445359994140485 -0.74269909000335199 461.00000000000006 0.14249456127628721
decision_type=2 2 2 9 2 2 2 2 2 2 2 2 2 2
left_child=2 -2 4 11 5 6 -1 -7 9 10 -4 -3 -13 -5
right_child=1 3 8 13 -6 7 -8 -9 -10 -11 -12 12 -14 -15
leaf_value=-0.0010742684717409757 -0.027449905314323238 0.020148937487301771 -0.020399113680866252 -0.0026130695005427678 0.013308580172784188 -0.033428442300346549 0.018968581522931328 -0.0075713029376549557 0.031073359176595414 0.03729470889485581 0.0081963204444498398 0.00099536912786173061 0.022653495962929062 0.018149406237799089
leaf_weight=8843.2170422451163 40.733903028070927 263.33587164618075 45.872933687001932 357.70425968070049 136.82118764845654 63.194195444812067 96.059948426496703 249.90095078377635 54.4453230118379 25.256604592781514 181.45198124460876 286.92419549077749 109.27902203705162 69.053715870250016
leaf_count=103221 275 1129 446 1992 1470 896 972 3337 337 180 1478 1675 525 364
internal_value=5.62694e-05 0.00645507 -0.000687032 0.00773345 -0.0010504 -0.00126342 -0.000858122 -0.0128152 0.0104056 0.00592017 0.0023975 0.0120684 0.00698584 0.000721359
internal_weight=10823.3 1127.03 9696.22 1086.3 9389.19 9252.37 8939.28 313.095 307.027 252.582 227.325 659.539 396.203 426.758
internal_count=118297 5960 112337 5685 109896 108426 104193 4233 2441 2104 1924 3329 2200 2356
cat_boundaries=0 1
cat_threshold=134900
is_linear=0
shrinkage=0.05


Tree=153
num_leaves=15
num_cat=2
split_feature=38 64 5 78 19 29 18 12 7 73 13 25 30 19
split_gain=20.9415 14.7887 14.835 21.1401 22.1695 13.9318 14.1535 12.8354 26.6873 14.2814 13.7914 12.1859 9.2333 9.02498
threshold=397.00000000000006 11.65 0 0.58059315684315693 0.2667366946778712 0.48821726425895445 4.5000000000000009 2.4205991557910402 1 1.5499999999999974 3.4813275157930721 3.5000000000000004 -0.10408998795505177 0.69198717948717958
decision_type=2 2 9 2 2 2 2 2 9 2 2 2 2 2
left_child=13 2 3 4 -2 6 -4 9 12 10 -3 -7 -9 -1
right_child=1 7 5 -5 -6 11 -8 8 -10 -11 -12 -13 -14 -15
leaf_value=-0.057503348919583586 0.0079707680129073345 -0.00019767457865623795 0.0057363218528201157 0.035398020091330577 -0.042398947016258466 0.020605080069417567 0.044230846721163147 -0.00049923395434608618 -0.016839554817247287 -0.042496032323579853 -0.020659293139799865 -0.012783108782004414 0.024986266609570974 -0.001966262198013827
leaf_weight=22.459096191247227 44.578737819800153 10096.143986250856 36.367576762102544 25.126256351359189 42.436692792922258 62.383337602950633 71.447518365399446 44.78605744172819 62.481963703874499 20.056764558656141 82.937322516459972 48.312354107387364 165.13333882577717 11.117245911445933
leaf_count=738 316 112569 259 240 407 259 684 259 375 286 637 317 691 424
internal_value=4.28914e-05 0.00016608 0.0105758 -0.0044537 -0.0165572 0.0177044 0.0313098 -0.000162242 0.0105464 -0.000448842 -0.000365085 0.00598953 0.01864 -0.0393237
internal_weight=10835.8 10802.2 330.652 112.142 87.0154 218.511 107.815 10471.5 272.401 10199.1 10179.1 110.696 209.919 33.5763
internal_count=118461 117299 2482 963 723 1519 943 114817 1325 113492 113206 576 950 1162
cat_boundaries=0 1 2
cat_threshold=380000 1110
is_linear=0
shrinkage=0.05


Tree=154
num_leaves=15
num_cat=4
split_feature=64 4 13 17 18 22 79 15 5 99 68 5 32 7
split_gain=14.7785 23.4724 16.933 18.934 17.934 21.5432 16.1674 14.4288 14.2681 13.5755 19.2884 26.279 18.7705 19.4491
threshold=11.850000000000003 0 1.4722443947426391 0.60612077890783522 5.5000000000000009 3.5000000000000004 1.0000000180025095e-35 0.26731803702922635 1 150.00000000000003 0.39999999999999952 2 0.30825791855203627 3
decision_type=2 9 2 2 2 2 2 2 9 2 2 9 2 9
left_child=1 6 4 7 -3 -6 -1 -4 -8 10 -2 -12 13 -11
right_child=9 2 3 -5 5 -7 8 -9 -10 12 11 -13 -14 -15
leaf_value=0.027149951848347877 -0.00098119509745027899 -0.0346725332964486 0.046076973741137499 -0.016927686700709415 0.028988771339724936 -0.031700478918612399 0.018401532664327088 0.0050538366208217724 -0.017401100636005844 -0.010921640046480961 -0.0043032798448824176 0.0073680209285860044 0.025031663103667813 -0.0011826300860198855
leaf_weight=184.7175201298669 5346.8471996353474 63.912399471038952 38.080282723996788 44.803931713569909 34.589032154122833 25.151960396615323 47.755034666974097 49.648775705369189 43.573181871674024 735.96013145695906 646.43352696020156 1842.4192160801613 56.00900402199477 1671.7284845121612
leaf_count=1285 59377 537 225 280 378 481 363 293 387 11199 5838 15891 219 21359
internal_value=0.000112601 0.00823657 -0.00284973 0.00942853 -0.0162774 0.00334375 0.0179924 0.0229497 0.00137429 -0.000306804 0.000710553 0.00434687 -0.0035444 -0.00421224
internal_weight=10831.6 532.232 256.186 132.533 123.653 59.741 276.046 87.7291 91.3282 10299.4 7835.7 2488.85 2463.7 2407.69
internal_count=118112 4229 2194 798 1396 859 2035 518 750 113883 81106 21729 32777 32558
cat_boundaries=0 1 2 3 4
cat_threshold=106 4998 4372 796
is_linear=0
shrinkage=0.05


Tree=155
num_leaves=15
num_cat=1
split_feature=63 57 30 5 12 46 41 13 78 32 78 27 88 101
split_gain=13.989 16.4769 15.861 18.6163 20.9593 15.9486 14.5969 18.4164 19.1203 21.8237 14.3216 13.605 13.6579 23.1971
threshold=11.65 65.65000000000002 0.94367567419678799 0 0.40059049161772253 0.23531418024235617 0.23294573643410857 0.047262431864195036 0.25723399966047028 0.26705426356589151 0.61946078431372553 12.500000000000002 -1.2057924516400085 180.47023119343893
decision_type=2 2 2 9 2 2 2 2 2 2 2 2 2 2
left_child=1 -1 3 4 -3 -4 11 -8 -9 -10 -5 12 13 -2
right_child=6 2 5 10 -6 -7 7 8 9 -11 -12 -13 -14 -15
leaf_value=0.025780897277205062 -0.036465144767149363 0.0039033062157063656 0.0034204758484503474 0.0036379664550422863 -0.027116688268741175 0.04274727847506965 -0.038831597091345739 0.0084571951283337662 -0.012847014719220269 0.031129282715516265 0.034051364302075594 0.0042573290567190416 -0.0017441976952878254 0.005331165474987431
leaf_weight=97.655656786286272 34.069256876769941 110.80481306521688 56.800825819605961 249.64967912493739 106.48288051132113 47.600629715714604 43.506198763236171 184.92197974724695 483.69039891409921 29.805039794184268 45.844987935735844 1561.1194086627802 6586.1321154190518 1139.2340125310002
leaf_count=599 543 1121 329 1721 711 190 1698 1261 6047 95 457 19606 74518 9194
internal_value=-5.81054e-05 0.00669948 0.00366848 4.05379e-05 -0.0107846 0.0214227 -0.000538723 -0.007288 -0.00531064 -0.0102792 0.00810901 -8.66342e-07 -0.00085826 0.00411026
internal_weight=10777.3 714.839 617.184 512.782 217.288 104.401 10062.5 741.924 698.417 513.495 295.495 9320.55 7759.44 1173.3
internal_count=118090 5128 4529 4010 1832 519 112962 9101 7403 6142 2178 103861 84255 9737
cat_boundaries=0 1
cat_threshold=301464
is_linear=0
shrinkage=0.05


Tree=156
num_leaves=15
num_cat=3
split_feature=63 46 22 40 5 0 13 40 13 43 83 47 16 5
split_gain=16.2624 19.492 14.1495 15.4902 16.8946 13.5685 18.4216 13.793 16.0142 13.3606 12.4561 17.5492 14.6191 13.4175
threshold=11.65 0.17404596542324788 6.5000000000000009 0.10686253385865552 0 1 2.1628479869927504 0.11383021196283392 1.0564787779387885 1.0000000180025095e-35 0.18634259259259262 8.5000000000000018 0.89497971333091109 2
decision_type=2 2 2 2 9 1 2 2 2 2 2 2 2 9
left_child=1 -1 3 4 9 7 -7 8 -4 -2 -3 12 -12 -13
right_child=2 10 5 -5 -6 6 -8 -9 -10 -11 11 13 -14 -15
leaf_value=-0.033688389665633256 0.012634417687509983 0.019844951741790937 0.0058278746991733488 -0.00070032817738623901 0.016675245023379609 -0.041914369209385585 0.031875136484487081 0.018045088386126604 -0.076723944218184292 -0.010291676752250345 -0.018952480064357593 -0.014704435320742289 0.009635278768836672 0.015498372306940282
leaf_weight=27.685112038743682 105.5427072593011 191.3247438542312 13.809050987882076 9364.230863582372 265.23447985644452 66.054933177569183 9.5451891706325096 45.893043316726107 9.9806707643438113 159.24991851655068 110.27509786887094 35.901310321874917 74.843749575316906 277.00474483356811
leaf_count=290 823 1560 522 103089 2327 2794 114 1249 270 1552 969 278 441 1586
internal_value=6.19462e-05 0.00733647 -0.000457178 -0.000229128 0.0080849 -0.0159429 -0.0287094 0.00172443 -0.0287726 -0.00109222 0.00899597 0.00481497 -0.00736846 0.0120388
internal_weight=10756.6 717.035 10039.5 9894.26 530.027 145.283 75.6001 69.6828 23.7897 264.793 689.35 498.025 185.119 312.906
internal_count=117864 5124 112740 107791 4702 4949 2908 2041 792 2375 4834 3274 1410 1864
cat_boundaries=0 1 2 3
cat_threshold=134002 900 133128
is_linear=0
shrinkage=0.05


Tree=157
num_leaves=15
num_cat=2
split_feature=21 99 33 37 16 16 20 89 5 23 5 15 101 99
split_gain=12.9573 12.571 14.1479 12.7988 18.3287 12.2815 18.3528 16.0383 14.5262 15.0797 13.5218 20.5196 14.4397 12.5439
threshold=1003.00652977896 -349.99999999999994 0.54049180327868862 33.500000000000007 0.68268921472484823 1.4398529699371159 0.15009157509157511 1.5000000000000002 0 55.750000000000007 1 -0.3823251271600252 685.30092592592598 -174.99999999999997
decision_type=2 2 2 2 2 2 2 2 9 2 9 2 2 2
left_child=5 -2 3 4 -3 7 8 13 -7 -10 12 -12 -9 -1
right_child=1 2 -4 -5 -6 6 -8 10 9 -11 11 -13 -14 -15
leaf_value=0.0047270517105846063 0.031952318620723903 0.0072072981590020407 0.029902336594972559 0.0062052216979453633 -0.048109580923638567 0.020696615613822592 -0.024376031323045558 -0.0035456426307154463 0.010033651796531734 -0.024863595928934622 -0.0069668733659778844 0.001964629828869665 0.022627483860601171 -0.015312050872526951
leaf_weight=103.60375046954141 50.408875932684168 30.881037087878212 50.759263209998608 268.54836487525608 28.693030587164685 192.33495258691255 38.047395975096151 2936.0582065123599 104.35401313379407 43.890156951150857 721.9492864064232 5869.0836079703877 53.515154350548983 312.38392237544758
leaf_count=2102 312 295 195 2044 330 1198 252 34974 696 432 15593 52964 372 6647
internal_value=-1.08921e-05 0.0084999 0.00535884 0.00153887 -0.0193875 -0.0003636 0.0084735 -0.000698891 0.012164 -0.000257024 -0.000280986 0.000983975 -0.00306446 -0.0103093
internal_weight=10804.5 429.291 378.882 328.122 59.5741 10375.2 378.627 9996.59 340.579 148.244 9580.61 6591.03 2989.57 415.988
internal_count=118406 3176 2864 2669 625 115230 2578 112652 2326 1128 103903 68557 35346 8749
cat_boundaries=0 1 2
cat_threshold=332532 455200
is_linear=0
shrinkage=0.05


Tree=158
num_leaves=15
num_cat=4
split_feature=21 12 47 7 81 12 77 7 51 55 41 71 5 5
split_gain=14.9788 13.7638 20.0402 15.9988 21.8705 20.4761 18.517 15.9818 16.0768 14.542 23.0046 13.8989 13.8019 13.5483
threshold=1003.00652977896 0.55563436903819108 7.5000000000000009 0 0.92399059274059281 0.74140568074193058 0.73030303030303034 1 56.750000000000007 12.850000000000003 0.17160385626643299 1.0292451115601315 2 3
decision_type=2 2 2 9 2 2 2 9 2 2 2 2 9 9
left_child=1 2 7 5 11 -3 -7 12 -9 13 -11 -5 -1 -4
right_child=-2 3 9 4 -6 6 -8 8 -10 10 -12 -13 -14 -15
leaf_value=0.015162888000048455 0.0091750192700276994 -0.022292024736560959 -0.0037047849998926075 0.0042516074298298767 -0.039230077092557672 0.00090735925141352623 -0.028629073933790508 -0.012588833657379339 -0.0038662337651606152 -0.0011582461639984432 -0.025641691956020132 -0.008089124456322927 -0.0025523835915994457 0.006732381939984689
leaf_weight=150.77556798350997 414.94945298135281 135.6252639379818 416.49588772177231 3346.8898426290834 30.209624983370304 725.55326239881106 57.13322392012924 804.03274155067629 1547.910050885097 1282.5618144367472 103.65874460939085 244.50158357410692 342.25550304498756 1172.3697999879369
leaf_count=2218 3161 1297 4786 22225 195 4691 664 12194 27096 19069 1919 1780 5611 11391
internal_value=-0.000138195 -0.000511786 -0.00212174 0.00155104 0.00304332 -0.00431457 -0.00124569 -0.00512221 -0.00682166 0.000745904 -0.00299439 0.00340986 0.00305088 0.00401229
internal_weight=10774.9 10360 5820.06 4539.91 3621.6 918.312 782.686 2844.97 2351.94 2975.09 1386.22 3591.39 493.031 1588.87
internal_count=118297 115136 84284 30852 24200 6652 5355 47119 39290 37165 20988 24005 7829 16177
cat_boundaries=0 1 2 3 4
cat_threshold=47365 86029 72196 477728
is_linear=0
shrinkage=0.05


Tree=159
num_leaves=15
num_cat=2
split_feature=59 59 46 83 71 40 51 41 5 5 57 55 55 40
split_gain=14.5695 14.4972 13.7816 13.6884 16.96 14.4702 30.9521 21.6725 12.7429 11.4448 10.914 8.25897 12.4592 24.5535
threshold=51.45000000000001 51.550000000000004 0.20206719726510339 0.36602870813397131 0.9962157014378189 0.1174001056152086 52.95000000000001 0.10876959479443953 0 1 65.850000000000009 12.65 13.550000000000002 0.11638803573921543
decision_type=2 2 2 2 2 2 2 2 9 9 2 2 2 2
left_child=2 -2 10 5 8 7 -7 -3 -5 -6 -1 -4 -13 -14
right_child=1 3 11 4 9 6 -8 -9 -10 -11 -12 12 13 -15
leaf_value=-0.031896282810773162 -0.031292378897758696 0.0031208382266812648 0.00094376980945198776 0.0031549641592852847 -0.0027155639125276392 0.0097662012769496875 -0.0062725222930458098 -0.0072394714066038859 -0.030617297580743469 0.0034807450442400599 0.0075259615728523761 0.03510308741567341 0.027561367460488029 -0.018502150219605617
leaf_weight=31.027145787375048 37.578356497106142 2143.6067983931862 77.434675856260583 50.444670728873461 926.878719357308 341.03135280066635 2533.1848648115119 660.04282581902226 59.694257548078895 3680.0046530964319 39.875203257193789 83.263889001682401 75.547728036355693 46.632801583502442
leaf_count=352 386 26667 539 332 7270 4092 42233 8692 474 25215 374 530 550 592
internal_value=5.12776e-06 -0.000332852 0.00998304 -0.00022015 0.00176993 -0.00187434 -0.00436748 0.000679831 -0.0176063 0.00223463 -0.00967557 0.0149297 0.0201739 0.0099386
internal_weight=10786.2 10432.5 353.781 10394.9 4717.02 5677.87 2874.22 2803.65 110.139 4606.88 70.9023 282.879 205.444 122.181
internal_count=118298 115361 2937 114975 33291 81684 46325 35359 806 32485 726 2211 1672 1142
cat_boundaries=0 1 2
cat_threshold=17174 111104
is_linear=0
shrinkage=0.05


Tree=160
num_leaves=15
num_cat=1
split_feature=77 40 57 74 60 15 25 52 48 49 16 48 5 21
split_gain=13.4184 14.2499 13.9792 13.6797 16.857 16.514 14.8325 12.2177 20.0637 15.363 11.9199 11.7471 11.4852 11.2797
threshold=0.94281045751633996 0.12526595744680855 67.850000000000009 1.0999999999999972 55.050000000000004 0.55433395446316747 15.500000000000002 65.250000000000014 13.500000000000002 0.053614982578397218 0.94847891500913362 3.5000000000000004 0 994.82478050046836
decision_type=2 2 2 2 2 2 2 2 2 2 2 2 9 2
left_child=3 2 -2 6 -5 10 7 9 -9 -1 -6 13 -8 -4
right_child=1 -3 11 4 5 -7 12 8 -10 -11 -12 -13 -14 -15
leaf_value=-0.010397676367404319 -0.054586687832596709 -0.048484196433613576 0.052805025482845103 0.02175779846732534 0.014943157794773818 -0.043498839197235212 0.0045725442092755374 -0.0014905395522069689 -0.043541980747010947 0.0022702500072727173 -0.029342488131238464 0.049240346023573398 -0.025216246673955785 -0.0098605308564003579
leaf_weight=248.90918277885066 14.435838807839898 24.14863020874327 7.4308953592553726 163.14107455383055 73.071282240911387 20.790962678845972 49.5952540927683 3797.0904870176309 28.489431926398538 6088.8716327694128 19.03272570297122 9.8459345485898648 89.191981486190343 147.27128957081004
leaf_count=2984 321 1058 162 1235 883 158 1493 46165 445 55700 159 184 3679 3884
internal_value=0.000252194 -0.0124728 -0.00756188 0.000497141 0.01148 -0.00333399 0.000202272 0.000424527 -0.00180614 0.00177179 0.00571568 -0.00337537 -0.016026 -0.00678602
internal_weight=10781.3 203.133 178.984 10578.2 276.036 112.895 10302.1 10163.4 3825.58 6337.78 92.104 164.548 138.787 154.702
internal_count=118510 5609 4551 112901 2435 1200 110466 105294 46610 58684 1042 4230 5172 4046
cat_boundaries=0 1
cat_threshold=53254
is_linear=0
shrinkage=0.05


Tree=161
num_leaves=15
num_cat=3
split_feature=63 49 36 88 7 88 23 16 5 92 86 5 41 62
split_gain=14.989 18.6387 17.6025 14.7678 19.3785 18.552 17.5495 15.376 14.6895 20.4421 14.577 14.2683 15.8987 16.1501
threshold=11.750000000000002 0.055617421430339035 1.4063532513750971 -1.2057924516400085 0 -1.1935735377078742 54.500000000000007 0.66319909231453178 1 1.7723126750700284 521.00000000000011 2 -0.028123383932102331 30.850000000000005
decision_type=2 2 2 2 9 2 2 2 9 2 2 9 2 2
left_child=1 2 -1 4 8 -5 7 -6 -2 -10 -7 12 -3 -14
right_child=3 11 -4 5 6 10 -8 -9 9 -11 -12 -13 13 -15
leaf_value=-0.0033479192179460878 0.015399466999710162 0.026266541289914298 -0.052618888527388157 -0.037247658924623173 -0.030781311353744206 -0.0020538299328807974 0.0018541449205621383 0.0007380619173886925 0.0063047061084746878 -0.019244815093352192 0.015651357673003654 -0.00042050428028177905 0.014665951357831232 -0.011856537067693143
leaf_weight=128.22391985135619 356.26590091455728 176.96226034348365 21.073027916252613 36.994659370393492 97.74645799677819 8156.8874609410123 321.20641738094855 63.489856736036018 573.01597751490772 90.518980347551405 117.77651325450279 266.02429899387062 201.22696849954082 80.001727334456518
leaf_count=1284 2892 1111 187 451 1206 97150 2691 374 4678 864 1076 2238 1256 617
internal_value=-0.000575799 0.00569922 -0.0103665 -0.00113489 0.00342602 -0.00195985 -0.00478976 -0.0183462 0.00729315 0.00276764 -0.00180103 0.00901903 0.0142086 0.00710174
internal_weight=10687.4 873.512 149.297 9813.9 1502.24 8311.66 482.443 161.236 1019.8 663.535 8274.66 724.215 458.191 281.229
internal_count=118075 6693 1471 111382 12705 98677 4271 1580 8434 5542 98226 5222 2984 1873
cat_boundaries=0 1 2 3
cat_threshold=18527 238856 1758
is_linear=0
shrinkage=0.05


Tree=162
num_leaves=15
num_cat=4
split_feature=33 5 64 46 31 68 31 89 5 77 16 16 7 5
split_gain=16.6255 16.4004 22.1033 16.5754 15.0993 17.1062 14.4167 18.1472 14.1009 14.8622 13.8695 13.2144 12.8839 18.3416
threshold=0.24025316455696205 0 11.350000000000003 0.24915250341871506 -1.8284313725490191 0.49999999999999917 1.3944444444444424 3.5000000000000004 1 0.12916666666666668 -0.99494259943661045 1.3583050768044178 2 3
decision_type=2 9 2 2 2 2 2 2 9 2 2 2 9 9
left_child=10 2 -2 4 -3 -6 11 -8 9 -5 -1 -4 13 -12
right_child=1 3 6 8 5 -7 7 -9 -10 -11 12 -13 -14 -15
leaf_value=-0.045249515429098677 0.042427974180500906 0.016080859664291392 -0.0023071510666455683 -0.0092989001356019504 -0.0016754581696412111 0.006292258283460409 -0.054701356824231884 -0.0095140217433543253 0.0033668834327194872 0.018122587298251367 0.00100343194036921 0.014793682300910174 -0.00057890538705077316 -0.012685182562417636
leaf_weight=18.58849436903256 27.51177277462557 171.98270574002527 1666.9960557661252 55.198711761273444 2113.9074988181237 988.2955769210821 25.248430175706744 185.52071262116078 608.25740936119109 449.502441175282 419.7492403658689 121.0340310242027 3384.6617136366258 585.21453690950875
leaf_count=1500 129 942 12447 375 15971 6265 325 1361 4332 2967 6656 591 54423 10140
internal_value=0.00010938 0.0017346 -0.00198158 0.0034488 0.00166282 0.000861395 -0.00260734 -0.0149742 0.00872881 0.0148188 -0.00225398 -0.00114602 -0.00206974 -0.00700976
internal_weight=10821.7 6413.46 2026.31 4387.14 3274.19 3102.2 1998.8 210.769 1112.96 504.701 4408.21 1788.03 4389.63 1004.96
internal_count=118424 45705 14853 30852 23178 22236 14724 1686 7674 3342 72719 13038 71219 16796
cat_boundaries=0 1 2 3 4
cat_threshold=463140 3082 76928 297740
is_linear=0
shrinkage=0.05


Tree=163
num_leaves=15
num_cat=2
split_feature=43 73 49 67 52 51 30 35 27 5 78 35 17 1
split_gain=12.7621 15.269 17.394 15.2596 19.3722 24.6776 16.7916 15.6202 12.7971 12.8207 15.6362 15.3702 12.4608 12.4142
threshold=1.0000000180025095e-35 0.99999999999999922 0.13012940780295382 0.10000000000000055 54.45000000000001 53.45000000000001 0.8515471717848152 0.024549619848585284 16.500000000000004 0 0.83334554334554345 1.4916568577085629 0.12300300472489707 1
decision_type=2 2 2 2 2 2 2 2 2 9 2 2 2 9
left_child=1 13 12 8 -5 6 -6 -7 9 10 -2 -11 -3 -1
right_child=3 2 -4 4 5 7 -8 -9 -10 11 -12 -13 -14 -15
leaf_value=0.0033012291417317944 0.00038140554863542336 0.020882956046517229 0.033339894110305635 -0.01312803946471575 0.010316079811112168 0.0049457629401104316 0.04082652483066012 -0.0033839695318321076 -0.026153872433666799 -0.0077913416911991719 -0.04054398554013084 0.0084043138153801333 -0.031265676001566135 -0.0024866946982870699
leaf_weight=3006.1183923461649 1710.6824107843277 22.594223475782201 79.58075361547526 213.38680691202171 213.75657075759955 1141.2174557582766 57.384625995997339 1109.8029114534147 61.985014703823254 1579.0773460458731 23.560911678447155 161.10123776865657 22.954791210358962 1328.9854209815676
leaf_count=28603 20744 216 556 1919 1646 13039 238 10287 1212 23027 1239 1428 192 13709
internal_value=-1.80308e-05 0.00202608 0.0192418 -0.00147248 0.00133029 0.00255599 0.0168044 0.000836831 -0.00364193 -0.00323812 -0.00017302 -0.00625279 -0.00529915 0.00152757
internal_weight=10732.2 4460.23 125.13 6271.96 2735.55 2522.16 271.141 2251.02 3536.41 3474.42 1734.24 1740.18 45.549 4335.1
internal_count=118055 43276 964 74779 27129 25210 1884 23326 47650 46438 21983 24455 408 42312
cat_boundaries=0 1 2
cat_threshold=412956 25
is_linear=0
shrinkage=0.05


Tree=164
num_leaves=15
num_cat=0
split_feature=33 59 31 13 60 88 37 37 86 77 21 51 16 20
split_gain=13.9122 15.5985 16.5355 14.2721 12.0748 16.6827 15.5012 13.5538 16.467 13.0872 12.2941 11.394 12.5756 10.926
threshold=0.35067567567567576 51.150000000000013 -0.68465909090908983 -0.67784225396438502 53.050000000000004 0.13849419355230122 63.500000000000007 124.50000000000001 505.00000000000006 0.38675213675213682 999.17480539618987 61.050000000000004 0.66319909231453178 0.012605042016806728
decision_type=2 2 2 2 2 2 2 2 2 2 2 2 2 2
left_child=1 2 -1 -2 5 9 -7 10 -9 -3 -6 13 -13 -4
right_child=3 4 11 -5 7 6 -8 8 -10 -11 -12 12 -14 -15
leaf_value=-0.020043171421916292 0.024957113427222632 0.0087296389977625302 0.053265975343119901 0.0024035263881333341 0.0043320319597718515 -0.040182330695801585 0.013558022611842439 -0.013150249276695206 0.021131541062767434 0.042546674670205759 -0.0019673977652551722 0.024281621932451074 -0.028179076091746115 0.018087126225816416
leaf_weight=29.854992549167946 71.786957980366424 74.674205097835511 33.943979569710791 2999.5494827151997 888.48420238151448 25.126330382539891 28.40526719688205 404.66719425116025 38.15440298744943 46.853102920344099 6016.3869757970679 24.63991376105696 21.123087200568989 65.298514977330342
leaf_count=364 504 650 191 16435 12448 415 377 6803 357 413 78143 290 245 490
internal_value=8.76381e-05 -0.00104707 0.0137091 0.0029331 -0.00139091 0.0115796 -0.011601 -0.00170076 -0.0101811 0.0218327 -0.00115604 0.0207017 0 0.0302112
internal_weight=10768.9 7697.61 174.86 3071.34 7522.75 175.059 53.5316 7347.69 442.822 121.527 6904.87 145.005 45.763 99.2425
internal_count=118125 101186 1580 16939 99606 1855 792 97751 7160 1063 90591 1216 535 681
is_linear=0
shrinkage=0.05


Tree=165
num_leaves=15
num_cat=0
split_feature=21 35 13 37 10 37 55 10 33 21 25 30 77 11
split_gain=12.2532 15.6839 17.8096 16.2293 16.9882 19.4212 16.0951 17.6128 14.4334 14.1467 26.7713 15.5954 11.8901 15.2891
threshold=1003.00652977896 0.067749544888954474 1.505126338538614 97.500000000000014 0.86640317786552579 111.50000000000001 12.350000000000003 -0.37172761833379014 0.10403138528138529 1000.0915113896862 11.500000000000002 0.22229109324737559 0.82843137254901966 0.30539215686274518
decision_type=2 2 2 2 2 2 2 2 2 2 2 2 2 2
left_child=1 2 6 9 5 -5 7 -1 -8 10 -3 -11 13 -4
right_child=-2 3 12 4 -6 -7 8 -9 -10 11 -12 -13 -14 -15
leaf_value=0.020056056300337289 0.0084019724210987121 -0.0038688470539688133 0.0072063081188734196 -0.037582080873504904 0.00044938987126293172 -0.010538698790624211 -0.015326823712605471 0.00044138312386034911 -0.00086917571099931988 -0.022641623478926721 -0.033517100716186944 0.0013932937595349097 -0.010821452098124936 -0.016940316597728999
leaf_weight=188.60704293905292 423.40217385080177 973.12613280199002 1735.9287433553254 85.991688733221963 233.23032984841848 295.12678978405893 181.21325043676188 292.2141374949133 3637.258432344679 69.328870868775994 82.59017170779407 2403.2978485288331 107.23388743237592 67.918922778684646
leaf_count=1556 3157 10597 11671 1037 1991 3446 8029 2435 50423 882 2777 18410 1304 505
internal_value=6.5515e-05 -0.00027501 0.00131389 -0.00265813 -0.0101586 -0.0166619 -0.000470233 0.00814841 -0.00155699 -0.00135049 -0.00619596 0.000716479 0.00532999 0.00629347
internal_weight=10776.5 10353.1 6210.37 4142.69 614.349 381.118 4299.29 480.821 3818.47 3528.34 1055.72 2472.63 1911.08 1803.85
internal_count=118220 115063 75923 39140 6474 4483 62443 3991 58452 32666 13374 19292 13480 12176
is_linear=0
shrinkage=0.05


Tree=166
num_leaves=15
num_cat=3
split_feature=15 8 5 5 62 54 45 88 31 21 99 35 14 66
split_gain=15.0615 15.1495 18.0783 17.7011 22.3069 15.7611 15.9822 14.7442 13.0022 14.5625 16.8894 17.6412 16.8873 14.7558
threshold=-0.054843674713609188 0 1 2 25.450000000000003 12.65 0.1160805208030259 1.1320295993533833 -0.88675213675213616 999.91297921721718 -174.99999999999997 0.84862265754264865 -0.97473050746787993 1.0935183151188974
decision_type=2 9 9 9 2 2 2 2 2 2 2 2 2 2
left_child=8 3 -3 4 -2 7 -7 -4 9 12 -11 -12 -1 -14
right_child=1 2 5 -5 -6 6 -8 -9 -10 10 11 -13 13 -15
leaf_value=-0.033384014688717829 -0.046175196595421124 0.0028019688869155672 0.016042981890646072 0.0059428886191973188 -0.0017746566182340745 -0.005123902425296846 0.011957257855596462 -0.0220322585169705 -0.0014512936411415693 0.0024923042045386797 -0.035790108379791935 -0.0035254893670062341 -0.0065790308574223758 0.018006333497716222
leaf_weight=38.319866258651018 29.991560701280832 2262.0288519791793 170.20440355758183 2265.5367643109057 478.46510337421205 2519.3721300894395 144.56090264010709 29.699546303716488 2235.0314173667139 71.249673427839298 137.31304387011915 61.802897400339134 173.17771444472601 94.035055167158134
leaf_count=1991 304 21783 1340 14108 3335 25095 1280 470 38604 1519 4112 725 2555 1257
internal_value=-3.6643e-05 0.00108132 -0.000531099 0.00404982 -0.00432696 -0.00316609 -0.00419469 0.010353 -0.00318028 -0.00988028 -0.018333 -0.0258075 -0.00238058 0.00205762
internal_weight=10710.8 7899.86 5125.87 2773.99 508.457 2863.84 2663.93 199.904 2810.93 575.898 270.366 199.116 305.533 267.213
internal_count=118478 67715 49968 17747 3639 28185 26375 1810 50763 12159 6356 4837 5803 3812
cat_boundaries=0 1 2 3
cat_threshold=4 291476 479248
is_linear=0
shrinkage=0.05


Tree=167
num_leaves=15
num_cat=3
split_feature=83 73 64 88 54 51 46 102 92 5 36 5 5 65
split_gain=15.4196 20.6144 19.5293 13.6613 14.0431 13.1662 23.3103 18.7385 17.9726 15.0701 12.9655 12.4356 11.7457 11.5748
threshold=0.79285714285714304 -0.19999999999999749 11.450000000000001 -1.6024912722049411 12.65 56.250000000000007 0.16558400472434306 239.1380952380953 0.84209498834498853 0 -3.3954990231484312 1 2 1.0174469337229597
decision_type=2 2 2 2 2 2 2 2 2 9 2 9 9 2
left_child=2 -2 -1 4 -4 6 13 -8 9 -7 -5 -10 -6 -3
right_child=1 5 3 10 12 8 7 -9 11 -11 -12 -13 -14 -15
leaf_value=0.018295630109634767 -0.032670619857244822 -0.046399538907270631 0.040779113619604207 0.041938727814408883 -0.0052083711557732483 0.012354901169264481 -7.3555222855733551e-05 0.019831339165435218 -0.0049961117835430916 -0.0042967771039379987 -0.0016991232649889955 0.02319256946006314 0.012961328066366469 -0.0047678876425944552
leaf_weight=130.38004610908683 37.102777206804603 36.54806454339996 30.213780709076673 16.948044259013841 151.18969964800635 256.71573535678908 745.19214528100565 140.3254805477336 48.165464955382049 270.75472960947081 8356.7121640760743 253.16714573884383 195.47086717945058 31.248556885868311
leaf_count=954 288 256 215 424 1409 1357 4070 757 287 1700 103557 1280 1649 200
internal_value=-4.36796e-05 0.00414941 -0.000903217 -0.00119005 0.00811881 0.00492058 0.000907355 0.00307695 0.00953001 0.00395153 -0.0016097 0.0192738 0.00524689 -0.0273198
internal_weight=10700.1 1819.22 8880.91 8750.53 376.874 1782.12 953.314 885.518 828.803 527.47 8373.66 301.333 346.661 67.7966
internal_count=118403 10195 108208 107254 3273 9907 5283 4827 4624 3057 103981 1567 3058 456
cat_boundaries=0 1 2 3
cat_threshold=444494 295552 166640
is_linear=0
shrinkage=0.05


Tree=168
num_leaves=15
num_cat=3
split_feature=37 14 86 31 5 20 98 10 5 20 37 17 7 25
split_gain=11.8351 22.5113 19.4629 18.306 15.6859 16.6694 14.8258 14.255 12.9499 14.0559 13.7516 12.137 17.4444 16.8632
threshold=15.500000000000002 -0.67967906272985357 491.00000000000006 -0.69722222222222274 0 0.066123949579831962 0.72730394605394622 0.53392845256670396 1 0.13351158645276298 8.5000000000000018 -1.2685448245389146 2 12.500000000000002
decision_type=2 2 2 2 9 2 2 2 9 2 2 2 9 2
left_child=1 2 7 4 -3 -6 11 -1 9 -5 -10 12 13 -2
right_child=6 3 -4 8 5 -7 -8 -9 10 -11 -12 -13 -14 -15
leaf_value=-0.017091765192076374 0.022982398319538935 0.0010824108537424118 0.030805243373462184 0.010870990111784077 -0.010734462623620919 -0.042630739541542575 -0.026427841815700098 -0.052614373774900129 0.012210338926612531 -0.014964032198772945 -0.0068544723794976108 0.00084353387542057386 -0.010447298986019026 -0.010265547329211887
leaf_weight=87.718108132510679 211.49201784594334 132.88297143345699 15.207763074315151 413.48267182777636 107.28299781057285 66.853381496854126 48.713203401013743 42.168556591757806 115.03451412048889 60.089446480735205 527.02265847445233 8805.2094543798885 73.130201247957302 46.23262021660048
leaf_count=3586 2401 1474 334 3912 1226 949 1653 2085 1195 605 5402 90092 1953 1591
internal_value=0.000364357 -0.00364991 -0.0224068 -0.00173196 -0.012543 -0.0217762 0.00105013 -0.0286945 0.0012396 0.00742316 -0.00337697 0.00119747 0.0105988 0.0163624
internal_weight=10752.5 1567.74 145.094 1422.65 307.019 174.136 9184.78 129.887 1115.63 473.572 642.057 9136.06 330.855 257.725
internal_count=118458 20768 6005 14763 3649 2175 97690 5671 11114 4517 6597 96037 5945 3992
cat_boundaries=0 1 2 3
cat_threshold=279722 223332 5572
is_linear=0
shrinkage=0.05


Tree=169
num_leaves=15
num_cat=2
split_feature=15 68 32 61 89 7 65 100 99 65 4 46 102 32
split_gain=13.5943 18.3578 16.7616 17.3407 17.5859 17.791 16.3909 14.33 14.2442 13.5572 11.9409 9.8388 11.1343 10.6162
threshold=0.72861599338680205 0.79999999999999993 0.29083333333333339 22.550000000000004 11.500000000000002 0 0.98106386585302252 1.0000000180025095e-35 75.000000000000014 1.0254447074539768 1 0.27507626969334492 297.08433699633707 0.095491388044579545
decision_type=2 2 2 2 2 9 2 2 2 2 9 2 2 2
left_child=2 6 3 -1 7 -6 -2 -5 9 -3 -4 12 -8 -13
right_child=1 8 10 4 5 -7 11 -9 -10 -11 -12 13 -14 -15
leaf_value=0.026888402420235921 0.031526757495911994 0.015304683633412079 -0.0075955372514987692 -0.0012150391724125569 0.006737634665818823 -0.0013422296430627451 0.0012356519167802773 -0.0081057178399253915 -0.032779377035489554 -0.02088455541606191 0.019066563963099369 0.041843073544878803 0.016943122096326219 0.005638172819092277
leaf_weight=57.062578072305769 73.191941091325134 62.104982344899327 52.342131078708917 5837.3688417230733 1338.7969530347036 1373.65612346126 516.74227021541446 867.0011203859176 47.007296340772882 44.210952825378627 170.66327050561085 39.194667170755565 144.55061372858472 42.60231125401333
leaf_count=270 348 291 262 77506 11858 14116 2868 7944 292 276 691 209 991 220
internal_value=0.000318438 0.00596322 -0.000245531 -0.000565038 -0.000732211 0.00266393 0.00894814 -0.00210699 -0.00989117 0.0002031 0.0132998 0.00671355 0.00467872 0.0230774
internal_weight=10666.5 969.605 9696.89 9473.89 9416.82 2712.45 816.282 6704.37 153.323 106.316 223.005 743.09 661.293 81.797
internal_count=118142 5495 112647 111694 111424 25974 4636 85450 859 567 953 4288 3859 429
cat_boundaries=0 1 2
cat_threshold=16655 192
is_linear=0
shrinkage=0.05


Tree=170
num_leaves=15
num_cat=0
split_feature=63 99 49 83 63 55 11 66 16 29 89 49 46 43
split_gain=12.1037 12.7992 19.2118 16.6327 17.8164 16.3328 14.9072 13.6495 13.4945 29.9248 14.5935 14.5231 12.9897 12.402
threshold=11.850000000000003 -124.99999999999999 0.35762548262548272 0.79285714285714304 13.350000000000003 12.450000000000001 0.067350589225589244 1.0484617900435615 1.4096813157734196 0.96547206073805947 1.5000000000000002 0.17250131279537897 0.22112443638730075 1.0000000180025095e-35
decision_type=2 2 2 2 2 2 2 2 2 2 2 2 2 2
left_child=13 2 3 4 -2 -4 -7 -5 10 -10 -3 -11 -12 -1
right_child=1 8 5 7 -6 6 -8 -9 9 11 12 -13 -14 -15
leaf_value=0.011229354745338899 -0.015886032006745408 -0.013666749886645969 0.0082434019355499925 0.0032117125124897618 0.0040819737348555636 0.0037768734828862228 -0.018548214591741195 0.024417010700117207 0.017187878857422435 -0.038359885922993178 -0.0041177416510302794 0.0020755579882432312 0.00028059503035633091 0.00010137212605761283
leaf_weight=430.67418752313824 121.17977100069402 277.83574135179515 136.92058729217388 135.0464787138626 1405.8493321654678 105.20191640878329 255.31140476319706 175.00395913701504 238.27657856279984 41.473313605412841 3438.0630057205854 47.175245329272002 3276.2931048498431 600.09693445096491
leaf_count=3031 1983 6231 1000 764 17948 1166 3147 837 1743 276 39511 240 35126 5357
internal_value=-0.00039273 -0.000943084 0.00227951 0.00464133 0.00249317 -0.00643212 -0.0120204 0.0152009 -0.00197166 0.00795218 -0.00243648 -0.0168073 -0.00197084 0.00475633
internal_weight=10684.4 9653.63 2334.51 1837.08 1527.03 497.434 360.513 310.05 7319.12 326.925 6992.19 88.6486 6714.36 1030.77
internal_count=118360 109972 26845 21532 19931 5313 4313 1601 83127 2259 80868 516 74637 8388
is_linear=0
shrinkage=0.05


Tree=171
num_leaves=15
num_cat=4
split_feature=92 5 52 24 51 5 93 0 101 37 27 15 78 4
split_gain=12.601 26.3566 22.3178 20.1662 17.6903 22.5275 27.5506 17.1064 15.8375 14.7496 14.4499 13.8953 18.9516 19.5188
threshold=1.5829403983815751 0 54.550000000000004 10.500000000000002 52.550000000000004 1 0.4866753507929979 2 278.72495687645693 50.500000000000007 1.5000000000000002 -0.15018198691746629 0.2331774475524476 3
decision_type=2 9 2 2 2 9 2 1 2 2 2 2 2 9
left_child=4 2 8 7 5 6 10 -4 -2 -8 -1 -6 13 -13
right_child=1 -3 3 -5 11 -7 9 -9 -10 -11 -12 12 -14 -15
leaf_value=-0.029506228257730728 -0.01834184914570813 0.0016058973453878145 -0.026570939408951274 0.01769581172790443 -0.0042943220529766098 0.012428334888367511 -0.0080444997060351194 -0.0045257232966773161 -0.071427120000282729 -0.045713298491976695 0.0095566888038412581 0.015661825036015826 3.1826916247718677e-05 -0.00053093264386401909
leaf_weight=26.167772942222655 30.785790231544524 697.83183385431767 148.91203177184798 57.658561579999514 1548.5312413132779 652.39911690779263 60.071350929443724 231.84353481209837 26.418197700288147 46.312012281909119 236.13634931703564 406.75453175068833 6164.8121146858903 342.83670683694072
leaf_count=156 319 6336 1340 1070 33914 5354 731 1841 301 731 1923 2152 59858 2095
internal_value=0.000127005 -0.00471429 -0.0133841 -0.00980124 0.000736794 0.00695332 -0.00297824 -0.0139819 -0.043027 -0.0245174 0.00563091 -1.2737e-05 0.00094548 0.0084519
internal_weight=10677.5 1193.45 495.618 438.414 9484.02 1021.09 368.687 380.756 57.204 106.383 262.304 8462.93 6914.4 749.591
internal_count=118121 11207 4871 4251 106914 8895 3541 3181 620 1462 2079 98019 64105 4247
cat_boundaries=0 1 2 3 4
cat_threshold=214132 370980 156 178
is_linear=0
shrinkage=0.05


Tree=172
num_leaves=15
num_cat=1
split_feature=16 20 46 53 17 5 37 41 74 12 17 65 21 15
split_gain=18.6058 17.4324 26.0887 23.395 19.9974 16.0656 14.4444 13.2712 11.0669 11.8058 15.3572 14.9322 11.3314 12.8736
threshold=1.0739673122558071 0.0063025210084033606 0.17859389038634324 15.950000000000001 -1.2685448245389146 0 69.500000000000014 -0.14359351988217964 1.0499999999999983 -2.2082803374410678 0.76475053240874258 1.127678708097352 1000.4017019037799 0.49920325478478655
decision_type=2 2 2 2 2 9 2 2 2 2 2 2 2 2
left_child=8 2 -2 -4 -3 7 -7 -6 9 10 11 -1 13 -10
right_child=1 4 3 -5 5 6 -8 -9 12 -11 -12 -13 -14 -15
leaf_value=-0.019237559458358117 -0.025414470727250837 0.023030462639591742 0.025322660335968666 -0.0060339428542010628 -0.014433185239362351 0.00021714830583127736 -0.015006071256509003 0.0097651092292186589 0.020699805127077853 -0.00050416245347413525 0.048230887625599191 0.014795005290493005 -0.016665765027125024 -0.015914443910716499
leaf_weight=207.12370563944569 37.094933999935165 109.56991799327079 276.09349118173122 75.462752923136577 63.245066359173506 589.33299807040021 211.42569453897886 526.8171399096027 160.29623783999705 8362.1534667000524 10.221691069193183 37.922264086839277 32.464348101057112 27.99958270508796
leaf_count=7062 397 896 1674 660 576 4345 1617 3579 1630 94065 101 1043 302 194
internal_value=0.000417779 0.00492204 0.0143607 0.0185778 0.00247299 0.000848328 -0.00375056 0.00704165 -0.000544424 -0.000828202 -0.0114193 -0.0139465 0.0105056 0.0152232
internal_weight=10727.2 1889.04 388.651 351.556 1500.39 1390.82 800.759 590.062 8838.18 8617.42 255.268 245.046 220.76 188.296
internal_count=118141 13744 2731 2334 11013 10117 5962 4155 104397 102271 8206 8105 2126 1824
cat_boundaries=0 1
cat_threshold=79378
is_linear=0
shrinkage=0.05


Tree=173
num_leaves=15
num_cat=2
split_feature=37 10 45 89 16 21 21 66 43 17 7 63 5 12
split_gain=11.9385 29.1515 21.9713 24.9847 27.3468 20.1019 19.0456 19.397 18.6116 18.0254 22.0126 16.0075 19.441 16.0201
threshold=27.500000000000004 0.49877664813418165 0.084036852983290486 6.5000000000000009 0.9900000499171242 999.96477843444097 999.9763952285449 1.0278847435536667 1.0000000180025095e-35 -0.39332335165917259 0 11.65 1 1.0448522782987297
decision_type=2 2 2 2 2 2 2 2 2 2 9 2 9 2
left_child=1 5 3 4 -3 -1 7 -7 -8 10 -2 12 13 -11
right_child=9 2 -4 -5 -6 6 8 -9 -10 11 -12 -13 -14 -15
leaf_value=0.0041321455854988146 0.01321830327387119 -0.023669471058428485 -0.018929641852330942 0.0019541131021608028 0.0038226684649128977 -0.044240188745998915 0.005201874354373478 -0.0073643840040713603 -0.0098646786984996661 0.0041731236415208347 0.0010310469285184458 -0.0012955380980511949 0.015135187463986666 -0.02789150000161876
leaf_weight=1617.8417467428953 597.03620125880116 261.88183559023309 359.54349293548148 598.36323279779754 137.68001970334444 57.006591299956199 432.36322011146694 96.204019745986443 389.25416250177659 134.59201193065383 972.9134110948944 4615.2220391189912 325.74002424336504 54.610978790558875
leaf_count=18953 7529 5148 4657 5939 1221 1136 3530 1471 4063 1016 16583 44671 1947 322
internal_value=-0.000212706 -0.00239328 -0.00832941 -0.00450371 -0.0141852 0.000713025 -0.00495612 -0.0211377 -0.00193039 0.00107215 0.00576023 -0.00036162 0.00799762 -0.00481119
internal_weight=10650.3 3950.14 1357.47 997.925 399.562 2592.67 974.828 153.211 821.617 6700.11 1569.95 5130.17 514.943 189.203
internal_count=118186 46118 16965 12308 6369 29153 10200 2607 7593 72068 24112 47956 3285 1338
cat_boundaries=0 1 2
cat_threshold=22920 371080
is_linear=0
shrinkage=0.05


Tree=174
num_leaves=15
num_cat=3
split_feature=100 15 51 28 35 5 65 61 14 102 5 46 40 7
split_gain=12.0991 14.6935 16.6375 19.2432 15.8879 14.2532 14.8072 20.7831 17.6907 13.2342 18.9944 15.2619 13.7203 12.6316
threshold=1.0000000180025095e-35 0.62202669943362576 54.550000000000004 12.500000000000002 -0.76964534445079369 0 1.0548058981477271 23.150000000000002 1.1674210595270902 290.62570701357475 1 0.15647556732616716 0.10547699103375528 2
decision_type=2 2 2 2 2 9 2 2 2 2 9 2 2 9
left_child=1 9 -3 -4 -5 -2 13 -8 -9 -1 12 -12 -11 -7
right_child=5 2 3 4 -6 6 7 8 -10 10 11 -13 -14 -15
leaf_value=0.00018989082679630545 0.0031837833837812836 0.013248321358861601 0.005204451086932611 0.026657438978096876 -0.020438681462457239 -0.016102534580941685 0.028491004062623337 -0.030504353541007192 0.0046211506421746746 0.058790591115413751 -0.041082671831170627 -0.010185921206398652 0.0021679690532767234 -0.00088424335706504924
leaf_weight=7367.9609527667926 415.82144880550914 440.93327617854811 581.21487553417683 20.37379515171051 139.30838906299323 168.57051359949401 21.099956876132637 173.83406317626941 44.821656156331301 11.212936844793147 44.611132472287863 391.34469474520301 202.7885205084458 600.33415299639455
leaf_count=83963 3367 2311 3107 186 1352 1495 95 1901 254 122 1225 9277 4631 4731
internal_value=-0.000309676 0.000353792 0.00555856 0.000974201 -0.0143855 -0.00459779 -0.00776529 -0.0186952 -0.0232824 -0.00041282 -0.00725186 -0.013068 0.00495289 -0.00444967
internal_weight=10624.2 9199.75 1181.83 740.897 159.682 1424.48 1008.66 239.756 218.656 8017.92 649.957 435.956 214.001 768.905
internal_count=118017 106174 6956 4645 1538 11843 8476 2250 2155 99218 15255 10502 4753 6226
cat_boundaries=0 1 2 3
cat_threshold=60418 358464 2369
is_linear=0
shrinkage=0.05


Tree=175
num_leaves=15
num_cat=5
split_feature=15 102 5 7 5 6 77 65 37 5 83 99 102 27
split_gain=12.5107 19.9328 16.6317 15.8052 24.2424 15.1393 13.8769 13.7793 13.5325 16.2953 15.9399 13.2551 23.2411 16.1711
threshold=0.22243910726473998 111.32321428571429 0 1 2 3 0.21825396825396828 0.98913886080215707 68.500000000000014 4 0.15192307692307697 -249.99999999999997 251.87961309523811 3.5000000000000004
decision_type=2 2 9 9 9 1 2 2 2 9 2 2 2 2
left_child=1 3 7 8 6 -6 -5 -3 10 -10 -1 12 13 -2
right_child=11 2 -4 4 5 -7 -8 -9 9 -11 -12 -13 -14 -15
leaf_value=0.00013318290808003275 0.034517646393040204 0.0092611716493096307 -0.0008682017128130488 -0.010461649156884238 -0.010479748010305448 0.0055929577342710701 -0.039236252444372982 -0.0099553067567619002 -0.01961051710706967 0.0028210481958882462 0.011824320351923561 0.001043157521155802 -0.020047369016800713 0.0083935196809931008
leaf_weight=490.88018226937857 91.891987633658573 100.22271491584252 1479.9376199178514 123.143006619066 212.38224114093464 471.54029653361067 64.063216706505045 1288.131778979412 103.46298908791505 277.46910492354073 721.0403689595405 4975.7429097298882 48.33501437434461 168.68633322999813
leaf_count=5398 402 1924 28479 1306 2219 4069 947 25420 1190 2729 5037 37389 609 1129
internal_value=-5.52679e-05 -0.0017644 -0.00459815 0.00153236 -0.00385909 0.000585145 -0.0193195 -0.0085027 0.00448023 -0.00370253 0.00709343 0.00166832 0.0117181 0.017635
internal_weight=10616.9 5332.27 2868.29 2463.98 871.129 683.923 187.206 1388.35 1592.85 380.932 1211.92 5284.66 308.913 260.578
internal_count=118247 78718 55823 22895 8541 6288 2253 27344 14354 3919 10435 39529 2140 1531
cat_boundaries=0 1 2 3 4 5
cat_threshold=134954 65607 259072 2 394896
is_linear=0
shrinkage=0.05


Tree=176
num_leaves=15
num_cat=0
split_feature=57 18 40 38 33 78 22 78 23 73 26 46 51 13
split_gain=13.3611 12.0742 13.9017 11.3034 10.8543 16.759 15.7003 14.0953 18.0967 14.0932 9.68394 8.73729 7.29744 0.807355
threshold=64.850000000000009 16.500000000000004 0.1174001056152086 497.00000000000006 0.30053763440860221 0.062549019607843148 5.5000000000000009 0.18651737967914442 56.250000000000007 1.2500000000000002 6.5000000000000009 0.18672519338148663 52.750000000000007 -0.59503440756738157
decision_type=2 2 2 2 2 2 2 2 2 2 2 2 2 2
left_child=10 4 3 11 5 -2 -7 8 -6 -9 -1 -3 -4 -14
right_child=1 2 12 -5 7 6 -8 9 -10 -11 -12 -13 13 -15
leaf_value=0.005689212385562214 -0.036673702387140829 0.042702772467105944 0 -0.047338413932534462 0.0063252409268004257 -0.00034080084033183682 -0.011100551701748132 0.000791632200162087 0.034704144917317846 0.032025715390067475 0.043465129131095744 -0.0096245997759411908 -0.03876033009655333 -0.074512130425731182
leaf_weight=39.976113176438957 32.943066878942773 12.379551120742688 4.8306803316809264 11.750505128991788 413.73755282547791 5847.6451097177051 359.89472682971973 3755.1880152194062 65.085759496316314 36.377602681517601 29.886741111287847 21.776646668033209 2.90883721754654 14.154725593165489
leaf_count=234 369 232 132 380 2086 77123 11042 24130 288 189 274 679 363 799
internal_value=0.00018142 3.69132e-05 -0.0209791 -0.00518678 0.000173152 -0.00115548 -0.000965593 0.00211589 0.0101996 0.00109346 0.0219599 0.00926423 -0.0536902 -0.0689701
internal_weight=10648.5 10578.7 67.8009 45.9067 10510.9 6240.48 6207.54 4270.39 478.823 3791.57 69.8629 34.1562 21.8942 17.0636
internal_count=118320 117812 2585 1291 115227 88534 88165 26693 2374 24319 508 911 1294 1162
is_linear=0
shrinkage=0.05


Tree=177
num_leaves=15
num_cat=1
split_feature=12 29 12 12 85 14 65 5 67 65 78 102 67 55
split_gain=13.7575 14.5279 16.5524 17.5937 17.1564 15.3195 14.4088 16.5594 14.5544 13.3258 20.5414 17.0392 13.5335 16.2631
threshold=1.0448522782987297 1.2387452128369278 0.89132008995651402 0.6592113575083326 0.27419822824234596 0.42744449530537071 1.2309178978503461 0 -0.70000000000000184 1.0877955687953829 0.11837125293007646 294.82867636774989 -0.24999999999999997 12.950000000000001
decision_type=2 2 2 2 2 2 2 9 2 2 2 2 2 2
left_child=1 9 3 5 -5 -3 8 -8 -2 12 -11 -12 13 -1
right_child=6 2 -4 4 -6 -7 7 -9 -10 10 11 -13 -14 -15
leaf_value=0.00048636771388672136 0.019124969451460614 -0.040236652377401705 -0.025033723081827594 -0.0013268255714387889 0.031564932646726024 -0.0069952794364388894 0.0057471986102293144 -0.036741484167102455 0.0026454884154045416 0.037383689322960365 0.0051126390619264522 -0.014838823730253879 -0.00036140671226306953 -0.012162424817344253
leaf_weight=448.24359026749153 141.57185147423297 37.357644464354962 115.8374707037583 133.86388419987634 56.066743025556207 481.21538376482204 44.393093005171977 38.331339793512598 2514.927087156917 45.156510764965788 1022.410660811147 119.33074444206432 4837.1699074580974 584.45418346396764
leaf_count=5557 872 321 673 707 243 2921 291 320 15443 377 13644 3133 62323 11361
internal_value=-0.000167319 -0.00122871 -0.00750969 -0.0046344 0.00836788 -0.0094069 0.00288454 -0.0176428 0.00352629 -0.000494184 0.00433646 0.00302189 -0.00147186 -0.00666785
internal_weight=10620.3 7881.11 824.341 708.504 189.931 518.573 2739.22 82.7244 2656.5 7056.77 1186.9 1141.74 5869.87 1032.7
internal_count=118186 101260 4865 4192 950 3242 16926 611 16315 96395 17154 16777 79241 16918
cat_boundaries=0 1
cat_threshold=34700
is_linear=0
shrinkage=0.05


Tree=178
num_leaves=15
num_cat=2
split_feature=32 5 46 26 92 40 19 21 30 4 88 49 54 50
split_gain=12.7164 15.918 19.2204 14.559 14.0938 12.7365 14.0959 11.2315 19.1375 14.5811 14.8108 13.9481 25.1234 13.2236
threshold=0.013793759512937596 0 0.25628715660683282 2.5000000000000004 0.66090120663650076 0.11089101920421741 0.2140056022408964 999.40631663951319 -1.5614894453815309 1 -1.5732514541121054 0.14315852923447861 13.15 0.035064075282545994
decision_type=2 9 2 2 2 2 2 2 2 9 2 2 2 2
left_child=1 3 5 -1 -5 -3 -7 9 13 -2 -11 12 -10 -9
right_child=7 2 -4 4 -6 6 -8 8 11 10 -12 -13 -14 -15
leaf_value=0.00095261507424738111 0.0084797377693625938 0.021196394675462794 0.031563444647167767 -0.020681474006953315 -0.063336886430503753 -0.046587425998393307 -0.0051221342625296495 -0.009007719614570241 -0.013407809586786 0.029329825040859611 -0.0023700563105969481 0.001965181088573941 -0.00068338523083058653 -0.042032904655959512
leaf_weight=37.041995043866336 883.35803305328591 27.491429090849124 38.152441977988929 53.109157277038321 31.027312315418385 28.823950804944616 71.625623024359811 258.99224955655518 437.5675712187367 38.611649049445987 761.40636639314471 4519.2618677396968 3423.1239893803722 34.39811410009861
leaf_count=342 9720 495 782 2214 1067 605 2447 3255 4950 258 9217 42318 40456 488
internal_value=7.68111e-05 -0.0102976 0.000410554 -0.0231307 -0.0365275 -0.00882562 -0.0171048 0.000365152 -0.000359726 0.00410275 -0.000820136 7.92143e-05 -0.00212717 -0.0129097
internal_weight=10644 287.272 166.093 121.178 84.1365 127.941 100.45 10356.7 8673.34 1683.38 800.018 8379.95 3860.69 293.39
internal_count=118614 7952 4329 3623 3281 3547 3052 110662 91467 19195 9475 87724 45406 3743
cat_boundaries=0 1 2
cat_threshold=111940 308
is_linear=0
shrinkage=0.05


Tree=179
num_leaves=15
num_cat=3
split_feature=53 15 5 31 16 41 36 38 31 21 58 62 5 7
split_gain=14.7212 15.108 12.166 13.3502 11.7996 11.6006 14.2473 17.0321 13.4906 10.8212 10.7772 14.7574 13.3751 15.668
threshold=11.950000000000001 0.93741399702675909 0 0.75735294117647112 0.73870226192393951 -0.11077027948193591 0.38429898636011578 475.00000000000006 0.33854166666666791 999.96240894271466 68.250000000000014 23.050000000000004 1 2
decision_type=2 2 9 2 2 2 2 2 2 2 2 2 9 9
left_child=2 10 4 9 -1 -3 8 -8 -7 -4 12 -12 -2 -14
right_child=1 5 3 -5 -6 6 7 -9 -10 -11 11 -13 13 -15
leaf_value=0.010723881178510513 -0.0027673308535794703 -0.010258278417512314 0.04811053014767766 -0.0058664553370952359 -0.031589759034757935 0.031402603340645582 -0.016790355423672531 0.024571759802507649 0.00084181669018055171 0.015332250707163896 -0.044278657072815433 -0.00061452544120527532 -0.016707663973570219 0.023324946860831541
leaf_weight=45.625710931140929 150.01839544007089 56.857655235566199 51.248645232059062 30.106021747924387 25.597991132643074 130.18049025209621 62.50556024722755 41.207169804722071 50.437075115274638 50.832063591340557 19.293047462822869 9745.8081620651647 23.840580570860766 153.1823763087159
leaf_count=359 1487 365 306 261 208 608 369 195 286 344 174 111818 274 1278
internal_value=0.000207437 -5.18717e-05 0.013526 0.021605 -0.00389107 0.010294 0.0144236 -0.000300346 0.0229014 0.0318682 -0.000402232 -0.000701758 0.00852348 0.017296
internal_weight=10636.7 10433.3 203.41 132.187 71.2237 341.188 284.33 103.713 180.618 102.081 10092.1 9765.1 327.041 177.023
internal_count=118332 116854 1478 911 567 1823 1458 564 894 650 115031 111992 3039 1552
cat_boundaries=0 1 2 3
cat_threshold=157724 55326 4160
is_linear=0
shrinkage=0.05


Tree=180
num_leaves=15
num_cat=2
split_feature=15 7 65 5 68 86 33 92 45 81 92 86 64 35
split_gain=14.1745 20.7975 18.3554 16.0294 15.4852 16.1955 15.4603 14.4243 14.2487 12.4958 11.6309 10.191 10.1287 10.3054
threshold=0.64386516890851686 0 1.0515365546549149 1 0.09999999999999877 487.00000000000006 0.43005376344086027 0.70934704184704189 0.061232399936718883 0.92399059274059281 1.8571898689545752 469.00000000000006 11.450000000000001 1.6468327130854734
decision_type=2 9 2 9 2 2 2 2 2 2 2 2 2 2
left_child=9 2 4 6 8 -6 -4 -5 -2 12 -11 -3 13 -1
right_child=1 11 3 7 5 -7 -8 -9 -10 10 -12 -13 -14 -15
leaf_value=0.0053445092588022382 -0.015780066837959881 0.027020357159534481 -0.032885687792129768 -0.0077523359330210458 0.014194023613413792 -0.016857733546766982 0.0074081237938060157 0.024207096131796266 0.0040455871685938956 -0.0013942481251497077 -0.05341883244414275 -0.0012473775689738136 -0.0011637881805725361 0.040021393411697435
leaf_weight=93.926940305973403 125.32943988125771 141.0579086150974 97.389126069843769 118.19630776508711 453.39166384004056 46.050260040909052 31.205735590308905 50.189366813749075 326.05779689177871 21.416534307645634 21.88606008887291 40.745778315700591 9002.1228894583764 27.858613639138639
leaf_count=806 862 729 801 790 2337 265 136 249 1932 173 253 206 108639 148
internal_value=-0.000374749 0.00425504 0.00184457 -0.0089834 0.00525181 0.0113181 -0.0214073 0.0016544 -0.00145028 -0.00109734 -0.0278663 0.0195837 -0.000969443 0.0133442
internal_weight=10596.8 1429.61 1247.81 296.981 950.829 499.442 128.595 168.386 451.387 9167.21 43.3026 181.804 9123.91 121.786
internal_count=118326 8307 7372 1976 5396 2602 937 1039 2794 110019 426 935 109593 954
cat_boundaries=0 1 2
cat_threshold=16599 240262
is_linear=0
shrinkage=0.05


Tree=181
num_leaves=15
num_cat=4
split_feature=13 8 5 97 37 5 30 11 78 92 36 0 19 17
split_gain=14.2703 19.7066 21.7792 20.4401 19.8762 16.1782 18.5376 17.7434 24.0575 21.4618 16.1113 15.4873 17.2364 16.0336
threshold=1.4385113897171713 0 1 0.76806623931623952 139.50000000000003 2 -0.64388567289243548 0.14011544011544017 0.16667038027332148 1.5829403983815751 0.43176833200522013 3 0.83368347338935578 0.0062933857109737793
decision_type=2 9 9 2 2 9 2 2 2 2 2 1 2 2
left_child=1 2 4 -3 -1 7 -7 8 10 -10 -2 12 -8 -13
right_child=5 3 -4 -5 -6 6 11 -9 9 -11 -12 13 -14 -15
leaf_value=-0.0034715150205301519 0.031123810117712425 -0.0042512875935791826 0.005440177434448191 0.023605560582577151 -0.046027332954423593 0.011268586144024661 0.0060261722451048624 0.0051872429329401235 -0.008511103395345344 -0.036327508336717135 -0.0068514173647504263 0.009122370382787048 -0.030789751646034091 -0.0051795985308983848
leaf_weight=671.99188175459858 57.744658791925758 3856.9394266292511 1532.742364252219 66.84584148216527 28.539004426565953 659.7318300884217 1526.2140347956447 380.88083630427718 467.9855610091472 81.556166441645473 53.617689513601363 245.10498088144232 32.329730549943633 973.05947809317149
leaf_count=6982 311 63968 14479 573 428 4420 10361 2590 3934 669 371 1992 434 6796
internal_value=-7.38928e-05 -0.00163632 0.00210932 -0.00376526 -0.00514522 0.00207315 0.00372286 -0.00336705 -0.00835545 -0.0126542 0.0128053 0.00194129 0.00522383 -0.0022786
internal_weight=10635.3 6157.06 2233.27 3923.79 700.531 4478.22 3436.44 1041.78 660.904 549.542 111.362 2776.71 1558.54 1218.16
internal_count=118308 86430 21889 64541 7410 31878 24003 7875 5285 4603 682 19583 10795 8788
cat_boundaries=0 1 2 3 4
cat_threshold=4 352792 198816 793
is_linear=0
shrinkage=0.05


Tree=182
num_leaves=15
num_cat=2
split_feature=12 93 28 0 71 5 21 35 66 65 98 47 66 49
split_gain=10.1404 14.3663 18.9572 12.3046 11.6069 10.6485 14.4004 20.6615 12.9967 17.129 9.06243 13.7706 13.1344 11.3164
threshold=1.6802620702795139 1.013651348651349 9.5000000000000018 0 1.3712335287717605 1 999.98211756402759 0.41390442478075334 1.2300468407203879 1.0759591796683352 0.29938186813186818 28.500000000000004 1.0465719765629602 0.17179608585858588
decision_type=2 2 2 1 2 9 2 2 2 2 2 2 2 2
left_child=4 5 -3 -4 10 6 -2 -8 9 -7 13 12 -12 -1
right_child=1 2 3 -5 -6 8 7 -9 -10 -11 11 -13 -14 -15
leaf_value=-0.0019691453665833677 0.016929599014630765 0.038370499220616916 0.019701529286712757 -0.019544564450069381 -0.036800372727326211 -0.0038112589840609622 -0.029136528572954186 0.007815580626161318 -0.025191925430244629 0.022024202782161384 0.0029693038316705991 -0.045362233536943776 -0.010058828678077312 0.0016465339307627606
leaf_weight=4441.9691819449654 225.03829658473842 67.014836201444268 29.1477651221212 30.560425837989897 22.202433664468117 415.67608849541284 50.466238896362484 149.90875132195652 56.178073584102094 75.75851265154779 330.18057059674175 21.260922683228273 465.37390531750862 4219.1439797618077
leaf_count=56962 1148 309 184 233 329 2286 368 761 325 386 4626 369 6217 44002
internal_value=-0.000241358 0.00430305 0.0201366 -0.000275035 -0.000767991 0.00223396 0.00806079 -0.00147609 -0.00238772 0.000164979 -0.000682668 -0.00571711 -0.00464576 -0.00020724
internal_weight=10599.9 1099.75 126.723 59.7082 9500.13 973.026 425.413 200.375 547.613 491.435 9477.93 816.815 795.554 8661.11
internal_count=118505 6000 726 417 112505 5274 2277 1129 2997 2672 112176 11212 10843 100964
cat_boundaries=0 1 2
cat_threshold=661 423444
is_linear=0
shrinkage=0.05


Tree=183
num_leaves=15
num_cat=0
split_feature=21 68 45 22 12 21 22 88 51 45 66 41 49 49
split_gain=13.1295 17.0491 14.9026 13.5638 13.3068 11.4843 18.4265 27.6189 19.9175 18.2528 14.9132 13.9697 18.7674 16.502
threshold=1003.00652977896 0.25000000000000006 0.06898440155606754 4.5000000000000009 1.2503113001894521 999.75428568577593 3.5000000000000004 -1.4718699564777757 51.95000000000001 0.1212529608756024 1.3009804863981547 0.11355577047066411 0.17179608585858588 0.39148550724637687
decision_type=2 2 2 2 2 2 2 2 2 2 2 2 2 2
left_child=5 2 4 -4 -2 6 9 -8 -9 10 -1 12 -7 -13
right_child=1 -3 3 -5 -6 11 7 8 -10 -11 -12 13 -14 -15
leaf_value=0.0085321249355377153 0.013454889105299968 -0.0025176755462594583 0.040500781293601393 0.0087283469993654061 -0.029218604239056412 -0.0029888191863954357 0.023759502362073096 0.01654992402587881 -0.0041414453262459327 -0.033427328904149595 0.04833626713715803 -0.0029266448450027743 0.0025504351221690078 -0.015863557077524862
leaf_weight=836.52163672732422 68.984441830194555 188.12143648881465 85.098622003337368 56.323363700183108 24.71439926000312 3031.5103484665451 108.53915324481204 127.0859046347905 1352.0045686141239 25.155596766155213 24.183631498832256 1231.8896523494914 3084.9728485177329 308.60069152567303
leaf_count=7326 666 1460 440 517 165 37602 895 1326 20660 272 179 13698 29680 3333
internal_value=5.04581e-05 0.00867784 0.0176539 0.0278974 0.00212669 -0.000309575 0.00265168 -0.000569075 -0.00235923 0.00842894 0.00966181 -0.00126685 -0.00019417 -0.00552236
internal_weight=10553.7 423.242 235.121 141.422 93.6988 10130.5 2473.49 1587.63 1479.09 885.861 860.705 7656.97 6116.48 1540.49
internal_count=118219 3248 1788 957 831 114971 30658 22881 21986 7777 7505 84313 67282 17031
is_linear=0
shrinkage=0.05


Tree=184
num_leaves=15
num_cat=0
split_feature=46 99 54 100 35 18 45 40 56 101 89 101 19 15
split_gain=13.3061 16.7254 16.9499 25.6514 18.308 16.1916 16.0654 14.5187 19.0204 20.715 20.3628 20.1356 15.7639 15.0404
threshold=0.24915250341871506 -749.99999999999989 13.850000000000003 1.0000000180025095e-35 0.77138278411359817 8.5000000000000018 0.14317745035233828 0.11490648592999315 12.450000000000001 318.800116713352 7.5000000000000009 256.0657901142975 0.40028409090909095 0.83515133574331724
decision_type=2 2 2 2 2 2 2 2 2 2 2 2 2 2
left_child=7 -2 3 6 -5 -4 -3 -1 10 13 11 -9 -11 -10
right_child=1 2 5 4 -6 -7 -8 8 9 12 -12 -13 -14 -15
leaf_value=0.0020912029906179105 0.048563427620652251 0.0024579412569423293 0.0082346602291671726 -0.040857916861512356 0.00029865386117598503 -0.0035505825376647478 -0.034149912329303984 0.0015296643713180527 -0.0027605393668668531 -0.0091210912038011387 0.016068757547560011 -0.0444203031321415 -0.03577286349955535 0.0096344194745797071
leaf_weight=2980.051711648819 20.300310245947912 623.66051257040817 1401.2200448766234 69.982984102098271 43.583953612018377 367.24774202372646 31.376692996360362 160.00638848822564 3783.5085578554135 551.85449322382919 274.07327386597171 27.880179566331208 61.812074144370854 261.42515633720905
leaf_count=28973 197 6182 12054 624 294 7430 312 1543 50415 5791 1898 205 843 1524
internal_value=0.000309534 0.00345405 0.00308924 -0.00310543 -0.0250328 0.0057844 0.000691825 -0.000682608 -0.00229789 -0.00325828 0.0073749 -0.00528218 -0.0118192 -0.001958
internal_weight=10658 2557.37 2537.07 768.604 113.567 1768.47 655.037 8100.61 5120.56 4658.6 461.96 187.887 613.667 4044.93
internal_count=118285 27093 26896 7412 918 19484 6494 91192 62219 58573 3646 1748 6634 51939
is_linear=0
shrinkage=0.05


Tree=185
num_leaves=13
num_cat=0
split_feature=61 16 29 41 35 41 53 30 93 60 26 40
split_gain=13.5508 12.2475 17.0408 27.5773 16.2743 14.0855 15.8648 14.1591 13.7338 13.4471 13.1104 11.7914
threshold=22.550000000000004 1.3583050768044178 0.93878696290394459 0.054145671094823648 1.955974110443208 0.12010928961748635 11.850000000000003 2.5446107730825891 0.22822455322455323 52.750000000000007 5.5000000000000009 0.10907220351664797
decision_type=2 2 2 2 2 2 2 2 2 2 2 2
left_child=-1 5 4 8 11 7 -7 10 -4 -8 -2 -3
right_child=1 2 3 -5 -6 6 9 -9 -10 -11 -12 -13
leaf_value=0.024037197321341092 0.0019564702597878593 0.04308625431482762 -0.053254873691883343 0.016275157670272277 -0.02211707086274935 0.037717022240914555 0.026091689503596929 0.022522433464598673 -0.011744244363516948 -0.005409132405801923 -0.0021438814484953726 0.012308009723010353
leaf_weight=58.519880062434822 4631.1798289109138 34.168293461436406 28.611839939840138 74.467365964315832 31.742055948358029 22.038842114619911 34.359217493096367 71.778648897539824 66.917444077786058 1859.3613630860636 3366.0247303920914 361.2818377482472
leaf_count=293 33855 188 215 355 240 111 248 371 424 22122 57100 2686
internal_value=6.35285e-05 -6.88034e-05 0.00688547 -0.00648172 0.0122168 -0.000485305 -0.00433955 0.000429203 -0.024272 -0.0048336 0.000230001 0.0149902
internal_weight=10640.5 10581.9 597.189 169.997 427.192 9984.74 1915.76 8068.98 95.5293 1893.72 7997.2 395.45
internal_count=118208 117915 4108 994 3114 113807 22481 91326 639 22370 90955 2874
is_linear=0
shrinkage=0.05


Tree=186
num_leaves=15
num_cat=5
split_feature=43 54 67 49 66 1 18 0 73 5 25 45 5 5
split_gain=13.7392 18.3223 14.0778 17.8631 15.4895 15.4575 14.8224 12.873 21.6055 17.8941 13.2202 17.1763 15.7425 12.9598
threshold=1.0000000180025095e-35 12.15 0.10000000000000055 0.023850154396229485 1.320840565460365 0 7.5000000000000009 1 0.29999999999999899 2 4.5000000000000009 0.041247240394547635 3 4
decision_type=2 2 2 2 2 9 2 1 2 9 2 2 9 9
left_child=1 -1 4 -4 -2 -5 -7 8 9 -3 12 -12 -9 -10
right_child=2 7 3 5 -6 6 -8 10 13 -11 11 -13 -14 -15
leaf_value=0.031718599159680914 -0.003503015765463391 7.6899285203178291e-05 -0.035368389443867297 -0.0017137001396586285 -0.039296942178748025 0.0097070930937748143 -0.0032827279178733863 -0.0026441652979296206 -0.011701442566778972 -0.023062306151373425 0.015415592245925334 -0.0024392479923327666 0.0072399867643081683 0.030523888085734509
leaf_weight=50.999521136865951 3432.9917942568427 166.12933073786553 33.239992185204756 1574.8394467311446 30.424465481133666 782.69191306270659 304.49284455669113 521.19156718277372 24.040827190736309 168.25419277296169 147.49216637818608 1538.0601883417694 1736.7453248935053 44.911213365849108
leaf_count=327 47106 1728 570 15745 621 5527 5271 3534 257 1946 1923 21915 11312 323
internal_value=-0.000186225 0.00194781 -0.00171093 0.000997433 -0.00382002 0.00145471 0.00600914 0.00159665 -0.00680892 -0.0122419 0.00246879 -0.000873094 0.00497659 0.0184594
internal_weight=10556.5 4397.82 6158.68 2695.26 3463.42 2662.02 1087.18 4346.82 403.336 334.384 3943.49 1685.55 2257.94 68.952
internal_count=118105 43265 74840 27113 47727 26543 10798 42938 4254 3674 38684 23838 14846 580
cat_boundaries=0 1 2 3 4 5
cat_threshold=24 8 437010 286738 297102
is_linear=0
shrinkage=0.05


Tree=187
num_leaves=11
num_cat=1
split_feature=68 57 22 30 40 100 5 30 41 31
split_gain=14.7883 11.4615 10.9298 13.6852 11.71 12.8843 12.2076 8.83141 6.73717 5.6671
threshold=2.1500000000000008 64.850000000000009 6.5000000000000009 -0.76570316698178764 0.10578917969996809 1.0000000180025095e-35 0 0.059282897604705329 0.093854865771812096 1.0000000180025095e-35
decision_type=2 2 2 2 2 2 9 2 2 2
left_child=1 9 4 8 6 -6 -3 -5 -4 -1
right_child=-2 2 3 7 5 -7 -8 -9 -10 -11
leaf_value=0.0033383630706957067 -0.037104162241647524 0.0009606822895631144 0.018733291630506924 -0.039382297784251584 0.00072842323101573059 -0.0045830162928631613 0.019203170775085203 -0.0099526960720744614 -0.037622866501052933 0.032848143755276421
leaf_weight=28.150268142111599 26.395655123342294 222.7651340845041 36.313890125777107 46.436468064115616 8660.2754217822803 1315.0331309802714 154.99167580984067 57.900737837480847 6.0665541687340001 39.894594239071012
leaf_count=247 348 2030 1167 2167 97926 11033 1338 1487 337 261
internal_value=0.00020202 0.000296024 0.000162888 -0.0133828 0.00035546 2.76823e-05 0.00899545 -0.0231237 0.0104789 0.0207361
internal_weight=10594.2 10567.8 10499.8 146.718 10353.1 9975.31 377.757 104.337 42.3804 68.0449
internal_count=118341 117993 117485 5158 112327 108959 3368 3654 1504 508
cat_boundaries=0 1
cat_threshold=68462
is_linear=0
shrinkage=0.05


Tree=188
num_leaves=15
num_cat=2
split_feature=37 10 5 10 25 5 85 27 88 87 49 25 66 21
split_gain=15.2084 23.6004 27.0328 21.6062 18.4317 17.8392 17.0003 16.8134 16.5517 20.205 15.8404 17.4335 15.8091 17.0983
threshold=35.500000000000007 0.92416038033411307 0 0.89521614227744772 6.5000000000000009 1 0.64591644670688797 16.500000000000004 -1.2604380117808243 1.0000000180025095e-35 0.50238095238095248 5.5000000000000009 1.0390694382770873 1000.3211887958115
decision_type=2 2 9 2 2 9 2 2 2 2 2 2 2 2
left_child=1 4 -3 5 7 6 -2 -1 -4 -10 -7 -12 -6 -14
right_child=3 2 8 -5 12 10 -8 -9 9 -11 11 -13 13 -15
leaf_value=0.0029255586586101486 -0.0042493648701599496 -0.019465632782375751 0.012401352078958055 0.0070292823160093875 -0.01227788795107094 0.0027836891841000007 -0.036897171887079264 -0.01968239611318244 -0.0045128265767081606 -0.05011916100182337 -0.055523058957752607 0.0028680544209035916 -0.0041876923984663283 0.014956949492620483
leaf_weight=2847.5177849782049 1006.7671024921583 342.09128238417907 144.8974272897467 1546.9351235124632 466.01415665540844 2513.3648108019552 41.477715655666543 84.537744070636109 759.38720292094513 25.020231114234775 24.605935110710561 26.150203738827258 621.18723550959839 143.45478841545992
leaf_count=21603 11843 4240 1125 13590 11286 28930 1270 747 9262 293 240 460 12003 1598
internal_value=0.000140249 -0.0017052 -0.00766727 0.00208496 0.000114702 -3.11153e-05 -0.00549693 0.00227137 -0.00307458 -0.00598011 0.00221436 -0.0253944 -0.00501928 -0.000587934
internal_weight=10593.4 5434.11 1271.4 5159.3 4162.71 3612.37 1048.24 2932.06 929.305 784.407 2564.12 50.7561 1230.66 764.642
internal_count=118490 62157 14920 56333 47237 42743 13113 22350 10680 9555 29630 700 24887 13601
cat_boundaries=0 1 2
cat_threshold=98752 182320
is_linear=0
shrinkage=0.05


Tree=189
num_leaves=15
num_cat=4
split_feature=21 40 0 51 5 102 7 99 43 100 17 5 99 17
split_gain=14.5302 16.3203 15.3719 16.8114 14.6707 21.1352 19.9912 14.9183 14.8019 13.7257 14.8484 20.5422 19.208 17.7442
threshold=1000.4984703649345 0.11177666188426592 0 53.150000000000013 1 174.86757020757022 2 325.00000000000006 1.0000000180025095e-35 1.0000000180025095e-35 -0.36340341888592037 3 150.00000000000003 0.54055090294711938
decision_type=2 2 1 2 9 2 9 2 2 2 2 9 2 2
left_child=9 2 3 -2 7 6 -6 -3 -7 -1 11 -11 -13 -12
right_child=1 4 -4 -5 5 8 -8 -9 -10 10 13 12 -14 -15
leaf_value=3.5121868239709978e-05 -0.035269002267902298 0.0047579951120087019 0.017374836097624365 0.0086372581552323913 0.014288389467478882 -0.035020597101360927 -0.00876975575064169 0.03732552010652164 -0.007207688364285033 0.019553255148152746 -0.015988109921712731 -0.028845876071453204 0.021006200303768638 -0.00081596289938902923
leaf_weight=7912.959893846506 31.837200930574909 601.66794159798883 344.10924751439597 68.339043475571088 179.00694331713021 74.073647266952321 177.82570872921497 37.321231460664421 136.6875760408584 108.76542393493582 439.00879540538881 60.01535528129898 28.276676454697736 344.73589110106695
leaf_count=96223 322 4711 2284 574 1278 822 1468 295 1397 1098 4377 791 346 2404
internal_value=0.000143363 0.00445162 0.0126446 -0.00480854 0.00142989 -0.00438737 0.00293885 0.00657071 -0.0170184 -0.000655819 -0.00623475 0.00601657 -0.0115151 -0.00932186
internal_weight=10544.6 1650.87 444.285 100.176 1206.58 567.594 356.833 638.989 210.761 8893.76 980.802 197.057 88.292 783.745
internal_count=118390 13151 3180 896 9971 4965 2746 5006 2219 105239 9016 2235 1137 6781
cat_boundaries=0 1 2 3 4
cat_threshold=704 293068 1365 40138
is_linear=0
shrinkage=0.05


Tree=190
num_leaves=15
num_cat=2
split_feature=99 67 30 5 37 11 5 89 40 63 16 27 17 31
split_gain=18.1923 17.2874 16.8083 15.6779 12.8436 24.9125 14.3093 17.3403 16.4001 15.2243 13.9511 12.3911 18.7877 16.6217
threshold=-174.99999999999997 -0.59999999999999865 0.36397453989129996 0 97.500000000000014 0.14989531166001757 1 1.5000000000000002 0.12860610263522887 11.450000000000001 0.58732339778855291 2.5000000000000004 0.83130381559517952 0.87083333333333368
decision_type=2 2 2 9 2 2 9 2 2 2 2 2 2 2
left_child=1 2 3 -1 6 -6 7 -2 10 -9 -8 12 13 -3
right_child=4 11 -4 -5 5 -7 8 9 -10 -11 -12 -13 -14 -15
leaf_value=0.015491618703018595 -0.015520378871538544 0.013341448283727792 -0.029543833637638794 -0.016286814468508243 -0.013517350741792351 0.0036249711849835747 -0.0054390027656310951 0.021726675668153606 -0.01720007860285919 0.0023168162091353976 0.00079269026180719753 0.0033108316241766446 0.034960859266250879 -0.012831342550634612
leaf_weight=71.207399327657185 131.89146122604143 287.70060264016502 71.806191446899902 64.154804346966557 531.34848686464829 351.84741456591291 1457.6901641226141 104.6131909575779 176.31295823465916 2936.0142819027533 2336.5414451782708 1929.343620122585 77.488830976188183 76.593951854039915
leaf_count=1028 2814 1884 1076 1188 6936 3900 21541 605 3274 30747 19594 22626 333 643
internal_value=0.000178414 0.00383264 -0.0100072 0.000333739 -0.000994852 -0.0066829 -0.000290776 0.00220854 -0.00228883 0.00298695 -0.0016002 0.00504432 0.012601 0.00782281
internal_weight=10604.6 2578.3 207.168 135.362 8026.26 883.196 7143.06 3172.52 3970.54 3040.63 3794.23 2371.13 441.783 364.295
internal_count=118189 28778 3292 2216 89411 10836 78575 34166 44409 31352 41135 25486 2860 2527
cat_boundaries=0 1 2
cat_threshold=104160 82582
is_linear=0
shrinkage=0.05


Tree=191
num_leaves=15
num_cat=1
split_feature=52 13 13 55 35 66 58 5 13 46 67 102 15 23
split_gain=12.4942 12.5572 14.5816 18.3798 19.3402 13.4076 11.5986 16.204 13.0408 32.6115 11.9786 11.4496 11.1948 9.76004
threshold=52.150000000000013 2.0476258295651624 2.2406560958919903 12.550000000000002 -0.64236594167022065 1.2673439218921894 68.750000000000014 0 1.9712946445544064 0.24272851790678004 0.49999999999999917 51.562733516483519 1.0696980868871935 55.250000000000007
decision_type=2 2 2 2 2 2 2 9 2 2 2 2 2 2
left_child=13 6 3 -3 -5 11 7 10 12 -10 -2 -4 -8 -1
right_child=1 2 5 4 -6 -7 8 -9 9 -11 -12 -13 -14 -15
leaf_value=0.032096444415958506 -0.0260306555107459 0.024347073959442914 0.01669226473657151 0.029540889709971742 -0.00032560850904925334 -0.023402249194217684 -0.00083612283956588742 0.013176851500753562 -0.0031402083395394402 -0.050084946854155481 0.012974711160014158 0.00047196043220803352 0.013262458247622386 0.0012171574632651588
leaf_weight=55.042054420919158 54.57531127135735 172.37837128806859 121.24697156203911 65.022634444758296 321.42260426888242 53.58416284294799 7968.0351478245284 300.4218194449204 182.77888525940944 46.377590288058855 30.485890028416179 1059.5704310318688 143.20361798699014 48.411564988200553
leaf_count=336 695 846 622 430 2358 471 99583 2683 1274 429 299 7044 773 437
internal_value=0.000426269 0.000255647 0.00406663 0.0107679 0.00469309 0.00102823 -0.000526999 0.0079498 -0.000919476 -0.0126806 -0.0107333 0.00214298 -0.000586436 0.0177098
internal_weight=10622.6 10519.1 1793.23 558.824 386.445 1234.4 8725.88 385.483 8340.4 229.156 85.0612 1180.82 8111.24 103.454
internal_count=118280 117507 11771 3634 2788 8137 105736 3677 102059 1703 994 7666 100356 773
cat_boundaries=0 1
cat_threshold=51714
is_linear=0
shrinkage=0.05


Tree=192
num_leaves=15
num_cat=1
split_feature=32 5 35 43 38 63 67 21 20 98 83 37 19 89
split_gain=9.97564 15.9985 12.7048 12.2719 14.1852 15.7112 14.8546 13.3006 17.845 13.7564 11.4471 11.9064 10.6008 9.36267
threshold=0.23038461538461544 0 -9.3284013765662603 1.0000000180025095e-35 521.00000000000011 11.950000000000001 0.49999999999999917 995.23693503118432 0.013415261209378854 0.7224747474747476 0.52786377708978338 42.500000000000007 0.42224556489262377 9.5000000000000018
decision_type=2 9 2 2 2 2 2 2 2 2 2 2 2 2
left_child=2 -2 10 4 5 -4 -6 8 -5 -9 11 12 -1 -12
right_child=1 -3 3 7 6 -7 -8 9 -10 -11 13 -13 -14 -15
leaf_value=-0.073574140555803844 -0.0036971080918002126 0.011061267364458283 0.0098404936928278945 -0.019338836506485924 0.0052882972941862205 -0.00016975534451180166 0.039098142745892038 -0.0023156105067350594 0.022013608252162017 -0.039720711419869201 -0.020551490579935546 0.018200992245023685 -0.0021489193053877138 -0.077823501427288125
leaf_weight=9.010631146142261 301.18427202338353 451.21921649482101 441.11273499470553 33.506843992508948 95.684087034431286 3504.8165826397599 49.457000919035636 5454.3064959267504 115.23926865705289 24.609748822287656 17.167083818698305 24.671602680551587 12.451612305303568 12.652476208284495
leaf_count=310 1433 2036 3179 489 801 36893 263 68760 1190 1199 293 568 461 214
internal_value=-0.000301839 0.00524506 -0.000728498 -0.000568665 0.00151446 0.000948237 0.0168625 -0.00208389 0.0126581 -0.00248526 -0.0210867 -0.00532968 -0.0325699 -0.0451981
internal_weight=10547.1 752.403 9794.69 9718.73 4091.07 3945.93 145.141 5627.66 148.746 5478.92 75.9534 46.1338 21.4622 29.8196
internal_count=118089 3469 114620 112774 41136 40072 1064 71638 1679 69959 1846 1339 771 507
cat_boundaries=0 1
cat_threshold=46752
is_linear=0
shrinkage=0.05


Tree=193
num_leaves=15
num_cat=3
split_feature=21 22 4 91 5 86 31 5 25 30 55 40 53 38
split_gain=11.8144 19.0545 20.7356 17.7597 17.0127 16.0056 15.6676 14.6054 14.1338 13.4612 15.2052 19.9231 19.5414 18.6275
threshold=999.40631663951319 3.5000000000000004 0 2.5000000000000004 1 475.00000000000006 -1.6614583333333319 2 14.500000000000002 -1.5614894453815309 14.750000000000002 0.12729377104377107 13.950000000000001 473.00000000000006
decision_type=2 2 9 2 9 2 2 9 2 2 2 2 2 2
left_child=1 2 -1 4 -4 6 -3 -7 -8 10 12 13 -2 -12
right_child=9 5 3 -5 -6 7 8 -9 -10 -11 11 -13 -14 -15
leaf_value=0.02008505973028981 -0.015802341679524694 -0.027888674905378021 -0.023390161370501705 -0.031108478361648914 0.0098058627693509062 0.010928577654845737 0.0055148890261923593 -0.018055699096490803 -0.03519362806926972 -0.00033383475508363893 0.019431179298441105 -0.055544531114605146 -0.075553540830342186 -0.024718712181301367
leaf_weight=294.49557785299839 148.80307796632405 39.25551059038844 34.805555861326866 35.911896926467307 294.5634729564772 51.337860454164911 786.13468407667824 180.51893625722732 21.789457683393266 8531.8178836895386 89.850698314665351 13.765748467994852 15.056426408118567 32.363792032760102
leaf_count=2204 1905 950 434 446 2259 553 10168 2664 895 93755 1189 372 297 402
internal_value=4.07962e-05 0.00380836 0.0105015 0.00214946 0.00586441 -0.000280108 0.00290111 -0.0119217 0.00440659 -0.000700446 -0.011112 0.00121413 -0.0213659 0.00768826
internal_weight=10570.5 1738.81 659.777 365.281 329.369 1079.04 847.18 231.857 807.924 8831.66 299.84 135.98 163.86 122.214
internal_count=118493 20573 5343 3139 2693 15230 12013 3217 11063 97920 4165 1963 2202 1591
cat_boundaries=0 1 2 3
cat_threshold=304 10256 12292
is_linear=0
shrinkage=0.05


Tree=194
num_leaves=15
num_cat=3
split_feature=29 74 5 0 53 47 35 13 18 46 5 33 38 102
split_gain=12.6446 13.3417 14.1974 11.9909 19.382 11.9436 15.0254 10.689 14.1778 16.6567 16.9352 12.1684 20.2797 15.0543
threshold=1.7053702222589651 0.64999999999999958 0 1 12.750000000000002 9.5000000000000018 0.095221104454253705 1.4385113897171713 10.500000000000002 0.28449010162721028 2 0.50308641975308654 469.00000000000006 227.07812500000003
decision_type=2 2 9 1 2 2 2 2 2 2 9 2 2 2
left_child=7 2 5 -4 -5 6 -2 11 9 -9 -11 -1 13 -13
right_child=1 -3 3 4 -6 -7 -8 8 -10 10 -12 12 -14 -15
leaf_value=-0.0015264092303286653 0.0027036324395821147 0.020461189817207848 -0.0018569228708596522 -0.0046622233907860832 -0.042418646688319739 0.010654877116997067 -0.031431564090642433 0.0025794153836919578 -0.0053970320514533498 -0.015638440963567063 0.019598705702798556 -0.016210465717190817 0.015023217664526965 0.013364240876088423
leaf_weight=5566.3287632329157 77.811958267353475 39.085963772144169 83.215649913065135 53.642829694319516 94.330408440437168 115.06198720727116 54.639770896174014 3229.0914120427333 501.24355702422326 34.020712974481285 242.08350864471868 124.08575158007443 292.12599925789982 65.592467260546982
leaf_count=83811 361 174 410 267 654 558 328 22057 5767 253 1435 695 1196 292
internal_value=6.75305e-05 -0.00755092 -0.00985234 -0.0183989 -0.0269569 -0.00105924 -0.0113534 0.000460432 0.00246376 0.0035894 0.0153781 -0.000865815 0.00675445 -0.00595526
internal_weight=10572.4 517.789 478.703 231.189 147.973 247.514 132.452 10054.6 4006.44 3505.2 276.104 6048.13 481.804 189.678
internal_count=118258 2752 2578 1331 921 1247 689 115506 29512 23745 1688 85994 2183 987
cat_boundaries=0 1 2 3
cat_threshold=100728 523 86656
is_linear=0
shrinkage=0.05


Tree=195
num_leaves=15
num_cat=3
split_feature=99 5 30 9 5 82 55 30 92 30 33 97 12 100
split_gain=10.6818 14.3523 14.613 13.1903 10.0721 17.6662 21.7217 18.8168 25.5731 15.0497 14.2662 9.75358 9.60594 9.58595
threshold=550.00000000000011 0 -1.3295383151465916 1 2 1.0000000180025095e-35 12.15 -0.8881531752625611 1.4291742979242981 -1.4773554029925882 0.33508771929824566 0.91334956709956716 0.23006546751850818 1.0000000180025095e-35
decision_type=2 9 2 9 9 2 2 2 2 2 2 2 2 2
left_child=4 2 -2 -3 5 7 -7 9 -9 -1 -8 13 -4 -6
right_child=1 3 12 -5 11 6 10 8 -10 -11 -12 -13 -14 -15
leaf_value=-0.0013809743245567251 0.026649409555846423 0.024430553275087145 -0.02080316865476128 -0.016443110109488259 0.00065945118456140796 0.016368842601686102 -0.020155321650944032 -0.0073429964394739521 0.013875539306444929 0.025718042503164423 -0.0036748130775103001 0.028506281148358448 -0.056017407247893461 -0.0042131206153674019
leaf_weight=93.887053637881763 10.732231986010445 39.340160980675137 49.37313684108085 39.321283901750576 7334.0780569221824 65.613080656621605 351.47066355106654 759.62468244333286 174.43473234248813 111.77462303143693 210.9978499643039 29.989788936218247 32.761944371508434 1170.3740024252911
leaf_count=1225 145 677 1371 826 83790 384 5998 9507 1476 1112 1344 193 448 9610
internal_value=-0.000830515 -0.0132031 -0.0250698 0.0034963 -0.000623904 -0.00404724 -0.0108028 -0.000354871 -0.00337404 0.0133281 -0.0139837 8.92888e-05 -0.0349612 -1.05609e-05
internal_weight=10473.8 171.529 92.8673 78.6614 10302.2 1767.8 628.082 1139.72 934.059 205.662 562.469 8534.44 82.1351 8504.45
internal_count=118106 3467 1964 1503 114639 21046 7726 13320 10983 2337 7342 93593 1819 93400
cat_boundaries=0 1 2 3
cat_threshold=33214 1 430082
is_linear=0
shrinkage=0.05


Tree=196
num_leaves=15
num_cat=2
split_feature=99 60 91 49 46 7 21 5 16 40 53 15 52 67
split_gain=10.9374 21.3987 17.5632 15.7724 15.2073 14.9222 14.7727 14.0971 13.2536 17.7234 15.3819 11.9552 10.9233 10.3121
threshold=150.00000000000003 53.050000000000004 3.5000000000000004 0.27931982995748944 0.37610758252960091 0 1000.5688152353216 1 -0.050370288992159708 0.10907220351664797 12.15 1.195631215667462 64.65000000000002 -0.20000000000000193
decision_type=2 2 2 2 2 9 2 9 2 2 2 2 2 2
left_child=4 3 5 -2 8 6 -3 -7 9 -1 -11 13 -6 -10
right_child=1 2 -4 -5 12 7 -8 -9 11 10 -12 -13 -14 -15
leaf_value=0.019299519473485835 0.0075499145872500511 -0.011742406714212708 -0.043414337933270424 0.050575958762242773 -0.0024875970284098329 -0.0078056369326815244 0.0072313367389707636 0.0025950218809302379 -0.0023254710431111734 0.029380279623198832 -0.014175877787991134 0.024010613080942371 -0.048830562665639503 0.002480592579375311
leaf_weight=53.526080478797667 82.109582345467061 668.83603985569789 27.329076317255385 28.868308584089391 25.458803979447111 443.41386259754654 120.75754330959171 1146.6769491107843 1360.165116286953 21.423210695851594 332.77097608719487 59.999642159324139 25.811960728955455 6196.7891000809905
leaf_count=941 750 10995 580 183 255 5997 1181 14291 15743 256 8955 287 369 57555
internal_value=0.000249889 -0.00262663 -0.00361839 0.0188226 0.0011474 -0.00315745 -0.00872329 -0.00033315 0.00132157 -0.00745775 -0.0115197 0.00179226 -0.0259657 0.00161488
internal_weight=10593.9 2517.99 2407.01 110.978 8075.94 2379.68 789.594 1590.09 8024.67 407.72 354.194 7616.95 51.2708 7556.95
internal_count=118338 33977 33044 933 84361 32464 12176 20288 83737 10152 9211 73585 624 73298
cat_boundaries=0 1 2
cat_threshold=286 491716
is_linear=0
shrinkage=0.05


Tree=197
num_leaves=15
num_cat=3
split_feature=46 31 5 7 51 92 15 37 83 37 5 10 43 74
split_gain=9.42249 14.1077 15.0066 17.1016 13.8158 10.7334 10.5204 9.4382 16.7426 15.2562 14.7846 13.9052 9.73698 9.25292
threshold=0.1113109512390088 1.3385416666666681 0 1 56.95000000000001 1.4694696969696972 0.49920325478478655 168.50000000000003 0.79285714285714304 162.50000000000003 2 1.0568622656003355 1.0000000180025095e-35 1.0999999999999972
decision_type=2 2 9 9 2 2 2 2 2 2 9 2 2 2
left_child=1 2 3 -1 -3 6 -4 9 10 13 11 -9 -12 -2
right_child=7 4 5 -5 -6 -7 -8 8 -10 -11 12 -13 -14 -15
leaf_value=-0.025902160733928731 0.0001576230844103647 -0.076917281417422489 -0.020667455752879323 0.019212185240718768 -0.008560750769409339 -0.057339240836397791 0.016376461812358339 -0.047613080758512907 -0.031379316056387961 0.033831252285903966 -0.019590657624268884 0.010844479581372985 0.0084429284422499005 0.0097526004950814031
leaf_weight=18.610902202548459 9661.4115925262886 14.392864645284137 80.906015990534797 80.12409549910808 15.521488851867614 14.845836072461678 24.875374182825908 33.725357991410419 62.471830305177718 34.164138519205153 37.33311730629066 14.322150190942919 177.97122108162148 257.92022138222819
leaf_count=284 108056 203 1285 838 211 225 186 691 436 292 536 176 2379 2395
internal_value=1.52002e-05 -0.00958758 -0.00516005 0.0090479 -0.0417628 -0.0162335 -0.0119018 0.000248648 -0.00812303 0.000523273 -0.00257742 -0.0249216 0.00339436 0.000407709
internal_weight=10528.6 249.277 219.362 98.735 29.9144 120.627 105.781 10279.3 325.824 9953.5 263.352 48.0475 215.304 9919.33
internal_count=118193 3232 2818 1122 414 1696 1471 114961 4218 110743 3782 867 2915 110451
cat_boundaries=0 1 2 3
cat_threshold=285988 114713 25104
is_linear=0
shrinkage=0.05


Tree=198
num_leaves=15
num_cat=1
split_feature=33 83 5 45 23 59 13 10 19 33 23 78 12 15
split_gain=10.505 14.2765 20.5866 13.9129 25.0326 20.3717 11.7931 13.0028 11.0886 13.1242 15.796 11.9648 10.9453 10.6251
threshold=0.16754385964912283 0.24621212121212124 0 0.080020263424518762 52.250000000000007 52.750000000000007 2.6211225218519747 0.64871220193624135 0.22670940170940174 0.089943820224719112 56.750000000000007 0.22079929329929329 0.49335516774316301 0.83515133574331724
decision_type=2 2 9 2 2 2 2 2 2 2 2 2 2 2
left_child=1 8 6 5 -5 -4 7 -3 9 12 -11 -10 -1 -2
right_child=13 2 3 4 -6 -7 -8 -9 11 10 -12 -13 -14 -15
leaf_value=-0.0052344336620365178 0.00022112842996923972 -0.00088007533384610735 -0.031753553532227419 0.034948938854562482 -0.01662412401723927 0.014920275117766654 -0.04800118012376782 -0.026361033273423165 -0.078011285858887114 0.0074304793707534039 -0.039747600463990777 -0.011367459743427948 -0.064270471671681456 0.0075616498939585072
leaf_weight=19.182042284286581 8368.681242208957 205.41711139102699 24.8333507621428 29.34856422431767 116.40876318712253 362.81575658044312 18.841930320020765 66.296471772511723 6.7472928226925424 231.61868450901238 19.093944132036995 566.62542885217408 13.461664795177056 523.86325998138636
leaf_count=821 77365 2790 418 261 1726 4157 197 1180 135 4010 527 21875 202 2686
internal_value=-3.04951e-05 -0.00365604 0.00103759 0.00682682 -0.00618865 0.01191 -0.00948057 -0.00712308 -0.00817558 -6.58919e-05 0.00380311 -0.0121739 -0.0298544 0.000654204
internal_weight=10573.2 1680.69 823.962 533.406 145.757 387.649 290.556 271.714 856.729 283.356 250.713 573.373 32.6437 8892.54
internal_count=118350 38299 10729 6562 1987 4575 4167 3970 27570 5560 4537 22010 1023 80051
cat_boundaries=0 1
cat_threshold=464528
is_linear=0
shrinkage=0.05


Tree=199
num_leaves=15
num_cat=0
split_feature=38 33 102 41 45 16 65 88 56 17 11 46 11 46
split_gain=11.4326 13.7707 11.2718 15.0226 15.9543 10.218 9.62561 9.61682 15.8075 23.5066 9.98391 8.21147 27.8693 7.90626
threshold=397.00000000000006 0.26902398676592226 25.99784610814023 0.13197180178312257 0.060008453085376168 0.45686168520460374 1.0165151389922034 -1.6377538175592801 14.750000000000002 0.29057426701527639 0.20131442631442636 0.10026455026455028 0.045951107715813615 0.4010869565217392
decision_type=2 2 2 2 2 2 2 2 2 2 2 2 2 2
left_child=1 5 3 4 -2 -1 -6 8 10 -10 -4 12 -9 -13
right_child=2 -3 7 -5 6 -7 -8 11 9 -11 -12 13 -14 -15
leaf_value=-0.054262243096008335 0.00037386459953021905 -0.090867245977032884 0.0078767492312415335 0.018331619745768732 -0.067079544840687039 0.010139269060440586 -0.021661840937126933 -0.05758849418079065 -0.024139550488520314 0.012544409885115232 0.031591505854542207 0.00017834935984984416 -0.0025493384586645755 -0.019119465238771803
leaf_weight=9.3526285383268277 31.950856092618778 7.0475243462715289 98.874015879468061 23.723442024551332 24.436058142455295 17.362393714778591 23.31880304031074 26.815694132819772 73.102352844667621 108.04193759267218 81.662872617016546 9769.0833287013229 159.81152710196329 53.263527772622183
leaf_count=645 262 152 844 138 286 361 204 548 946 797 469 109878 1909 701
internal_value=-9.26294e-05 -0.0290982 6.67948e-07 -0.0164153 -0.0268299 -0.0123388 -0.0450981 0.000165027 0.00817375 -0.00223728 0.018643 -0.000123953 -0.0105111 7.30007e-05
internal_weight=10507.8 33.7625 10474.1 103.429 79.7057 26.715 47.7549 10370.7 361.681 181.144 180.537 10009 186.627 9822.35
internal_count=118140 1158 116982 890 752 1006 490 116092 3056 1743 1313 113036 2457 110579
is_linear=0
shrinkage=0.05


Tree=200
num_leaves=7
num_cat=0
split_feature=68 58 72 93 54 17
split_gain=10.5105 8.73866 8.57005 7.5099 10.9958 7.7194
threshold=2.1500000000000008 103.35000000000001 1.4584133041510001 2.5878114940614947 12.950000000000001 -1.2685448245389146
decision_type=2 2 2 2 2 2
left_child=1 2 3 5 -5 -1
right_child=-2 -3 -4 4 -6 -7
leaf_value=0.0072795135361567037 -0.031474391861200934 0.027247907381606342 -0.032438321278745449 0.026748994571076507 -0.049707841579541341 -4.0915861276833792e-05
leaf_weight=373.30889435569406 26.204307006613817 29.613903662539087 20.104261424858123 6.3712700852192965 16.649146120296791 10088.759994454245
leaf_count=7752 354 202 244 96 667 109100
internal_value=9.11186e-05 0.000170407 9.33419e-05 0.000156504 -0.0283068 0.000219882
internal_weight=10561 10534.8 10505.2 10485.1 23.0204 10462.1
internal_count=118415 118061 117859 117615 763 116852
is_linear=0
shrinkage=0.05


Tree=201
num_leaves=15
num_cat=2
split_feature=21 68 5 33 45 12 19 15 21 45 5 33 41 35
split_gain=9.75349 11.4026 21.6525 18.6472 16.1132 20.2365 10.1191 10.0364 10.0195 16.7665 21.6537 20.3404 18.342 17.0557
threshold=1003.00652977896 0.25000000000000006 0 0.33508771929824566 0.06898440155606754 1.1414572219823902 0.29176093514328816 0.53009694145444464 999.91948874895581 0.079814883217969937 1 0.25949975949975951 0.17974358974358975 -0.089734235021353456
decision_type=2 2 9 2 2 2 2 2 2 2 9 2 2 2
left_child=8 4 3 -3 5 -2 -4 -8 -1 13 11 -11 -12 -10
right_child=1 2 6 -5 -6 -7 7 -9 9 10 12 -13 -14 -15
leaf_value=0.0016573524533310326 0.014183518655885408 0 0.024506625450189005 -0.061007978942863209 0.026270243114800453 -0.035529246005806862 -0.017974046252127281 0.020090567233059815 -0.020412904196040568 -0.0092935795219277369 -0.0067741561155541755 0.01185644787774731 -0.026218138588236892 0.00073311355881017497
leaf_weight=4108.7383563816838 69.749147670227103 23.752177299233153 61.659881645813584 26.308792766183615 133.31002236786298 28.854977717157453 44.029673975193873 28.346566554158926 97.562445941526676 184.01639117480954 1257.4121703518031 296.48940352618229 134.43902787793195 4030.2895936102723
leaf_count=51182 619 270 358 219 941 194 433 146 1506 2895 13260 1902 1736 42583
internal_value=6.40313e-05 0.00756656 -0.00170003 -0.0267613 0.0149416 -0.000334756 0.00896267 -0.00298969 -0.000244296 -0.00154732 -0.00547171 0.00366974 -0.00859584 0.00023163
internal_weight=10525 416.011 184.097 50.061 231.914 98.6041 134.036 72.3762 10108.9 6000.21 1872.36 480.506 1391.85 4127.85
internal_count=118244 3180 1426 489 1754 813 937 579 115064 63882 19793 4797 14996 44089
cat_boundaries=0 1 2
cat_threshold=362800 297104
is_linear=0
shrinkage=0.05


Tree=202
num_leaves=11
num_cat=3
split_feature=52 5 31 13 102 5 5 31 29 67
split_gain=10.0212 9.70039 8.75485 8.19819 13.7122 20.0942 17.37 10.6738 35.0836 10.6378
threshold=51.95000000000001 0 3.3027777777777776 1.4722443947426391 146.69250925000929 1 2 -0.98611111111111061 1.1437945180507987 -0.84999999999999953
decision_type=2 9 2 2 2 9 9 2 2 2
left_child=1 -1 3 7 5 -5 -6 8 -2 -9
right_child=2 -3 -4 4 6 -7 -8 9 -10 -11
leaf_value=-0.0057814035382742169 -0.0035647875733763237 0.030432349356467814 -0.034257658649398559 -0.010057000628261439 0.014596055542340986 0.00129095165556778 0.0022593438615227356 -0.01308048317618643 -0.040137583052219566 -8.6669007053859348e-05
leaf_weight=30.064060493255965 954.9759319115401 40.925179273704998 18.881487541133538 487.27407081867568 343.52693475200795 1801.1658051204868 1552.6729754525004 162.56669386877911 70.362936068093404 5002.1929196823185
leaf_count=260 17405 251 246 3537 2632 11388 12610 3290 559 66023
internal_value=-0.000201175 0.0185065 -0.000329608 -0.000267049 0.0014418 -0.0011618 0.00458651 -0.00142308 -0.00608311 -0.000496878
internal_weight=10464.6 70.9892 10393.6 10374.7 4184.64 2288.44 1896.2 6190.1 1025.34 5164.76
internal_count=118201 511 117690 117444 30167 14925 15242 87277 17964 69313
cat_boundaries=0 1 2 3
cat_threshold=21962 475184 282640
is_linear=0
shrinkage=0.05


Tree=203
num_leaves=15
num_cat=2
split_feature=88 52 45 30 92 56 56 12 17 5 5 16 67 102
split_gain=9.46269 19.2795 16.6922 12.1386 11.6268 11.548 21.8704 11.1796 15.583 15.374 14.6244 12.9044 12.0321 11.4311
threshold=-1.6024912722049411 53.45000000000001 0.076890231885962043 0.63942796303950089 0.90626818034906276 16.950000000000003 15.750000000000002 2.4205991557910402 1.6835967291720209 0 1 0.025114304758136478 0.20000000000000198 29.576513532763535
decision_type=2 2 2 2 2 2 2 2 2 9 9 2 2 2
left_child=1 -1 5 4 -4 6 -3 8 13 -10 -9 -11 -12 -2
right_child=7 2 3 -5 -6 -7 -8 10 9 11 12 -13 -14 -15
leaf_value=0.047749719260590989 -0.017057241025737992 0.012370892734286638 -0.0095566792357431735 0.011461857616282501 -0.050292674050370634 0.026907014554177218 -0.033299177407943019 -0.0032945190215700956 0.0080883292882247756 -0.013417589556332024 0.0088384103903012944 -0.062561930400562238 0.038347658242192717 -0.00014544508556532746
leaf_weight=27.331258203834295 100.88471544184722 161.3110844118055 83.058739887201227 50.625056905439124 22.299378299037926 87.231527026859112 31.164563624304719 121.04123277496547 32.061081562656909 24.671867716126144 81.954953282605857 30.021729707717896 60.453834909945726 9572.6008198918134
leaf_count=155 936 1161 812 317 289 743 300 663 199 215 447 217 219 111509
internal_value=8.48839e-05 0.00707274 0.00449919 -0.00858416 -0.0182655 0.0118137 0.00493684 -0.000237473 -0.000512345 -0.0215975 0.0099233 -0.0342912 0.0200141 -0.000322509
internal_weight=10486.7 463.022 435.69 155.983 105.358 279.707 192.476 10023.7 9760.24 86.7547 263.45 54.6936 142.409 9673.49
internal_count=118182 3777 3622 1418 1101 2204 1461 114405 113076 631 1329 432 666 112445
cat_boundaries=0 1 2
cat_threshold=238272 196974
is_linear=0
shrinkage=0.05


Tree=204
num_leaves=15
num_cat=3
split_feature=22 5 31 41 93 51 37 37 83 5 47 12 7 35
split_gain=9.61651 19.4359 15.4531 17.4093 19.6329 14.0678 12.8829 12.5048 15.971 16.418 11.9535 11.7955 20.2312 12.5487
threshold=4.5000000000000009 0 1.2426470588235292 -0.14252948885976405 0.70591736694677876 50.550000000000004 112.50000000000001 252.50000000000003 0.74166666666666681 1 5.5000000000000009 1.4350558117949739 2 0.025554187660588926
decision_type=2 9 2 2 2 2 2 2 2 9 2 2 9 2
left_child=5 2 3 10 -5 -1 -4 11 9 -9 -2 13 -13 -7
right_child=1 -3 6 4 -6 7 -8 8 -10 -11 -12 12 -14 -15
leaf_value=0.028006937473596269 -0.0052008614142143193 -0.007970046655692677 0.016838575235606858 -0.0037999668038835991 0.016484190557350186 0.001882973217183866 -0.028426591339218335 0.017548928211500378 -0.060934611908749617 -0.029303317046836308 -0.040450642608530166 -0.0033086732576378371 0.0094181975388953412 -0.0023485338151389228
leaf_weight=47.126742475898936 53.822266883973498 987.10294757923111 209.67185818782309 449.30268725164933 162.2305514824111 3933.5290825237316 16.825943898060359 29.508344375994056 17.839316143654287 26.288962229184108 43.988001540419646 472.73299784748815 896.88201282219961 3159.0795366179664
leaf_count=278 1072 16214 2504 6409 2859 48248 342 294 122 463 820 2706 4546 31478
internal_value=7.40618e-05 -0.00312125 0.00205135 -0.00155144 0.00157475 0.000790554 0.0134428 0.00063938 -0.0198593 -0.0065519 -0.0211299 0.000818579 0.00506645 -1.06049e-06
internal_weight=10505.9 1922.94 935.841 709.344 611.533 8582.99 226.498 8535.86 73.6366 55.7973 97.8103 8462.22 1369.62 7092.61
internal_count=118355 30220 14006 11160 9268 88135 2846 87857 879 757 1892 86978 7252 79726
cat_boundaries=0 1 2 3
cat_threshold=355398 70850 5197
is_linear=0
shrinkage=0.05


Tree=205
num_leaves=15
num_cat=2
split_feature=14 102 36 92 93 102 5 5 32 29 102 28 83 65
split_gain=8.69342 16.8652 16.6392 15.7195 15.2735 20.16 15.8789 15.2269 12.27 16.6311 15.1808 11.3131 14.7089 12.0265
threshold=0.57610795720292718 32.559685086155689 0.24544028616856345 1.8784027777777781 0.53473557692307694 102.20025326797388 0 1 0.15424266455194294 0.68697043484963316 161.70835601898105 15.500000000000002 0.20942982456140355 1.023486649417513
decision_type=2 2 2 2 2 2 9 9 2 2 2 2 2 2
left_child=11 3 8 7 6 -6 -4 -2 9 -3 -10 -1 13 -13
right_child=1 2 4 -5 5 -7 -8 -9 10 -11 -12 12 -14 -15
leaf_value=-0.00077473959133033668 0.017061626526779318 -0.00043433991833828752 -0.0022789136212613779 -0.045211268352237204 -0.025783298441426319 -0.0020669394162056223 0.0068310865221714971 -0.020569551286279047 0.0085873332753478946 0.017774102142407541 -0.020382817948552467 0.0084287254951598486 -0.034171402870923268 -0.025351425811737983
leaf_weight=6696.2274098025664 37.725996586028486 176.8464721927885 816.20655813254416 33.827183797489852 103.66643383307382 661.85643640870694 1136.2486675975379 52.794437594711781 123.4581449800171 426.58258495759219 71.165736680384725 75.341258787113475 58.233262795256451 40.323201592967962
leaf_count=90764 184 1699 4799 282 749 4651 6330 293 564 2360 422 2334 1309 1653
internal_value=-5.53935e-05 0.00191951 0.00256092 -0.0161643 0.000694999 -0.00528807 0.00304356 -0.0052165 0.00890867 0.0124303 -0.00198518 -0.00110261 -0.0136912 -0.00331632
internal_weight=10510.5 3640.38 3516.03 124.348 2717.98 765.523 1952.46 90.5204 798.053 603.429 194.624 6870.13 173.898 115.664
internal_count=118393 22333 21574 759 16529 5400 11129 477 5045 4059 986 96060 5296 3987
cat_boundaries=0 1 2
cat_threshold=98548 41020
is_linear=0
shrinkage=0.05


Tree=206
num_leaves=15
num_cat=2
split_feature=83 53 73 40 29 17 5 101 53 5 52 102 62 30
split_gain=14.6501 16.6908 16.8357 12.6929 19.5344 20.663 13.3561 12.4574 11.8708 15.3082 15.2805 15.0615 14.0782 16.2828
threshold=0.79285714285714304 12.550000000000002 -0.099999999999999631 0.11413156747948995 0.56943124822587265 0.19434566508564513 0 249.85648368298368 12.550000000000002 1 53.95000000000001 84.436434676434686 31.150000000000002 0.55879748316703959
decision_type=2 2 2 2 2 2 9 2 2 9 2 2 2 2
left_child=8 3 -3 7 6 -6 -5 -2 12 10 11 -10 13 -1
right_child=1 2 -4 4 5 -7 -8 -9 9 -11 -12 -13 -14 -15
leaf_value=0.0032268266141873671 -0.0021039346210885352 -0.025128665330356056 0.0075697015251828433 0.0015266523987643504 0.040804383320719041 -0.00069001064640027707 -0.039009263798464908 -0.035852230589003262 0.014270748398678219 0.00019249786332885678 -0.0041176541446939488 -0.04644150017422502 0.0020657346267252655 0.043120135185853704
leaf_weight=57.607445669709705 53.094354079337791 40.322817100677639 1424.5678839829052 47.999666391406208 43.90897666849196 93.539754620753229 29.813681636471301 57.047376251779497 13.482311343308536 4752.7988348464423 2334.4483137990755 40.17960711743217 1510.2732522447477 46.360306647839025
leaf_count=634 340 276 7958 318 153 470 301 336 97 59259 31988 707 15387 227
internal_value=0.000266216 0.00438764 0.00666457 -0.00584613 0.00119725 0.0125493 -0.0187812 -0.0196457 -0.000576022 -0.00145187 -0.00470754 -0.0310967 0.00329523 0.0210881
internal_weight=10545.4 1790.29 1464.89 325.404 215.262 137.449 77.8133 110.142 8755.15 7140.91 2388.11 53.6619 1614.24 103.968
internal_count=118451 10152 8234 1918 1242 623 619 676 108299 92051 32792 804 16248 861
cat_boundaries=0 1 2
cat_threshold=21748 448008
is_linear=0
shrinkage=0.05


Tree=207
num_leaves=15
num_cat=3
split_feature=88 5 65 38 55 65 56 5 5 46 55 12 29 67
split_gain=10.7705 18.2174 12.1162 24.2405 16.7896 14.7209 22.5173 18.4041 16.2345 14.4923 16.4283 14.2723 16.745 12.7824
threshold=-1.6024912722049411 0 1.0877955687953829 441.00000000000006 13.250000000000002 1.0288374913374916 12.450000000000001 1 2 0.24849092123641223 12.450000000000001 1.1839106611868793 1.4652852429725562 1.2500000000000002
decision_type=2 9 2 2 2 2 2 9 9 2 2 2 2 2
left_child=1 -1 5 4 -4 11 7 -7 -8 10 -5 12 -2 -11
right_child=2 -3 3 9 -6 6 8 -9 -10 13 -12 -13 -14 -15
leaf_value=0.019496287248124397 -3.6074439409062373e-05 -0.00072965158977069365 -0.063897773418126524 -0.034619439945610356 -0.0083477842000697841 -0.0070680077246830716 -0.0018432830025627179 0.018502911331201289 -0.010233399661080216 0.016578519016632001 0.0040833361985336339 0.0052276488295584607 -0.013724413752758758 -0.024502993130676137
leaf_weight=182.05584506737068 4218.6588321863965 270.30731641786406 14.604679547366684 28.003308931132779 189.68219400661474 107.8865795993479 1338.6155932983092 179.358040234074 1026.1927729301678 360.09062081784941 1092.5548823931604 1279.9274027084466 235.86044218810275 19.803847240051255
leaf_count=1298 56120 2443 260 331 3541 997 14772 1425 11877 3693 12289 7448 1485 247
internal_value=0.000269545 0.00781661 -6.83476e-05 0.00377374 -0.0123729 -0.000849968 -0.00393049 0.00928013 -0.00553758 0.00597612 0.00310867 0.000573877 -0.000762267 0.0144179
internal_weight=10543.6 452.363 10091.2 1704.74 204.287 8386.5 2652.05 287.245 2364.81 1500.45 1120.56 5734.45 4454.52 379.894
internal_count=118226 3741 114485 20361 3801 94124 29071 2422 26649 16560 12620 65053 57605 3940
cat_boundaries=0 1 2 3
cat_threshold=398 323606 47286
is_linear=0
shrinkage=0.05


end of trees

feature_importances:
horse_number=246
avg_ucv_3f_5=146
jockey_top3_rate_100=133
prev_ucv_score=88
carried_weight_ratio=86
target_elo_rating=79
steep_slope_top3_rate=77
horse_age=76
max_ucv_3f_5=75
slope_lap_time_1f_0m_1=72
distance_change=66
avg_corner_4_ratio_5=64
ucv_score_z=61
interval_days=60
max_ucv_score_5=57
jockey_win_rate_100=56
slope_lap_diff_1=52
dash_score_z=52
bracket_top3_rate_highres=49
prev_corner_4_ratio=49
interaction_straight_length_back=49
elo_rating_z=48
ucv_3f_rank=40
prev_ucv_score_rank=40
distance=39
horse_weight_num=39
weight_carried_diff=38
ucv_3f_gap_avg_5=37
slope_total_time_4f_1=35
slope_per_day=33
slope_lap_time_1f_0m_2=33
elo_diff_from_mean=32
is_promoted=31
avg_ucv_score_5=30
woodchip_lap_time_1f_0m_1=30
course_code=28
bracket_win_rate_highres=28
dash_score_median=27
ucv_elo_gap=27
weight_change_per_day=27
is_jockey_changed=27
slope_total_time_4f_2=25
max_ucv_score_5_rank=23
dash_score_in_race_rank=23
interaction_straight_length_lead=23
slope_best_time_ratio_1=22
slope_lap_diff_2=22
interaction_steep_slope_weight=20
elo_rating_rank=19
woodchip_best_time_ratio_1=18
bracket_number=17
leader_margin=17
interaction_escape_conflict_lead=17
interaction_escape_conflict_back=17
pace_score_top3=16
slope_lap_time_2f_1f_1=16
woodchip_lap_time_1f_0m_2=16
pred_lap_diff=15
slope_count=15
slope_best_time_ratio_2=15
slope_lap_time_2f_1f_2=14
woodchip_lap_diff_2=12
woodchip_total_time_2f_1=11
ucv_score_rank=9
dash_score_rank=9
weight_change_num=9
woodchip_lap_diff_1=9
prev_running_style=8
weight_carried=8
woodchip_total_time_5f_1=8
woodchip_total_time_4f_1=8
woodchip_count=6
woodchip_total_time_5f_2=6
woodchip_total_time_4f_2=6
woodchip_total_time_2f_2=6
interaction_small_turn_lead=6
interaction_nakayama_turf_lead=6
track_code=4
woodchip_per_day=4
interaction_short_straight_back=4
interaction_nakayama_turf_back=4
woodchip_best_time_ratio_2=3
sex_code=2
straight_length=2
slope_is_acceleration_1=2
is_local=2
escape_horse_count_in_race=2
affiliation_code=1
is_fatigue_loss=1
slope_is_acceleration_2=1
is_steep_slope=1
is_true_escape_prev=1

parameters:
[boosting: gbdt]
[objective: lambdarank]
[metric: ndcg]
[tree_learner: serial]
[device_type: cpu]
[data_sample_strategy: bagging]
[data: ]
[valid: ]
[num_iterations: 10000]
[learning_rate: 0.05]
[num_leaves: 15]
[num_threads: 0]
[seed: 42]
[deterministic: 0]
[force_col_wise: 0]
[force_row_wise: 0]
[histogram_pool_size: -1]
[max_depth: 5]
[min_data_in_leaf: 200]
[min_sum_hessian_in_leaf: 0.001]
[bagging_fraction: 0.8]
[pos_bagging_fraction: 1]
[neg_bagging_fraction: 1]
[bagging_freq: 1]
[bagging_seed: 400]
[bagging_by_query: 0]
[feature_fraction: 0.8]
[feature_fraction_bynode: 1]
[feature_fraction_seed: 30056]
[extra_trees: 0]
[extra_seed: 12879]
[early_stopping_round: 0]
[early_stopping_min_delta: 0]
[first_metric_only: 0]
[max_delta_step: 0]
[lambda_l1: 0.1]
[lambda_l2: 0.1]
[linear_lambda: 0]
[min_gain_to_split: 0]
[drop_rate: 0.1]
[max_drop: 50]
[skip_drop: 0.5]
[xgboost_dart_mode: 0]
[uniform_drop: 0]
[drop_seed: 17869]
[top_rate: 0.2]
[other_rate: 0.1]
[min_data_per_group: 100]
[max_cat_threshold: 32]
[cat_l2: 10]
[cat_smooth: 10]
[max_cat_to_onehot: 4]
[top_k: 20]
[monotone_constraints: ]
[monotone_constraints_method: basic]
[monotone_penalty: 0]
[feature_contri: ]
[forcedsplits_filename: ]
[refit_decay_rate: 0.9]
[cegb_tradeoff: 1]
[cegb_penalty_split: 0]
[cegb_penalty_feature_lazy: ]
[cegb_penalty_feature_coupled: ]
[path_smooth: 0]
[interaction_constraints: ]
[verbosity: -1]
[saved_feature_importance_type: 0]
[use_quantized_grad: 0]
[num_grad_quant_bins: 4]
[quant_train_renew_leaf: 0]
[stochastic_rounding: 1]
[linear_tree: 0]
[max_bin: 255]
[max_bin_by_feature: ]
[min_data_in_bin: 3]
[bin_construct_sample_cnt: 200000]
[data_random_seed: 175]
[is_enable_sparse: 1]
[enable_bundle: 1]
[use_missing: 1]
[zero_as_missing: 0]
[feature_pre_filter: 1]
[pre_partition: 0]
[two_round: 0]
[header: 0]
[label_column: ]
[weight_column: ]
[group_column: ]
[ignore_column: ]
[categorical_feature: 0,1,2,3,4,5,6,7,8,9]
[forcedbins_filename: ]
[precise_float_parser: 0]
[parser_config_file: ]
[objective_seed: 16083]
[num_class: 1]
[is_unbalance: 0]
[scale_pos_weight: 1]
[sigmoid: 1]
[boost_from_average: 1]
[reg_sqrt: 0]
[alpha: 0.9]
[fair_c: 1]
[poisson_max_delta_step: 0.7]
[tweedie_variance_power: 1.5]
[lambdarank_truncation_level: 30]
[lambdarank_norm: 1]
[label_gain: ]
[lambdarank_position_bias_regularization: 0]
[eval_at: 1,3,5]
[multi_error_top_k: 1]
[auc_mu_weights: ]
[num_machines: 1]
[local_listen_port: 12400]
[time_out: 120]
[machine_list_filename: ]
[machines: ]
[gpu_platform_id: -1]
[gpu_device_id: -1]
[gpu_use_dp: 0]
[num_gpu: 1]

end of parameters

pandas_categorical:[["01", "02", "03", "04", "05", "06", "07", "08", "09", "10", -1], ["10", "11", "12", "17", "18", "20", "21", "23", "24", -1], ["0", "1", "2", "3", "4", -1], ["0", "1", "2", "3", "4", -1], ["0", "1", "2", "3", "4", "5", "6", "7", "8", -1], ["00", "01", "02", "03", "04", "05", "06", "07", "08", "09", "10", "11", "12", "13", "14", "15", "16", "17", "18", "99", -1], ["1", "2", "3", -1], [1000, 1200, 1400, 1500, 1600, 1700, 1800, 2000, 2200, 2300, 2400, 2500, 2600, 3000, 3200, 3400, 3600], ["0", "1", "2", "3", "4", -1], ["1", "2", "3", "4", -1]]
