tree
version=v4
num_class=1
num_tree_per_iteration=1
label_index=0
max_feature_idx=61
objective=lambdarank
feature_names=course_code track_code turf_condition_code dirt_condition_code bracket_number horse_number sex_code distance pace_score_top3 prev_ucv_score max_ucv_score_5 avg_ucv_score_5 avg_ucv_3f_5 max_ucv_3f_5 ucv_3f_gap_avg_5 ucv_3f_rank dash_score_median leader_margin target_elo_rating horse_age weight_carried ucv_score_rank prev_ucv_score_rank max_ucv_score_5_rank elo_rating_rank dash_score_rank ucv_score_z elo_rating_z weight_carried_diff jockey_win_rate_100 jockey_top3_rate_100 straight_length elo_diff_from_mean ucv_elo_gap interval_days horse_weight_num weight_change_num carried_weight_ratio weight_change_per_day is_fatigue_loss is_jockey_changed is_sameday_jockey_change bracket_win_rate_highres bracket_top3_rate_highres slope_count woodchip_count slope_per_day woodchip_per_day slope_total_time_4f_1 slope_total_time_4f_2 slope_lap_time_2f_1f_1 slope_lap_time_2f_1f_2 slope_lap_time_1f_0m_1 slope_lap_time_1f_0m_2 woodchip_total_time_5f_1 woodchip_total_time_5f_2 woodchip_total_time_4f_1 woodchip_total_time_4f_2 woodchip_total_time_2f_1 woodchip_total_time_2f_2 woodchip_lap_time_1f_0m_1 woodchip_lap_time_1f_0m_2
feature_infos=-1:4:8:5:6:7:3:9:2:0:1 -1:8:7 -1:0:2:4 -1:1:2:3:4 -1:8:7:6:5:4:3:2:1 -1:6:3:4:7:1:2:5:8:9:10:11:12:13:14:15:16 -1:0:1:2 -1:7:2:4:6:5:0:10:8:1:3:9:11 [0:0.62126068376068366] [-60.101705774548662:5.949984253832568] [-24.55799682328572:7.52032117912335] [-24.55799682328572:4.9994118406597012] [-9.5684118694858196:2.90914338748845] [-9.1624749611447864:2.90914338748845] [-15.395521862140933:3.7974768905757337] [1:16] [0:1] [0:0.5] [983.4829535589123:1110.5776457695538] [2:11] [48:61] [1:16] [1:16] [1:16] [1:16] [1:16] [-3.6835987442298754:3.7458608631898147] [-3.5939982290111736:3.7464383118978617] [-6.75:4.7692307692307665] [0:1] [0:1] [260.30000000000001:501.60000000000002] [-33.657982656606578:95.850145691821126] [-5.0303439571649733:6.0910017474765699] [1:2143] [352:634] [-48:66] [0.087859424920127799:0.15254237288135594] [-8:15] [0:1] [0:1] none [0:1] [0:1] [0:266] [0:112] [0:1.6000000000000001] [0:1.0526315789473684] [47.899999999999999:136.5] [49.700000000000003:120.40000000000001] [0:99.900000000000006] [0:99.900000000000006] [0:99.900000000000006] [0:99.900000000000006] [61.299999999999997:999.89999999999998] [62.799999999999997:999.89999999999998] [48.100000000000001:326.10000000000002] [48.899999999999999:266.60000000000002] [22:155.5] [21.899999999999999:130.69999999999999] [0:99.900000000000006] [0:99.900000000000006]
tree_sizes=1784 1777 1776 1781 1784 1776 1782 1781 1787 1783 1790 1784 1777 1778 1800 1781 1809 1785 1805 1779 1786 1780 1783 1807 1807 1801 1797 1805 1786 1791 1814 1782 1792 1792 1788 1788 1793 1781 1788 1805 1812 1791 1808 1789 1797 1762 1809 1793 1796 1796 1773 1753 1782 1794 1803 1783 1798 1787 1788 1791 1798 1789 1800 1798 1800 1799 1756 1796 1769 1815 1798 1790 1761 1787 1802 1808 1807 1793 1798 1758 1769 1775 1799 1768 1784 1768 1792 1810 1773 1782 1790 1767 1764 1783 1758 1796 1804 1771 1782 1792 1772 1768

Tree=0
num_leaves=15
num_cat=0
split_feature=26 9 26 11 22 22 29 29 22 30 30 10 30 30
split_gain=3364.18 641.635 523.007 196.382 147.453 123.282 114.777 102.519 93.8999 85.1737 62.6546 50.0496 46.9126 46.6443
threshold=0.36532756150631079 0.33686114528379535 0.93830882826802664 -0.48319592833023178 3.5000000000000004 2.5000000000000004 0.10994505494505495 0.098199935711989719 4.5000000000000009 0.33503401360544222 0.29948453608247427 0.93761136246104104 0.23979166666666671 0.2487113402061856
decision_type=2 2 2 2 2 2 2 2 2 2 2 2 2 2
left_child=1 3 4 12 13 -4 8 -5 -3 11 -7 -6 -1 -2
right_child=2 6 5 7 9 10 -8 -9 -10 -11 -12 -13 -14 -15
leaf_value=-0.076315240997117381 0.016285677727133255 -0.0013866986080313349 0.057286343826440524 -0.047700812020381789 -0.029722251938347516 0.023564088976236266 0.019063947759796106 -0.011837202228558705 -0.032844927531505488 0.025816259149923124 0.049061418695042588 -0.00080492494968384301 -0.047522697488652274 0.04131070545831577
leaf_weight=750.8723230001051 376.66577298135962 485.73992239334621 1224.5903261341155 962.28764712694101 185.87581416068133 610.33070902817417 292.07264102227055 251.90066897147335 464.18811975233257 260.27037751488388 399.8381686048815 767.73987294081599 176.43014902726281 370.36364317825064
leaf_count=21375 5291 7924 10017 22799 3961 7774 3858 4531 9948 3041 3543 12687 3980 3771
internal_value=0.000161914 -0.036932 0.0300767 -0.0535137 0.0112269 0.0466131 -0.00833528 -0.0402661 -0.0167661 0.000466328 0.0336651 -0.00644917 -0.0708482 0.0287032
internal_weight=7579.17 3383.49 4195.67 2141.49 1960.92 2234.76 1242 1214.19 949.928 1213.89 1010.17 953.616 927.302 747.029
internal_count=124500 74415 50085 52685 28751 21334 21730 27330 17872 19689 11317 16648 25355 9062
is_linear=0
shrinkage=0.05


Tree=1
num_leaves=15
num_cat=0
split_feature=10 23 30 9 9 30 30 16 9 23 32 25 15 16
split_gain=3240.26 1126.69 681.329 629.345 465.673 316.82 227.817 206.821 199.96 159.603 136.251 101.015 100.009 94.6467
threshold=0.93761136246104104 1.5000000000000002 0.25904139433551204 -0.27030555975840631 0.14150297163532197 0.50500000000000012 0.18016393442622955 0.27192684766214187 0.48047701259087744 5.5000000000000009 -0.15056440630621634 4.5000000000000009 2.5000000000000004 0.49408263305322137
decision_type=2 2 2 2 2 2 2 2 2 2 2 2 2 2
left_child=3 8 4 7 13 9 -5 -1 -2 -4 -6 -10 -13 -3
right_child=1 2 5 6 10 -7 -8 -9 11 -11 -12 12 -14 -15
leaf_value=-0.0307027151450836 0.0070301699776039832 -0.020334751627110351 0.015141935126830923 -0.037284039386702848 -0.016800678713519656 0.039973423604236613 -0.0094149223343262638 -0.068519033623378203 0.042037953282424712 -0.0013255946361307447 0.0023781676545033639 0.036328446358170112 0.011596315069071063 -0.043479918680322152
leaf_weight=485.66290125530213 763.02798765152693 1345.0339895463549 4425.7499144503381 1344.6754454425536 1097.687937725801 991.48878546897322 1614.2544692354277 1423.9976360355504 2216.4444671925157 2203.332557673566 5918.7948642931879 955.76846409589052 715.63609697017819 659.02721385285258
leaf_count=5324 2831 10408 11356 12210 6070 1918 9932 19438 3494 9886 22136 1577 1763 6301
internal_value=0.000270726 0.00868548 0.00260456 -0.0365282 -0.006694 0.013612 -0.0220825 -0.0589064 0.0304418 0.00966787 -0.000621735 0.035035 0.0257433 -0.0279502
internal_weight=26160.6 21292 16641.1 4868.59 9020.54 7620.57 2958.93 1909.66 4650.88 6629.08 7016.48 3887.85 1671.4 2004.06
internal_count=124644 77740 68075 46904 44915 23160 22142 24762 9665 21242 28206 6834 3340 16709
is_linear=0
shrinkage=0.05


Tree=2
num_leaves=15
num_cat=0
split_feature=9 23 11 30 25 23 15 30 25 16 35 13 25 15
split_gain=2503.93 830.444 805.65 330.237 238.733 175.089 162.402 139.711 134.888 112.939 108.468 102.172 136.201 96.9402
threshold=0.34832551947017704 2.5000000000000004 0.047275944738605809 0.27013513513513521 7.5000000000000009 6.5000000000000009 2.5000000000000004 0.39886363636363642 4.5000000000000009 0.2140056022408964 457.00000000000006 0.8784048673235979 6.5000000000000009 2.5000000000000004
decision_type=2 2 2 2 2 2 2 2 2 2 2 2 2 2
left_child=2 6 4 5 -1 10 -2 9 -8 -4 -3 12 -5 -11
right_child=1 3 7 11 -6 -7 8 -9 -10 13 -12 -13 -14 -15
leaf_value=-0.02961969176496498 0.033411410219706256 -0.015436961294675179 0.00014552104822375462 0.013739315637791284 -0.056646440845842097 -0.017112717284900374 0.025048480046188239 0.016747692918280942 0.0058555763087306039 -0.0021967432855923056 0.0048455158407874829 0.020667362654250399 -0.012074612032907068 -0.025683287221024871
leaf_weight=1632.3177593806759 2791.988877562806 838.85603027325124 1115.4587096394971 1531.1507025351748 1639.2078647722956 2206.7394121102989 2349.3593497769907 452.82537417020649 1501.2546056592837 602.57513713929802 3075.730749739334 1960.2229171916842 766.6511419666931 1626.7607382014394
leaf_count=18001 5046 3786 6110 4592 24461 15704 4782 1397 4211 3174 11906 5228 3225 13094
internal_value=3.48773e-05 0.0104231 -0.0249782 0.00158755 -0.0431644 -0.00585026 0.024228 -0.00930934 0.0175673 -0.0128389 0.000497627 0.0122812 0.00512429 -0.0193377
internal_weight=24091.1 17022 7069.15 10379.4 3271.53 6121.33 6642.6 3797.62 3850.61 3344.79 3914.59 4258.02 2297.8 2229.34
internal_count=124717 58480 66237 44441 42462 31396 14039 23775 8993 22378 15692 13045 7817 16268
is_linear=0
shrinkage=0.05


Tree=3
num_leaves=15
num_cat=0
split_feature=26 26 10 30 22 22 10 34 30 34 30 35 32 23
split_gain=2259.19 680.233 572.705 285.296 224.576 170.171 167.958 150.693 146.055 133.799 126.828 112.111 102.66 87.0229
threshold=0.14680248057147696 1.070477961730695 1.0766804270434436 0.33166666666666672 1.5000000000000002 6.5000000000000009 0.56832602047535785 154.50000000000003 0.18016393442622955 134.50000000000003 0.41012820512820519 461.00000000000006 -0.18204627445271623 1.5000000000000002
decision_type=2 2 2 2 2 2 2 2 2 2 2 2 2 2
left_child=2 3 5 6 9 -1 -2 -8 12 13 -6 -7 -4 -3
right_child=1 4 8 -5 10 11 7 -9 -10 -11 -12 -13 -14 -15
leaf_value=-0.022555991390315319 -0.03413065537761497 0.04286967502314485 -0.056537558905462665 0.015233471433921123 0.010402953915215743 -0.066973188200559169 -0.00091176738331040584 -0.041098201654789154 -0.0020794826471281945 -0.013505590863719958 0.032804879109385017 -0.042227858365273707 -0.017718938502782191 0.024011182233193009
leaf_weight=762.47915427526459 442.31449656188488 1500.1036159098148 215.57290875446051 2525.6572207985446 3743.0571562638506 674.05586623167619 6577.3330825483426 241.77165392227471 1734.3787115444429 149.31866769492626 760.46933094412088 1437.6165021269117 814.70715536596254 1036.631798112765
leaf_count=6411 4301 2617 3040 7300 10234 11616 32659 1620 11676 376 1323 21940 7453 2017
internal_value=0.000229334 0.00933731 -0.0271907 0.0007585 0.0210147 -0.0428191 -0.00427562 -0.00233789 -0.0109405 0.0324585 0.0141875 -0.0501319 -0.0258508 0.0351664
internal_weight=22615.5 16976.7 5638.81 9787.08 7189.58 2874.15 7261.42 6819.1 2764.66 2686.05 4503.53 2111.67 1030.28 2536.74
internal_count=124583 62447 62136 45880 16567 39967 38580 34279 22169 5010 11557 33556 10493 4634
is_linear=0
shrinkage=0.05


Tree=4
num_leaves=15
num_cat=0
split_feature=22 11 23 16 27 52 29 27 29 11 29 19 13 19
split_gain=1984.2 732.93 524.884 203.827 192.694 159.456 156.15 139.782 99.2544 95.7676 91.9755 87.348 86.1737 83.6695
threshold=5.5000000000000009 0.11171403856881486 2.5000000000000004 0.40741758241758247 0.1931157757859282 12.450000000000001 0.081799933087989302 0.88219048443373638 0.11055555555555556 0.3405481454217904 0.098199935711989719 5.5000000000000009 0.46467449560695978 4.5000000000000009
decision_type=2 2 2 2 2 2 2 2 2 2 2 2 2 2
left_child=2 3 6 8 9 -3 13 11 -2 -4 -6 -7 -5 -1
right_child=1 5 4 12 10 7 -8 -9 -10 -11 -12 -13 -14 -15
leaf_value=0.01775254730301953 -0.031136233198292701 0.013397754520807499 -0.016580739784659897 -0.063599334120833337 0.0043147097368028886 -0.013960999678410782 0.031391401876816487 0.0055297469429908593 0.0068488550645382775 0.00039475665040256971 0.019698013136209055 -0.041101776073514201 -0.040101176671094606 -0.010092449065985071
leaf_weight=2711.2656335933134 1238.7460695793852 738.55313886748627 1191.3890047967434 789.28735235054046 2284.7283300803974 2823.5112632554956 2800.4213350825012 898.97073230333626 199.41641174722463 2742.9905586596578 1692.0570983132347 331.45539782498963 776.98336888523772 299.28883773554116
leaf_count=6698 17106 3716 8420 15158 10334 19136 5439 4370 1469 11239 4629 3302 12355 992
internal_value=3.66615e-05 -0.0201049 0.0114815 -0.0394664 0.00309971 -0.00796543 0.0228915 -0.0118589 -0.0258656 -0.0047447 0.0108616 -0.0168152 -0.051949 0.0149825
internal_weight=21519.1 7796.92 13722.1 3004.43 7911.16 4792.49 5810.98 4053.94 1438.16 3934.38 3976.79 3154.97 1566.27 3010.55
internal_count=124363 76612 47751 46088 34622 30524 13129 26808 18575 19659 14963 22438 27513 7690
is_linear=0
shrinkage=0.05


Tree=5
num_leaves=15
num_cat=0
split_feature=23 9 21 30 9 30 29 18 52 10 30 30 25 9
split_gain=1556.58 507.189 461.17 265.867 180.639 173.893 154.179 130.439 95.2222 94.4386 83.6632 83.4938 79.8519 66.5779
threshold=6.5000000000000009 -0.17289563278628453 1.5000000000000002 0.13367697594501721 0.64912725644164115 0.25904139433551204 0.11167800453514741 1000.0322012577827 12.450000000000001 1.5736583316181094 0.4010869565217392 0.39886363636363642 4.5000000000000009 1.0836767751095675
decision_type=2 2 2 2 2 2 2 2 2 2 2 2 2 2
left_child=2 7 5 -4 8 13 9 11 -5 12 -6 -2 -3 -1
right_child=1 6 3 4 10 -7 -8 -9 -10 -11 -12 -13 -14 -15
leaf_value=-0.0032740004191585217 -0.053985886466519098 -0.0070283032562762351 -0.01586717255534548 0.017588223433246796 0.0084391710819419798 0.031881606179206913 0.0044750404378392722 -0.022880139282297946 -0.0078916207391022935 -0.0021555757964638145 0.024104418451900186 0.017700083310510064 -0.028132707008055813 0.017309790952592875
leaf_weight=551.38110681064427 1292.6283928486519 607.5682919351384 1612.8473789910786 430.71531537733972 5024.064282855019 2252.0748898051679 1058.025138261728 555.67980254767463 2460.1641843500547 745.06609650980681 1027.0719136968255 41.78458870574832 1716.9964755168185 1362.6883466076106
leaf_count=1837 25284 5196 10106 1916 17296 4427 4859 7800 15636 5144 2243 336 19305 3197
internal_value=-0.00038081 -0.0218056 0.00837709 0.0028165 0.00618712 0.0224632 -0.0119807 -0.043257 -0.00409314 -0.0176542 0.0110992 -0.0517363 -0.0226194 0.0113778
internal_weight=20738.8 6017.75 14721 10554.9 8942.02 4166.14 4127.66 1890.09 2890.88 3069.63 6051.14 1334.41 2324.56 1914.07
internal_count=124582 67924 56658 47197 37091 9461 34504 33420 17552 29645 19539 25620 24501 5034
is_linear=0
shrinkage=0.05


Tree=6
num_leaves=15
num_cat=0
split_feature=26 10 22 19 9 9 29 23 52 35 29 15 29 27
split_gain=1463.33 573.953 320.016 218.943 164.438 154.007 141.113 136.329 118.383 96.1045 84.9609 76.2851 73.4331 68.6384
threshold=0.60744082554529599 1.0360973673123446 1.5000000000000002 4.5000000000000009 -0.33182640506116134 1.0000000180025095e-35 0.14017543859649126 1.5000000000000002 12.350000000000003 511.00000000000006 0.076505016722408045 2.5000000000000004 0.18959459459459463 1.1087699025222886
decision_type=2 2 2 2 2 2 2 2 2 2 2 2 2 2
left_child=1 4 7 5 10 -3 8 11 -4 -10 -1 -2 -7 -5
right_child=2 3 6 13 -6 12 -8 -9 9 -11 -12 -13 -14 -15
leaf_value=-0.054621351329489011 0.044008688380827714 -0.017353243411716342 0.02340389157381734 -0.027292668832064538 -0.023828613906097928 0.0027148743882439144 0.019383877674236164 0.01392258836729595 -0.0021264944486849794 0.016253086902182204 -0.022520110056207264 0.023225491065867486 0.029430566906797784 0.0080256436480217099
leaf_weight=926.96593591151759 920.94017044082284 1006.3699813554995 627.16608884464949 1223.3288305206224 1923.4482165989466 2867.4049750245176 1600.2731358734891 1610.8032601755112 4922.7403990356252 831.22210411448032 266.0707906591706 851.87164042145014 282.55360174365342 154.71057805605233
leaf_count=20335 1786 10557 1998 12397 22596 15645 3887 3940 20677 2974 4282 1880 756 922
internal_value=-0.000222981 -0.0157188 0.0115717 -0.006053 -0.0328813 -0.000325267 0.00610788 0.0244581 0.00277746 0.000528002 -0.0474688 0.0340266 0.00511374 -0.0233236
internal_weight=20015.9 8650.85 11365 5534.37 3116.48 4156.33 7981.4 3383.62 6381.13 5753.96 1193.04 1772.81 3149.96 1378.04
internal_count=124632 87490 37142 40277 47213 26958 29536 7606 25649 23651 24617 3666 16401 13319
is_linear=0
shrinkage=0.05


Tree=7
num_leaves=15
num_cat=0
split_feature=9 11 23 30 30 30 16 13 27 9 19 16 15 34
split_gain=1277.74 481.433 406.253 178.303 141.078 137.19 110.15 104.725 98.5665 95.4554 80.5222 73.7827 73.0056 72.5367
threshold=0.50380632044314522 0.027978138077300405 1.5000000000000002 0.25126262626262635 0.18016393442622955 0.25904139433551204 0.31543040293040298 0.68471900823816989 0.9833984764494994 1.4571963540117425 5.5000000000000009 0.52149859943977606 2.5000000000000004 90.500000000000014
decision_type=2 2 2 2 2 2 2 2 2 2 2 2 2 2
left_child=1 4 9 6 11 8 13 -8 -3 -2 -5 -1 -11 -4
right_child=2 5 3 10 -6 -7 7 -9 -10 12 -12 -13 -14 -15
leaf_value=-0.03610583128005939 0.011640941185544717 -0.020688864583044555 0.0084491002815727297 0.012235954353013639 -0.022748668496256414 0.0031052664694640759 -0.023923244198420818 -0.002899302902128083 0.0066599569774071559 0.041540300798084753 -0.017329451752964419 -0.059666446129707756 0.022533110182147004 -0.019002373368189846
leaf_weight=722.39765644108411 937.25278797373176 1854.817824019352 2117.4864736315794 4622.6845178995281 1088.5177739423234 1659.7372292415239 850.72507483442314 1952.0109548526816 400.23947364930063 904.73037412390113 242.14945078082383 619.44843134982511 1149.498565999791 271.30589814949781
leaf_count=13130 2452 17765 9658 15100 16041 8688 6492 10997 2362 1791 1371 14505 2548 1542
internal_value=-0.000251845 -0.0186561 0.00869783 0.00388519 -0.036136 -0.00780242 -0.00255891 -0.00928319 -0.0158326 0.024874 0.010763 -0.0469897 0.0309084 0.00532855
internal_weight=19393 6345.16 13047.8 10056.4 2430.36 3914.79 5191.53 2802.74 2255.06 2991.48 4864.83 1341.85 2054.23 2388.79
internal_count=124442 72491 51951 45160 43676 28815 28689 17489 20127 6791 16471 27635 4339 11200
is_linear=0
shrinkage=0.05


Tree=8
num_leaves=15
num_cat=0
split_feature=26 10 26 30 13 30 16 22 30 23 10 16 34 25
split_gain=1234.15 448.696 302.16 141.662 140.16 124.027 108.215 106.071 81.6317 80.4216 75.2565 58.7692 58.3334 51.9977
threshold=0.49791712853352971 0.9493533726868163 1.4932456239341538 0.26752374713396659 0.86306950073499766 0.33166666666666672 0.35735930735930738 4.5000000000000009 0.28024390243902447 1.5000000000000002 0.1518385973453962 0.70596315449256641 70.500000000000014 7.5000000000000009
decision_type=2 2 2 2 2 2 2 2 2 2 2 2 2 2
left_child=1 3 4 10 6 7 -2 -3 12 -4 -1 -9 -6 -12
right_child=2 5 9 -5 8 -7 -8 11 -10 -11 13 -13 -14 -15
leaf_value=-0.052126582839284556 0.0052846479045060351 -0.0014685372075406305 0.034644834541852083 -0.010261393613428829 0.0099670659998046876 0.0083991786186564128 -0.010696373513339678 -0.015211800690581085 0.019700646917615028 0.016482060149514925 -0.020873813936532284 -0.038692675545103472 -0.009530990680761681 -0.042137760657322276
leaf_weight=760.57298970036209 3307.5468145334162 1550.1970803998411 1253.3304127994925 511.27612326107919 2022.3971008621156 1004.8784012915567 1558.2641793219373 1813.9820577178616 2071.4182591224089 1189.9103165268898 559.46059362660162 312.81437807530165 473.04463269282132 595.15218500769697
leaf_count=17638 12723 8603 2801 5709 8136 4766 8408 20739 5392 3033 7767 4646 2369 11400
internal_value=0.000268041 -0.0162096 0.0101312 -0.0336593 0.00607138 -0.00716442 0.000165622 -0.0114192 0.0123625 0.0258023 -0.0399022 -0.0186694 0.00626871 -0.0318415
internal_weight=18984.2 7108.33 11875.9 2426.46 9432.67 4681.87 4865.81 3676.99 4566.86 2443.24 1915.19 2126.8 2495.44 1154.61
internal_count=124130 81268 42862 42514 37028 38754 21131 33988 15897 5834 36805 25385 10505 19167
is_linear=0
shrinkage=0.05


Tree=9
num_leaves=15
num_cat=0
split_feature=26 9 30 10 10 23 9 34 13 30 16 30 15 26
split_gain=1068.26 464.192 205.244 160.589 139.248 129.788 117.817 95.7207 74.7774 72.5209 67.5472 66.3498 62.413 62.3129
threshold=0.79171410575466872 -0.13199296576234029 0.38991525423728818 0.67800056757579974 1.0870979460521288 1.5000000000000002 1.4950364678522121 84.500000000000014 0.71303272343325796 0.18016393442622955 0.31201298701298708 0.16291708796764412 2.5000000000000004 1.3868028474322822
decision_type=2 2 2 2 2 2 2 2 2 2 2 2 2 2
left_child=1 3 5 10 9 6 -2 -6 -7 -3 -1 -10 -8 -4
right_child=2 4 13 -5 7 8 12 -9 11 -11 -12 -13 -14 -15
leaf_value=-0.025246482163666387 0.0065199410316538397 -0.027083526620831834 0.020447538883780234 -0.019533403923328037 0.002159980937873931 -0.0039644201436775904 0.041223875537120758 -0.018870490443328471 -0.0041823339074949766 -0.007497762568496988 -0.053757385251832858 0.013135610199931992 0.018398936311905315 0.039550335224771194
leaf_weight=299.21843681158498 1026.1942217480391 840.46447900845669 1090.4478612802923 1623.2742699591909 4592.8855866144877 1725.7488367618062 589.01032889261842 613.20358626497909 723.53370011970401 1082.1893690815195 687.59347365889698 2341.5746286464855 612.17922447994351 704.05240073241293
leaf_count=5546 3052 11836 2589 21207 25715 7340 1289 4513 3157 9915 17921 7517 1428 1394
internal_value=0.000242742 -0.0111704 0.0128558 -0.0292107 -0.00456424 0.00899613 0.0189685 -0.000316465 0.00435839 -0.016063 -0.0451209 0.00904599 0.0295979 0.0279469
internal_weight=18551.6 9738.83 8812.74 2610.09 7128.74 7018.24 2227.38 5206.09 4790.86 1922.65 986.812 3065.11 1201.19 1794.5
internal_count=124419 96653 27766 44674 51979 23783 5769 30228 18014 21751 23467 10674 2717 3983
is_linear=0
shrinkage=0.05


Tree=10
num_leaves=15
num_cat=2
split_feature=9 23 26 30 9 52 19 29 30 5 30 25 27 5
split_gain=987.497 380.35 282.491 218.39 146.943 125.253 126.243 111.425 87.4902 81.8799 78.5823 64.7803 62.635 47.6964
threshold=0.33686114528379535 1.5000000000000002 -0.10168077246446049 0.41012820512820519 1.5362202172357364 12.550000000000002 5.5000000000000009 0.074813432835820912 0.22994252873563223 0 0.22994252873563223 4.5000000000000009 0.96821417976265989 1
decision_type=2 2 2 2 2 2 2 2 2 9 2 2 2 9
left_child=2 4 8 5 11 -3 -7 -4 12 -9 -6 -2 -1 -13
right_child=1 3 7 -5 10 6 -8 9 -10 -11 -12 13 -14 -15
leaf_value=-0.046027012096236102 0.019750270122924338 0.012021588118716772 -0.018560724387078627 0.020738803159529522 0.018471789837950194 -0.0015908800234314382 -0.030039232133263611 -0.01750013470821055 -0.018630882128710807 0.0086981783938220869 0.039872323405807875 0.0090172895062669324 -0.0068510655183516306 -0.021177984239548878
leaf_weight=1120.9930036538281 604.11146601475775 1656.4709715731442 1712.1989862287883 1421.4695339072496 695.21460483130068 6781.5859236810356 413.7124068280682 422.66181793715805 562.03826756263152 949.39355976553634 1125.9205112028867 288.23801413178444 112.61961530451663 223.92570730112493
leaf_count=28042 1464 7497 18409 3807 1753 36473 3827 2974 8781 5681 2379 854 1857 775
internal_value=-1.49293e-05 0.00708475 -0.0192356 0.00254755 0.0229508 -0.00037335 -0.00322768 -0.0100537 -0.0350026 0.000559307 0.0317069 0.00865959 -0.0424554 -0.00441373
internal_weight=18090.6 13210.6 4879.91 10273.2 2937.41 8851.77 7195.3 3084.25 1795.65 1372.06 1821.14 1116.28 1233.61 512.164
internal_count=124573 58829 65744 51604 7225 47797 40300 27064 38680 8655 4132 3093 29899 1629
cat_boundaries=0 1 2
cat_threshold=590 71524
is_linear=0
shrinkage=0.05


Tree=11
num_leaves=15
num_cat=0
split_feature=10 21 30 30 30 22 9 30 23 22 34 34 22 9
split_gain=909.277 414.951 164.498 152.851 135.128 124.274 83.1019 81.0388 70.4437 70.3846 70.159 67.4483 68.6996 57.2313
threshold=0.93761136246104104 2.5000000000000004 0.2487113402061856 0.17010638297872344 0.27013513513513521 6.5000000000000009 1.5754636789153926 0.50500000000000012 1.5000000000000002 5.5000000000000009 90.500000000000014 105.50000000000001 2.5000000000000004 -0.30150485343608385
decision_type=2 2 2 2 2 2 2 2 2 2 2 2 2 2
left_child=3 4 5 13 11 10 -6 -4 -8 -5 -3 12 -2 -1
right_child=1 2 7 9 6 -7 8 -9 -10 -11 -12 -13 -14 -15
leaf_value=-0.051783001304731506 0.016926971487217109 -0.00018380444276114684 0.0025891526624526717 -0.0029595792631214165 0.014960520452476181 -0.019990387248635957 0.044603233839617937 0.023535971131410299 0.021656664551053372 -0.024617169862598435 -0.027465837203737645 -0.013477813932895114 0.0015565928214765475 -0.029938515586210881
leaf_weight=519.92399307782762 1722.3665507715195 2730.9846608173102 3718.1719501279294 647.27653057826683 1560.2554182931781 1549.5817204306368 604.7822654210031 527.27130130771548 752.04102412983775 894.16582657187246 257.84656828129664 326.91325673554093 1259.2494979351759 714.4532415997237
leaf_count=15248 4822 15662 19399 4414 4170 20620 1308 1426 1798 15724 2201 1324 5012 11474
internal_value=0.000254924 0.00511709 -0.00188139 -0.0260333 0.0149921 -0.00849958 0.0228379 0.00519236 0.0318909 -0.0155268 -0.00253994 0.00807253 0.0104374 -0.039147
internal_weight=17785.3 15009.5 8783.86 2775.82 6225.61 4538.41 2917.08 4245.44 1356.82 1541.44 2988.83 3308.53 2981.62 1234.38
internal_count=124602 77742 59308 46860 18434 38483 7276 20825 3106 20138 17863 11158 9834 26722
is_linear=0
shrinkage=0.05


Tree=12
num_leaves=15
num_cat=0
split_feature=26 9 10 21 30 19 37 29 16 30 30 34 13 22
split_gain=857.73 292.44 243.131 134.645 118.933 108.113 86.1874 84.334 82.2577 71.282 70.35 67.8111 62.4761 57.7138
threshold=0.36532756150631079 1.2668243292953629 1.0360973673123446 1.5000000000000002 0.3603278688524591 5.5000000000000009 0.11839419978517725 0.10994505494505495 0.29200603318250384 0.27701575532900841 0.23979166666666671 97.500000000000014 1.0778247850443319 6.5000000000000009
decision_type=2 2 2 2 2 2 2 2 2 2 2 2 2 2
left_child=2 4 8 9 6 7 -2 13 -1 -3 -10 12 -5 -4
right_child=1 3 5 11 -6 -7 -8 -9 10 -11 -12 -13 -14 -15
leaf_value=-0.01440685410427173 0.0010908558365665259 0.016642077957530813 -0.0029915038478863006 0.0070285086271712543 0.013741113661196873 -0.035762924453171155 -0.013138630518425752 0.0083487200418813044 -0.042613190060321188 0.034468517343842923 -0.018516597920813123 -0.012472324100086292 0.022212106593251967 -0.019870430010529971
leaf_weight=638.79077132791281 3482.4388058003969 1145.7293276488781 1179.3344565443695 2125.9146141819656 1294.9065091554075 311.15289822313935 1531.9919770048 864.1212766924873 1080.2706052546855 1102.0377832707018 422.42105274531059 314.59976398199797 995.50578771904111 888.6718787222635
leaf_count=10347 18784 3191 7983 7716 3985 4754 9567 4642 27000 2522 6153 1468 3014 13390
internal_value=0.000199883 0.00764343 -0.0163775 0.0158695 0.000232063 -0.00774184 -0.00325567 -0.00476546 -0.029453 0.0253854 -0.0358444 0.00964232 0.0118731 -0.0102478
internal_weight=17377.9 11993.1 5384.76 5683.79 6309.34 3243.28 5014.43 2932.13 2141.48 2247.77 1502.69 3436.02 3121.42 2068.01
internal_count=124516 50247 74269 17911 32336 30769 28351 26015 43500 5713 33153 12198 10730 21373
is_linear=0
shrinkage=0.05


Tree=13
num_leaves=15
num_cat=0
split_feature=9 11 26 30 13 16 30 52 19 10 34 16 22 22
split_gain=807.984 317.755 223.028 129.863 111.704 99.6605 97.4279 67.8646 64.9707 63.6776 62.6889 59.5176 52.052 50.1589
threshold=0.72389917530850967 0.34945285481476523 1.0570188767777886 0.29948453608247427 0.8784048673235979 0.58816526610644271 0.27013513513513521 12.550000000000002 4.5000000000000009 0.37425413392623269 105.50000000000001 0.4003205128205129 1.5000000000000002 1.5000000000000002
decision_type=2 2 2 2 2 2 2 2 2 2 2 2 2 2
left_child=1 3 4 5 11 9 10 -3 -6 -1 13 -2 -8 -4
right_child=2 7 6 -5 8 -7 12 -9 -10 -11 -12 -13 -14 -15
leaf_value=-0.037607989206574433 0.00054366213253784126 0.011184290406355865 0.021286431224456837 -0.0038924943984085369 0.013720357432032619 -0.043195509624612521 0.033749339571084912 -0.0064365105675334815 -0.0079480107300156418 -0.016638265314346277 -0.015593053831636889 -0.014195729236463962 0.018049565316167731 0.0058860043019692901
leaf_weight=508.03870522114448 2259.8798400308006 683.09971097903326 938.60979926027358 609.42758978391066 2090.956131834304 885.76878467551433 917.42932154424489 2727.1047949974891 414.14330905629322 1266.6130213483702 216.72810327634215 982.25991965690628 1250.2568393554538 1213.576188147068
leaf_count=12090 11594 3611 2470 6022 8714 21475 2201 18883 2672 19031 895 7242 3282 4247
internal_value=-4.57935e-05 -0.0135853 0.00874858 -0.0247218 0.00220554 -0.029491 0.0170364 -0.00290519 0.010136 -0.022646 0.0100229 -0.00392064 0.0246977 0.0126054
internal_weight=16963.9 6680.05 10283.8 3269.85 5747.24 2660.42 4536.6 3410.2 2505.1 1774.65 2368.91 3242.14 2167.69 2152.19
internal_count=124429 81112 43317 58618 30222 52596 13095 22494 11386 31121 7612 18836 5483 6717
is_linear=0
shrinkage=0.05


Tree=14
num_leaves=15
num_cat=1
split_feature=23 9 9 23 29 30 30 30 18 27 4 15 30 16
split_gain=742.052 266.661 258.489 122.748 109.755 81.3575 80.4386 78.0207 74.3332 65.5985 56.6068 52.0675 48.3172 45.8494
threshold=5.5000000000000009 -0.13199296576234029 1.1125363696424893 1.5000000000000002 0.12993506493506496 0.14793771043771045 0.42052631578947369 0.23979166666666671 1000.0676159414187 0.96821417976265989 0 6.5000000000000009 0.20983870967741938 0.35304401480872077
decision_type=2 2 2 2 2 2 2 2 2 2 9 2 2 2
left_child=2 8 4 7 10 -3 -5 -4 12 -7 -1 -9 -2 -12
right_child=1 5 3 6 -6 9 -8 11 -10 -11 13 -13 -14 -15
leaf_value=-0.017922258135041919 -0.046973176797347013 -0.02111719235633569 0.013434264979598412 0.0069415489762818111 0.013193223314437045 -0.0072587695207662522 0.026850104992520454 0.038042596158688408 -0.015610020041896525 0.010942597808629249 0.0036620253465432986 0.011013611465276104 -0.024554991023194864 -0.0089038807932182093
leaf_weight=674.02024990087375 690.30531278427225 886.15446488535963 883.80979015119374 3551.7034415854141 1080.5738990232348 2902.8670441424474 592.19544803164899 969.3933381177485 492.22657682141289 596.51565405772999 1629.2626007604413 219.09811864420772 371.15955292712897 1308.6936309530865
leaf_count=4944 21130 11904 2465 13334 3747 25156 1412 2339 8473 3143 9397 580 7290 9375
internal_value=0.000329321 -0.0138914 0.00807226 0.0147594 -0.000785267 -0.00758354 0.00978842 0.0246964 -0.0316915 -0.00415446 -0.00496876 0.0330654 -0.039142 -0.00192723
internal_weight=16848 5939.23 10908.8 6216.2 4692.55 4385.54 4143.9 2072.3 1553.69 3499.38 3611.98 1188.49 1061.46 2937.96
internal_count=124689 77096 47593 20130 27463 40203 14746 5384 36893 28299 23716 2919 28420 18772
cat_boundaries=0 1
cat_threshold=6
is_linear=0
shrinkage=0.05


Tree=15
num_leaves=15
num_cat=0
split_feature=26 23 22 30 30 25 30 15 16 35 13 16 21 22
split_gain=679.616 205.484 184.784 116.104 102.839 98.3155 86.5656 75.4306 75.3332 67.6523 57.8988 50.314 45.4904 43.0424
threshold=0.36532756150631079 2.5000000000000004 7.5000000000000009 0.32977272727272733 0.5114102564102565 4.5000000000000009 0.23979166666666671 3.5000000000000004 0.39758158508158514 499.00000000000006 0.95360196552167154 0.50098039215686285 1.5000000000000002 1.5000000000000002
decision_type=2 2 2 2 2 2 2 2 2 2 2 2 2 2
left_child=2 3 5 7 9 -1 11 13 -9 -3 -7 -4 -5 -2
right_child=1 4 6 12 -6 10 -8 8 -10 -11 -12 -13 -14 -15
leaf_value=0.00635504145983843 0.024402811326065726 -0.0039438086516113023 -0.025359529465207576 0.03405581621066249 0.024933580509953684 -0.019790356242781318 -0.012657513855798094 0.006708947238175624 -0.020320871083926648 0.0079695894649880611 -0.00049646404744771119 -0.044207049916352326 0.017120155459062276 0.0088164558834149462
leaf_weight=955.81598507100716 850.15255400724709 4461.5224937275052 866.69372840691358 788.56516730971634 415.90934657305479 1199.0965618658811 802.64416002156213 1305.4823855836876 321.0620555402711 1625.7265492752194 576.22177930688486 602.10389009537175 801.85748125426471 927.93478744663298
leaf_count=6569 2302 25522 19275 1926 1031 13687 11222 4709 1703 7817 4592 18994 2183 3327
internal_value=4.71449e-05 0.0067406 -0.0153363 0.0143672 0.00088171 -0.00656984 -0.025874 0.00915441 0.00136956 -0.000761188 -0.0135313 -0.0330916 0.025522 0.0162725
internal_weight=16500.8 11498.2 5002.58 4995.05 6503.16 2731.13 2271.44 3404.63 1626.54 6087.25 1775.32 1468.8 1590.42 1778.09
internal_count=124859 50520 74339 16150 34370 24848 49491 12041 6412 33339 18279 38269 4109 5629
is_linear=0
shrinkage=0.05


Tree=16
num_leaves=15
num_cat=1
split_feature=26 9 30 29 18 29 34 22 44 34 16 19 13 5
split_gain=669.052 283.615 139.732 133.926 103.452 75.3332 73.9211 81.6012 66.6441 63.2644 56.7606 50.1449 45.0621 40.9012
threshold=0.79171410575466872 0.63763755014329659 0.3697141155449673 0.090454545454545468 999.97245003657463 0.19023809523809526 110.50000000000001 1.5000000000000002 5.5000000000000009 70.500000000000014 0.51290376290376305 5.5000000000000009 0.86795577120969492 0
decision_type=2 2 2 2 2 2 2 2 2 2 2 2 2 9
left_child=1 3 6 4 10 9 7 -2 -9 11 -1 -3 -4 -5
right_child=2 5 12 13 -6 -7 -8 8 -10 -11 -12 -13 -14 -15
leaf_value=-0.024253066295749925 0.01772600338339678 0.0015263744326433112 0.013089959083670647 0.0048948719386879991 -0.013615600379735191 0.021494049171386594 -0.011040591179070438 -0.0036413358880152472 0.0099723908434119074 -0.018766707156128364 -0.042157237508287093 -0.024765873393715596 0.029066765633611238 -0.013947575785719705
leaf_weight=1034.6204653745517 1666.330294135958 3095.6410698769614 745.28947532735765 597.47055303375237 1342.14538362436 355.19573408737779 529.66128891147673 1519.578478360083 2199.5110880918801 520.90247444831766 777.56848233693745 192.53160392749123 1088.3911253493279 540.49470562976785
leaf_count=18761 4719 18749 2230 5074 21222 1065 2477 6862 8934 4327 20351 2128 2633 5412
internal_value=-9.61787e-05 -0.00982144 0.0105168 -0.0188404 -0.0241454 -0.000523773 0.00677697 0.00853044 0.00440868 -0.00257876 -0.03194 -1.22952e-05 0.0225769 -0.00413024
internal_weight=16205.3 8456.57 7748.76 4292.3 3154.33 4164.27 5915.08 5385.42 3719.09 3809.08 1812.19 3288.17 1833.68 1137.97
internal_count=124944 97089 27855 70820 60334 26269 22992 20515 15796 25204 39112 20877 4863 10486
cat_boundaries=0 1
cat_threshold=87492
is_linear=0
shrinkage=0.05


Tree=17
num_leaves=15
num_cat=0
split_feature=10 22 11 30 30 34 29 37 30 11 27 15 12 9
split_gain=606.265 252.402 152.508 129.682 112.877 89.5256 79.635 72.7101 66.277 54.9835 52.3082 50.7521 41.9964 37.677
threshold=0.93761136246104104 2.5000000000000004 0.93419275301258864 0.26752374713396659 0.30976190476190485 139.50000000000003 0.037268518518518527 0.11601687763713082 0.47084905660377363 1.6806137230774223 0.9833984764494994 1.5000000000000002 0.52425847241235279 -0.42273901348256754
decision_type=2 2 2 2 2 2 2 2 2 2 2 2 2 2
left_child=4 3 6 5 7 9 -3 13 12 -2 -8 -5 -4 -1
right_child=1 2 8 11 -6 -7 10 -9 -10 -11 -12 -13 -14 -15
leaf_value=-0.033471414147985261 0.0040288090443571477 -0.02092002835056507 -0.00076960383574446289 0.033241411544185716 -0.00027358785602710743 -0.036556433854846984 -0.0070785229947851348 -0.03877028473277528 0.026267431686548548 0.023971568843934494 0.008343762006704036 0.016537862747374742 0.011469498523900048 -0.012808036388895702
leaf_weight=324.62737535114866 2417.5919269444421 900.85892751265783 1830.7366501307115 599.05163493938744 427.79620610782877 123.68557053757831 3156.6717470383737 929.02254095487297 373.36533694714308 403.42444531992078 665.4051277115941 1902.1909522917122 1134.894286703784 693.19743537646718
leaf_count=10277 9582 11536 9104 1499 4027 715 28291 21805 990 1128 4259 5872 4871 10704
internal_value=-0.000242102 0.00385351 -0.00176342 0.0121694 -0.0235408 0.00505582 -0.00754611 -0.0286506 0.00641454 0.00688328 -0.00439212 0.0205416 0.00391263 -0.019406
internal_weight=15882.5 13507.9 8061.93 5445.94 2374.64 2944.7 4722.94 1946.85 3339 2821.02 3822.08 2501.24 2965.63 1017.82
internal_count=124660 77847 59051 18796 46813 11425 44086 42786 14965 10710 32550 7371 13975 20981
is_linear=0
shrinkage=0.05


Tree=18
num_leaves=15
num_cat=1
split_feature=23 30 26 26 37 26 19 10 52 5 30 30 37 18
split_gain=545.688 210.088 167.706 143.775 78.7793 65.8523 64.8726 56.3398 52.5938 49.3049 46.2421 46.0802 41.4228 43.287
threshold=6.5000000000000009 0.33503401360544222 -0.11196496328005427 1.1124670167159174 0.12104039969695109 1.4932456239341538 5.5000000000000009 0.32505286991127941 12.550000000000002 0 0.1502688172043011 0.22994252873563223 0.10940448113207549 999.97755760690109
decision_type=2 2 2 2 2 2 2 2 2 9 2 2 2 2
left_child=1 3 7 4 8 9 10 -2 -1 -3 -5 -6 -4 -14
right_child=2 5 12 6 11 -7 -8 -9 -10 -11 -12 -13 13 -15
leaf_value=0.011289822793644686 -0.039949771507905268 0.0030368739856057002 0.0056539399318866696 0.00029922716813849586 -0.026745629923960696 0.031714581560522405 -0.028423066574543538 -0.020749615681057005 -0.0032066389472055383 0.018292641204530443 0.014774761392414111 -0.0035331573108331412 -0.017696162831222068 -0.0032166376203799107
leaf_weight=760.35277649946511 568.90935891657136 804.74978592293337 519.78840511292219 720.87794327083975 512.61508593917824 611.61187219619751 105.66821498889476 1171.5446023747791 3529.2638129598927 1639.9528156006709 2360.8044320419431 367.71812236215919 987.93952930648811 1083.0116110681556
leaf_count=4233 19280 3017 4481 2781 4889 1613 507 22338 24499 5416 7554 2217 13191 8765
internal_value=8.40514e-05 0.00581848 -0.015026 0.00171546 -0.00343313 0.0170358 0.010068 -0.0270305 -0.000635711 0.0133604 0.0113903 -0.0170569 -0.00695877 -0.010127
internal_weight=15744.8 11413.6 4331.19 8357.3 5169.95 3056.31 3187.35 1740.45 4289.62 2444.7 3081.68 880.333 2590.74 2070.95
internal_count=124781 56726 68055 46680 35838 10046 10842 41618 28732 8433 10335 7106 26437 21956
cat_boundaries=0 1
cat_threshold=818
is_linear=0
shrinkage=0.05


Tree=19
num_leaves=15
num_cat=0
split_feature=9 23 26 29 29 52 9 25 27 10 37 46 30 34
split_gain=523.387 206.975 145.98 135.077 84.1333 65.9675 64.7687 63.3523 61.188 54.9195 53.6552 49.29 46.6799 40.4765
threshold=0.33686114528379535 1.5000000000000002 -0.36493535270760696 0.090454545454545468 0.16754385964912283 12.850000000000003 1.5570642411100042 2.5000000000000004 1.0534187083762079 1.5370074082208998 0.11393876950250222 0.15480030721966209 0.27013513513513521 49.500000000000007
decision_type=2 2 2 2 2 2 2 2 2 2 2 2 2 2
left_child=2 6 -1 7 5 -4 -2 -3 -7 -9 -5 -12 13 -8
right_child=1 3 4 10 -6 8 12 9 -10 -11 11 -13 -14 -15
leaf_value=-0.031846303111032342 0.0079785913735668981 0.0074457409674116241 -0.0012839163734978071 0.015724242993545315 0.016925139894862336 -0.021713676259332172 0.022301720708796109 -0.012763348758008093 0.0035134741677442871 -0.0012776519025942356 -0.0065086151188777589 0.010096849857208786 0.034755110283794945 -0.005525253548034301
leaf_weight=1043.7684370335191 952.99286549910903 1086.6413287199102 865.78148899716325 1680.4055678308941 261.78137461375445 1610.9547918499447 659.87332990765572 1786.4254251732491 282.09505717316642 2495.9196551637724 749.48379963729531 1105.8132241209969 648.85575032792985 162.56465163826942
leaf_count=30732 3175 5758 9044 6376 1222 22791 1814 17436 2130 13811 3592 4613 1733 542
internal_value=-0.000332077 0.00518986 -0.0157248 0.00166289 -0.0101515 -0.0127231 0.0181422 -0.00333381 -0.0179518 -0.00607039 0.00925169 0.00338606 0.024721 0.0167953
internal_weight=15393.4 11329 4064.38 8904.69 3020.61 2758.83 2424.29 5368.99 1893.05 4282.35 3535.7 1855.3 1471.29 822.438
internal_count=124769 58850 65919 51586 35187 33965 7264 37005 24921 31247 14581 8205 4089 2356
is_linear=0
shrinkage=0.05


Tree=20
num_leaves=15
num_cat=2
split_feature=26 10 29 19 16 52 13 12 26 9 5 29 5 34
split_gain=442.29 236.369 122.955 100.123 89.9556 87.8079 67.4225 57.8835 56.5627 42.8417 42.7205 41.5454 37.6548 36.1275
threshold=0.93830882826802664 1.0766804270434436 0.080229885057471279 4.5000000000000009 0.29200603318250384 12.65 0.39608114370036912 0.69489213685161266 1.5578101814658669 0.081050890616108748 0 0.089087301587301604 1 48.500000000000007
decision_type=2 2 2 2 2 2 2 2 2 2 9 2 9 2
left_child=1 4 9 5 -1 -3 -6 -7 12 -2 13 -5 -4 -11
right_child=2 3 8 11 6 7 -8 -9 -10 10 -12 -13 -14 -15
leaf_value=-0.0064204908602919636 -0.017200612720457604 0.012826164344078581 0.02409357923516442 -0.020591759254109783 -0.038359885617348218 -0.0040632436707830058 -0.01803474876001248 0.017955588172893288 0.029201812810380808 0.0030752516481021915 0.010260216223935097 -0.0034774722051926065 0.0091649457130164973 -0.017440982857846728
leaf_weight=853.98348815809004 224.88921426609159 1287.6256699776277 615.16219239402562 837.56263565598056 690.69881995685864 3582.6029808856547 1001.4493599167326 325.44589263433591 824.70092658139765 827.59914088249207 1764.75489914231 616.3696486367844 1473.0222261473536 289.47783573437482
leaf_count=12866 1336 7475 1819 11229 19619 26620 19176 1704 2296 3180 6646 4379 4837 1332
internal_value=0.000192902 -0.00670395 0.0107295 -0.00174266 -0.0196586 0.0015021 -0.0263358 -0.00222792 0.0181097 0.00380785 0.00544956 -0.0133406 0.0137254 -0.00221805
internal_weight=15215.3 9195.74 6019.61 6649.61 2546.13 5195.67 1692.15 3908.05 2912.89 3106.72 2881.83 1453.93 2088.18 1117.08
internal_count=124514 103068 21446 51407 51661 35799 38795 28324 8952 12494 11158 15608 6656 4512
cat_boundaries=0 1 2
cat_threshold=6328 107648
is_linear=0
shrinkage=0.05


Tree=21
num_leaves=15
num_cat=0
split_feature=22 10 11 30 15 30 19 26 37 37 34 37 34 52
split_gain=453.132 181.476 172.653 92.9827 73.4363 61.4289 59.4377 59.3487 57.3191 56.0577 46.3875 45.5231 41.5307 39.7752
threshold=6.5000000000000009 1.6906493531643625 0.32303886516017971 0.33166666666666672 3.5000000000000004 0.21473779385171793 5.5000000000000009 1.3868028474322822 0.11601687763713082 0.11704238432961839 83.500000000000014 0.11473635653963525 134.50000000000003 12.550000000000002
decision_type=2 2 2 2 2 2 2 2 2 2 2 2 2 2
left_child=1 8 5 4 12 11 9 -5 -1 13 -6 -2 -3 -4
right_child=2 3 6 7 10 -7 -8 -9 -10 -11 -12 -13 -14 -15
leaf_value=0.0024702339577024634 -0.022006906558059671 0.0149446810430179 0.017958552114510345 0.013414928089042483 0.0031961141093305406 -0.014018189892507192 -0.032763229131428033 0.032131775327938476 -0.0090334676795669876 -0.01409519073785229 -0.017529219916331832 -0.041552054736884808 -0.015295205273739921 -0.0015373672978831335
leaf_weight=2357.2783150041942 574.40660141315311 2026.1633472475223 354.59483073884621 1275.4802397172898 2123.1274199509062 763.01539013860747 173.71577938925475 635.46232227049768 2002.009132998297 671.48005727049895 309.19855663739145 623.52585622435436 120.03858142904937 995.52788489381783
leaf_count=15907 15835 7005 1969 4155 9784 13324 2516 1684 15407 6140 1955 20184 628 8151
internal_value=-0.000300279 0.00507745 -0.0143383 0.0103778 0.00650929 -0.025121 -0.00470373 0.019643 -0.0028118 -0.00228861 0.000558831 -0.032187 0.0132504 0.00358027
internal_weight=15005 10848.8 4156.27 6489.47 4578.53 1960.95 2195.32 1910.94 4359.29 2021.6 2432.33 1197.93 2146.2 1350.12
internal_count=124644 56525 68119 25211 19372 49343 18776 5839 31314 16260 11739 36019 7633 10120
is_linear=0
shrinkage=0.05


Tree=22
num_leaves=15
num_cat=0
split_feature=9 10 30 30 11 25 34 35 12 37 19 11 28 29
split_gain=417.646 158.892 110.606 90.2944 88.5377 76.9802 71.316 52.4956 49.717 48.1998 38.8455 35.8738 35.1095 34.4778
threshold=0.17858008952379395 1.5370074082208998 0.35032467532467537 0.33166666666666672 -0.6204999564305963 8.5000000000000018 83.500000000000014 523.00000000000011 0.46209836593315795 0.118162639048715 3.5000000000000004 1.6806137230774223 -0.78348214285714224 0.079156223893066008
decision_type=2 2 2 2 2 2 2 2 2 2 2 2 2 2
left_child=2 5 4 6 -1 13 7 -3 -7 -6 -5 -8 -12 -2
right_child=1 3 -4 10 9 8 11 -9 -10 -11 12 -13 -14 -15
leaf_value=-0.036961169935926956 -0.0046771853627505409 0.0056551090534125714 0.0069666543570112149 0.02254238498375263 -0.010216078482546125 -0.021986545747916961 -0.015072344806605515 0.025052815428659614 -0.001915229749061153 -0.02630357111382647 -0.020102887627508711 0.011007635722092795 0.012362639974019027 0.0073743500673094878
leaf_weight=579.81644857919309 1229.3419097117148 4451.5999630284496 456.88621563790366 1271.3010047255084 1563.2888380566146 778.68609405774623 593.10260600922629 378.5799741698429 511.93577278219163 664.31742899958044 90.829149136319757 169.23813939467072 977.81011013314128 1146.8700799427461
leaf_count=20828 10874 20431 3239 3859 23149 10161 3980 1519 3959 12147 372 612 3357 6257
internal_value=-3.95393e-05 0.00440637 -0.0158387 0.0083853 -0.019552 -0.00419987 0.00493327 0.00717699 -0.0140297 -0.0150169 0.0166331 -0.0092754 0.00959693 0.00113741
internal_weight=14863.6 11599.3 3264.31 7932.46 2807.42 3666.83 5592.52 4830.18 1290.62 2227.61 2339.94 762.341 1068.64 2376.21
internal_count=124744 65381 59363 34130 56124 31251 26542 21950 14120 35296 7588 4592 3729 17131
is_linear=0
shrinkage=0.05


Tree=23
num_leaves=15
num_cat=2
split_feature=26 9 30 30 30 16 12 30 46 23 5 26 5 16
split_gain=392.488 192.468 87.7045 81.4144 81.104 75.9943 51.2368 50.8759 54.7448 46.9733 46.2619 35.8536 38.0111 35.0622
threshold=0.95014080570879966 -0.023593564177961341 0.27013513513513521 0.18864734299516911 0.22016949152542376 0.28590527119938886 0.16274645435694193 0.5114102564102565 0.14195539625647155 3.5000000000000004 0 1.5937034684082911 1 0.42761437908496741
decision_type=2 2 2 2 2 2 2 2 2 2 9 2 9 2
left_child=1 3 10 13 5 -3 -7 8 -6 11 -2 12 -4 -1
right_child=2 4 9 -5 7 6 -8 -9 -10 -11 -12 -13 -14 -15
leaf_value=-0.021066737719203692 -0.0023431698655482949 0.00087684776795587244 0.026117060566328811 -0.010756462414766726 -0.0074509624313436112 -0.025101180111989238 -0.0079806163676914427 0.020381357885623223 0.0058650040230756317 0.0062301246263147094 0.0098601742581609694 0.031194967349399201 0.0084068814974520498 -0.039954509237946398
leaf_weight=515.53863523271866 1391.4101543868892 1300.812111541396 555.79877211339772 1207.6754281143658 1263.5185805554502 738.28652563900687 1074.0904418241698 364.50000841077417 1983.0007828434464 746.39260244276375 1743.6938622114249 597.36755331791937 728.17927672900259 473.28880608303007
leaf_count=11854 5999 10302 1549 19791 8952 10984 11134 1140 12039 2545 6798 1705 2334 17479
internal_value=-5.40836e-05 -0.00662472 0.0101161 -0.0194747 -0.00242621 -0.0083405 -0.0149586 0.00267141 0.00068093 0.0168541 0.00446661 0.0210658 0.0163473 -0.0301153
internal_weight=14683.6 8920.71 5762.84 2196.5 6724.21 3113.19 1812.38 3611.02 3246.52 2627.74 3135.1 1881.35 1283.98 988.827
internal_count=124605 103675 20930 49124 54551 32420 22118 22131 20991 8133 12797 5588 3883 29333
cat_boundaries=0 1 2
cat_threshold=12474 111808
is_linear=0
shrinkage=0.05


Tree=24
num_leaves=15
num_cat=1
split_feature=10 23 30 19 22 30 30 30 26 4 46 37 10 40
split_gain=363.496 177.622 97.5605 77.755 72.4421 66.537 61.959 58.0673 44.6136 44.3474 40.8731 38.3687 36.3599 30.9392
threshold=0.93761136246104104 2.5000000000000004 0.5114102564102565 5.5000000000000009 4.5000000000000009 0.18016393442622955 0.11167800453514741 0.18537609774723179 0.93830882826802664 0 0.25080645161290327 0.11460391963109355 0.37425413392623269 1.0000000180025095e-35
decision_type=2 2 2 2 2 2 2 2 2 9 2 2 2 2
left_child=5 4 3 6 7 12 -3 10 -9 -4 -2 -6 -1 -5
right_child=1 2 9 13 11 -7 -8 8 -10 -11 -12 -13 -14 -15
leaf_value=-0.039615124569236743 -0.0048335331682617926 -0.016344900481011611 -0.011361344100797865 -0.0069088689839633651 0.0083604709994361242 -0.011029566814897661 1.2504121010805122e-05 0.006921392171128255 0.021889171026680289 0.028538209827961097 0.015290295285424377 -0.0096312737862369879 -0.020204583027012692 -0.031449703837987474
leaf_weight=439.74350405856967 573.58200529031456 640.47517473227344 84.281172244809568 218.10349396709353 630.21191434143111 1107.6858961301623 6008.0147738152882 670.24767049495131 1948.9539037514478 354.33587462641299 450.03775431774557 559.12894038087688 539.15485518821515 314.63082301383838
leaf_count=17251 2256 7182 308 2467 3468 18035 42990 2370 5779 1036 1494 3626 11613 4896
internal_value=-0.000118622 0.00311744 -0.0016375 -0.00303645 0.0106164 -0.0194319 -0.00156274 0.0141144 0.0180613 0.0212507 0.00400972 -9.36428e-05 -0.0289325 -0.0214152
internal_weight=14538.6 12452 7619.84 7181.22 4832.16 2086.58 6648.49 3642.82 2619.2 438.617 1023.62 1189.34 978.898 532.734
internal_count=124771 77872 58879 57535 18993 46899 50172 11899 8149 1344 3750 7094 28864 7363
cat_boundaries=0 1
cat_threshold=34
is_linear=0
shrinkage=0.05


Tree=25
num_leaves=15
num_cat=1
split_feature=9 13 11 25 9 52 27 30 18 52 12 23 0 32
split_gain=303.331 151.963 110.565 86.1214 70.4643 60.3871 55.2118 52.4145 50.8002 46.9278 44.0854 43.6232 41.3361 37.3557
threshold=0.33686114528379535 0.85774595365362816 -0.6044727424953652 6.5000000000000009 1.5362202172357364 12.850000000000003 1.0353638662740221 0.18016393442622955 999.98700552337095 12.750000000000002 0.16742308206444675 2.5000000000000004 0 0.22671866525331555
decision_type=2 2 2 2 2 2 2 2 2 2 2 2 1 2
left_child=2 3 -1 7 9 -4 -7 12 -6 -3 -5 -9 -2 -10
right_child=1 4 5 10 8 6 -8 11 13 -11 -12 -13 -14 -15
leaf_value=-0.031869810034526623 -0.020343671667281904 0.01492489770556038 0.0013458227342777148 -0.019616625419790881 0.025801526032813677 -0.016999053888010297 0.005134490799426651 0.015181401195531317 0.0021027547848905741 0.00066398957164517654 -0.0036534379904407527 0.0017150642199872162 0.00031098581877720788 0.018003548309518207
leaf_weight=603.57071541657206 343.38069421425462 825.09086209279485 1039.8583669210784 767.35718669486232 933.86225111689419 1738.4673219488468 335.80843963217922 962.24527655821294 666.35108700580895 1919.6835167428944 993.31881365645677 1606.1270376909524 776.34037580783479 830.92782676126808
leaf_count=22350 2715 3941 12071 8275 3126 28865 2727 3176 2884 11201 6968 8821 4864 2810
internal_value=9.4985e-06 0.00431113 -0.0122824 -0.00151615 0.0104465 -0.00848352 -0.0134133 0.00282605 0.016646 0.00495309 -0.0106142 0.00676259 -0.00619878 0.010931
internal_weight=14342.4 10624.7 3717.7 5448.77 5175.92 3114.13 2074.28 3688.09 2431.14 2744.77 1760.68 2568.37 1119.72 1497.28
internal_count=124794 58781 66013 34819 23962 43663 31592 19576 8820 15142 15243 11997 7579 5694
cat_boundaries=0 1
cat_threshold=784
is_linear=0
shrinkage=0.05


Tree=26
num_leaves=15
num_cat=2
split_feature=23 9 30 9 30 30 32 37 26 26 34 5 5 28
split_gain=305.251 140.045 134.531 75.9989 53.1812 52.0461 56.7526 43.9548 43.0852 42.4325 39.7106 36.642 35.1045 34.3107
threshold=5.5000000000000009 -0.036554401288370612 0.33166666666666672 1.0412762669285356 0.20983870967741938 0.22016949152542376 0.16838660934365637 0.11844747410695415 1.436449905105442 1.3868028474322822 204.50000000000003 0 1 -0.55902777777777846
decision_type=2 2 2 2 2 2 2 2 2 2 2 9 9 2
left_child=2 4 3 7 -2 6 -3 12 -5 -4 -7 -10 -1 -9
right_child=1 5 9 8 -6 10 -8 13 11 -11 -12 -13 -14 -15
leaf_value=-0.0076201118609361216 -0.03227237543053664 -0.016131154270173604 0.011706893538789261 0.0035037551931455541 -0.012046557683331289 0.0021492872619331229 0.0053230846144355914 -0.038480373560085795 0.0037608361504685335 0.02623853848567835 -0.048529431254914282 0.022887281155581002 0.0054920573288616444 -0.0096126302336514893
leaf_weight=892.0041680871509 744.99710805993527 1264.2519737773109 1836.3767441501841 2913.330543579068 578.56451627821662 1909.6444721156731 407.15766587061808 121.91782463039272 439.28541608992964 693.03984120953828 39.348058762960136 626.17542717326432 1165.5953485106584 665.85115643707104
leaf_count=7017 27818 19408 6699 12926 11667 14190 3566 1376 1551 2041 380 1929 8172 5794
internal_value=0.000530066 -0.00951836 0.00584188 0.00219022 -0.0234365 -0.00442822 -0.0109019 -0.00404818 0.00665276 0.0156913 0.00112114 0.0152574 -0.000200296 -0.014091
internal_weight=14297.5 4943.96 9353.58 6824.16 1323.56 3620.4 1671.41 2845.37 3978.79 2529.42 1948.99 1065.46 2057.6 787.769
internal_count=124534 77029 47505 38765 39485 37544 22974 22359 16406 8740 14570 3480 15189 7170
cat_boundaries=0 1 2
cat_threshold=39450 65726
is_linear=0
shrinkage=0.05


Tree=27
num_leaves=15
num_cat=1
split_feature=26 30 29 26 22 19 46 10 18 13 46 35 5 22
split_gain=271.571 127.966 92.0922 90.593 72.2007 57.168 50.8571 50.3218 47.386 39.3468 38.4748 29.9623 29.9244 28.5557
threshold=0.19157264964641804 0.25126262626262635 0.10994505494505495 1.4630562083712524 6.5000000000000009 5.5000000000000009 0.15480030721966209 0.88169743018087365 999.97315403036998 1.0360902954974902 0.25595575723199099 479.00000000000006 0 3.5000000000000004
decision_type=2 2 2 2 2 2 2 2 2 2 2 2 9 2
left_child=2 5 4 6 12 7 9 11 -6 -3 -9 -2 -1 -8
right_child=1 3 -4 -5 8 -7 13 10 -10 -11 -12 -13 -14 -15
leaf_value=-0.017278057147406371 -0.028585867772326176 -0.0059413896013842202 0.0023499076993575264 0.02306589681349587 -0.032980907264725697 -0.024640940507542387 0.015927516377276865 -0.002630571876832825 -0.014505776748554812 0.0098778075499392302 0.006413773918890215 -0.0012293833672490802 -0.00064249806697232821 0.0052170851625852679
leaf_weight=461.87678054533899 240.03916236804798 1119.539822390303 782.82974710606504 983.70879974775016 784.26446256623603 254.79750993847847 1295.2245976217091 2914.0995294309687 625.3481894468423 605.604471902363 1970.8474157748278 172.3157247742638 648.06311241118237 1201.5594793534838
leaf_count=5491 4084 6054 7301 3054 29197 2746 4472 18192 15502 2440 10560 2148 7207 6290
internal_value=-8.1657e-05 0.00376809 -0.0126237 0.00939996 -0.0172779 -0.00151152 0.00621414 -0.00039762 -0.0247899 -0.00038498 0.00101743 -0.0171693 -0.00773189 0.0107756
internal_weight=14060.1 10757.7 3302.38 5205.64 2519.55 5552.1 4221.93 5297.3 1409.61 1725.14 4884.95 412.355 1109.94 2496.78
internal_count=124738 60040 64698 22310 57397 37730 19256 34984 44699 8494 28752 6232 12698 10762
cat_boundaries=0 1
cat_threshold=2714
is_linear=0
shrinkage=0.05


Tree=28
num_leaves=15
num_cat=0
split_feature=23 10 29 52 22 25 13 48 34 29 29 13 32 9
split_gain=258.091 140.788 108.472 76.3667 53.0187 50.5358 57.5315 56.7008 40.6733 39.7493 39.1498 33.9468 34.0293 32.1092
threshold=3.5000000000000004 0.67800056757579974 0.098199935711989719 12.450000000000001 9.5000000000000018 2.5000000000000004 1.2481939694541171 53.050000000000004 48.500000000000007 0.12993506493506496 0.18959459459459463 0.86795577120969492 -0.16595113157541161 -0.24286249162222481
decision_type=2 2 2 2 2 2 2 2 2 2 2 2 2 2
left_child=2 9 5 -3 10 -1 7 -7 -8 13 -5 -4 -13 -2
right_child=1 3 11 4 -6 6 8 -9 -10 -11 -12 12 -14 -15
leaf_value=0.011324779049793813 -0.034597832938297254 0.0098676820424949251 0.0087603250902583765 -0.0049758471615732628 -0.017746360723692463 0.014733444075450061 0.021126201821462083 -0.0083872359706493697 -0.0085733219724516748 0.0047053458901008009 0.010979517970670389 -0.00801118529477024 0.02249531311268485 -0.017253401069379566
leaf_weight=1074.9572867411189 479.37785921106115 946.18028751062229 1089.2528074248694 4206.1903043212369 762.74687850126065 308.41323615424335 407.38007569126785 1882.8676510038786 160.41432139603421 126.10627376637422 422.87833946198225 97.710329066962004 1357.7758127376437 606.8770145601593
leaf_count=4696 21080 6975 4290 35537 16136 1485 1638 11058 854 1500 1570 415 4312 12984
internal_value=3.67342e-05 -0.00621862 0.00744177 -0.0032314 -0.00553115 0.00212818 -0.00145336 -0.0051303 0.0127266 -0.0218295 -0.00351699 0.0154451 0.0204435 -0.0249148
internal_weight=13929.1 7550.36 6378.77 6338 5391.82 3834.03 2759.08 2191.28 567.794 1212.36 4629.07 2544.74 1455.49 1086.25
internal_count=124530 95782 28748 60218 53243 19731 15035 12543 2492 35564 37107 9017 4727 34064
is_linear=0
shrinkage=0.05


Tree=29
num_leaves=15
num_cat=2
split_feature=9 10 30 19 12 25 5 29 35 6 25 21 37 52
split_gain=274.039 124.997 111.045 72.9346 71.1961 64.715 56.6897 49.3731 47.4285 31.2944 30.5467 27.1159 29.3683 25.2281
threshold=0.63763755014329659 0.91695549142732391 0.41012820512820519 5.5000000000000009 0.74900884436476212 4.5000000000000009 0 0.074813432835820912 475.00000000000006 1 3.5000000000000004 1.5000000000000002 0.11067947982982833 14.450000000000001
decision_type=2 2 2 2 2 2 9 2 2 1 2 2 2 2
left_child=1 8 3 4 5 -2 -3 10 -1 -9 -8 -4 -13 -5
right_child=2 6 11 13 -6 -7 7 9 -10 -11 -12 12 -14 -15
leaf_value=-0.030660282828674831 0.0077775923727965157 -0.013084475070235094 0.030529336023006316 -0.010480351849696623 0.016965784740279093 -0.0023234022866415157 0.0052672922537637728 0.014102543983032016 -0.012580110661369557 -0.0034514597269524987 -0.012399998228312102 0.028259449435278361 0.0083625992480588548 -0.039938377549190579
leaf_weight=726.35872533824295 2942.0265552324709 1146.6026218414772 372.93700836412609 259.00361344171688 956.06069910200313 3438.2006667361129 357.12939169781748 729.4158627204597 727.54681631643325 388.76720864092931 774.26611017622054 266.85874137282372 611.88998829200864 101.41372896172106
leaf_count=22708 13352 12748 1139 2423 3829 21754 3685 4985 18664 3001 11771 781 2206 1183
internal_value=0.000221041 -0.00934949 0.00540894 0.00316187 0.00424134 0.0023336 -0.0040955 0.000540061 -0.0216177 0.00799518 -0.00681886 0.0192209 0.0144131 -0.0187919
internal_weight=13798.5 4850.09 8948.39 7696.71 7336.29 6380.23 3396.18 2249.58 1453.91 1118.18 1131.4 1251.69 878.749 360.417
internal_count=124229 77562 46667 42541 38935 35106 36190 23442 41372 7986 15456 4126 2987 3606
cat_boundaries=0 1 2
cat_threshold=678 1
is_linear=0
shrinkage=0.05


Tree=30
num_leaves=15
num_cat=1
split_feature=10 22 12 25 46 4 16 12 20 30 37 16 22 30
split_gain=249.499 94.348 87.1616 64.7801 48.5009 48.3146 45.5768 52.6108 41.7553 50.8096 37.2319 35.0005 34.6765 31.161
threshold=1.5565208557781449 5.5000000000000009 0.67069242301191723 4.5000000000000009 0.27054001928640314 0 0.2140056022408964 -0.12080954473241752 55.750000000000007 0.3697141155449673 0.12004366812227076 0.61913919413919427 6.5000000000000009 0.18537609774723179
decision_type=2 2 2 2 2 9 2 2 2 2 2 2 2 2
left_child=1 5 3 8 -5 13 -3 -8 9 -2 -7 -9 -6 -1
right_child=2 6 -4 4 12 10 7 11 -10 -11 -12 -13 -14 -15
leaf_value=-0.0060885498201319818 -0.0015589817464864613 -0.0040022453414592469 0.016091245276816973 -0.0061256653816110489 0.0098894301041549861 -0.0041220510725512383 -0.032306312138960562 -0.0056954795160884921 0.013660625082971545 0.02008364887565801 -0.022260413413823472 -0.024107230283251953 -0.009273745832151143 0.010607683615901937
leaf_weight=424.28604380460456 1411.3824479221366 562.70805863081478 1567.2663811277598 2248.6927018244751 1092.0031867017969 1229.3378183348104 600.30666146468138 592.40755977970548 1667.9928321188781 335.49526411341503 367.84220321895555 458.72112105041742 300.83117017080076 816.78199247457087
leaf_count=4123 7574 10139 6324 16405 5039 9380 22161 10165 8078 1128 3404 12534 3368 4855
internal_value=0.000255172 -0.00856745 0.00542475 0.00305475 -0.00158331 -0.00253035 -0.0163035 -0.0204915 0.00800203 0.00259563 -0.00825205 -0.0137368 0.00574652 0.00485653
internal_weight=13676.1 5052.39 8623.66 7056.4 3641.53 2838.25 2214.14 1651.44 3414.87 1746.88 1597.18 1051.13 1392.83 1241.07
internal_count=124677 76761 47916 41592 24812 21762 54999 44860 16780 8702 12784 22699 8407 8978
cat_boundaries=0 1
cat_threshold=352
is_linear=0
shrinkage=0.05


Tree=31
num_leaves=15
num_cat=0
split_feature=22 13 25 16 19 35 18 34 23 29 29 37 26 52
split_gain=202.015 113.88 76.5584 69.3867 69.0238 68.6803 56.5333 46.4482 41.5675 40.7566 37.1709 32.5226 30.4639 27.856
threshold=7.5000000000000009 0.8529101525405115 5.5000000000000009 0.44860139860139864 4.5000000000000009 503.00000000000006 1000.0498508257489 148.50000000000003 2.5000000000000004 0.060120481927710849 0.13906469760900145 0.11581617353058778 1.72410874394172 12.750000000000002
decision_type=2 2 2 2 2 2 2 2 2 2 2 2 2 2
left_child=1 2 7 10 5 8 -5 9 -3 -1 11 -2 -6 -4
right_child=3 4 13 6 12 -7 -8 -9 -10 -11 -12 -13 -14 -15
leaf_value=-0.0025629595320339339 -0.003135206025383773 0.013601346969327072 0.0006756147341510705 -0.031162725647083708 -0.0080331217552793242 0.023028974885764407 -0.007943875312937063 -0.030195339806388357 0.0024927044265348683 0.0086839963860232423 0.0099285848021004944 -0.018382719904628166 0.027197787949380554 -0.012248840797692742
leaf_weight=1385.614970297087 906.57644509780221 1591.6958643654361 556.08051682310179 645.50397907802835 722.1959274741821 936.13241819897667 442.68486569903325 102.43309728591703 1791.0109538300894 1921.9662486300804 313.17573464778252 570.35058770491742 66.909220723435283 1656.9172874302603
leaf_count=9407 14797 5460 4456 23412 5130 3475 7495 816 10617 9002 2030 11715 213 16529
internal_value=-2.64709e-06 0.00315196 -0.00175652 -0.0117652 0.0085563 0.0110411 -0.0217233 0.00294232 0.00772148 0.00397096 -0.00570811 -0.00902763 -0.00503645 -0.00899905
internal_weight=13609.2 10731 5623.01 2878.29 5107.94 4318.84 1088.19 3410.01 3382.71 3307.58 1790.1 1476.93 789.105 2213
internal_count=124554 65105 40210 59449 24895 19552 30907 19225 16077 18409 28542 26512 5343 20985
is_linear=0
shrinkage=0.05


Tree=32
num_leaves=15
num_cat=1
split_feature=23 13 29 11 30 52 9 35 52 9 37 5 34 34
split_gain=203.199 102.826 83.7826 62.326 59.3618 59.085 53.7637 52.6869 52.0505 44.186 35.9304 30.8765 29.6533 28.17
threshold=6.5000000000000009 0.90260065813033541 0.11055555555555556 -0.46921467564886638 0.46033707865168544 12.550000000000002 1.5754636789153926 439.00000000000006 12.250000000000002 0.48047701259087744 0.102739988356773 0 133.50000000000003 89.500000000000014
decision_type=2 2 2 2 2 2 2 2 2 2 2 9 2 2
left_child=1 5 3 -2 6 12 10 -7 -5 -9 -3 -8 -1 -4
right_child=2 4 13 8 -6 7 11 9 -10 -11 -12 -13 -14 -15
leaf_value=0.011609861522300797 -0.029317447441480394 0.03695829510959351 0.0068680218438012383 0.018884773359068661 0.026067603860502532 -0.024323210471334247 0.023920633622539489 -0.011383885568478511 -0.013007312083651981 0.00061614721546876224 0.00098115818768944058 0.0089745682747649456 -0.027118089329138992 -0.018506723755762244
leaf_weight=951.30437834421173 591.13637498905882 71.50673978542909 722.26526860054582 136.6069796977099 453.42915880866349 293.2753513706848 519.8050287514925 1022.6502772364765 1971.3903387133032 3066.3854842609726 2267.5609407266602 1144.4570430750027 51.97104067960754 128.72947163553908
leaf_count=4714 24812 303 5587 1477 1340 2647 1737 11562 34971 15817 13704 4324 390 1216
internal_value=-0.000397474 0.00330105 -0.0106525 -0.0149656 0.00891909 -0.00134722 0.00697495 -0.00385388 -0.0109374 -0.00238399 0.00208467 0.0138445 0.00959621 0.003022
internal_weight=13392.5 9842.35 3550.13 2699.13 4456.76 5385.59 4003.33 4382.31 2108 4089.04 2339.07 1664.26 1003.28 850.995
internal_count=124601 56538 68063 61260 21408 35130 20068 30026 36448 27379 14007 6061 5104 6803
cat_boundaries=0 1
cat_threshold=57664
is_linear=0
shrinkage=0.05


Tree=33
num_leaves=15
num_cat=1
split_feature=11 30 22 16 22 29 12 34 30 52 46 13 15 5
split_gain=219.349 93.6351 89.9322 65.6722 63.7785 38.5862 36.0067 35.6614 45.8093 34.3733 32.5711 31.826 26.1537 26.1236
threshold=0.4427961254331666 0.4010869565217392 3.5000000000000004 0.63134284016636966 1.5000000000000002 0.061381475667189961 0.58934407201749262 56.500000000000007 0.2487113402061856 12.15 0.10335457271364319 1.1482332959759265 1.5000000000000002 0
decision_type=2 2 2 2 2 2 2 2 2 2 2 2 2 9
left_child=2 4 13 5 7 9 10 11 -9 -4 -6 -2 -3 -1
right_child=1 12 3 -5 6 -7 -8 8 -10 -11 -12 -13 -14 -15
leaf_value=-0.0066345170280374026 0.0089224589168522637 0.028990809149110404 0.031389062908817378 -0.02825843676450069 -0.0091256120358551539 -0.0034599569309146042 0.0061808527485658045 -0.019628703724287017 0.012703366446666526 -0.018445573817927798 4.4113794840738159e-06 0.025417760674793677 0.012262434294565295 0.0074710449592760818
leaf_weight=596.65583868790418 1087.576587270014 294.09749507531524 35.565374358789995 691.83002455777023 1467.7907545764465 1016.7499976324616 1391.1135663907044 211.01538544939831 227.51315399538726 1099.9004621913191 2916.8829795417842 400.8804864352569 1150.6591655323282 705.23014710051939
leaf_count=4144 4024 894 522 22388 11123 14757 7568 1023 789 28255 19334 1230 4253 4323
internal_value=-0.000331155 0.00399238 -0.00987161 -0.0148539 0.00180071 -0.0105416 -0.000826479 0.00967747 -0.00284402 -0.0168776 -0.00305091 0.0133698 0.0156729 0.00100902
internal_weight=13293.5 9147.53 4145.93 2844.05 7702.77 2152.22 5775.79 1926.99 438.529 1135.47 4384.67 1488.46 1444.76 1301.89
internal_count=124627 50238 74389 65922 45091 43534 38025 7066 1812 28777 30457 5254 5147 8467
cat_boundaries=0 1
cat_threshold=5662
is_linear=0
shrinkage=0.05


Tree=34
num_leaves=15
num_cat=0
split_feature=22 13 19 26 10 34 35 29 30 19 13 30 28 30
split_gain=189.456 112.379 66.9071 59.7541 53.1837 44.8199 48.0037 39.6338 39.5134 31.5077 29.9958 29.6755 27.1099 26.7446
threshold=8.5000000000000018 0.93042356103828805 4.5000000000000009 0.96260080083798683 2.1822585947449444 105.50000000000001 437.00000000000006 0.14971264367816095 0.14595037453183524 6.5000000000000009 0.91936381723841809 0.41012820512820519 -0.41145833333333209 0.2797849462365592
decision_type=2 2 2 2 2 2 2 2 2 2 2 2 2 2
left_child=1 3 4 5 12 6 -1 -6 10 13 -2 -5 -3 -4
right_child=8 2 9 11 7 -7 -8 -9 -10 -11 -12 -13 -14 -15
leaf_value=-0.027004606903527097 -0.03180396370931244 -0.0045104121794303561 -0.012150059346722567 0.0025490358226675351 0.01338477821830276 -0.025996997909416442 -0.0024894552856045971 0.030470728714676876 -0.0095598152012062714 -0.043574060792952396 -0.0039079457717670378 0.018822085588579378 0.0091286019213870761 0.0082253577986999091
leaf_weight=211.33727612439543 408.70081866008695 489.08382006990723 337.03678149799816 2204.7265255893581 1402.3358362941071 242.88000312889926 3614.0536347236484 448.91196190565825 1640.3177278252551 50.041277990676463 126.68086834636051 321.07478546537459 1423.0736582442187 308.04140318999998
leaf_count=3022 16919 3241 2921 9493 5326 3199 33910 1270 31424 652 2912 1100 7771 1453
internal_value=7.06199e-05 0.00272587 0.00885736 -0.0014192 0.0114901 -0.00517008 -0.0038458 0.0175321 -0.0134153 -0.00538897 -0.0252146 0.00462028 0.0056374 -0.00241276
internal_weight=13228.3 11052.6 4458.52 6594.07 3763.41 4068.27 3825.39 1851.25 2175.7 695.119 535.382 2525.8 1912.16 645.078
internal_count=124613 73358 22634 50724 17608 40131 36932 6596 51255 5026 19831 10593 11012 4374
is_linear=0
shrinkage=0.05


Tree=35
num_leaves=15
num_cat=0
split_feature=26 29 10 22 27 18 9 46 42 44 29 46 49 19
split_gain=168.053 95.6345 54.658 52.0146 41.8781 41.8123 38.0786 34.262 30.2597 30.2006 28.7277 28.0918 26.6809 26.9096
threshold=0.17347191704282369 0.079156223893066008 0.37425413392623269 1.5000000000000002 0.96821417976265989 999.92138090632716 1.4950364678522121 0.37436868686868691 0.075529643836443131 5.5000000000000009 0.061381475667189961 0.26684118673647478 53.95000000000001 4.5000000000000009
decision_type=2 2 2 2 2 2 2 2 2 2 2 2 2 2
left_child=2 6 10 -3 9 11 7 -2 -9 -5 -1 -4 -8 -14
right_child=1 3 5 4 -6 -7 12 8 -10 -11 -12 -13 13 -15
leaf_value=-0.034872947341258557 -0.0088697022256337393 0.015884943547752349 -0.026127765954978774 -0.0050272302441001096 0.013571324709617603 -0.0037646254768375028 0.025265187270226003 -0.0038181806465528811 0.016222146420396814 0.0052309418149837673 -0.0099147047475139933 -0.0051797156148338588 0.0042685723190165805 -0.015422504510626451
leaf_weight=327.64504273963394 2351.8193808805663 1285.2426967602223 433.30654964735731 1119.4069284598809 943.18567118700594 1699.1363952549873 130.39742809161544 565.14063976798207 282.25046655954793 1996.788020381704 179.0247270250693 254.88558896095492 1336.0671711685136 199.23788862721995
leaf_count=17570 21549 4441 10562 6721 3758 25330 477 4765 2015 10544 5394 4746 5778 1251
internal_value=-0.000513802 0.00250052 -0.0111493 0.00711764 0.00434027 -0.00798 -0.00257089 -0.00576333 0.00285211 0.00154433 -0.0260679 -0.0183784 0.00355761 0.00170915
internal_weight=13103.5 10209.5 2894 5344.62 4059.38 2387.33 4864.91 3199.21 847.391 3116.19 506.67 688.192 1665.7 1535.31
internal_count=124901 61299 63602 25464 21023 40638 35835 28329 6780 17265 22964 15308 7506 7029
is_linear=0
shrinkage=0.05


Tree=36
num_leaves=15
num_cat=0
split_feature=9 30 30 16 23 13 15 15 34 37 37 16 52 30
split_gain=181.138 100.816 72.5529 63.9588 52.8992 50.3724 43.3485 42.821 40.7551 39.7401 33.2375 31.6784 31.1539 29.8775
threshold=1.0557613643447177 0.25126262626262635 0.18864734299516911 0.2943802521008404 1.5000000000000002 0.39608114370036912 6.5000000000000009 1.5000000000000002 70.500000000000014 0.11804065331425848 0.11652964413532312 0.68764140271493224 12.250000000000002 0.11978260869565219
decision_type=2 2 2 2 2 2 2 2 2 2 2 2 2 2
left_child=1 3 8 12 6 -5 -4 11 13 -6 -7 -3 -1 -2
right_child=2 7 4 5 9 10 -8 -9 -10 -11 -12 -13 -14 -15
leaf_value=0.019268093871815554 -0.011582202649009124 0.02740433687991746 0.023228605415250857 -0.030786159766185529 0.0092058821928159736 -0.0069389695563740238 -0.0014677076587901361 -0.0014329709673843525 -0.022151797516910893 -0.0026909244240603532 -0.021126968229791737 -0.0041784338352876772 -0.0060839162238440917 0.0041631038660322672
leaf_weight=131.6584703855915 410.75354774016887 242.09927988192067 895.22507679369301 515.31633654242614 2450.0401347107254 980.96026599244215 221.19658752623945 2400.9519737593364 240.78735567815602 982.9514531348832 714.69542079803068 117.70384564576671 1499.8207613424165 1129.6615978041664
leaf_count=1144 2774 878 3069 19417 11190 15915 789 20565 1911 5200 14304 705 20805 6132
internal_value=-0.000517054 -0.00631107 0.00552566 -0.0115479 0.00887518 -0.0170898 0.0183314 0.000975943 -0.00302664 0.00579809 -0.0129229 0.0170604 -0.00403392 -3.26347e-05
internal_weight=12933.8 6603.21 6330.62 3842.45 4549.41 2210.97 1116.42 2760.76 1781.2 3432.99 1695.66 359.803 1631.48 1540.42
internal_count=124798 93733 31065 71585 20248 49636 3858 22148 10817 16390 30219 1583 21949 8906
is_linear=0
shrinkage=0.05


Tree=37
num_leaves=15
num_cat=0
split_feature=11 9 30 37 34 27 12 16 52 13 29 37 35 35
split_gain=184.403 83.9298 71.7255 48.154 46.6339 43.8275 40.7146 46.7834 35.8254 35.3741 30.4821 27.2209 25.148 23.6268
threshold=0.71826662947948761 -0.42273901348256754 0.47084905660377363 0.12012950503214199 105.50000000000001 -1.0174647900947764 0.68275346553125804 0.24935897435897439 12.15 0.40820609221199383 0.19023809523809526 0.11116579177602801 449.00000000000006 459.00000000000006
decision_type=2 2 2 2 2 2 2 2 2 2 2 2 2 2
left_child=1 8 4 5 6 -3 7 -2 -1 -7 -5 -8 -10 -6
right_child=2 3 -4 10 13 9 11 -9 12 -11 -12 -13 -14 -15
leaf_value=0.027101836038786353 0.008320895203932142 -0.013112863683077909 0.020964559053681935 -0.014966590574157355 -0.039764769833631392 -0.0068091893757617102 0.024337311528676721 -0.0018866878621190677 -0.038284880297522653 0.0050167689297447131 0.022041169505037237 0.0083523475887481938 -0.017071838145168883 -0.0059817110584718105
leaf_weight=41.232846164610237 2228.3245872815605 600.00201133138034 690.16647402476519 989.05762891040649 57.120630553457886 883.85085067595355 391.73505081562325 2260.5204788686242 165.07440997648519 2220.0115746743977 58.766105890274048 837.24371569883078 929.56374253041577 551.42042101314291
leaf_count=610 10245 7991 2246 13682 478 11677 1450 13447 6725 20697 261 3874 27884 3460
internal_value=0.000183078 -0.00634151 0.00565857 -0.00342126 0.00398769 -0.000742517 0.00538874 0.00317946 -0.018552 0.00164751 -0.0128844 0.0134532 -0.0202786 -0.00916698
internal_weight=12904.1 5887.56 7016.53 4751.69 6326.36 3703.86 5717.82 4488.85 1135.87 3103.86 1047.82 1228.98 1094.64 608.541
internal_count=124727 89527 35200 54308 32954 40365 29016 23692 35219 32374 13943 5324 34609 3938
is_linear=0
shrinkage=0.05


Tree=38
num_leaves=15
num_cat=3
split_feature=30 10 9 26 30 30 37 5 28 13 7 25 12 4
split_gain=158.223 127.096 60.6343 53.881 44.8115 39.0812 33.5478 27.0419 37.3291 25.37 25.2622 23.9293 31.9195 22.8714
threshold=0.27013513513513521 0.72926917665646684 1.2668243292953629 1.1124670167159174 0.11167800453514741 0.50500000000000012 0.12104039969695109 0 0.21651785714285768 0.86795577120969492 1 4.5000000000000009 -1.0000000180025095e-35 2
decision_type=2 2 2 2 2 2 2 9 2 2 9 2 2 9
left_child=1 -1 5 4 -3 11 -6 8 -5 10 -4 -2 -13 -9
right_child=2 3 9 7 6 -7 -8 13 -10 -11 -12 12 -14 -15
leaf_value=-0.022213845175542736 0.0054287952130821571 -0.016598424411420423 0.013168522686829456 -0.017877153877395243 -0.0011302963239444104 0.01689645238449905 -0.013626193548878937 0.015246238926580502 0.0065097429416451705 0.017307566759990418 -0.0033664177133249738 -0.019489901131342666 -0.00087400937727627232 0.0025229912371377045
leaf_weight=907.11439873743802 1012.333586897701 734.73074040468782 564.85236848052591 280.71525806561112 3323.1617358711082 373.67397833243012 640.85918476665393 631.86771462159231 355.20928340312093 1317.8503742320463 384.13457401096821 287.95625598495826 1151.1115934087429 819.56760021112859
leaf_count=33741 6232 10793 2315 1409 34178 1433 8051 2421 1549 4678 1942 4080 8380 3514
internal_value=-0.000111082 -0.00463665 0.00672544 -0.00228603 -0.00525599 0.00183578 -0.00315205 0.00439703 -0.00418282 0.0128167 0.00657381 -0.00045852 -0.0046036 0.00813243
internal_weight=12785.1 7693.23 5091.91 6786.11 4698.75 2825.08 3964.02 2087.36 635.925 2266.84 948.987 2451.4 1439.07 1451.44
internal_count=124716 95656 29060 61915 53022 20125 42229 8893 2958 8935 4257 18692 12460 5935
cat_boundaries=0 1 2 3
cat_threshold=6296 95 292
is_linear=0
shrinkage=0.05


Tree=39
num_leaves=15
num_cat=1
split_feature=23 30 19 29 30 11 14 27 30 46 13 32 0 31
split_gain=144.245 72.6921 60.8496 51.8669 47.3137 44.417 43.395 39.6599 38.3674 35.6785 28.8262 28.0418 23.088 21.7087
threshold=3.5000000000000004 0.17875939849624065 5.5000000000000009 0.18959459459459463 0.5114102564102565 0.16509722019440945 1.0369240324251734 0.82985863592009468 0.11167800453514741 0.10008488964346351 0.85774595365362816 1.4176929199205122 0 382.30000000000001
decision_type=2 2 2 2 2 2 2 2 2 2 2 2 1 2
left_child=2 5 3 6 9 7 8 -2 -1 -3 -11 12 -7 -4
right_child=1 4 13 -5 -6 11 -8 -9 -10 10 -12 -13 -14 -15
leaf_value=-0.014088563940398223 -0.026155052948229673 -0.009548523461307433 -0.034784205834521437 0.020804540196031937 0.016748792277493853 -0.0018515489327205412 0.011928279296490596 0.0058378927679196158 0.0035274230880421998 -0.0040369564642151606 0.0059986519915653964 0.038472454715133171 -0.015919551686001458 0.0026728045669140933
leaf_weight=341.6826081215404 725.62523764092475 1446.8680871733231 123.64192412467673 566.71134095359594 321.61357866274193 667.10635175276548 1520.4431335388217 111.46786534949206 3225.1513774972409 1767.072501466726 1202.319167443784 32.947435710113496 524.54195124283433 55.905414341948926
leaf_count=2600 28259 17922 1043 1879 1263 7365 6040 2628 16813 21562 9098 228 7153 409
internal_value=-0.000223716 -0.00517275 0.00554401 0.00645485 -0.00176113 -0.01301 0.00485497 -0.0218887 0.00183816 -0.0031106 2.4885e-05 -0.00693538 -0.00819816 -0.0230984
internal_weight=12633.1 6799.56 5833.54 5653.99 4737.87 2061.69 5087.28 837.093 3566.83 4416.26 2969.39 1224.6 1191.65 179.547
internal_count=124262 95478 28784 27332 49845 45633 25453 30887 19413 48582 30660 14746 14518 1452
cat_boundaries=0 1
cat_threshold=684
is_linear=0
shrinkage=0.05


Tree=40
num_leaves=15
num_cat=1
split_feature=9 23 11 16 34 37 29 30 13 44 5 35 11 10
split_gain=139.397 72.2535 69.8923 55.6019 44.4444 35.6636 33.7404 31.704 28.5508 27.8281 34.4758 26.1148 25.3332 24.5849
threshold=0.81222562663600673 1.5000000000000002 0.39175513549237828 0.59290293040293052 160.50000000000003 0.11456258300132803 0.17010638297872344 0.32977272727272733 0.77233993230251397 6.5000000000000009 0 439.00000000000006 1.3948771980354426 3.6902934498431175
decision_type=2 2 2 2 2 2 2 2 2 2 9 2 2 2
left_child=2 7 3 5 6 -1 8 -2 -3 13 -11 -5 -6 -4
right_child=1 4 9 11 12 -7 -8 -9 -10 10 -12 -13 -14 -15
leaf_value=2.8105203831528044e-05 0.0095752089587627272 -0.0027646500530209479 -0.0072562357797212804 -0.052824391888781103 -0.036110744662078413 -0.014349143061499906 0.013377248048180097 0.024604293202520749 0.0049595480743028783 0.011061075554888963 -0.0034523631136927726 -0.020739460003508636 0.0014615179385690834 0.038992109581016579
leaf_weight=855.11473246000241 1192.9843370425515 2121.9975694967434 1184.0835898760706 71.056958371540532 115.9327757623978 868.83582725422457 693.62706971215084 498.43314208835363 2740.8169318437576 814.26411466998979 807.23105811444111 608.68486223981017 72.726402116008103 29.321742475032806
leaf_count=16921 4336 14933 10351 3379 1182 20641 2402 1772 14835 6028 6483 20831 371 109
internal_value=0.000523502 0.00492475 -0.00572338 -0.0119953 0.00224943 -0.00721525 0.00306072 0.0140082 0.00158791 -0.000403481 0.0038799 -0.0241081 -0.0216074 -0.00613141
internal_weight=12675.1 7436.52 5238.59 2403.69 5745.1 1723.95 5556.44 1691.42 4862.81 2834.9 1621.5 679.742 188.659 1213.41
internal_count=124574 39831 84743 61772 33723 37562 32170 6108 29768 22971 12511 24210 1553 10460
cat_boundaries=0 1
cat_threshold=105360
is_linear=0
shrinkage=0.05


Tree=41
num_leaves=15
num_cat=2
split_feature=9 12 52 30 16 19 52 34 5 42 16 4 47 31
split_gain=136.338 83.9209 75.5734 62.5173 44.76 38.2135 37.5001 28.8926 25.2349 23.8993 24.2857 23.6765 21.1365 20.936
threshold=-0.37689976688393306 0.76577607539577219 12.550000000000002 0.18537609774723179 0.58816526610644271 5.5000000000000009 12.550000000000002 29.500000000000004 0 0.090365908076751461 0.8315601065601067 1 0.035842754367934229 293.50000000000006
decision_type=2 2 2 2 2 2 2 2 9 2 2 9 2 2
left_child=6 2 11 4 -4 -5 8 -8 -1 10 -3 12 -2 -9
right_child=1 9 3 5 -6 -7 7 13 -10 -11 -12 -13 -14 -15
leaf_value=-0.016360874344806219 0.0044549759039292447 0.014761961282923876 -0.0047648535918959024 0.0021147668735392194 -0.020613948041662677 -0.017498542890888969 -0.028730799782263297 0.0069506614206317546 0.014646137588464551 0.035183741858445625 -0.0068600112312925694 0.01304701989754261 -0.024198811473343296 -0.016354008591275102
leaf_weight=99.41260324511677 595.90761497570202 952.43135260301642 1987.4209366585128 5127.8813201345038 574.65966538549401 260.85095584276132 446.89762047561817 116.43511687626597 154.1611047971528 121.73503154795617 149.97008085111156 1277.3865769274998 72.029335434548557 550.3088641113718
leaf_count=2152 3820 4219 20355 33965 10422 3354 14523 2541 2480 506 1227 7632 538 16777
internal_value=-3.47573e-05 0.00179678 0.000268539 -0.00189225 -0.00832233 0.00116412 -0.0149343 -0.0188859 0.00240099 0.0141463 0.0118156 0.00910219 0.00133437 -0.0122763
internal_weight=12487.5 11120.3 9896.14 7950.81 2562.08 5388.73 1367.22 1113.64 253.574 1224.14 1102.4 1945.32 667.937 666.744
internal_count=124511 86038 80086 68096 30777 37319 38473 33841 4632 5952 5446 11990 4358 19318
cat_boundaries=0 1 2
cat_threshold=17018 42
is_linear=0
shrinkage=0.05


Tree=42
num_leaves=15
num_cat=1
split_feature=10 19 10 34 30 35 11 30 35 52 5 11 32 50
split_gain=130.628 92.1827 66.527 45.325 39.7441 39.7181 35.1522 33.9553 25.5949 23.5361 23.6423 20.3188 19.894 18.0978
threshold=0.93761136246104104 5.5000000000000009 2.2760674881965399 168.50000000000003 0.33166666666666672 493.00000000000006 1.9719801805768939 0.16990566037735852 457.00000000000006 12.750000000000002 0 -0.77938813104505344 0.043348669520185019 12.250000000000002
decision_type=2 2 2 2 2 2 2 2 2 2 9 2 2 2
left_child=7 2 3 5 6 -2 -4 11 -6 10 -3 -1 -13 -9
right_child=1 9 4 -5 8 -7 -8 13 -10 -11 -12 12 -14 -15
leaf_value=-0.037764931164031401 -0.0016737020751389756 0.01055803562282729 0.0026768979935908525 -0.024166000366912931 -0.0058219299756965479 0.0065753152173360562 0.021085657589982085 0.018203646716435699 0.019544905635344466 -0.025246682381621144 -0.021562375454635102 -0.021621293500228806 0.0074786044195175195 -0.009358726115037205
leaf_weight=161.89228900766466 4602.3403959398856 117.70825909730047 1950.1314180188347 184.58422040636651 110.72933305753395 2136.2846467798809 299.2069549812004 63.106525069335476 947.26277309376746 362.92719184025191 94.667254735017195 367.49522338755196 69.565433582640253 1003.9315672817174
leaf_count=10839 36261 1205 11170 2139 488 15010 983 1017 3351 5916 1237 12109 1855 21136
internal_value=-4.66246e-05 0.00196224 0.00305785 0.000270277 0.00889135 0.000940725 0.00512868 -0.0130787 0.016885 -0.0175092 -0.00425756 -0.0226099 -0.0169775 -0.0077224
internal_weight=12471.8 10805.8 10230.5 6923.21 3307.33 6738.63 2249.34 1665.99 1057.99 575.303 212.376 598.953 437.061 1067.04
internal_count=124716 77760 69402 53410 15992 51271 12153 46956 3839 8358 2442 24803 13964 22153
cat_boundaries=0 1
cat_threshold=70108
is_linear=0
shrinkage=0.05


Tree=43
num_leaves=15
num_cat=3
split_feature=26 9 46 30 35 27 13 19 52 37 4 5 5 38
split_gain=130.934 63.9408 44.3627 43.1731 43.9755 38.707 37.7488 36.0507 34.5357 33.4757 32.9578 32.3203 27.8046 25.6561
threshold=0.93830882826802664 -0.37689976688393306 0.12705138552596182 0.4010869565217392 511.00000000000006 0.93814014172365845 0.89030953740956442 4.5000000000000009 12.550000000000002 0.12076782936215509 0 1 2 -0.064429646285566008
decision_type=2 2 2 2 2 2 2 2 2 2 9 9 9 2
left_child=1 8 5 4 11 9 10 -8 -1 -3 -4 -2 13 -5
right_child=3 2 6 12 -6 -7 7 -9 -10 -11 -12 -13 -14 -15
leaf_value=0.0030471186164152016 -0.0051189736786932186 -0.0076533435343899767 0.0041588517885861546 -0.024596570704187845 0.015750239599779146 0.0057870426028291851 0.010894241675963309 -0.0094598654415244173 -0.018928196715176204 -0.024855509575770738 -0.0076773742596884329 0.0051690416229507119 0.0231157307875214 0.01239472099172771
leaf_weight=218.50921798084164 1105.3333231913857 1541.1241536636371 987.01049200887792 64.947882557287812 689.15020307712257 430.61003759596497 1221.8960266144713 264.32044126139954 973.54783831175882 346.88305864739232 1429.4735931233736 2414.0645428439602 539.01345809176564 167.48384751286358
leaf_count=4423 5333 18547 10374 282 2713 3180 8150 2963 33041 5600 16693 10725 1803 618
internal_value=-7.48551e-05 -0.00428742 -0.00225373 0.00619505 0.00420006 -0.00773161 0.000999546 0.00727055 -0.0148959 -0.0108177 -0.0028554 0.00193656 0.0170701 0.00194696
internal_weight=12393.4 7413.37 6221.32 4979.99 4208.55 2318.62 3902.7 1486.22 1192.06 1888.01 2416.48 3519.4 771.445 232.432
internal_count=124445 102971 65507 21474 18771 27327 38180 11113 37464 24147 27067 16058 2703 900
cat_boundaries=0 1 2 3
cat_threshold=324 6312 4900
is_linear=0
shrinkage=0.05


Tree=44
num_leaves=15
num_cat=2
split_feature=10 29 9 25 30 19 35 19 5 18 43 5 13 46
split_gain=113.722 73.0444 53.6771 52.9247 38.4231 36.8652 34.9044 29.1413 32.7351 26.0082 24.417 25.2437 22.7437 20.8831
threshold=0.87013966302347623 0.18959459459459463 -0.5227315832711803 2.5000000000000004 0.4010869565217392 4.5000000000000009 481.00000000000006 4.5000000000000009 0 999.96918066089813 0.19780886589139018 1 0.76816861274275705 0.078459872321021445
decision_type=2 2 2 2 2 2 2 2 9 2 2 9 2 2
left_child=4 2 10 13 6 -5 9 -3 -9 -1 -2 -12 -8 -4
right_child=1 7 3 5 -6 -7 12 8 -10 -11 11 -13 -14 -15
leaf_value=-0.028469025279980381 -0.027198399930563135 0.018134271438887125 0.00053255666442821232 0.0013522121279338924 0.018422463505168105 -0.0078007861386842877 -0.010945970259405483 -0.034020308332648456 0.0095641835104744929 -0.0087654842994872636 0.0040986309045029029 -0.017868235872675275 0.013327293791740358 0.011661188044467743
leaf_weight=519.29860309220385 204.07193531608209 887.53467020438984 583.38623610977083 5602.8578546270728 91.040032503660768 1368.6774164012168 458.86305498779984 50.914775714278221 137.63561537815258 248.5998846553266 265.1849100185791 245.20113483688328 121.94805718574207 1528.6684810556471
leaf_count=20179 4490 3216 3440 37375 802 14208 13502 298 592 6839 4627 4865 2555 7582
internal_value=0.00022731 0.00197614 0.000617484 0.00165592 -0.012977 -0.000444107 -0.0151014 0.0143412 -0.00348672 -0.0220987 -0.0125765 -0.00671613 -0.00583949 0.0085898
internal_weight=12313.9 10874.1 9798.05 9083.59 1439.75 6971.54 1348.71 1076.09 188.55 767.898 714.458 510.386 580.811 2112.05
internal_count=124570 80693 76587 62605 43877 51583 43075 4106 890 27018 13982 9492 16057 11022
cat_boundaries=0 1 2
cat_threshold=114726 128264
is_linear=0
shrinkage=0.05


Tree=45
num_leaves=15
num_cat=0
split_feature=29 10 19 23 14 52 22 37 13 29 22 35 53 11
split_gain=109.563 79.4588 53.6475 49.956 35.2491 33.5267 31.5843 29.1474 28.2389 27.033 27.4277 26.1749 24.194 22.3457
threshold=0.090454545454545468 0.72926917665646684 4.5000000000000009 3.5000000000000004 0.51886683952438151 12.65 1.5000000000000002 0.11116579177602801 1.0429316143715817 0.22111111111111112 4.5000000000000009 449.00000000000006 13.15 -0.54207544149381393
decision_type=2 2 2 2 2 2 2 2 2 2 2 2 2 2
left_child=1 11 5 7 -4 8 -7 -2 -3 10 -9 -1 -6 -13
right_child=3 2 4 -5 12 6 -8 9 -10 -11 -12 13 -14 -15
leaf_value=-0.035872061744951229 0.020139116708124544 0.0022730329844306467 -0.020130023394463244 0.0011286318647002898 0.0098249729711547377 0.0058176017121037826 -0.0041245347086199414 0.0093835891151744875 0.018147687688819272 0.023053210999799026 -0.0068673040974544632 -0.025196757766752811 -0.0099677287016455996 -0.006549624785693731
leaf_weight=164.35151080274954 691.4528477685526 845.69318746495992 576.87941672326997 2321.3591697122902 230.57724985992536 1054.9338393593207 3286.4719090120634 942.17616618005559 419.50530190323479 243.91348320804536 357.96043434226885 259.22181851509959 466.03366794902831 425.27063777938019
leaf_count=8106 2530 6387 11488 18134 1856 4401 33151 3705 2251 814 1979 14576 4429 11203
internal_value=0.000118951 -0.00350616 -0.00172451 0.00626857 -0.0109882 0.000378934 -0.00170743 0.0116034 0.00754161 0.00777665 0.00490528 -0.0179391 -0.00340873 -0.0136214
internal_weight=12285.8 7728.94 6880.09 4556.86 1273.49 5606.6 4341.41 2235.5 1265.2 1544.05 1300.14 848.844 696.611 684.492
internal_count=125010 97848 63963 27162 17773 46190 37552 9028 8638 6498 5684 33885 6285 25779
is_linear=0
shrinkage=0.05


Tree=46
num_leaves=15
num_cat=1
split_feature=15 16 30 9 37 22 34 25 6 19 13 27 52 34
split_gain=108.931 102.739 53.2585 47.7156 38.4622 36.8627 36.263 35.9004 32.2013 31.2693 31.8469 28.0198 25.3251 24.7889
threshold=2.5000000000000004 0.58287545787545791 0.18016393442622955 1.0557613643447177 0.11569437692432347 3.5000000000000004 70.500000000000014 4.5000000000000009 0 6.5000000000000009 0.83823332792356353 0.85635097717295927 12.850000000000003 168.50000000000003
decision_type=2 2 2 2 2 2 2 2 1 2 2 2 2 2
left_child=7 3 -3 4 11 12 -5 -1 -8 10 -9 -2 -4 -12
right_child=1 2 5 6 -6 -7 8 9 -10 -11 13 -13 -14 -15
leaf_value=0.016629431326839698 -0.0029829934927950909 -0.027251274373264758 0.024409645656102409 0.006167369342623949 -0.0098260853040548941 -0.0158761576762926 -0.02736682183941196 -0.0069582240175060303 -0.00026682709010669383 -0.042872664160968743 0.0092026978333758416 0.0098102700919486703 -0.0040667280359383299 -0.023540483374132431
leaf_weight=886.28064098302275 1750.6518703538459 542.97770376986591 114.2267066356726 2958.2798194889911 1660.3036264638649 515.95933008089196 152.42645114194602 419.56006837100722 391.00170443928801 33.706100525334477 1906.9520628515165 566.36892767099198 245.56301007093862 59.435694264946505
leaf_count=3564 24939 18429 565 15085 26502 10479 1138 3475 2385 534 10906 4507 1611 477
internal_value=0.000268317 -0.0026107 -0.0149461 -0.000269902 -0.00401781 -0.0073088 0.00398563 0.00801839 -0.00788095 0.00486168 0.00553989 0.000142302 0.00496438 0.00820932
internal_weight=12203.7 8897.76 1418.73 7479.03 3977.32 875.749 3501.71 3305.93 543.428 2419.65 2385.95 2317.02 359.79 1966.39
internal_count=124596 105640 31084 74556 55948 12655 18608 18956 3523 15392 14858 29446 2176 11383
cat_boundaries=0 1
cat_threshold=2
is_linear=0
shrinkage=0.05


Tree=47
num_leaves=15
num_cat=2
split_feature=10 9 15 37 28 33 25 34 24 19 15 0 28 4
split_gain=105.401 51.7179 39.6658 43.4368 35.2307 33.9295 31.0145 28.8157 35.367 24.9056 24.6928 23.7245 22.1313 26.1966
threshold=1.5370074082208998 -0.42273901348256754 3.5000000000000004 0.11777318640955005 0.55902777777777868 1.7948574723999078 9.5000000000000018 147.50000000000003 2.5000000000000004 6.5000000000000009 3.5000000000000004 0 -0.39642857142857219 1
decision_type=2 2 2 2 2 2 2 2 2 2 2 1 2 9
left_child=1 -1 12 7 5 -5 -3 9 -9 -4 -8 -6 13 -2
right_child=2 6 3 4 11 -7 10 8 -10 -11 -12 -13 -14 -15
leaf_value=-0.019706296022974933 0.0080096037426219749 -0.0013048028232487815 0.004704857719404645 -0.021210735635407457 0.0083025090995836881 0.012202822392265455 -0.0040593031954984458 0.0094117701941692552 -0.038350253495416389 -0.032944413353285108 -0.019386684101496084 -0.012591892853112664 0.0098918662346982166 -0.0090605692786393296
leaf_weight=633.1108997699921 513.11351646133699 2612.7419958533719 3103.5289855224546 523.81533794733696 371.22432198293973 88.593689335510135 545.15064448839985 67.942965377354994 89.614054888486862 44.427867432124913 509.13055408827495 200.98092239443213 2410.45757900225 383.93327850196511
leaf_count=28276 2378 28579 20930 5079 2744 470 6251 421 1199 752 12693 1626 11188 2036
internal_value=-0.000223583 -0.00650851 0.00324174 0.000179893 -0.00803339 -0.0163676 -0.00422808 0.003125 -0.0177293 0.00417089 -0.011467 0.000878972 0.00739674 0.000686139
internal_weight=12097.8 4300.13 7797.63 4490.13 1184.61 612.409 3667.02 3305.51 157.557 3147.96 1054.28 572.205 3307.5 897.047
internal_count=124622 75799 48823 33221 9919 5549 47523 23302 1620 21682 18944 4370 15602 4414
cat_boundaries=0 1 2
cat_threshold=468 456
is_linear=0
shrinkage=0.05


Tree=48
num_leaves=15
num_cat=0
split_feature=13 16 22 30 19 37 37 34 26 12 18 30 34 52
split_gain=104.794 65.2698 64.1647 44.2707 32.0042 32.9769 31.7211 27.284 29.5875 27.2636 25.6964 25.5858 25.1055 25.7146
threshold=0.54611392936505176 0.35304401480872077 5.5000000000000009 0.25126262626262635 5.5000000000000009 0.12555559945477177 0.12327174259318256 70.500000000000014 0.64462689945035068 0.67069242301191723 999.78620471449869 0.18537609774723179 148.50000000000003 12.250000000000002
decision_type=2 2 2 2 2 2 2 2 2 2 2 2 2 2
left_child=1 12 3 6 5 9 10 -5 -9 -4 -2 -3 13 -1
right_child=2 11 4 7 -6 -7 -8 8 -10 -11 -12 -13 -14 -15
leaf_value=0.017183484107716442 -0.0136005936601373 -0.026983314018211486 -0.0031375592279889448 0.012277058646471365 -0.023544220018954475 -0.029117500004545844 -0.014032528669469949 -0.023677442916529432 0.005677924390507314 0.012157403268763016 0.0045758775051030131 -0.011115421508508676 -0.030241680110462407 -0.0032973324663669139
leaf_weight=165.14920559292659 210.33792739734054 439.96769992011832 1916.9599444527412 2477.6963488212787 187.82322069606744 107.72800860810094 296.16631911229342 106.7753845709376 435.91963182017207 343.42642939044163 2542.0965742631815 605.53442594304215 80.295728715136647 2104.0189549698262
leaf_count=1254 1858 17737 26622 10533 5051 2282 2362 748 1797 2810 15152 10771 1588 23963
internal_value=3.40896e-05 -0.00740666 0.00296357 0.00576256 -0.00368057 -0.00210208 0.00150993 0.0100531 -9.18382e-05 -0.000811109 0.00318459 -0.0177997 -0.00277912 -0.00180385
internal_weight=12019.9 3394.97 8624.93 6068.99 2555.94 2368.11 3048.6 3020.39 542.695 2260.39 2752.43 1045.5 2349.46 2269.17
internal_count=124528 55313 69215 32450 36765 31714 19372 13078 2545 29432 17010 28508 26805 25217
is_linear=0
shrinkage=0.05


Tree=49
num_leaves=15
num_cat=4
split_feature=9 23 24 18 29 16 29 40 5 5 5 13 18 5
split_gain=98.3071 58.9864 34.5294 32.2141 31.3596 30.7035 29.8752 44.7216 36.1653 25.9714 25.6156 22.7613 26.1697 19.7428
threshold=-0.036554401288370612 2.5000000000000004 4.5000000000000009 999.82357937089193 0.055867665418227221 0.44474969474969478 0.11055555555555556 1.0000000180025095e-35 0 1 2 0.54611392936505176 1000.1624344615662 3
decision_type=2 2 2 2 2 2 2 2 9 9 9 2 2 9
left_child=2 3 4 -2 -1 -4 7 8 -3 -9 -6 13 -13 -5
right_child=1 6 5 11 10 -7 -8 9 -10 -11 -12 12 -14 -15
leaf_value=-0.01725215959026586 -0.0088298744612026678 -0.0077581259836655564 -0.0092101023174180879 0.01044875449921734 0.018515063609172735 -0.025088966234138661 0.0041332132718048991 -9.3443907636996546e-05 0.0055117208271814834 -0.012008526807686373 -0.0065204210211293606 0.014498397563072371 0.0047856114703388386 -0.0079941614869599355
leaf_weight=195.72056670335587 307.29108806652948 738.87069269595668 771.81794585858006 227.38466065982357 212.66739731805865 504.51576718199067 1823.5302914953791 656.96630600234494 1624.0501076334622 1559.9312540688552 183.72707875142805 1484.9690273869783 1305.1003961740062 363.05158089660108
leaf_count=5023 1533 7746 18303 1102 2181 22416 9860 7222 15511 18399 2392 6051 5306 1850
internal_value=-0.000327613 0.00162261 -0.0108626 0.00666002 -0.000874023 -0.0154922 -0.00127779 -0.00343341 0.00135055 -0.00853456 0.00720242 0.00806976 0.00995721 -0.000840956
internal_weight=11959.6 10091.1 1868.45 3687.8 592.115 1276.33 6403.35 4579.82 2362.92 2216.9 396.394 3380.51 2790.07 590.436
internal_count=124895 74580 50315 15842 9596 40719 58738 48878 23257 25621 4573 14309 11357 2952
cat_boundaries=0 1 2 3 4
cat_threshold=6194 101392 103826 46224
is_linear=0
shrinkage=0.05


Tree=50
num_leaves=15
num_cat=4
split_feature=10 26 6 34 37 60 19 5 19 18 13 15 5 0
split_gain=93.1995 42.8599 36.6991 39.5349 30.6151 29.0181 28.9773 28.4022 26.5992 26.2835 25.0971 23.5369 23.1448 22.6455
threshold=1.6812438469535667 -1.0000000180025095e-35 0 70.500000000000014 0.11522186437645376 11.550000000000002 4.5000000000000009 1 6.5000000000000009 999.96743456481636 1.2481939694541171 1.5000000000000002 2 3
decision_type=2 2 1 2 2 2 2 9 2 2 2 2 9 1
left_child=1 -1 3 6 12 -4 11 -5 10 -6 -7 -2 -3 -9
right_child=2 4 5 7 9 8 -8 13 -10 -11 -12 -13 -14 -15
leaf_value=-0.012423763552377091 0.018995933552740821 -0.0057271961528478094 0.030194247898135348 0.00048001810889612939 -0.011360589530957699 0.004135442981006968 -0.017173501694854217 -0.0071489073822095725 -0.024477027470397077 0.00083175366792937518 0.012892320266313866 0.001204251170011546 0.0062256609325844897 -0.042072359311301114
leaf_weight=1397.5143770979485 223.93233945034444 586.66935887490399 123.23376589640975 158.53392368135974 1146.920298158424 3688.8013697038405 179.56908083334565 97.595137323252857 72.140510729048401 717.96712774527259 1052.7071951932739 1096.5407609632239 1256.4785358356312 120.97425977303647
leaf_count=46419 857 5533 621 1126 13295 23001 1511 745 1124 6908 5031 6342 10767 1119
internal_value=0.000146112 -0.00496112 0.00397356 -0.00197511 -0.00214693 0.00623642 0.00166037 -0.0164462 0.00562143 -0.00666416 0.00608093 0.00422645 0.00242098 -0.0275048
internal_weight=11919.6 5105.55 6814.03 1877.15 3708.04 4936.88 1500.04 377.103 4813.65 1864.89 4741.51 1320.47 1843.15 218.569
internal_count=124399 82922 41477 11700 36503 29777 8710 2990 29156 20203 28032 7199 16300 1864
cat_boundaries=0 1 2 3 4
cat_threshold=2 54786 4428 103
is_linear=0
shrinkage=0.05


Tree=51
num_leaves=15
num_cat=4
split_feature=10 9 34 30 29 5 22 48 28 5 52 5 5 51
split_gain=79.2682 57.4965 40.5766 35.7755 32.1123 30.3251 28.752 26.8071 26.3399 29.3245 22.3783 22.0902 21.7651 23.771
threshold=2.2922570142411369 -0.47105178149728738 154.50000000000003 0.15863337204800623 0.15643825301204822 0 1.5000000000000002 55.150000000000013 0.80624999999999869 1 12.15 2 3 15.250000000000002
decision_type=2 2 2 2 2 9 2 2 2 9 2 9 9 2
left_child=1 -1 3 10 7 -6 -5 11 -9 -10 -3 -2 -4 -14
right_child=4 2 12 6 5 -7 -8 8 9 -11 -12 -13 13 -15
leaf_value=-0.014752830132648262 0.01747994858236266 0.025854234449043573 0.0004695764652224853 0.0086032136979487719 -0.0025387748180308567 0.023088376136117368 -0.00051729360516500691 -0.0050641600148360784 -0.0048686139718000605 0.022929435193302612 -0.0081971267100048317 0.0038575892446952482 -0.05349933442723559 -0.011346396009941064
leaf_weight=890.35546631587204 490.08827128587291 49.5773795559071 78.366937067126855 1056.3382730307057 158.4066861551255 452.64321101456881 4742.3209336224245 994.11152852419764 172.06150289159268 199.60328509379178 1612.4525913308607 786.34693228802644 80.107791871065274 58.07492437120527
leaf_count=32986 2453 360 963 4635 630 1584 43215 6053 983 948 23477 4384 1300 820
internal_value=-0.000201866 -0.00272532 -0.00132963 -0.000709494 0.0064421 0.0167736 0.00114344 0.00405035 -0.000815112 0.0105349 -0.00717689 0.00925993 -0.0226615 -0.0334236
internal_weight=11820.9 8567.59 7677.24 7460.69 3253.26 611.05 5798.66 2642.21 1365.78 371.665 1662.03 1276.44 216.55 138.183
internal_count=124791 107756 74770 71687 17035 2214 47850 14821 7984 1931 23837 6837 3083 2120
cat_boundaries=0 1 2 3 4
cat_threshold=294 50582 73024 65866
is_linear=0
shrinkage=0.05


Tree=52
num_leaves=15
num_cat=0
split_feature=9 16 34 15 10 52 11 28 35 34 35 35 30 30
split_gain=80.3668 55.9217 42.921 40.6631 33.7026 29.2605 28.1618 31.2611 27.5015 24.716 25.219 24.6017 24.305 23.2862
threshold=1.1125363696424893 0.35032467532467537 70.500000000000014 2.5000000000000004 2.3665974622874377 12.250000000000002 1.6441418322061123 -0.85164835164835029 447.00000000000006 18.500000000000004 439.00000000000006 467.00000000000006 0.25904139433551204 0.11167800453514741
decision_type=2 2 2 2 2 2 2 2 2 2 2 2 2 2
left_child=1 5 4 -3 11 -1 7 -4 -5 -7 -11 -2 -10 -13
right_child=2 3 6 8 -6 9 -8 -9 12 10 -12 13 -14 -15
leaf_value=0.016186830870299127 -0.0034562065260479191 -0.000824856015731562 -0.033529416301646763 -0.02865100540396906 0.01235035854214237 -0.010468523023531361 0.0074698205926259495 -0.0059947947444256222 -0.01570362252347058 -0.02092330381580727 0.0022844138423521189 -0.011567172201233064 -0.0037178919247672347 0.0076236569952751188
leaf_weight=266.83174964808859 976.47222091304138 993.65943781193346 128.94715959811583 251.83980768872425 1448.7635640539229 568.9941118019633 279.98012285958976 516.4421315274667 1074.0952710576821 123.18913833796978 2308.3043013204588 171.40186328766868 699.88932448066771 1993.2585008186288
leaf_count=2003 5877 9041 1052 8740 5738 6574 1150 3461 32219 2140 26430 1365 8522 10532
internal_value=-0.000345021 -0.00420992 0.00405963 -0.00911526 0.00604067 0.000321948 -0.00576064 -0.0115082 -0.013179 -0.00108773 0.00110575 0.0031286 -0.0109782 0.00610132
internal_weight=11802.1 6286.8 5515.27 3019.48 4589.9 3267.32 925.369 645.389 2025.82 3000.49 2431.49 3141.13 1773.98 2164.66
internal_count=124844 95669 29175 58522 23512 37147 5663 4513 49481 35144 28570 17774 40741 11897
is_linear=0
shrinkage=0.05


Tree=53
num_leaves=15
num_cat=2
split_feature=30 23 52 34 5 11 35 5 38 32 13 30 46 32
split_gain=81.9134 61.1971 36.6939 33.9483 28.6521 27.6172 26.5862 24.7261 21.7757 21.4131 21.2307 18.7848 18.7202 17.5804
threshold=0.41012820512820519 6.5000000000000009 12.550000000000002 230.50000000000003 0 -0.45587764736332864 523.00000000000011 1 0.11081871345029241 0.20858752475351142 1.2056622576304703 0.093933823529411778 0.42705167173252284 0.23283394539316762
decision_type=2 2 2 2 9 2 2 9 2 2 2 2 2 2
left_child=1 2 7 6 -2 9 -4 8 -1 -3 -9 -7 -13 -6
right_child=4 5 3 -5 13 11 -8 10 -10 -11 -12 12 -14 -15
leaf_value=0.0027462528442508548 -0.0012058331896369911 -0.022443604396106955 -0.0015371326934523061 -0.034793330826942123 0.010666767955226499 -0.023483162325760774 0.0116888287021625 0.0082018785269615344 -0.026862057891260057 0.0099452617009316447 0.025515001041021914 -0.0069286196790073421 0.0046962561447041534 0.024287299480225254
leaf_weight=367.84889292856678 353.22675722232088 441.70063208963256 5622.538290530676 73.569391422905028 670.52809800859541 139.25470276363194 407.35866609797813 796.70337629853748 74.571282994467765 57.409009395050816 228.31351794302464 1668.266746527981 436.42810716573149 368.52516892924905
leaf_count=2027 1760 24617 40855 762 3227 4185 2461 4457 504 1402 933 29571 6355 1307
internal_value=-0.000130072 -0.00166723 0.000650466 -0.00105565 0.0112528 -0.00806573 -0.000642625 0.00774966 -0.00218851 -0.0187069 0.0119487 -0.00569592 -0.00451561 0.0153565
internal_weight=11706.2 10314 7570.9 6103.47 1392.28 2743.06 6029.9 1467.44 442.42 499.11 1025.02 2243.95 2104.69 1039.05
internal_count=124423 118129 51999 44078 6294 66130 43316 7921 2531 26019 5390 40111 35926 4534
cat_boundaries=0 1 2
cat_threshold=300 18446
is_linear=0
shrinkage=0.05


Tree=54
num_leaves=15
num_cat=1
split_feature=52 22 27 35 23 16 43 48 34 53 28 23 4 46
split_gain=71.4566 56.122 48.0725 35.1775 32.3197 29.1289 26.2637 25.8795 33.8971 29.7396 25.5999 22.3414 21.8925 17.9103
threshold=12.750000000000002 9.5000000000000018 0.81825914637506669 451.00000000000006 1.5000000000000002 0.20044642857142861 0.18889206894358587 51.45000000000001 132.50000000000003 13.350000000000003 1.1846590909090902 5.5000000000000009 0 0.5913729128014843
decision_type=2 2 2 2 2 2 2 2 2 2 2 2 9 2
left_child=7 2 3 6 -5 -3 -2 -1 11 12 -4 13 -10 -9
right_child=1 5 10 4 -6 -7 -8 8 9 -11 -12 -13 -14 -15
leaf_value=0.023287577224464728 -0.030912653011509916 -0.0025215522974712935 0.0032235306894617998 0.006149588698483306 -0.0044094077209012074 -0.020641999204282051 -0.0089550995541518904 0.0072377608938940519 0.013954523523281774 -0.050614203291732454 0.021523250184322631 -0.00053170605920109016 -0.020648521307518156 0.02540753753354548
leaf_weight=188.15761557570659 172.6861171128694 337.18132266355678 1467.3961315791821 900.05290635675192 3712.6914321206277 651.86989982397063 649.98094218177721 1925.8597947454546 75.584695501485839 46.11278699641116 219.86147435894236 1013.4854351358954 89.564043780788779 146.12481973750982
leaf_count=1248 2307 7086 8781 3942 37957 26799 7429 10036 640 677 1144 14814 1073 687
internal_value=-0.000736705 -0.00330963 -0.00175896 -0.00404809 -0.00234793 -0.0144704 -0.0135735 0.00525073 0.0042191 -0.0151458 0.00561221 0.00554709 -0.00518749 0.00852275
internal_weight=11596.6 8111.72 7122.67 5435.41 4612.74 989.051 822.667 3484.89 3296.73 211.262 1687.26 3085.47 165.149 2071.98
internal_count=124620 95445 61560 51635 41899 33885 9736 29175 27927 2390 9925 25537 1713 10723
cat_boundaries=0 1
cat_threshold=268
is_linear=0
shrinkage=0.05


Tree=55
num_leaves=15
num_cat=3
split_feature=12 16 13 5 51 30 30 27 46 5 6 52 52 47
split_gain=70.6626 86.2751 30.5053 29.7053 28.2688 28.7549 25.6892 25.2065 24.6019 22.5022 22.1175 27.2486 21.7533 20.4872
threshold=0.38296858227924757 0.33387445887445893 0.39608114370036912 0 15.250000000000002 0.23979166666666671 0.61055555555555563 -1.0017236925974504 0.2837358635230976 1 2 12.050000000000002 12.750000000000002 0.16291708796764412
decision_type=2 2 2 9 2 2 2 2 2 9 1 2 2 2
left_child=1 3 -3 -1 5 9 13 8 -4 12 11 -5 -2 -6
right_child=4 2 7 10 6 -7 -8 -9 -10 -11 -12 -13 -14 -15
leaf_value=0.0052436294507301473 0.0028415832374140814 -0.020221377819873952 -0.030263667975440389 0.036622231283475304 -0.0010213843486141768 0.013355435407285841 0.047439692698698861 -0.0046607216401795817 -0.0034480888462333826 0.0065013082583831455 0.00088525069788431996 -0.010454635378234892 -0.028437774491198848 0.022155650328131951
leaf_weight=2228.2037647607503 115.3654446285218 597.73487208987353 210.91708563844441 31.694890603423119 1889.2584100436652 1412.0665434910916 29.037348579615355 1615.6491885595024 144.6459160563536 638.71814550226554 1597.100757864886 892.42385044554248 106.67305445554666 100.31120164995082
leaf_count=20196 809 21271 4756 172 13743 6906 86 23339 2357 5072 14855 9289 1112 647
internal_value=4.53459e-05 -0.00294128 -0.0103228 0.00105045 0.0051397 0.00896422 0.00083082 -0.00731787 -0.019373 0.00175393 -0.00266371 -0.00883082 -0.0116451 0.00014571
internal_weight=11609.8 7318.37 2568.95 4749.42 4291.43 2272.82 2018.61 1971.21 355.563 860.757 2521.22 924.119 222.038 1989.57
internal_count=124610 96235 51723 44512 28375 13899 14476 30452 7113 6993 24316 9461 1921 14390
cat_boundaries=0 1 2 3
cat_threshold=128384 3712 2
is_linear=0
shrinkage=0.05


Tree=56
num_leaves=15
num_cat=1
split_feature=30 11 5 22 27 52 30 37 18 28 38 9 18 37
split_gain=84.1725 54.3547 33.0233 32.1229 37.1214 28.5533 27.4781 26.9131 26.734 34.0739 25.4966 24.7425 23.3399 23.1221
threshold=0.1283882783882784 0.79630668515488379 0 2.5000000000000004 0.9833984764494994 12.15 0.41012820512820519 0.11855577892871748 999.98700552337095 1.3100961538461535 -0.034398242055442861 1.5362202172357364 999.87848244588372 0.11586674343138283
decision_type=2 2 9 2 2 2 2 2 2 2 2 2 2 2
left_child=5 3 6 10 7 -1 -3 -5 11 -10 -2 -4 -12 -7
right_child=1 2 8 4 -6 13 -8 -9 9 -11 12 -13 -14 -15
leaf_value=0.026255395421329625 0.012544289748152511 0.0070924645387872706 0.001185329064494853 -0.0041235273627381738 0.0071206053989929978 -0.0077064457543614797 0.022182268423254759 -0.014560390809254002 -0.0045238550964528338 0.017819274350278913 -0.019125206375587261 0.01507911238941579 0.0025627130265155045 -0.021142579696805313
leaf_weight=47.242427571909502 536.69848618470132 1747.4344132402912 759.98367918236181 2147.2891918431851 538.09008820110466 781.02097713050898 365.22215433930978 868.37465621018782 1678.3184696438257 189.79382851533592 152.37742320308462 555.05566535657272 664.43179436540231 544.92242774780607
leaf_count=431 2600 9230 4437 37509 5390 14047 1344 19056 9251 886 1060 2340 3546 13488
internal_value=-0.000247583 0.00131613 0.0048294 -0.00247431 -0.00497148 -0.0118692 0.00965867 -0.00713091 0.00158711 -0.00225036 0.00407843 0.00705416 -0.00147894 -0.0132332
internal_weight=11576.3 10203.1 5295.81 4907.26 3553.75 1373.19 2112.66 3015.66 3183.15 1868.11 1353.51 1315.04 816.809 1325.94
internal_count=124615 96649 27488 69161 61955 27966 10574 56565 16914 10137 7206 6777 4606 27535
cat_boundaries=0 1
cat_threshold=123984
is_linear=0
shrinkage=0.05


Tree=57
num_leaves=15
num_cat=1
split_feature=30 10 34 10 30 9 42 37 61 27 28 15 7 54
split_gain=66.7352 48.0724 34.7427 32.89 30.8844 28.2301 35.1462 27.4416 27.2992 23.0825 21.1432 19.754 17.6276 16.3013
threshold=0.26752374713396659 0.72926917665646684 182.50000000000003 3.1291957759751665 0.50500000000000012 1.2995063831871343 0.070597773276982342 0.11522186437645376 11.65 0.81825914637506669 0.87083333333333368 5.5000000000000009 0 69.550000000000011
decision_type=2 2 2 2 2 2 2 2 2 2 2 2 9 2
left_child=1 -1 3 7 5 6 8 -3 -2 -4 11 -7 -5 -8
right_child=4 2 9 12 -6 10 13 -9 -10 -11 -12 -13 -14 -15
leaf_value=-0.015529562252090274 0.04205028801802374 0.0011168194471708102 -0.043306012147830406 -0.007892358762363114 0.014489497740498012 0.00858454318580942 0.022314098107741487 -0.006058536139684035 -0.0071822176023712651 -0.0058337046991204823 0.016518287905744299 -0.0045261704293060104 0.019229068729698207 0.0036655771758638844
leaf_weight=720.36619013122981 28.649894854053855 2922.4674565428868 81.818612447241321 73.730997618287802 653.57665460044518 871.4791258033365 133.46731746126898 2447.6194136227714 1311.6569079604233 83.244615298695862 483.55050626257434 427.95149990916252 271.90652701817453 967.51400468137581
leaf_count=33020 179 27623 1810 391 2600 3701 959 27824 11851 749 2033 2366 1294 7976
internal_value=-6.06932e-05 -0.00333828 -0.00184382 -0.0011896 0.00437379 0.0028072 -0.000684072 -0.00215274 -0.00612305 -0.0244532 0.00759009 0.00426283 0.0137564 0.00593262
internal_weight=11479 6601.15 5880.79 5715.72 4877.85 4224.27 2441.29 5370.09 1340.31 165.063 1782.98 1299.43 345.638 1100.98
internal_count=124376 92711 59691 57132 31665 29065 20965 55447 12030 2559 8100 6067 1685 8935
cat_boundaries=0 1
cat_threshold=3138
is_linear=0
shrinkage=0.05


Tree=58
num_leaves=15
num_cat=2
split_feature=29 22 37 6 13 16 5 16 27 12 23 52 16 44
split_gain=51.7584 48.6524 32.6022 28.9131 28.0679 30.3525 29.0495 24.1086 23.8881 21.8514 18.7179 18.3002 17.7616 17.704
threshold=0.10050505050505053 7.5000000000000009 0.11581617353058778 0 1.5511728038443449 0.39758158508158514 1 0.69745744451626812 0.24997393266189466 0.70761814465322714 1.5000000000000002 12.15 0.484238310708899 21.500000000000004
decision_type=2 2 2 1 2 2 9 2 2 2 2 2 2 2
left_child=1 4 11 7 5 10 -6 9 -7 13 -1 -3 -4 -2
right_child=3 2 12 -5 6 8 -8 -9 -10 -11 -12 -13 -14 -15
leaf_value=0.0090116059867805087 0.0090613518398241603 0.024459831975501941 -0.011687556310608666 -0.0011599316127453186 -0.0097117339661027622 -0.0092858492851708024 0.024113826458965839 -0.0061148604169475257 0.00086060805759498251 0.021383678026215432 0.00029057190656690829 -0.0053771650182829894 -0.028405822511932018 -0.011046739072168547
leaf_weight=801.80863840738311 1759.2989913865458 54.171872502658516 428.39395212673116 1201.662690623547 85.298968533053994 1379.6772550989408 215.503689839039 259.95136107341386 999.3980237734504 352.90749041712843 2649.0914233832154 953.76896245370153 254.29411252069985 116.42322093760595
leaf_count=3181 10241 655 12069 7741 517 16807 1059 2034 8277 1304 20332 26244 13470 776
internal_value=0.000324152 -0.00197829 -0.0094876 0.00520542 9.1784e-05 -0.000675971 0.0149838 0.00828099 -0.00502158 0.00996259 0.00231854 -0.00376635 -0.0179255 0.00781009
internal_weight=11511.7 7821.41 1690.63 3690.24 6130.78 5829.98 300.803 2488.58 2379.08 2228.63 3450.9 1007.94 682.688 1875.72
internal_count=124707 102611 52438 22096 50173 48597 1576 14355 25084 12321 23513 26899 25539 11017
cat_boundaries=0 1 2
cat_threshold=1 11304
is_linear=0
shrinkage=0.05


Tree=59
num_leaves=15
num_cat=2
split_feature=9 35 34 44 19 13 7 26 35 4 36 18 13 16
split_gain=63.4597 36.3596 33.5033 32.1557 29.724 27.5774 31.7223 25.4536 26.515 22.5326 23.6514 21.8026 21.6812 27.6789
threshold=1.1125363696424893 439.00000000000006 97.500000000000014 5.5000000000000009 3.5000000000000004 0.73685860872382625 0 -0.13199952228681844 525.00000000000011 1 -10.499999999999998 999.81942662723452 1.2381536606761963 0.5641941391941393
decision_type=2 2 2 2 2 2 9 2 2 9 2 2 2 2
left_child=1 -1 5 12 -4 6 11 -7 -9 10 -5 -2 13 -3
right_child=2 3 4 9 -6 7 -8 8 -10 -11 -12 -13 -14 -15
leaf_value=-0.018457743664707447 -0.017062316404583246 -0.0053167770969237312 0.0038311027625241387 -0.03840184933653025 -0.020225255289602243 -0.011607537922538005 -0.011068445439508209 0.0082358879468480365 0.026748110134822159 -0.0016042388182235254 0.0086732991175067116 0.0064295490139459413 0.0061114276594639427 -0.019371286023235235
leaf_weight=359.80978647031588 107.29221330909058 1544.2116121321451 266.86892046011053 27.306276047602296 246.84553275024518 149.18354056100361 424.19566963450052 2756.1250726405997 208.27754139527678 2423.7655346086831 966.84503782942193 1217.6746094599366 289.80827162321657 453.77614838426234
leaf_count=9266 856 22282 1539 545 1973 1409 2941 12760 809 35515 12411 6844 2813 12547
internal_value=0.000462753 -0.0030425 0.00441816 -0.00206921 -0.0077202 0.00570165 0.000674801 0.00852393 0.00953909 0.00100048 0.00729813 0.00448845 -0.00665728 -0.0085121
internal_weight=11442 6065.52 5376.46 5705.71 513.714 4862.75 1749.16 3113.59 2964.4 3417.92 994.151 1324.97 2287.8 1997.99
internal_count=124510 95379 29131 86113 3512 25619 10641 14978 13569 48471 12956 7700 37642 34829
cat_boundaries=0 1 2
cat_threshold=159 320
is_linear=0
shrinkage=0.05


Tree=60
num_leaves=15
num_cat=1
split_feature=52 37 9 29 29 23 19 20 15 34 37 18 5 9
split_gain=64.4799 44.4844 35.0183 34.6832 32.8817 29.8052 29.4887 25.6698 23.638 22.7708 23.151 22.0393 21.813 21.0848
threshold=12.750000000000002 0.11383021196283392 -0.50467061498121846 0.11167800453514741 0.096269694161260452 1.5000000000000002 3.5000000000000004 54.250000000000007 2.5000000000000004 132.50000000000003 0.10341586725434276 999.78620471449869 0 0.2538243391472918
decision_type=2 2 2 2 2 2 2 2 2 2 2 2 9 2
left_child=4 3 -3 8 9 13 -6 -8 11 -1 -11 -2 -9 -4
right_child=1 2 5 -5 6 -7 7 12 -10 10 -12 -13 -14 -15
leaf_value=0.0032338112602284738 -0.028269362970969852 -0.019930845158427253 -0.022929344528036123 0.010329296837174363 0.018589206459631274 -0.006246457898471237 -0.031769150240303683 0.016069953250528565 -0.00372954688637865 0.04096445619133058 -0.025797534669757101 0.0093931822098364884 -0.0018464394300577063 0.0072944220127738966
leaf_weight=1851.3126864543883 41.209409749833867 386.00152420508675 62.782366066705436 921.36309705022722 753.2335862738546 3233.4573140117573 45.743101625703275 319.71142850862816 1956.7505503684515 14.473359300638547 116.29033229569905 637.80640747561119 351.82433166634291 693.47126916330308
leaf_count=19198 516 16739 551 5044 3864 37486 341 1692 28071 97 1833 3775 2159 3054
internal_value=0.000309042 -0.00217286 -0.00554897 0.00197881 0.00601293 -0.00415582 0.0116783 0.00441243 -0.000938585 0.00180687 -0.0183442 0.00709626 0.00688883 0.00477601
internal_weight=11385.4 7932.84 4375.71 3557.13 3452.59 3989.71 1470.51 717.279 2635.77 1982.08 130.764 679.016 671.536 756.254
internal_count=124420 95236 57830 37406 29184 41091 8056 4192 32362 21128 1930 4291 3851 3605
cat_boundaries=0 1
cat_threshold=72640
is_linear=0
shrinkage=0.05


Tree=61
num_leaves=15
num_cat=3
split_feature=9 12 25 51 13 29 35 7 5 13 34 30 5 16
split_gain=62.1593 38.0706 34.4938 32.9863 33.5812 31.2291 25.7512 25.7206 24.2728 23.2427 20.0485 19.4738 20.0129 19.4184
threshold=0.17858008952379395 0.74900884436476212 4.5000000000000009 16.050000000000004 0.53172081916137903 0.16035714285714289 483.00000000000006 0 1 1.5511728038443449 146.50000000000003 0.17875939849624065 2 0.7781045751633987
decision_type=2 2 2 2 2 2 2 9 9 2 2 2 9 2
left_child=5 2 7 4 -4 6 -1 -2 -5 13 -9 -8 -13 -3
right_child=1 9 3 8 -6 -7 11 10 -10 -11 -12 12 -14 -15
leaf_value=-0.014655287470482784 -0.00923956464115455 0.0094047434707978019 -0.01097183677353219 -0.016410350721708732 0.0033817826680896399 0.011655934714037636 -0.013327795089173117 0.0061429881866892286 -0.0036901554081098971 0.022242447450799993 -0.014633715444687527 0.010854418034727873 -0.0062998816447688124 -0.010607501388616216
leaf_weight=1117.9261892841314 325.94994747056626 677.94964730460197 499.95218007545918 578.24825795390643 2200.1863070058171 191.2198040408548 342.87366038752953 3054.2002856361214 1093.9686282610055 292.50048729637638 120.47154819918796 294.8878591626999 374.46911293943413 147.30066936928779
leaf_count=34894 2372 3253 6258 6005 16223 1397 11630 17260 10502 1313 998 4757 6700 1089
internal_value=-0.00038971 0.00149317 0.000266526 -0.00269409 0.000721936 -0.00768405 -0.00942297 0.0039658 -0.00821267 0.0101279 0.00533574 -0.00363849 0.00131857 0.00582581
internal_weight=11312.1 8990.73 7872.98 4372.36 2700.14 2321.38 2130.16 3500.62 1672.22 1117.75 3174.67 1012.23 669.357 825.25
internal_count=124651 65273 59618 38988 22481 59378 57981 20630 16507 5655 18258 23087 11457 4342
cat_boundaries=0 1 2 3
cat_threshold=3616 71954 88344
is_linear=0
shrinkage=0.05


Tree=62
num_leaves=15
num_cat=2
split_feature=9 52 35 19 12 32 35 6 30 34 30 5 13 19
split_gain=53.6572 38.0792 38.7931 39.6538 29.2671 27.8283 25.5605 23.7056 23.8039 22.5242 20.4288 28.3398 19.7688 18.7575
threshold=0.17858008952379395 12.750000000000002 523.00000000000011 5.5000000000000009 0.37753274655669272 1.2310522802445123 451.00000000000006 0 0.14595037453183524 28.500000000000004 0.42052631578947369 1 0.76816861274275705 4.5000000000000009
decision_type=2 2 2 2 2 2 2 1 2 2 2 9 2 2
left_child=4 10 3 6 7 -4 -3 8 -1 -9 11 12 -2 -6
right_child=1 2 5 -5 13 -7 -8 9 -10 -11 -12 -13 -14 -15
leaf_value=-0.018815333564452599 0.002567772502049614 -0.008735621479094938 0.0091510701479454743 -0.022003865055503859 0.0096806817859113742 0.048565517711764081 0.00069379515544301217 -0.027528667651151324 -0.00087259843150165042 -0.0098168946339887465 0.017329203809852381 -0.00065582289576242639 0.015698616427526624 -0.01537483545123057
leaf_weight=237.30277893168386 485.05751106701791 847.68394923373125 414.48506838607136 228.2301103125792 361.15131118381396 50.229876423254609 4715.9959231351968 284.17789139377419 838.09643474314362 491.39283416990656 381.74540811311454 1181.9101323282812 704.3795327427797 93.961351378937252
leaf_count=10856 3778 7874 2717 3656 4558 171 33931 9534 17890 14488 1493 8063 3594 2092
internal_value=-5.10233e-05 0.00169044 -0.000465078 -0.00158115 -0.00685677 0.0134316 -0.000742106 -0.00965061 -0.00483796 -0.0163158 0.0065907 0.00485922 0.0102624 0.00449456
internal_weight=11315.8 9009.72 6256.62 5791.91 2306.08 464.715 5563.68 1850.97 1075.4 775.571 2753.09 2371.35 1189.44 455.113
internal_count=124695 65277 48349 45461 59418 2888 41805 52768 28746 24022 16928 15435 7372 6650
cat_boundaries=0 1 2
cat_threshold=1 108448
is_linear=0
shrinkage=0.05


Tree=63
num_leaves=15
num_cat=1
split_feature=9 48 58 10 46 34 5 26 34 27 12 31 26 45
split_gain=51.944 40.786 38.7593 36.6172 31.2785 26.3756 24.064 23.4295 18.7199 18.4651 15.863 15.7191 13.4607 16.4681
threshold=-0.37689976688393306 53.150000000000013 23.450000000000003 3.2696142168818967 0.2273929773929774 29.500000000000004 0 1.241156120405982 70.500000000000014 0.53776658913766917 0.72099023477330693 277.80000000000007 -0.43985694492423316 3.5000000000000004
decision_type=2 2 2 2 2 2 9 2 2 2 2 2 2 2
left_child=5 6 -3 4 -4 12 8 -8 -2 -7 -10 -11 -1 -14
right_child=1 2 3 -5 -6 9 7 -9 10 11 -12 -13 13 -15
leaf_value=-0.033443885529389775 0.019199850221363425 0.023557557441867688 -0.0044619297379155124 0.014021400296014298 0.001901359422921297 -0.010975902556015939 -0.0020510194106793311 0.015742678660384646 -0.0067383682149278054 0.039496571842067708 0.031399853789237146 0.0013123405455033978 -0.016892656487703599 0.036649417779834818
leaf_weight=131.46223879698664 577.62786715989932 164.96088332193904 4383.5153138426831 390.77365185460076 3450.5156367324525 435.31936942960601 698.16744359827135 251.42799424612895 142.23067953833379 29.957489102846012 33.619498770684004 264.3898660026025 276.6887584234355 15.000171279767526
leaf_count=9017 3691 1002 42524 1595 28640 16739 6209 1006 1351 418 158 5414 6638 267
internal_value=-0.000147346 0.00100071 -0.000430817 -0.000912828 -0.00165858 -0.010202 0.00805529 0.00262851 0.0146573 -0.00443272 0.000538282 0.00522765 -0.0201352 -0.0141105
internal_weight=11245.7 10092.8 8389.77 8224.8 7834.03 1152.82 1703.07 949.595 753.478 729.667 175.85 294.347 423.151 291.689
internal_count=124669 86176 73761 72759 71164 38493 12415 7215 5200 22571 1509 5832 15922 6905
cat_boundaries=0 1
cat_threshold=105792
is_linear=0
shrinkage=0.05


Tree=64
num_leaves=15
num_cat=2
split_feature=13 25 19 29 12 7 30 34 28 38 29 7 12 34
split_gain=58.3509 50.9402 35.7872 27.6138 27.4573 32.5844 24.0404 24.6491 25.7525 23.9653 23.5627 22.0042 21.4782 21.2616
threshold=0.85774595365362816 5.5000000000000009 4.5000000000000009 0.090454545454545468 0.16274645435694193 0 0.11978260869565219 154.50000000000003 1.3385416666666681 -0.3801313628899835 0.021390986044383439 1 -0.1038436020610857 99.500000000000014
decision_type=2 2 2 2 2 9 2 2 2 2 2 9 2 2
left_child=1 6 3 13 -3 -6 11 8 -8 -5 -7 -1 -13 -2
right_child=2 4 -4 9 5 10 7 -9 -10 -11 -12 12 -14 -15
leaf_value=0.0071131598996142511 0.0043166395783485884 -0.013134854679425368 -0.0049831375397766343 -0.02220979487425712 -0.034762447484208259 -0.023043597392836662 0.0013464639775246263 -0.02222117276360993 0.015219202447783556 0.011917615066300617 0.0020493014928700745 -0.036096401572252815 -0.0054010159956322159 -0.011270350006646467
leaf_weight=105.80028160358779 2255.1072232533479 1362.8065880652284 854.59953044482972 52.804472055286169 63.569687719456851 103.43711433606222 2802.2549666485284 99.739075733348727 379.98427139478736 1757.1257672782522 969.55088864616118 115.45420974807348 113.39339538593777 242.04942244826816
leaf_count=1429 17731 37420 9719 294 811 2197 24907 1497 2748 8334 10815 3064 1258 2430
internal_value=0.000444417 -0.00285912 0.00435967 0.00621467 -0.0083483 -0.00260386 0.000933069 0.00223618 0.00300497 0.010918 -0.000363554 -0.0118288 -0.0200423 0.0028034
internal_weight=11277.7 6115.99 5161.69 4307.09 2499.36 1136.56 3616.63 3281.98 3182.24 1809.93 1072.99 334.648 228.848 2497.16
internal_count=124654 86146 38508 28789 51243 13823 34903 29152 27655 8628 13012 5751 4322 20161
cat_boundaries=0 1 2
cat_threshold=769 1347
is_linear=0
shrinkage=0.05


Tree=65
num_leaves=15
num_cat=2
split_feature=52 19 9 34 34 37 6 30 29 33 19 5 42 34
split_gain=51.5938 46.1874 42.4196 39.7494 34.6255 29.1322 22.6308 22.5481 21.5356 18.9867 17.8642 17.5018 16.6146 16.2116
threshold=12.550000000000002 5.5000000000000009 0.60077120389804584 21.500000000000004 97.500000000000014 0.1088799283154122 0 0.32977272727272733 0.16754385964912283 1.0677181270922949 3.5000000000000004 1 0.058012051330333859 6.5000000000000009
decision_type=2 2 2 2 2 2 1 2 2 2 2 9 2 2
left_child=6 2 3 9 7 -5 -1 -4 12 -2 -6 -10 -8 -3
right_child=1 13 4 5 10 -7 8 -9 11 -11 -12 -13 -14 -15
leaf_value=0.010640992883518278 -0.01905018446659644 0.044704665438055229 0.00072284489766112322 0.011337674093542678 -0.0023015389152837222 -0.0046888941243718313 -0.01774730701478874 0.0079949577733780773 -0.0027033740775996148 -0.0033512243133487253 -0.022198178472980199 0.036758401804375479 0.00097157497661051566 -0.018919440487569456
leaf_weight=1423.6094935836736 647.96997254074086 10.113225026987491 3783.5997986933216 348.77403073664755 242.09531076136045 1512.4559373125667 150.07364709419198 1484.9450022256933 53.467623180709779 275.28681223967578 212.23266568826512 57.155067498795688 560.82449021807406 430.27399053226691
leaf_count=10517 16421 141 26190 5800 1735 33506 1585 6894 241 3897 1999 203 5143 10308
internal_value=5.05246e-05 -0.00164948 -0.000831441 -0.00589334 0.00163064 -0.00168256 0.00682773 0.00277356 0.000213169 -0.0143755 -0.0116098 0.0207305 -0.00297497 -0.0174372
internal_weight=11192.9 8947.75 8507.36 2784.49 5722.87 1861.23 2245.13 5268.54 821.521 923.257 454.328 110.623 710.898 440.387
internal_count=124580 106891 96442 59624 36818 39306 17689 33084 7172 20318 3734 444 6728 10449
cat_boundaries=0 1 2
cat_threshold=1 10366
is_linear=0
shrinkage=0.05


Tree=66
num_leaves=15
num_cat=4
split_feature=10 9 12 19 27 30 58 30 5 5 5 4 35 48
split_gain=42.984 36.2464 34.2415 27.3227 26.9067 26.3697 20.8794 20.8421 19.5412 18.054 16.3265 16.0484 15.3868 15.189
threshold=2.2760674881965399 -0.79292105893403486 0.96442100229502958 4.5000000000000009 0.92385313478748921 0.5114102564102565 23.450000000000003 0.33503401360544222 0 1 2 3 457.00000000000006 51.550000000000004
decision_type=2 2 2 2 2 2 2 2 9 9 9 9 2 2
left_child=1 13 3 7 10 6 -3 8 -2 -8 -5 -6 -9 -1
right_child=2 5 -4 4 11 -7 9 12 -10 -11 -12 -13 -14 -15
leaf_value=0.030334423933709328 0.0079523961430885432 0.020518364134644019 0.024042376651708039 0.005868323844966496 0.031337780269818004 0.012587536104990674 0.0015553794380202936 -0.0071745678187998653 -0.0028803081507073236 -0.003729895763675248 -0.017890901926424528 -0.0020949992699233412 0.015580867827246199 -0.01543702541291962
leaf_weight=18.579762607929297 873.81587806111202 105.85562974959612 221.88274578284472 91.710300159174949 52.633182537741959 347.89037326490507 2510.3981984287966 83.46460023149848 780.97664823685773 4505.0767591060721 317.90938369743526 87.89855699101463 651.79153915634379 551.43072461750126
leaf_count=442 4861 899 831 682 258 1493 27511 386 4659 52191 2823 502 2569 24589
internal_value=0.00016347 -0.0017786 0.00510245 0.00367067 -0.00637039 -0.000850336 -0.00150767 0.00598423 0.00286768 -0.00184102 -0.0128525 0.0124838 0.0129903 -0.0139313
internal_weight=11201.3 8039.23 3162.08 2940.2 550.151 7469.22 7121.33 2390.05 1654.79 7015.47 409.62 140.532 735.256 570.01
internal_count=124696 107125 17571 16740 4265 82094 80601 12475 9520 79702 3505 760 2955 25031
cat_boundaries=0 1 2 3 4
cat_threshold=31088 91520 6160 148
is_linear=0
shrinkage=0.05


Tree=67
num_leaves=15
num_cat=0
split_feature=29 40 26 38 59 37 27 11 16 23 46 37 13 29
split_gain=40.5958 30.2975 29.3533 28.7273 27.7655 25.3018 22.7146 22.5111 21.6136 20.5464 33.7612 19.9295 21.8974 21.8267
threshold=0.080229885057471279 1.0000000180025095e-35 1.1124670167159174 0.53589743589743599 32.050000000000004 0.12327174259318256 1.1296351515974605 1.8940390526676119 0.4617216117216118 7.5000000000000009 0.24497862386061145 0.1150535046469434 0.43647998974842023 0.01941930618401207
decision_type=2 2 2 2 2 2 2 2 2 2 2 2 2 2
left_child=1 3 11 5 -4 7 9 -1 -7 -2 -11 12 -3 -13
right_child=6 2 4 -5 -6 8 -8 -9 -10 10 -12 13 -14 -15
leaf_value=0.0011236490296062979 0.0030686291112794568 -0.015425462207764973 -0.030033998253041774 -0.043500933891530397 0.0043127872748728929 -0.002399366819722591 0.010479370779899687 0.020552191904373681 -0.029902787575268593 -0.015697799139148802 0.0059685017651643262 -0.041260173427710628 -0.0010905224887146129 -0.012712850498148607
leaf_weight=2701.5629278976121 3211.3864311724901 379.6455949912197 63.846003498882055 37.019439762923867 734.77532853372395 185.93653584970161 823.35369899263605 157.76766552310437 116.36827358539449 410.9952364701312 319.07526277564466 72.087790949270129 895.56683087302372 965.0528122325195
leaf_count=30653 18369 11016 392 545 3535 2167 3964 612 2838 6957 3948 3176 13148 23133
internal_value=-0.000557292 -0.00318834 -0.00670155 0.000227095 0.00155725 0.000742046 0.00292573 0.00219808 -0.0130094 0.00134631 -0.00622223 -0.00955601 -0.005363 -0.0147057
internal_weight=11074.4 6309.63 3110.97 3198.65 798.621 3161.64 4764.81 2859.33 302.305 3941.46 730.07 2312.35 1275.21 1037.14
internal_count=124453 91215 54400 36815 3927 36270 33238 31265 5005 29274 10905 50473 24164 26309
is_linear=0
shrinkage=0.05


Tree=68
num_leaves=15
num_cat=4
split_feature=29 26 52 15 9 27 5 10 5 58 0 5 38 49
split_gain=58.8287 44.2545 27.5148 27.0603 25.7464 24.4757 22.8291 21.9444 20.7835 19.1828 17.4921 16.8607 15.2799 14.2382
threshold=0.18959459459459463 -0.35275636891811385 12.550000000000002 3.5000000000000004 0.44451682182001456 1.0534187083762079 0 2.0487168538635876 1 24.050000000000004 2 3 -1.0000000180025095e-35 54.550000000000004
decision_type=2 2 2 2 2 2 9 2 9 2 1 9 2 2
left_child=1 7 8 9 -5 6 12 11 -3 -4 -10 -1 -2 -9
right_child=5 2 3 4 -6 -7 -8 13 10 -11 -12 -13 -14 -15
leaf_value=-0.0042899006783178725 0.0075135714756827026 -0.0093924984373527573 0.018845112250526343 -0.010272012815977919 -0.0017281849195093077 0.02505728643466117 0.011346975574664837 -0.040100601229475674 0.011126831609733857 0.001025315605509619 0.00013802415686870706 -0.019661236356579806 -0.023991527903052298 0.012810970474355303
leaf_weight=295.05109940771945 67.277503540273756 206.8443845724687 159.49156246008351 1245.6814509643591 3024.6113540104125 247.25321386195719 576.09120694058947 14.085714788874609 1011.4807843926828 2835.4420547131449 573.25016536074691 542.22882940660929 89.141306056641042 120.2894856184721
leaf_count=11615 348 1666 910 25445 23885 845 2705 268 6609 20095 4027 23966 536 1687
internal_value=-0.000242512 -0.00138548 -0.000296931 -0.00166601 -0.00422185 0.0114503 0.00684772 -0.0115256 0.00525197 0.00197655 0.007181 -0.0145376 -0.00978742 0.0072017
internal_weight=11008.2 10028.5 9056.8 7265.23 4270.29 979.763 732.51 971.655 1791.58 2994.93 1584.73 837.28 156.419 134.375
internal_count=124607 120173 82637 70335 49330 4434 3589 37536 12302 21005 10636 35581 884 1955
cat_boundaries=0 1 2 3 4
cat_threshold=35104 10 932 17732
is_linear=0
shrinkage=0.05


Tree=69
num_leaves=15
num_cat=1
split_feature=29 37 19 12 5 50 44 16 15 28 28 52 49 16
split_gain=35.3494 29.406 30.8701 26.5592 25.9766 25.9407 24.5142 23.8188 22.5021 21.8398 20.63 20.3359 17.5278 21.9134
threshold=0.039736842105263161 0.11839419978517725 4.5000000000000009 0.89629394229488468 0 12.050000000000002 8.5000000000000018 0.55571895424836615 3.5000000000000004 -0.55902777777777846 -0.36931818181818338 13.050000000000002 64.850000000000009 0.50776772247360491
decision_type=2 2 2 2 9 2 2 2 2 2 2 2 2 2
left_child=4 2 3 6 -1 -3 -2 10 9 -7 -4 -9 13 -6
right_child=1 5 7 -5 12 8 -8 11 -10 -11 -12 -13 -14 -15
leaf_value=0.0085604261002114306 0.00052106535063897817 0.031331034687307843 -0.015449982316100183 0.017989546883173904 0.0013956297962784815 -0.016682352224873596 0.007501205885860388 -0.0033872860421397806 -0.0082621545336070915 0.0042784511383309361 0.0035919132444030299 -0.028872406213059178 -0.014140161803630045 -0.016252773805281329
leaf_weight=249.13989947142545 2757.9860254384112 52.63856932753697 176.01291089097504 348.0060663332697 607.63315523788333 143.78944385738578 2315.0430919414503 158.57163794233929 1397.4743207414285 909.71041279658675 739.36382642691024 155.50782372721005 762.78801068215398 247.20105394511484
leaf_count=4427 24635 383 2502 1587 8521 1141 18478 2214 21201 6289 7377 3326 15785 6833
internal_value=-1.46159e-05 0.00126371 0.00300284 0.00462556 -0.00628558 -0.003354 0.00370748 -0.00414791 -0.00410221 0.00141151 -6.53774e-05 -0.0160266 -0.00857549 -0.00370339
internal_weight=11020.9 9154.1 6650.49 5421.04 1866.76 2503.61 5073.03 1229.46 2450.97 1053.5 915.377 314.079 1617.62 854.834
internal_count=124699 89133 60119 44700 35566 29014 43113 15419 28631 7430 9879 5540 31139 15354
cat_boundaries=0 1
cat_threshold=16448
is_linear=0
shrinkage=0.05


Tree=70
num_leaves=15
num_cat=1
split_feature=12 25 10 16 5 29 27 52 42 52 10 38 46 52
split_gain=41.6576 50.6409 25.666 25.3075 20.8505 19.9457 19.6129 26.2586 16.697 16.3032 16.1706 16.1362 15.4094 14.304
threshold=0.16274645435694193 3.5000000000000004 -0.10318057965316134 0.84264069264069275 0 0.30131578947368426 0.736340036440993 12.950000000000001 0.08548965275703295 12.15 2.2426795167166635 0.53589743589743599 0.44849690539345716 12.350000000000003
decision_type=2 2 2 2 9 2 2 2 2 2 2 2 2 2
left_child=1 4 -3 5 8 11 7 -4 -1 -8 -6 13 -5 -2
right_child=3 2 6 12 10 -7 9 -9 -10 -11 -12 -13 -14 -15
leaf_value=-0.0016872235208276833 0.010593632421617242 -0.030424689887485201 -0.0021402250412707424 -0.014155406035806346 0.002723731857498541 0.025229351881713075 0.033783973792970871 -0.014288484481497474 -0.024978616743033834 -0.001268521788505527 0.015285867324025823 -0.027806086734695114 0.0087468809948499024 0.0024705672211421856
leaf_weight=671.88971713162027 606.66527775931172 124.16269284323789 724.06992416048888 333.04013256775215 951.57555496308487 103.68214471917599 35.167524986667559 1157.8360895402147 86.903594512259588 556.41344176582061 351.20584471384063 41.778371223248541 93.857726965798065 5119.2844305078033
leaf_count=7047 3264 11186 11627 5173 10483 371 209 25237 1036 6433 2002 392 1123 39102
internal_value=-9.07585e-06 -0.00359388 -0.00823796 0.00264204 0.0022555 0.00349731 -0.00712104 -0.00961742 -0.00430752 0.00081214 0.00606843 0.00310536 -0.00910753 0.00333225
internal_weight=10957.5 4659.22 2597.65 6298.31 2061.57 5871.41 2473.49 1881.91 758.793 591.581 1302.78 5767.73 426.898 5725.95
internal_count=124685 75260 54692 49425 20568 43129 43506 36864 8083 6642 12485 42758 6296 42366
cat_boundaries=0 1
cat_threshold=32878
is_linear=0
shrinkage=0.05


Tree=71
num_leaves=15
num_cat=2
split_feature=13 60 34 16 6 22 37 18 9 27 5 16 10 10
split_gain=41.803 35.197 32.4344 29.7607 27.9027 22.925 19.9309 21.5827 18.449 17.0755 16.3141 19.7968 19.3262 16.6622
threshold=0.31792539606687814 11.550000000000002 160.50000000000003 0.14322344322344324 0 3.5000000000000004 0.11490648592999315 999.91050478278464 0.35957821434176562 1.1710608580223603 1 0.59290293040293052 2.0080409509474362 1.7944576541793669
decision_type=2 2 2 2 1 2 2 2 2 2 9 2 2 2
left_child=3 -2 4 9 8 -6 7 -4 -3 -1 13 12 -12 -5
right_child=1 2 6 10 5 -7 -8 -9 -10 -11 11 -13 -14 -15
leaf_value=-0.0025355081738586572 0.022037313025951969 -0.010347979857725476 -0.055297120979837994 -0.0077213143083080457 0.00596989601651296 -0.00014383671159176413 -0.031093483254055095 -0.00033319269513539841 -0.00075738231121018243 0.024128326493314329 -0.011483196596697602 -0.037972272928310902 -0.046378040548291061 0.02932402638507893
leaf_weight=598.21505307767075 194.66105961659923 657.16038313537138 19.62986809713766 190.26116641541012 3167.2452496122569 2969.1544183057267 119.93099586304743 190.55169631214812 2121.0994414614979 66.639444808708504 512.22083980950993 104.46968278853456 43.06696660281159 35.992846014909446
leaf_count=8037 1343 13592 493 6149 16363 39408 1953 1878 14412 498 13011 6946 524 263
internal_value=-0.000247939 0.00100154 0.000557828 -0.00785575 0.00112833 0.00301094 -0.014829 -0.00551417 -0.003028 0.000132759 -0.0138552 -0.017714 -0.0142064 -0.00171967
internal_weight=10990.3 9439.43 9244.77 1550.87 8914.66 6136.4 330.113 210.182 2778.26 664.854 886.012 659.757 555.288 226.254
internal_count=124870 89442 88099 35428 83775 55771 4324 2371 28004 8535 26893 20481 13535 6412
cat_boundaries=0 1 2
cat_threshold=2 66640
is_linear=0
shrinkage=0.05


Tree=72
num_leaves=15
num_cat=4
split_feature=13 52 35 16 12 5 29 9 58 5 11 52 5 5
split_gain=39.0644 34.8352 30.7124 25.2367 35.868 26.1658 20.7329 20.1484 18.847 18.8571 17.4988 23.134 17.1033 16.1417
threshold=1.2381536606761963 12.750000000000002 437.00000000000006 0.24055895085306853 -0.030206301447774534 0 0.18959459459459463 1.1882589585198702 23.350000000000005 1 1.1132061576944159 12.15 2 3
decision_type=2 2 2 2 2 9 2 2 2 9 2 2 9 9
left_child=1 6 7 5 -5 -4 10 -3 -2 -10 11 -1 -12 -8
right_child=8 2 3 4 -6 -7 13 -9 9 -11 12 -13 -14 -15
leaf_value=0.0153812047583094 0.038729655029055808 -0.02687727513560036 0.0072637838851439393 -0.014250634249336419 -0.002075567569713437 -0.0030184331577446251 -0.0092557543564613393 -0.0024705021744243667 9.5492048889331521e-05 0.010673349973276963 0.016376558090394917 -0.0026508850480330077 0.0013848461233715236 0.022196671767607812
leaf_weight=202.70727375580464 46.218370508519001 212.54579352407018 1176.3415424437262 766.83357799734222 2871.0237039275235 1285.1799132452579 47.539393899962306 141.21338904835284 719.84345402661711 1031.2920730586629 363.65198455285281 1445.4998054211028 407.41018761508167 221.76067995629273
leaf_count=1846 218 6836 10204 24137 32616 12260 241 929 5028 6827 1727 18858 2016 910
internal_value=0.000487553 -0.00083685 -0.00282953 -0.00199774 -0.00464368 0.00191067 0.00394407 -0.0171522 0.00722619 0.00638969 0.00247637 -0.000429349 0.00869332 0.0171048
internal_weight=10939.1 9141.71 6453.14 6099.38 3637.86 2461.52 2688.57 353.759 1797.35 1751.14 2419.27 1648.21 771.062 269.3
internal_count=124653 112580 86982 79217 56753 22464 25598 7765 12073 11855 24447 20704 3743 1151
cat_boundaries=0 1 2 3 4
cat_threshold=126216 85514 92840 292
is_linear=0
shrinkage=0.05


Tree=73
num_leaves=15
num_cat=3
split_feature=30 28 7 37 31 26 10 34 33 5 5 37 13 46
split_gain=38.2504 29.3686 34.6072 27.7185 28.8028 26.8473 24.92 22.7334 25.9524 21.124 18.8931 17.6703 17.3562 16.1974
threshold=0.18537609774723179 -0.43541666666666495 0 0.12049512987012988 382.30000000000001 1.72410874394172 0.25199775604700908 97.500000000000014 0.082468310791887156 1 2 0.10368112014453479 0.8784048673235979 0.27308238636363641
decision_type=2 2 9 2 2 2 2 2 2 9 9 2 2 2
left_child=6 2 3 11 -5 7 -1 12 -9 -4 13 -2 -3 -8
right_child=1 5 9 4 -6 -7 10 8 -10 -11 -12 -13 -14 -15
leaf_value=-0.022614760962065012 0.024446931977638028 0.0014832408050833507 -0.029165970876585592 -0.031099311228363232 0.03518349939078283 0.016650592225943655 -0.002883558315176457 0.0050223033421976336 -0.016293247426751499 -0.006666975422410109 -0.0063558598703267162 0.0016951629062351297 0.0074718160787156903 0.0084878930276473825
leaf_weight=173.13219486898743 93.66717065195553 2741.8994485138683 162.95052083418705 107.58270474593155 19.179657216649503 387.41309336898848 822.15590823616367 266.23654876661021 307.14981704601087 317.62551772058941 1870.4254190240754 958.77908847632352 2169.0830291290767 505.38371740689036
leaf_count=15157 594 27820 1909 1457 137 1659 12361 3248 2946 3082 26812 7955 13583 5845
internal_value=0.000286465 0.00226826 -0.00360259 0.00105292 -0.0210112 0.00392866 -0.00413962 0.00302879 -0.00638808 -0.0147493 -0.00313717 0.00372694 0.00412939 0.00143123
internal_weight=10902.7 7531.57 1659.78 1179.21 126.762 5871.78 3371.1 5484.37 573.386 480.576 3197.97 1052.45 4910.98 1327.54
internal_count=124565 64390 15134 10143 1594 49256 60175 47597 6194 4991 45018 8549 41403 18206
cat_boundaries=0 1 2 3
cat_threshold=2247 35462 115396
is_linear=0
shrinkage=0.05


Tree=74
num_leaves=15
num_cat=1
split_feature=9 15 16 13 5 23 60 34 38 18 34 22 29 14
split_gain=36.8006 28.5346 32.9121 25.6883 28.6956 21.0681 20.1435 21.148 18.1107 17.8183 19.0368 16.9927 16.5133 17.777
threshold=1.0557613643447177 2.5000000000000004 0.63663419913419916 1.5511728038443449 0 8.5000000000000018 11.550000000000002 160.50000000000003 -0.45307917888563043 999.69287806905493 21.500000000000004 3.5000000000000004 0.081799933087989302 0.65940598885722779
decision_type=2 2 2 2 9 2 2 2 2 2 2 2 2 2
left_child=1 8 9 5 -5 6 -2 -8 -1 -3 -11 -4 13 -7
right_child=3 2 11 4 -6 12 7 -9 -10 10 -12 -13 -14 -15
leaf_value=-0.032996664012768011 0.025118229444974896 0.012125301665413309 0.0039400756111209355 -0.0059228278429144313 0.025533178118860224 -0.01158413950167732 0.0033295458661285523 -0.015921470411661177 0.0051770072881844632 -0.0088968299802784419 -0.0010508422380824628 -0.019576993144015682 -0.022098679099169741 0.021272561802522336
leaf_weight=31.774432253092527 102.52429335564375 190.04744698829018 91.314945286605507 103.08144612191245 236.73853615997359 112.4733189905528 4465.6508033834398 147.19186925515532 1189.8100433549844 1141.5993310653139 2400.3277589966892 471.54354208515724 150.22416440257803 64.791366199497133
leaf_count=331 437 3926 1026 533 984 1885 24205 1124 10208 18106 39136 20761 1332 670
internal_value=0.000306354 -0.00256306 -0.00448146 0.00324798 0.0165545 0.00235 0.00320256 0.00271385 0.00417737 -0.00277979 -0.00358128 -0.0157528 -0.00990762 0.000402225
internal_weight=10899.1 5516.42 4294.83 5382.68 339.82 5042.86 4715.37 4612.84 1221.58 3731.97 3541.93 562.858 327.489 177.265
internal_count=124664 93494 82955 31170 1517 29653 25766 25329 10539 61168 57242 21787 3887 2555
cat_boundaries=0 1
cat_threshold=3128
is_linear=0
shrinkage=0.05


Tree=75
num_leaves=15
num_cat=1
split_feature=30 10 34 12 35 19 29 43 33 10 22 5 36 42
split_gain=49.9837 31.288 32.7539 25.0803 24.2164 23.3834 23.2614 18.9483 15.9578 15.7836 18.0441 14.9702 14.8744 13.7868
threshold=0.27013513513513521 0.72926917665646684 155.50000000000003 0.89629394229488468 489.00000000000006 5.5000000000000009 0.069883720930232582 0.18540950068943443 2.829373015483966 0.35797872600459701 4.5000000000000009 0 -3.4999999999999996 0.067330716819275466
decision_type=2 2 2 2 2 2 2 2 2 2 2 9 2 2
left_child=1 -1 5 4 6 7 -2 -3 -8 -6 -11 -7 -4 -5
right_child=3 2 12 13 9 11 8 -9 -10 10 -12 -13 -14 -15
leaf_value=-0.013098141133491413 -0.022227443890155789 -0.0063421210441063375 -0.052649797073569787 0.00602626719092101 0.035799773273979235 -0.030176751273945469 -4.909413148819576e-05 0.0013179690847751823 0.021835381809951086 0.010745598543973738 0.00030572688958644572 -0.0055411778314204147 -0.015462576980592399 0.02709684425523072
leaf_weight=653.78130592155503 115.04545854777098 991.76882431597915 32.347793236840516 140.267188988626 47.831794050056487 92.723736823652871 2018.7650708022993 4338.244134174136 86.764744021231309 1065.2664644639008 678.49340337514877 195.97690640809014 163.60571593884379 175.98247204674408
leaf_count=33757 1304 10107 777 693 792 2505 14630 41863 389 4792 5699 4032 2601 695
internal_value=5.51032e-05 -0.00272733 -0.0015602 0.00421433 0.00314402 -0.000858285 -0.000343039 -0.000106517 0.000851342 0.00746859 0.00668658 -0.0147153 -0.0216506 0.017772
internal_weight=10796.9 6468.45 5814.67 4328.42 4012.17 5618.71 2220.58 5330.01 2105.53 1791.59 1743.76 288.701 195.954 316.25
internal_count=124636 95642 61885 28994 27606 58507 16323 51970 15019 11283 10491 6537 3378 1388
cat_boundaries=0 1
cat_threshold=27682
is_linear=0
shrinkage=0.05


Tree=76
num_leaves=15
num_cat=2
split_feature=58 19 35 30 28 5 16 5 61 26 46 44 16 37
split_gain=34.9929 35.7617 32.8404 20.5094 26.3323 22.596 19.5406 18.6407 21.0919 18.5152 19.4986 15.0493 14.8831 13.3604
threshold=23.350000000000005 4.5000000000000009 451.00000000000006 0.13172353961827649 -1.1180555555555569 0 0.69745744451626812 1 54.600000000000009 -0.10168077246446049 0.11775210084033615 5.5000000000000009 0.23550420168067229 0.12558690620522431
decision_type=2 2 2 2 2 9 2 9 2 2 2 2 2 2
left_child=12 2 9 5 -5 -4 7 -3 -9 -2 -11 -8 -1 -13
right_child=1 6 3 4 -6 -7 11 8 -10 10 -12 13 -14 -15
leaf_value=0.037760580602744259 -0.022625965058550319 -0.010237582015238507 -0.012489723612321037 -0.0046222007280547961 0.0045505903393519278 0.0021424069297548988 -0.032196427688334466 -0.026665790323461582 0.0029100194135594135 -0.012367274820703425 0.0012231734561216831 -0.012838454707120568 0.0080848205660557278 0.041826680223499946
leaf_weight=82.000183426192962 156.96088055486325 715.85692474828102 457.0542723867693 911.25394406553824 5510.4955956678605 604.00091689161491 117.10234207950998 65.120497952215374 794.56426270672819 441.93363384518307 653.53687184723094 191.46843854273902 88.277506808750331 11.736987705167847
leaf_count=494 8332 10485 8406 8744 46598 10246 3420 1244 10364 4963 6446 4026 821 157
internal_value=-6.08943e-05 -0.000421629 0.000928886 0.00218365 0.00324813 -0.00425383 -0.00664656 -0.00435296 0.000653417 -0.00656342 -0.00425554 -0.0179079 0.0224188 -0.00963743
internal_weight=10801.4 10631.1 8735.24 7482.8 6421.75 1061.06 1895.85 1575.54 859.685 1252.43 1095.47 320.308 170.278 203.205
internal_count=124746 123431 93735 73994 55342 18652 29696 22093 11608 19741 11409 7603 1315 4183
cat_boundaries=0 1 2
cat_threshold=39570 6262
is_linear=0
shrinkage=0.05


Tree=77
num_leaves=15
num_cat=2
split_feature=12 16 13 37 46 4 60 51 37 5 26 34 27 29
split_gain=30.5402 41.5743 29.807 23.6907 22.7602 25.7402 21.2123 19.548 18.0508 16.0986 16.9515 15.8581 22.0853 15.512
threshold=0.67069242301191723 0.26657509157509163 0.31228560898098329 0.10882878931029831 0.27054001928640314 0 11.550000000000002 15.250000000000002 0.11443230549315909 1 1.4105781505951642 76.500000000000014 0.7698042695136047 0.010582306830907056
decision_type=2 2 2 2 2 9 2 2 2 9 2 2 2 2
left_child=1 6 9 7 8 -6 -1 -2 -4 -3 -11 13 -13 -8
right_child=3 2 4 -5 5 -7 11 -9 -10 10 -12 12 -14 -15
leaf_value=0.026600589318081597 0.029471030677564448 -0.0061408994028008179 -0.001483537256196876 0.0032361321283822173 -0.0071473344319704715 0.0056190387718383266 -0.013213818102256913 0.0030199472550650054 -0.0096673289687691545 -0.027657975320401703 0.025028707455417028 -0.013086157502538992 0.0048770817822742949 0.003970116576368133
leaf_weight=88.283664385438897 176.88308667158708 288.19163762603421 1247.3132598897209 1275.9462844765512 581.74319135124097 1177.4149556148332 136.74134270125069 116.17130246339366 1469.591852835496 258.8481652266928 16.047879341989756 382.59162398416083 308.90149503177963 3195.6969448388554
leaf_count=588 796 10609 15322 8247 6845 12340 1910 692 22282 11229 84 5717 2343 25492
internal_value=-0.000258339 -0.00136382 -0.00440851 0.006186 -0.00304301 0.00138558 0.00236597 0.0190071 -0.00591224 -0.0152518 -0.0236944 0.00183238 -0.0050549 0.00326313
internal_weight=10720.4 9151.37 5039.15 1569 4476.06 1759.16 4112.22 293.054 2716.91 563.088 274.896 4023.93 691.493 3332.44
internal_count=124496 114761 78711 9735 56789 19185 36050 1488 37604 21922 11313 35462 8060 27402
cat_boundaries=0 1 2
cat_threshold=138 91984
is_linear=0
shrinkage=0.05


Tree=78
num_leaves=15
num_cat=1
split_feature=60 13 19 18 25 35 10 34 6 27 27 19 35 43
split_gain=27.3994 24.9933 25.5237 27.022 25.4246 24.8167 18.4352 17.2545 18.1379 16.115 15.6215 15.5512 15.3262 15.0397
threshold=11.550000000000002 0.24421428869535169 4.5000000000000009 999.63051031160046 4.5000000000000009 523.00000000000011 2.3881069021212187 160.50000000000003 0 0.42150955165640419 0.43971916956498336 3.5000000000000004 515.00000000000011 0.18246657453645224
decision_type=2 2 2 2 2 2 2 2 1 2 2 2 2 2
left_child=9 4 3 11 13 -5 12 8 -4 -1 -9 -3 -6 -2
right_child=1 2 7 5 6 -7 -8 10 -10 -11 -12 -13 -14 -15
leaf_value=0.00093833873788721914 -0.01724964801137566 0.059749062082638638 -0.014224759523834183 0.00059388349361689662 -0.019057665539893753 0.011713232281743252 -0.091790383440935333 -0.048829510059246059 -0.0011613856733949802 0.028872911729887648 -0.0051000870089384399 0.014134466287039344 0.0090283326145076219 0.001766723884773172
leaf_weight=86.870977842016146 125.73917725891806 28.754129595588893 339.04023489449173 7139.718567811884 372.62886688043363 539.75630856293719 7.9816574486903837 41.915175356436521 1232.3804460181273 128.56676388368942 40.337293014395982 54.453030782693531 55.532875848584808 596.89805020194035
leaf_count=990 2089 175 5656 65344 16947 3476 139 1262 16491 725 477 607 1520 8814
internal_value=-9.9036e-06 -0.000370059 0.000482175 0.00168416 -0.00729915 0.00137621 -0.0168321 -0.00515693 -0.00398377 0.0176377 -0.0274772 0.0300104 -0.015402 -0.00153714
internal_weight=10790.6 10575.1 9416.36 7762.68 1158.78 7679.47 436.143 1653.67 1571.42 215.438 82.2525 83.2072 428.162 722.637
internal_count=124712 122997 93488 69602 29509 68820 18606 23886 22147 1715 1739 782 18467 10903
cat_boundaries=0 1
cat_threshold=2
is_linear=0
shrinkage=0.05


Tree=79
num_leaves=15
num_cat=4
split_feature=53 19 10 13 30 35 42 16 5 5 5 49 30 6
split_gain=28.6231 24.4541 30.8244 24.5284 24.9021 19.6574 18.1409 19.2187 16.2275 16.124 16.0436 16.001 15.2724 14.7268
threshold=12.65 4.5000000000000009 3.2696142168818967 0.53172081916137903 0.46033707865168544 427.00000000000006 0.084049981763786377 0.55571895424836615 0 1 2 64.850000000000009 0.1202409638554217 3
decision_type=2 2 2 2 2 2 2 2 9 9 9 2 2 1
left_child=10 2 3 5 -5 -2 7 8 -3 -4 -1 -9 -8 -12
right_child=1 6 9 4 -6 -7 12 11 -10 -11 13 -13 -14 -15
leaf_value=-0.00037479766045192309 -0.034852609729114158 -0.012230858229857148 7.1384334842327483e-05 0.00023753592862553591 0.012644852397066867 -0.0043752125264182292 -0.02930899901610455 -0.0095665052716179012 0.0010727707997599931 0.022689403814551479 -0.021048047131844203 -0.02989388492775364 0.0088458983926292794 0.012247003941059972
leaf_weight=513.07129299768712 54.321970525139477 416.38693540706299 132.24403498321772 4989.3511501316098 440.0751672629267 1979.0577333070687 29.126230177702382 227.23630801512627 497.83691274072044 214.55539501877502 34.392455345252529 170.10870962461922 252.47109267907217 834.6994707059348
leaf_count=4851 2443 6147 643 44083 1867 36287 835 4645 6566 891 450 4653 3163 7257
internal_value=3.47895e-06 -0.000983656 0.000167433 -0.000509166 0.00124433 -0.00519355 -0.00662902 -0.00910246 -0.00510366 0.0147376 0.0067221 -0.0182868 0.0048727 0.0107972
internal_weight=10784.9 9402.77 7809.61 7462.81 5429.43 2033.38 1593.17 1311.57 914.224 346.799 1382.16 397.345 281.597 869.092
internal_count=124781 112223 86214 84680 45950 38730 26009 22011 12713 1534 12558 9298 3998 7707
cat_boundaries=0 1 2 3 4
cat_threshold=6758 73252 9002 4
is_linear=0
shrinkage=0.05


Tree=80
num_leaves=15
num_cat=4
split_feature=12 52 35 19 29 38 46 5 5 18 9 0 32 5
split_gain=37.7823 26.7413 23.4211 31.3313 20.4471 20.3138 19.4125 27.5391 16.7158 28.284 15.6375 15.2444 14.8093 30.3585
threshold=0.76577607539577219 12.450000000000001 525.00000000000011 5.5000000000000009 0.27013513513513521 0.27639257294429714 0.069028213166144214 0 1 1002.0401743517817 2.0970051881693474 2 0.11526418165033193 3
decision_type=2 2 2 2 2 2 2 9 9 2 2 1 2 9
left_child=1 6 3 4 -3 11 7 -1 -8 -10 -5 -4 -2 -14
right_child=12 2 5 10 -6 -7 8 -9 9 -11 -12 -13 13 -15
leaf_value=0.0074729248265272587 0.013793425882306521 -0.0025181299333547299 0.017060322199730926 -0.014530231424453924 0.015602788245539951 -0.029554807020213722 -0.00034519659320829318 -0.042367811592848838 0.013782100490341434 -0.02414822615477262 -0.055879465455082461 -0.00099915610569214835 -0.017280655013493074 0.010747621476817855
leaf_weight=60.477697111200541 632.29762566077989 7184.1600781081361 311.19382804853376 322.66668349318206 158.95435559609905 33.570563384331763 505.98050426831469 40.166989845456555 770.60781057795975 52.315935061778873 24.647567843552679 189.51227074069902 133.41589747183025 285.94700825866312
leaf_count=551 4168 90867 2929 9131 650 442 4296 589 5970 381 268 2023 760 1383
internal_value=-3.77999e-05 -0.00101865 -0.00211618 -0.00281996 -0.00212498 0.00800335 0.00529206 -0.0158547 0.00689845 0.0112256 -0.0174943 0.0105369 0.00896086 0.00166106
internal_weight=10705.9 9654.25 8224.71 7690.43 7343.11 534.277 1429.55 100.645 1328.9 822.924 347.314 500.706 1051.66 419.363
internal_count=124408 118097 106310 100916 91517 5394 11787 1140 10647 6351 9399 4952 6311 2143
cat_boundaries=0 1 2 3 4
cat_threshold=103762 16686 628 51244
is_linear=0
shrinkage=0.05


Tree=81
num_leaves=15
num_cat=4
split_feature=27 22 18 48 18 5 29 42 36 16 37 4 5 5
split_gain=33.3121 27.6767 34.6605 30.6433 22.5444 20.3867 19.7028 23.7304 19.6794 19.1082 28.8992 19.7638 16.1885 15.1336
threshold=0.74704481904706965 2.5000000000000004 999.98700552337095 51.850000000000001 999.84960283546081 0 0.17010638297872344 0.049753670671035082 -10.499999999999998 0.4003205128205129 0.12799070448977726 1 2 3
decision_type=2 2 2 2 2 9 2 2 2 2 2 9 9 9
left_child=1 2 4 -3 5 -1 7 12 -9 11 -11 -5 -2 -4
right_child=6 3 13 9 -6 -7 -8 8 -10 10 -12 -13 -14 -15
leaf_value=-0.01449555956090464 0.011598796601843731 0.014626762065288368 0.0023638259515437183 0.0045609206172593075 0.0085929918964144075 0.0057151276849008214 0.014634285580751721 -0.026387505691102001 0.0050660656164203156 -0.0074772446581111473 -0.044880525810018584 -0.0047532905298818288 -0.018100323208625542 -0.012785667435770896
leaf_weight=222.96854359121062 53.96264832210727 212.57790643617045 261.39425903651863 795.36200959119014 1544.9715950917453 261.14376560831442 411.8556583984755 50.663136463379487 2343.3691029179608 1959.6794812700828 53.009223513305187 1942.7909807378892 193.418359257048 437.79512179037556
leaf_count=1319 409 2635 1422 10121 8061 1489 1632 621 18335 44940 2165 27163 1879 2599
internal_value=4.17626e-05 -0.00171181 0.0023324 -0.00393582 0.00564193 -0.00376543 0.00446085 0.0028722 0.00439727 -0.00476776 -0.00846702 -0.00204656 -0.0118623 -0.00726434
internal_weight=10745 7691.69 2728.27 4963.42 2029.08 484.112 3053.27 2641.41 2394.03 4750.84 2012.69 2738.15 247.381 699.189
internal_count=124790 101914 14890 87024 10869 2808 22876 21244 18956 84389 47105 37284 2288 4021
cat_boundaries=0 1 2 3 4
cat_threshold=18322 320 8848 46338
is_linear=0
shrinkage=0.05


Tree=82
num_leaves=15
num_cat=2
split_feature=16 12 58 19 19 34 28 5 37 5 9 43 12 35
split_gain=30.5398 43.5712 30.5172 20.2246 20.1987 19.9183 21.9143 21.2172 19.2809 23.5439 18.1096 17.3275 21.9858 20.6226
threshold=0.35304401480872077 0.38296858227924757 23.350000000000005 5.5000000000000009 3.5000000000000004 104.50000000000001 -0.32575757575757786 0 0.118162639048715 1 -0.70925490990998541 0.20834369302171393 0.25553240608845568 437.00000000000006
decision_type=2 2 2 2 2 2 2 9 2 9 2 2 2 2
left_child=2 3 -1 11 8 -4 7 -7 9 -3 -6 12 -2 -13
right_child=1 4 5 -5 10 6 -8 -9 -10 -11 -12 13 -14 -15
leaf_value=0.028478986244079102 -0.0076127545977539048 0.018294860090075842 0.0029952652980333896 -0.024555953298952733 -0.04395353803258846 -0.044536992472470574 -0.00047007720872623373 -0.006163246418572973 -0.003094160681381079 0.0024242402984087897 -0.002301338173214062 -0.03034242165549253 -0.026824845730641013 -0.0013013125850459234
leaf_weight=111.25563114410033 636.11841595941223 424.40190082998015 5253.7126164137153 168.42939656315139 26.660886909579858 55.579005280509591 382.94378514902201 108.12296290695667 426.18370569706894 533.01686718314886 1083.0439963357057 64.3933523852902 194.94758274604101 1184.8903428064077
leaf_count=695 16802 2737 44890 6140 835 962 4416 1374 3884 3773 9421 2751 2856 22849
internal_value=0.000150095 -0.00283834 0.00254816 -0.00788518 0.00171167 0.00204944 -0.0070304 -0.0223366 0.00574315 0.00968211 -0.00331042 -0.00653196 -0.0121281 -0.00280452
internal_weight=10653.7 4742.09 5911.61 2248.78 2493.31 5800.36 546.646 163.702 1383.6 957.419 1109.7 2080.35 831.066 1249.28
internal_count=124385 72048 52337 51398 20650 51642 6752 2336 10394 6510 10256 45258 19658 25600
cat_boundaries=0 1 2
cat_threshold=90390 99444
is_linear=0
shrinkage=0.05


Tree=83
num_leaves=15
num_cat=4
split_feature=30 0 16 15 7 9 7 14 16 23 60 43 46 7
split_gain=26.1572 30.337 33.2969 21.6902 33.3231 20.3441 21.9538 23.3597 19.0807 18.9468 20.5805 18.4648 16.8576 14.8965
threshold=0.39886363636363642 0 0.39758158508158514 6.5000000000000009 1 1.5362202172357364 2 1.0228041173415254 0.25049019607843143 1.5000000000000002 11.550000000000002 0.20455355407244222 0.48313755210306941 3
decision_type=2 1 2 2 9 2 9 2 2 2 2 2 2 9
left_child=3 12 -3 5 -5 6 -1 -8 11 -7 -11 -6 -2 -4
right_child=1 2 13 4 8 9 7 -9 -10 10 -12 -13 -14 -15
leaf_value=0.0024115759201444992 0.01307361128327097 0.0075911696186578108 -0.0016335939742644736 -0.0093514074647400684 -0.0022160157428666718 0.012055175593982044 -0.0073382630781283972 0.01063899911140581 -0.006369890188396992 0.036213311249198632 0.00034457913147902512 0.010153935097516026 0.042112631097052253 -0.022387347338825227
leaf_weight=1930.4727327155415 433.72183838044293 676.01535538351163 201.50942030944861 1624.5368906380609 582.80475067230873 643.02492389362305 1584.5444610475097 203.6609108382836 665.01986334804678 41.249143327120692 1228.775724961888 624.08558092080057 56.674313621129841 153.80174276256002
leaf_count=20405 2233 3275 1201 33485 7515 2647 18647 968 19473 154 6707 6823 213 1023
internal_value=-3.60301e-05 0.00603226 0.00106344 -0.00104825 -0.00414171 0.000871463 -0.00128292 -0.00525813 0.000424798 0.00506171 0.00151626 0.00417668 0.0161191 -0.0113109
internal_weight=10649.9 1521.72 1031.33 9128.17 3496.45 5631.73 3718.68 1788.21 1871.91 1913.05 1270.02 1206.89 490.396 355.311
internal_count=124769 7945 5499 116824 67296 49528 40020 19615 33811 9508 6861 14338 2446 2224
cat_boundaries=0 1 2 3 4
cat_threshold=17 1504 1760 896
is_linear=0
shrinkage=0.05


Tree=84
num_leaves=15
num_cat=3
split_feature=13 19 9 16 37 8 5 44 0 36 32 25 7 46
split_gain=26.8923 34.3932 24.1448 23.5797 19.4014 25.7301 19.2548 24.4646 22.5 19.0135 18.0832 17.6619 18.9621 18.324
threshold=1.0499466771908954 3.5000000000000004 -0.17289563278628453 0.4003205128205129 0.1216515187754126 0.11117052881758765 0 8.5000000000000018 1 -10.499999999999998 -0.19327959137166315 3.5000000000000004 2 0.53614982578397219
decision_type=2 2 2 2 2 2 9 2 1 2 2 2 9 2
left_child=2 4 3 -1 10 -6 11 8 -8 -3 -2 12 -4 -13
right_child=1 9 6 -5 5 -7 7 -9 -10 -11 -12 13 -14 -15
leaf_value=-0.0034878407056905011 0.036136739262168621 -0.045583136416365341 0.014456332760613989 -0.019162971113462875 -0.023818779940290233 0.0095890779745328933 -0.019108470953458204 0.0016578104396715067 -0.0043660984416348065 -0.00155310526413835 0.0091855551402017493 -0.0022855062157000876 0.00085393744981067409 0.015050425964641343
leaf_weight=717.10286589362659 65.069436795543879 24.90780488261953 505.88646489591338 361.28508929308737 102.91823044791818 130.50298541178927 297.68721376394387 1583.3102781925118 1800.6473731906153 1288.654552332242 1465.8291800436564 1558.7574121349608 525.88434181711636 168.82489846390672
leaf_count=18274 450 345 3163 22130 951 991 3652 14428 17808 11174 8918 17264 3538 1582
internal_value=-0.000209004 0.00372727 -0.00182092 -0.0087453 0.00828826 -0.00512333 -0.000660705 -0.00302357 -0.00657263 -0.00239522 0.0103366 0.00249204 0.00767729 -0.000587716
internal_weight=10597.3 3077.88 7519.39 1078.39 1764.32 233.421 6441 3681.64 2098.33 1313.56 1530.9 2759.35 1031.77 1727.58
internal_count=124668 22829 101839 40404 11310 1942 61435 35888 21460 11519 9368 25547 6701 18846
cat_boundaries=0 1 2 3
cat_threshold=90576 16 287
is_linear=0
shrinkage=0.05


Tree=85
num_leaves=15
num_cat=0
split_feature=30 52 30 27 9 34 38 43 28 49 35 59 50 16
split_gain=36.2771 26.169 26.4704 19.3211 19.2835 25.3765 20.7051 17.2282 15.1476 11.959 11.9274 11.7645 11.7368 11.6373
threshold=0.50500000000000012 12.15 0.10622179239200517 -1.4356613630226798 0.63763755014329659 83.500000000000014 0.017937580437580442 0.18540950068943443 -2.5322916666666653 53.350000000000001 523.00000000000011 26.950000000000003 12.350000000000003 0.1996503496503497
decision_type=2 2 2 2 2 2 2 2 2 2 2 2 2 2
left_child=1 9 3 11 6 -6 -4 -2 -5 -1 12 -3 -11 -9
right_child=7 2 4 8 5 -7 -8 13 -10 10 -12 -13 -14 -15
leaf_value=-0.013070869813872458 -0.0080308591017403032 0.025721264409637692 -0.0072836282843401282 0.013751605113148647 0.0024627834086594453 -0.0076542265801902544 0.0011146434389012485 0.0032476300861931946 -0.010458455309623955 0.03286954209763171 -0.012921979652206815 -0.042680199332550808 0.011761788963040776 0.020018185770582411
leaf_weight=42.439338188618422 91.861058698967099 6.8410758763784534 1709.072401726502 72.552697862382047 5177.0460150688887 703.86572720017284 1284.5241470970795 143.52138022542931 573.65280500351219 93.547877142671496 34.427206772379577 61.391682408284396 227.30913409858476 377.86433475394733
leaf_count=295 450 149 36910 1597 33639 5756 25160 628 14249 620 239 1827 1609 1561
internal_value=8.88824e-05 -0.000635532 -0.00115732 -0.0104157 -0.000411309 0.00125095 -0.00367842 0.0118922 -0.00773083 0.0119292 0.0149324 -0.0357214 0.0179398 0.0154129
internal_weight=10599.9 9986.67 9588.95 714.438 8874.51 5880.91 2993.6 613.247 646.206 397.724 355.284 68.2328 320.857 521.386
internal_count=124689 122050 119287 17822 101465 39395 62070 2639 15846 2763 2468 1976 2229 2189
is_linear=0
shrinkage=0.05


Tree=86
num_leaves=15
num_cat=1
split_feature=13 30 37 48 10 50 10 50 58 8 51 3 17 37
split_gain=36.3532 31.8534 23.4788 20.6591 20.5324 18.1873 16.8142 16.0972 15.3666 15.3222 14.9578 13.9222 13.9176 12.4315
threshold=1.2481939694541171 0.27013513513513521 0.11310870502046974 53.050000000000004 0.88169743018087365 12.250000000000002 3.2696142168818967 12.15 24.450000000000003 0.015909090909090911 12.350000000000003 0 0.20915750915750919 0.10830052493438322
decision_type=2 2 2 2 2 2 2 2 2 2 2 9 2 2
left_child=1 3 11 9 13 -6 8 -4 -2 -1 -9 -3 -10 -5
right_child=6 2 7 4 5 -7 -8 10 12 -11 -12 -13 -14 -15
leaf_value=-0.027968127792322075 0.020138792927399132 0.015654303708281688 0.020139266589397357 0.0032725538552373953 -0.032149388437803836 -0.0025982281269110851 0.020139716221835954 -0.03832644575746378 0.0026262559088512192 0.0059741087186575871 -0.00096440496449556521 0.0046235186283695084 0.032190853239227754 -0.014987820940858329
leaf_weight=34.684700103127398 155.87771279341541 402.46492797043175 89.889354308601469 109.54533512383932 52.70566951436922 3909.7285091975937 218.67151010548696 27.085923542268574 1293.2765902335523 734.67524823651183 1883.9777593396138 1046.0592840339523 41.01594335353002 607.54894385518855
leaf_count=516 964 2452 586 4216 560 42837 868 229 9618 9550 15023 6861 222 30231
internal_value=0.000507613 -0.000774638 0.00298441 -0.00315527 -0.00440416 -0.00299336 0.00718719 -0.000523042 0.00528193 0.00443397 -0.00149854 0.00783267 0.00354116 -0.0121913
internal_weight=10607.2 8898.37 3449.48 5448.89 4679.53 3962.43 1708.84 2000.95 1490.17 769.36 1911.06 1448.52 1334.29 717.094
internal_count=124733 113061 25151 87910 77844 43397 11672 15838 10804 10066 15252 9313 9840 34447
cat_boundaries=0 1
cat_threshold=20
is_linear=0
shrinkage=0.05


Tree=87
num_leaves=15
num_cat=1
split_feature=30 9 6 8 49 36 8 13 27 29 16 12 8 43
split_gain=23.2439 20.7984 27.4392 18.0943 18.305 17.9397 17.5448 16.8881 16.8165 16.5989 15.5304 15.274 13.932 13.881
threshold=0.080229885057471279 0.17858008952379395 0 0.083369408369408385 54.650000000000013 6.5000000000000009 0.16145765998707179 1.5511728038443449 -0.51839951235371928 0.13906469760900145 0.30741758241758249 1.0667570520704535 0.094459298871063593 0.20455355407244222
decision_type=2 2 1 2 2 2 2 2 2 2 2 2 2 2
left_child=-1 2 3 4 -2 7 11 10 -8 13 -3 -7 -5 -4
right_child=1 5 9 12 -6 6 8 -9 -10 -11 -12 -13 -14 -15
leaf_value=-0.012449342096242426 -0.015154379834711122 0.0040023454045597538 -0.024047768719096904 -0.024878976380023995 0.011848307889294765 -0.010536265296116752 -0.020484190496136357 0.012362074374822056 0.015371838547179184 0.0061490670023965415 -0.00075671045743904927 0.023270378321545205 -0.0022515224814187509 -0.0090539450733167718
leaf_weight=371.41785649309168 73.618377210805193 3477.9079387860838 247.40562615502859 76.128434532904066 417.74967311468208 678.32096957904287 41.072668726090342 389.45901253260672 157.47700422769412 111.58893412339967 3377.5933191503864 34.963424050714821 640.53674825379858 415.38395882467739
leaf_count=10098 1632 21685 9189 2160 9057 5561 444 2031 1081 1082 30772 141 16664 12878
internal_value=-0.000165597 0.000284004 -0.00430877 0.00039711 0.00779024 0.00140087 -0.00520676 0.00223325 0.00792279 -0.0116555 0.00165693 -0.00886911 -0.00466526 -0.0146612
internal_weight=10510.6 10139.2 1982.41 1208.03 491.368 8156.79 911.834 7244.96 198.55 774.379 6855.5 713.284 716.665 662.79
internal_count=124475 114377 52662 29513 10689 61715 7227 54488 1525 23149 52457 5702 18824 22067
cat_boundaries=0 1
cat_threshold=1
is_linear=0
shrinkage=0.05


Tree=88
num_leaves=15
num_cat=0
split_feature=60 13 55 25 19 18 12 19 9 34 8 42 28 25
split_gain=25.755 24.6893 21.5647 21.534 17.8949 27.3588 20.7347 17.8129 17.4239 15.6383 15.3953 15.2512 15.1502 14.2839
threshold=11.550000000000002 0.24421428869535169 69.350000000000009 3.5000000000000004 4.5000000000000009 999.61108940808708 0.76577607539577219 3.5000000000000004 1.952366600834319 141.50000000000003 0.030510992275698163 0.066215069058872131 0.63068181818181668 2.5000000000000004
decision_type=2 2 2 2 2 2 2 2 2 2 2 2 2 2
left_child=2 3 -1 -2 5 12 -7 -4 -5 13 -11 -9 -3 -6
right_child=1 4 7 8 9 6 -8 11 -10 10 -12 -13 -14 -15
leaf_value=0.037690266953800636 -0.00094671042106748244 0.047979296937420313 0.019622554957864989 -0.013345478729274282 0.0087789599082588616 5.8575025338222908e-05 0.0082181926952856789 -0.052828144313290193 -0.072179679081725276 0.021267387277843972 -0.033954498594037312 0.0021322686632742646 2.832852431472835e-05 -0.0052226074392144719
leaf_weight=78.949000903172418 592.69953110977076 48.39907055295771 82.000266925198957 525.10395897738636 211.19460155325942 6607.5260859047412 882.65908096125349 19.283350034616888 12.844490718562154 14.976061099325305 75.171315787010826 35.704370855819434 25.262000921880826 1312.1343814136926
leaf_count=552 8484 424 581 20846 1776 63643 4996 242 140 246 1840 333 269 20030
internal_value=-0.000200114 -0.000558664 0.0168849 -0.00753009 0.000299745 0.00132 0.00102089 0.00483905 -0.0147727 -0.00447981 -0.0247118 -0.0171117 0.0316247 -0.0032777
internal_weight=10523.9 10308 215.937 1130.65 9177.32 7563.85 7490.19 136.988 537.948 1613.48 90.1474 54.9877 73.6611 1523.33
internal_count=124402 122694 1708 29470 93224 69332 68639 1156 20986 23892 2086 575 693 21806
is_linear=0
shrinkage=0.05


Tree=89
num_leaves=15
num_cat=2
split_feature=52 10 28 43 19 20 32 22 29 16 7 5 30 13
split_gain=23.374 21.5797 20.4224 31.2691 21.8829 21.4216 21.3534 19.891 16.5825 14.3668 13.2922 18.2264 15.3936 12.0519
threshold=12.15 1.5370074082208998 1.074175824175825 0.25948255234599088 3.5000000000000004 54.250000000000007 0.45260066449122865 9.5000000000000018 0.05917366946778712 0.37553418803418809 0 1 0.54272727272727284 0.37871082907566628
decision_type=2 2 2 2 2 2 2 2 2 2 9 9 2 2
left_child=13 8 4 6 5 -3 -4 -6 -2 -5 12 -12 -10 -1
right_child=1 2 3 9 7 -7 -8 -9 10 -11 11 -13 -14 -15
leaf_value=-0.010065871831235187 -0.0080875414576246415 -0.0015804318758172705 0.0062220879307119184 -0.046319850044708559 -0.0021510551390044913 0.0068195011950898318 0.025963328919363999 -0.016078658182697176 0.0045546287276987179 -0.00057997066485843379 0.0014732008377878959 -0.010553412368101502 -0.036270845249422388 0.0145433065903892
leaf_weight=57.098368574865162 1372.9918920958298 1550.4733259296045 936.69675322785042 37.60391966952011 1979.3833274208009 1485.319225926185 160.69069063896313 294.67543901398312 899.74957208056003 31.935107938945293 642.51084952347446 607.9431361889001 23.576388493645936 372.46834952372592
leaf_count=712 42551 10161 6505 297 14001 9294 748 5745 12879 251 9422 9726 155 2235
internal_value=-0.000160093 -0.000650074 0.00106612 0.00705509 -0.000249217 0.00252784 0.00911946 -0.00395864 -0.00378538 -0.0254171 -0.00106552 -0.00440762 0.00346543 0.011259
internal_weight=10453.1 10023.5 6476.78 1166.93 5309.85 3035.79 1097.39 2274.06 3546.77 69.539 2173.78 1250.45 923.326 429.567
internal_count=124682 121735 47002 7801 39201 19455 7253 19746 74733 548 32182 19148 13034 2947
cat_boundaries=0 1 2
cat_threshold=675 79568
is_linear=0
shrinkage=0.05


Tree=90
num_leaves=15
num_cat=1
split_feature=30 27 13 48 34 21 25 13 33 33 5 44 27 16
split_gain=40.3909 19.046 18.9357 20.0361 17.8178 14.1436 15.8194 13.7812 13.7255 14.57 13.6819 13.6418 13.114 12.8741
threshold=0.27013513513513521 -1.6549383413041945 -0.49390609630733245 52.45000000000001 225.50000000000003 1.5000000000000002 5.5000000000000009 0.6649656912525217 1.1851412620731085 1.6825796361043579 0 4.5000000000000009 -2.3268380322414588 0.60032467532467548
decision_type=2 2 2 2 2 2 2 2 2 2 9 2 2 2
left_child=1 10 3 -3 11 6 8 -8 -2 -10 12 -4 -1 -12
right_child=5 2 4 -5 -6 -7 7 -9 9 -11 13 -13 -14 -15
leaf_value=-0.02801728504746101 0.021550277094236799 0.048119365012916901 -0.0040819494543445417 -0.035846729374514115 -0.024997544606380033 0.0025893162577769078 -0.024156214058605976 0.0050922458823643357 -0.010058952921154099 0.014970593388774329 -0.015064016083644799 0.00096612369883177353 0.0085587647805940546 -0.044174341835425339
leaf_weight=32.036417483002879 322.12760476721451 7.8326349933631709 2111.6580832944601 65.502387071435805 77.55267728632316 3295.1024904163787 46.214116469025612 307.83322006696835 90.68113630823791 160.93071802938357 170.86124786036089 3651.4495808412321 103.10409680451266 49.241940898296889
leaf_count=636 1202 230 32903 4634 1870 24982 266 1346 450 769 2486 49237 1767 1636
internal_value=0.000346724 -0.00219886 -0.00152234 -0.0267572 -0.00120419 0.004127 0.00958194 0.00125456 0.0147108 0.00592965 -0.0134436 -0.00088271 -8.3142e-05 -0.0206774
internal_weight=10492.1 6269.24 5914 73.335 5840.66 4222.89 927.787 354.047 573.739 251.612 355.244 5763.11 135.141 220.103
internal_count=124414 95399 88874 4864 84010 29015 4033 1612 2421 1219 6525 82140 2403 4122
cat_boundaries=0 1
cat_threshold=55364
is_linear=0
shrinkage=0.05


Tree=91
num_leaves=15
num_cat=4
split_feature=10 34 30 5 53 19 30 13 5 12 43 5 3 37
split_gain=25.4647 21.5938 22.8435 22.5752 19.2094 18.4772 15.877 28.985 16.9492 15.7924 17.6266 21.1579 17.2382 15.7094
threshold=2.4487281594923895 182.50000000000003 0.1283882783882784 0 17.150000000000002 5.5000000000000009 0.5114102564102565 0.72757879120887992 1 0.96442100229502958 0.25582128046189251 2 3 0.12274756493506495
decision_type=2 2 2 9 2 2 2 2 9 2 2 9 9 2
left_child=1 2 3 4 -1 9 8 -8 -4 10 11 -2 -12 -5
right_child=5 -3 6 13 -6 -7 7 -9 -10 -11 12 -13 -14 -15
leaf_value=-0.0099226567230984025 0.010852096275677186 -0.018494987760464234 0.003709675520297254 0.00098317986477524082 -0.03369769275836447 -0.016580824207455408 -0.0082244473288182966 0.0208606910771547 -0.0019478165912506396 0.02100640504032519 0.010605666826505267 0.00029193167974489069 -0.026048732040086994 -0.026588808514487527
leaf_weight=269.41000535350759 966.54906884627417 176.86773077398539 1817.4225011959206 541.09388977778144 124.74660515849246 96.918842846062034 134.41892822645605 234.90659622475505 4793.0880838940502 156.66872688382864 46.140697028953582 936.3530205830466 78.469900880707428 56.987113655661233
leaf_count=6860 5176 4085 21056 11953 4130 1084 724 957 59285 612 243 5434 541 2399
internal_value=8.8068e-05 -0.00121858 -0.000834433 -0.00793287 -0.0170345 0.00475794 0.000174048 0.010262 -0.000388953 0.00570781 0.00452223 0.00571728 -0.013677 -0.00161266
internal_weight=10430 8148.94 7972.07 992.238 394.157 2281.1 6979.84 369.326 6610.51 2184.18 2027.51 1902.9 124.611 598.081
internal_count=124539 111449 107364 25342 10990 13090 82022 1681 80341 12006 11394 10610 784 14352
cat_boundaries=0 1 2 3 4
cat_threshold=47154 110720 59736 12
is_linear=0
shrinkage=0.05


Tree=92
num_leaves=15
num_cat=5
split_feature=30 6 9 31 5 4 30 26 46 5 9 11 5 16
split_gain=29.218 19.7128 22.3693 22.2762 31.1103 22.2668 22.7346 21.181 18.9713 17.9986 16.6505 15.5291 14.9938 15.0824
threshold=0.39886363636363642 0 0.2538243391472918 456.15000000000003 1 2 0.22016949152542376 1.1422796563123825 0.63686313686313689 3 1.5362202172357364 0.11171403856881486 4 0.65139860139860151
decision_type=2 1 2 2 9 9 2 2 2 9 2 2 9 2
left_child=1 5 7 -4 -5 6 8 -3 -1 -8 -7 -12 -2 -14
right_child=12 2 3 4 -6 10 9 -9 -10 -11 11 -13 13 -15
leaf_value=-0.0020630823464468386 -0.00088516104950201303 -0.0088647904469264585 -6.6545658615919351e-05 0.0012845906810949818 -0.030052771012334126 -0.0054817483269180307 0.013216417265892778 -0.03708114674734788 0.025897259329216268 0.0022342169013060908 0.02858933717427416 0.0012624256334594327 0.011938376585561499 -0.0079380046185414787
leaf_weight=1410.8606831108918 493.49048336106353 759.52790556772379 2164.6124843759462 165.99688553693704 146.95504190027714 1785.1883788252599 761.77467341558076 72.982357752509415 63.280583930085413 753.60620902804658 55.765673173591495 758.08524126000702 907.98842081101611 106.26948991487734
leaf_count=22249 2837 26565 17823 1642 1701 28519 5763 524 758 6497 371 4288 4449 716
internal_value=-0.000108081 -0.00119913 -0.00425709 -0.00187184 -0.0143386 0.000611233 0.00354817 -0.0113486 -0.00085776 0.00786068 -0.00276803 0.00314431 0.00632755 0.00975415
internal_weight=10406.4 8898.64 3310.07 2477.56 312.952 5588.56 2989.52 832.51 1474.14 1515.38 2599.04 813.851 1507.75 1014.26
internal_count=124702 116700 48255 21166 3343 68445 35267 27089 23007 12260 33178 4659 8002 5165
cat_boundaries=0 1 2 3 4 5
cat_threshold=1 86476 356 111044 302
is_linear=0
shrinkage=0.05


Tree=93
num_leaves=15
num_cat=3
split_feature=30 34 5 48 43 32 14 34 16 18 5 5 13 19
split_gain=23.7949 24.7938 24.832 18.9152 16.4732 14.4585 19.7113 16.8283 15.6624 12.7479 14.638 13.8053 12.6799 25.1185
threshold=0.18537609774723179 15.500000000000002 0 51.050000000000004 0.16902240868378118 0.61243274504806788 1.7256832971664984 237.50000000000003 0.52958683473389367 1000.1813578448053 1 2 1.0295015593171841 3.5000000000000004
decision_type=2 2 9 2 2 2 2 2 2 2 9 9 2 2
left_child=3 2 -2 -1 9 6 7 -5 -7 10 -3 -11 -6 -14
right_child=1 4 -4 5 12 8 -8 -9 -10 11 -12 -13 13 -15
leaf_value=0.033557957554144355 0.0061462121489702561 0.014954615215336029 -0.0091101800734284602 -0.0038944565446403512 0.0020537213787159242 0.017170672672623278 -0.046394955143972877 -0.039830579144930683 -0.025420128738902915 -0.030593447364964606 -0.0086952019065059862 -0.0013836566099848157 0.012292463729430754 0.00056574624318959401
leaf_weight=33.941219893866219 370.96458478609566 97.139519170974381 897.35432655143086 2948.1506016492494 3661.0691253426485 138.7153016300872 27.991359428502619 32.876880365191028 25.387410210678354 79.486854688730091 157.71858210430946 88.083463111426681 1038.0231795822037 816.93307183939032
leaf_count=383 3193 981 8559 56949 36468 1125 204 1198 414 694 2038 720 5689 5831
internal_value=8.20686e-05 0.00167691 -0.0046672 -0.00350017 0.00303276 -0.00389918 -0.00468862 -0.00429379 0.0105398 -0.00647794 0.000547185 -0.0171862 0.00376212 0.00713096
internal_weight=10413.8 7206.77 1268.32 3207.06 5938.45 3173.12 3009.02 2981.03 164.103 422.428 254.858 167.57 5516.03 1854.96
internal_count=124446 64173 11752 60273 52421 59890 58351 58147 1539 4433 3019 1414 47988 11520
cat_boundaries=0 1 2 3
cat_threshold=55300 50416 17634
is_linear=0
shrinkage=0.05


Tree=94
num_leaves=15
num_cat=4
split_feature=9 44 28 13 18 35 5 34 35 25 7 5 10 7
split_gain=22.4459 24.719 24.0824 24.4685 22.3601 23.0545 24.5561 22.0652 28.0973 21.6817 20.1474 19.2915 19.2252 18.5581
threshold=1.0975912286868905 5.5000000000000009 0.79285714285714104 1.5823845148081144 999.84960283546081 495.00000000000006 0 70.500000000000014 521.00000000000011 13.500000000000002 1 2 2.0487168538635876 3
decision_type=2 2 2 2 2 2 9 2 2 2 9 9 2 9
left_child=1 9 3 7 5 6 -4 -2 -9 -1 -6 13 -12 -3
right_child=2 11 4 -5 10 -7 -8 8 -10 -11 12 -13 -14 -15
leaf_value=-0.005038713638927066 0.00098598094135925424 -0.016499919877546811 0.0096196504290908414 0.017090965154359445 -0.021416244466460527 0.013146472892623544 -0.0313221608245179 -0.014581996665014292 0.018790541525453421 -0.025378056443243199 0.005720709034003053 0.0030842602344930323 0.018708485668795176 -0.0011650960258817681
leaf_weight=2020.8761147150071 2770.2478395462967 257.92896687611938 53.936200793832541 202.38736234651878 39.069096779916435 97.675080158282071 96.239817769266665 466.38651354075409 72.722358427941799 140.19765630993061 584.63844289933331 2273.9023238476366 558.6879837536253 774.11248449140112
leaf_count=36925 16615 4545 322 928 241 561 806 3642 416 5199 3647 35239 2489 12949
internal_value=3.82226e-06 -0.00220322 0.00244635 0.000217345 0.00791542 -0.00572447 -0.0180321 -0.000813554 -0.0100683 -0.00636164 0.010779 0.000513701 0.011968 -0.00512516
internal_weight=10409 5467.02 4941.99 3511.74 1430.25 247.851 150.176 3309.36 539.109 2161.07 1182.4 3305.94 1143.33 1032.04
internal_count=124524 94857 29667 21601 8066 1689 1128 20673 4058 42124 6377 52733 6136 17494
cat_boundaries=0 1 2 3 4
cat_threshold=67660 2049 8362 1553
is_linear=0
shrinkage=0.05


Tree=95
num_leaves=15
num_cat=2
split_feature=6 5 52 20 30 27 43 18 43 48 35 43 53 11
split_gain=19.0033 19.8116 18.7092 18.3267 20.8418 23.9484 20.1931 18.0671 15.9582 18.7122 18.4183 17.2212 15.8766 15.793
threshold=0 1 12.350000000000003 53.500000000000007 0.12993506493506496 -0.44122545591755541 0.19780886589139018 1000.3679732673737 0.19049032075738309 54.850000000000001 463.00000000000006 0.19181436113728484 12.250000000000002 1.7721338021972211
decision_type=1 9 2 2 2 2 2 2 2 2 2 2 2 2
left_child=1 8 -2 7 6 -6 -5 -3 9 -1 -11 -10 -4 -14
right_child=2 3 12 4 5 -7 -8 -9 11 10 -12 -13 13 -15
leaf_value=-0.028494142592885394 0.0090341640088141221 0.0054383452666769139 0.018528049832232746 -0.0042981994370870635 -0.017427922214083194 -0.0028665243245867161 -0.041638617786632789 -0.012662863867830432 0.055905688929868719 -0.017705425384545687 0.017891511684045867 0.0051056496148966001 -0.00049252192274808844 0.0087089359757142795
leaf_weight=78.911499755107798 735.31134370004293 548.08150525469682 121.14444883831311 61.649666193989106 387.62528941745404 1043.6532208615681 88.836706394387875 184.0167544754222 16.987696297233924 66.515399515861645 79.787888892926276 753.22561721142847 5711.88335613042 507.64679415873252
leaf_count=1258 5418 8243 1012 1604 5688 11174 2908 1512 162 1274 992 9227 71761 2278
internal_value=2.12674e-05 -0.00310572 0.00148442 -0.00562963 -0.0086814 -0.00681454 -0.0263876 0.000880574 0.00278462 -0.00888314 0.00167251 0.00623969 0.000607983 0.000257838
internal_weight=10385.3 3309.29 7075.99 2313.86 1581.76 1431.28 150.486 732.098 995.428 225.215 146.303 770.213 6340.67 6219.53
internal_count=124511 44042 80469 31129 21374 16862 4512 9755 12913 3524 2266 9389 75051 74039
cat_boundaries=0 1 2
cat_threshold=2 82032
is_linear=0
shrinkage=0.05


Tree=96
num_leaves=15
num_cat=1
split_feature=60 52 5 13 9 19 37 12 28 16 29 19 11 46
split_gain=21.9284 19.4875 18.2354 18.6266 22.4571 18.1878 17.3852 16.6029 15.7913 15.5271 21.5554 14.2454 19.9493 15.9747
threshold=11.550000000000002 12.550000000000002 0 0.026682941810984129 0.33686114528379535 6.5000000000000009 0.118162639048715 0.15815737947119282 1.5156250000000002 0.077152014652014669 0.079156223893066008 3.5000000000000004 0.96668590082244432 0.15802900107411388
decision_type=2 2 9 2 2 2 2 2 2 2 2 2 2 2
left_child=11 2 9 4 -4 6 -3 -8 -5 10 -2 -1 13 -13
right_child=1 5 3 8 -6 -7 7 -9 -10 -11 -12 12 -14 -15
leaf_value=0.027685149893690621 0.0017583138991427432 0.00038666404236773025 -0.00034431381911953653 0.0027318527983420343 -0.071717048145030854 -0.022376209571350791 -0.0099902089554209702 -0.0013908624705030145 -0.021586617822364824 0.0061994796314437384 0.037278469179643947 -0.049369538997783874 0.025698329681335414 0.0083729500039721304
leaf_weight=116.59754413191695 72.63397054001689 5619.0808777128113 25.397926488425583 1050.1319689715747 19.565562862437218 101.92003812862094 916.37360069324495 1452.6996276326827 71.164005149388686 706.73313971277094 104.68400744302198 24.299462515162304 43.57696105632931 23.236209111986682
leaf_count=789 579 65283 869 8429 233 3607 21887 14493 674 6130 467 443 209 268
internal_value=3.72231e-05 -0.000291783 0.00406146 -7.94018e-05 -0.0316029 -0.0013957 -0.00112711 -0.00471954 0.00118221 0.00942355 0.0227659 0.0161157 0.00124136 -0.0210808
internal_weight=10348.1 10140.4 2050.31 1166.26 44.9635 8090.07 7988.15 2369.07 1121.3 884.051 177.318 207.71 91.1126 47.5357
internal_count=124360 122651 17381 10205 1102 105270 101663 36380 9103 7176 1046 1709 920 711
cat_boundaries=0 1
cat_threshold=104128
is_linear=0
shrinkage=0.05


Tree=97
num_leaves=15
num_cat=4
split_feature=12 54 16 5 22 12 38 4 42 58 38 5 37 3
split_gain=19.9075 20.382 20.1866 28.2975 18.338 18.0542 16.106 17.7937 18.4434 15.689 14.5728 14.5631 15.9475 14.391
threshold=0.37172709029299716 66.950000000000017 0.33387445887445893 0 6.5000000000000009 0.31174521511907188 0.1283882783882784 1 0.056368608972563572 34.250000000000007 -0.17082066869300908 2 0.11586674343138283 3
decision_type=2 2 2 9 2 2 2 9 2 2 2 9 2 9
left_child=2 -2 3 -1 5 10 -3 8 -8 -7 -4 -6 -13 -9
right_child=1 6 4 -5 11 9 7 13 -10 -11 -12 12 -14 -15
leaf_value=-0.0051713341398313788 0.0211961386839487 0.0040415690197581431 0.011144322205666402 0.0034961887259315561 -0.022821362680097618 -0.050540316281242774 0.013922821131031236 0.0073096597313053102 -0.020907576819763036 -0.010276344203571031 -0.0024614734429561041 0.00059339577281945517 -0.017168875973880896 -0.012286745133165126
leaf_weight=1385.7285420761909 151.16050742054358 3073.9451672352152 243.59417952375952 2884.3649091881234 204.68166598083917 28.497412773780525 45.767014801502228 326.16993419628125 218.1888086439576 162.088488381356 1022.5106972943759 297.89740835456178 218.69365317147458 120.02924906252883
leaf_count=15110 966 22965 2826 29090 10552 288 316 2320 1817 1598 12348 11487 12200 1007
internal_value=0.000391075 0.00319385 -0.00131871 0.00067826 -0.00523611 -0.00200327 0.00247287 -0.00430991 -0.0143047 -0.0163464 0.000152959 -0.0117571 -0.00678692 0.00187192
internal_weight=10383.3 3935.26 6448.06 4270.09 2177.96 1456.69 3784.1 710.155 263.956 190.586 1266.1 721.273 516.591 446.199
internal_count=124890 29391 95499 44200 51299 17060 28425 5460 2133 1886 15174 34239 23687 3327
cat_boundaries=0 1 2 3 4
cat_threshold=2154 176 43168 18
is_linear=0
shrinkage=0.05


Tree=98
num_leaves=15
num_cat=2
split_feature=52 10 28 7 24 58 52 38 18 5 30 36 9 42
split_gain=21.7921 18.2592 23.4187 27.521 25.493 21.4266 22.1732 16.3521 18.0577 16.256 13.262 16.4452 14.1265 12.5259
threshold=12.550000000000002 1.9964495437217396 0.57738095238095266 0 7.5000000000000009 23.250000000000004 13.65 0.10554163185742134 1001.0712273094001 1 0.080229885057471279 18.500000000000004 -1.5327088477727802 0.085174793376686139
decision_type=2 2 2 9 2 2 2 2 2 9 2 2 2 2
left_child=7 10 5 9 -5 -3 -7 -1 13 -4 -2 12 -12 -9
right_child=1 2 3 4 -6 6 -8 8 -10 -11 11 -13 -14 -15
leaf_value=0.0066479303175618724 -0.015219179241216595 0.034263663421046829 -0.019315210983296999 0.019962870036100814 0.0021736076908386638 0.0026954399374859539 -0.0078868485763824905 0.0025552237729895245 -0.034489010499685877 0.0026490639562768074 -0.017514550609829285 -0.042898058609529569 -0.0018911904032668529 -0.025869243942383088
leaf_weight=1683.2197988824919 217.75064379011746 40.630565850064158 109.11788927903399 473.80432202946395 351.46266195666976 1033.8417819243623 948.79513403191231 327.46881882834714 44.47983948327601 283.1438878281042 149.3871823803056 25.096267848508433 4603.8527718294063 43.846912628039718
leaf_count=14142 8197 189 769 2506 2475 7050 7090 2853 338 1844 9051 613 67296 412
internal_value=-9.39288e-05 -0.00125338 0.00166851 0.00714812 0.0122457 -0.00162664 -0.00236636 0.00445341 -0.00441788 -0.00377992 -0.00314971 -0.00259834 -0.00238362 -0.000793886
internal_weight=10335.9 8236.88 3240.8 1217.53 825.267 2023.27 1982.64 2099.02 415.796 392.262 4996.09 4778.34 4753.24 371.316
internal_count=124825 107080 21923 7594 4981 14329 14140 17745 3603 2613 85157 76960 76347 3265
cat_boundaries=0 1 2
cat_threshold=2179 50312
is_linear=0
shrinkage=0.05


Tree=99
num_leaves=15
num_cat=2
split_feature=52 12 35 19 34 16 16 12 46 10 4 29 18 5
split_gain=25.1401 20.0318 21.5167 20.0233 20.3717 18.657 18.2863 22.8252 21.2326 21.2649 19.7548 17.1634 17.0571 16.595
threshold=12.950000000000001 0.37753274655669272 523.00000000000011 4.5000000000000009 20.500000000000004 0.85773809523809541 0.20044642857142861 -0.030206301447774534 0.21140303358613219 1.7217481167160245 0 0.16754385964912283 1000.5106708523674 1
decision_type=2 2 2 2 2 2 2 2 2 2 9 2 2 9
left_child=11 6 3 4 -3 -5 8 -8 10 -10 -2 -1 -4 -9
right_child=1 2 12 5 -6 -7 7 13 9 -11 -12 -13 -14 -15
leaf_value=0.0024374203439183825 -0.015930318442871367 -0.0053003725501754705 0.0088786463937240157 -0.0062218132149087901 0.006247234296884183 -0.043621310610961389 -0.013553926634167841 -0.009603528217706039 -0.0031638003031342976 0.0156831739488297 -9.2966900453136534e-07 0.011762346793584741 0.043051677106469809 0.001316208220113327
leaf_weight=3576.9933556739124 245.83450545882806 536.48130645789206 120.28214392159134 248.7411369534675 1322.5071447949158 38.526171738514677 751.646557745873 549.86086644150782 255.6767721377546 359.48039035056718 825.20716151164379 572.92477690381929 52.722308258060366 916.47612478781957
leaf_count=38240 2930 4091 840 2911 9550 989 26143 8607 3303 2067 8866 2741 209 13416
internal_value=0.000711662 -0.00129775 0.00238139 0.0010112 0.00291194 -0.0112684 -0.00348461 -0.00646826 0.000437194 0.00784247 -0.00381172 0.00372625 0.0193405 -0.00283206
internal_weight=10373.4 6223.44 2319.26 2146.26 1858.99 287.267 3904.18 2217.98 1686.2 615.157 1071.04 4149.92 173.004 1466.34
internal_count=124903 83922 18590 17541 13641 3900 65332 48166 17166 5370 11796 40981 1049 22023
cat_boundaries=0 1 2
cat_threshold=68 33082
is_linear=0
shrinkage=0.05


Tree=100
num_leaves=15
num_cat=4
split_feature=52 6 4 19 35 30 60 12 13 5 36 5 13 29
split_gain=22.8716 19.3563 18.409 18.3546 20.3813 17.1893 16.0608 16.7893 15.0364 15.1329 13.4374 13.0121 25.0294 12.8039
threshold=12.050000000000002 0 1 4.5000000000000009 459.00000000000006 0.32977272727272733 11.550000000000002 1.0667570520704535 1.1396837113157239 2 16.500000000000004 3 0.72284372371387062 0.14971264367816095
decision_type=2 1 9 2 2 2 2 2 2 9 2 9 2 2
left_child=-1 3 6 11 5 -5 -3 -8 10 -10 -4 12 -2 -6
right_child=1 2 8 4 13 -7 7 -9 9 -11 -12 -13 -14 -15
leaf_value=0.015001472526337441 -0.014201179078592016 0.025908724458551014 -0.0035692340827423868 -0.0072548332388862359 -0.016436194284531174 0.03922589300689415 0.0021781179880628254 0.022750553863248039 0.011630239491792581 -0.0023176444626404179 -0.046129025346861169 0.00051576821254664803 0.00014812637894661394 -0.047053682483380994
leaf_weight=237.87803763896227 556.44427973066922 76.567694215336815 2390.6962265130715 71.471741073764861 254.91473262471845 27.399265139363706 3461.7146552097984 102.07079532020725 349.18860079278238 421.02038525382522 18.614003124646842 1599.3409865441499 667.941940049408 39.678653780370951
leaf_count=1520 10591 584 32354 1937 5313 194 39988 515 2435 3254 418 19747 5697 308
internal_value=-0.000317699 -0.000681407 0.000826089 -0.00387851 -0.0139971 0.00560207 0.0032492 0.00276936 -0.00195075 0.00412098 -0.00390202 -0.00246634 -0.00631812 -0.0205916
internal_weight=10274.9 10037.1 6819.87 3217.19 393.464 98.871 3640.35 3563.79 3179.52 770.209 2409.31 2823.73 1224.39 294.593
internal_count=124855 123335 79548 43787 7752 2131 41087 40503 38461 5689 32772 36035 16288 5621
cat_boundaries=0 1 2 3 4
cat_threshold=2 356 23664 35628
is_linear=0
shrinkage=0.05


Tree=101
num_leaves=15
num_cat=2
split_feature=58 22 5 52 5 50 37 11 45 25 44 17 46 28
split_gain=15.0909 15.4655 19.0323 17.4871 21.9089 17.3895 16.0862 14.6588 21.6785 14.6463 14.3948 23.2048 14.7222 13.6552
threshold=23.350000000000005 5.5000000000000009 0 12.250000000000002 1 12.450000000000001 0.11542323138708684 1.1273185977310074 6.5000000000000009 3.5000000000000004 10.500000000000002 0.077152014652014655 0.1622329135418141 -3.2583333333333324
decision_type=2 2 9 2 9 2 2 2 2 2 2 2 2 2
left_child=7 2 10 4 -3 -6 -5 8 9 -1 11 -2 -12 -4
right_child=1 3 13 6 5 -7 -8 -9 -10 -11 12 -13 -14 -15
leaf_value=0.018651730287058899 0.007252296825536431 0.02143529255328859 -0.020116998669863322 -0.0010068260197045533 -0.033246442014215179 0.0071452600378131715 -0.00839746119375466 0.031131994597138991 0.043697904324461967 -0.031465762237810675 -0.0075945739595174883 -0.01106902050375054 0.016989497828490924 8.1542324201195877e-05
leaf_weight=22.280153882224113 689.5743876916822 145.07314685510937 84.904688297770917 1741.9993335068575 42.161926644621417 71.695333222858608 1277.4565458214493 75.952778230421245 21.93707717070356 41.325728335767053 71.159895125310868 230.37573697045445 409.83617243752815 5327.7604106172221
leaf_count=188 4539 1431 674 36118 591 870 37045 328 224 546 531 1698 2314 37437
internal_value=0 -0.000242734 0.00111443 -0.00306486 0.00939704 -0.0071562 -0.00413545 0.0151587 0.000898037 -0.0138302 0.00628541 0.0026581 0.0133412 -0.000234307
internal_weight=10253.5 10092 6813.61 3278.39 258.93 113.857 3019.46 161.496 85.543 63.6059 1400.95 919.95 480.996 5412.67
internal_count=124534 123248 47193 76055 2892 1461 73163 1286 958 734 9082 6237 2845 38111
cat_boundaries=0 1 2
cat_threshold=106560 86924
is_linear=0
shrinkage=0.05


end of trees

feature_importances:
jockey_top3_rate_100=135
horse_number=99
prev_ucv_score=76
interval_days=68
dash_score_median=67
jockey_win_rate_100=64
max_ucv_3f_5=61
max_ucv_score_5=58
horse_age=58
slope_lap_time_1f_0m_1=54
carried_weight_ratio=53
prev_ucv_score_rank=45
ucv_score_z=44
horse_weight_num=43
avg_ucv_3f_5=38
max_ucv_score_5_rank=38
elo_rating_z=34
avg_ucv_score_5=30
dash_score_rank=30
target_elo_rating=29
slope_per_day=28
ucv_3f_rank=24
weight_carried_diff=24
bracket_number=16
distance=15
sex_code=14
elo_diff_from_mean=14
bracket_top3_rate_highres=14
weight_change_per_day=13
bracket_win_rate_highres=11
slope_count=11
slope_total_time_4f_1=10
woodchip_total_time_2f_1=10
woodchip_lap_time_1f_0m_1=9
course_code=8
weight_change_num=7
pace_score_top3=6
ucv_score_rank=6
ucv_elo_gap=6
slope_total_time_4f_2=6
slope_lap_time_2f_1f_1=6
ucv_3f_gap_avg_5=5
straight_length=5
slope_lap_time_2f_1f_2=5
slope_lap_time_1f_0m_2=5
weight_carried=4
dirt_condition_code=3
elo_rating_rank=3
is_jockey_changed=3
leader_margin=2
woodchip_count=2
woodchip_per_day=2
woodchip_total_time_5f_1=2
woodchip_total_time_2f_2=2
woodchip_lap_time_1f_0m_2=2
woodchip_total_time_5f_2=1

parameters:
[boosting: gbdt]
[objective: lambdarank]
[metric: ndcg]
[tree_learner: serial]
[device_type: cpu]
[data_sample_strategy: bagging]
[data: ]
[valid: ]
[num_iterations: 10000]
[learning_rate: 0.05]
[num_leaves: 15]
[num_threads: 0]
[seed: 42]
[deterministic: 0]
[force_col_wise: 0]
[force_row_wise: 0]
[histogram_pool_size: -1]
[max_depth: 5]
[min_data_in_leaf: 200]
[min_sum_hessian_in_leaf: 0.001]
[bagging_fraction: 0.8]
[pos_bagging_fraction: 1]
[neg_bagging_fraction: 1]
[bagging_freq: 1]
[bagging_seed: 400]
[bagging_by_query: 0]
[feature_fraction: 0.8]
[feature_fraction_bynode: 1]
[feature_fraction_seed: 30056]
[extra_trees: 0]
[extra_seed: 12879]
[early_stopping_round: 0]
[early_stopping_min_delta: 0]
[first_metric_only: 0]
[max_delta_step: 0]
[lambda_l1: 0.1]
[lambda_l2: 0.1]
[linear_lambda: 0]
[min_gain_to_split: 0]
[drop_rate: 0.1]
[max_drop: 50]
[skip_drop: 0.5]
[xgboost_dart_mode: 0]
[uniform_drop: 0]
[drop_seed: 17869]
[top_rate: 0.2]
[other_rate: 0.1]
[min_data_per_group: 100]
[max_cat_threshold: 32]
[cat_l2: 10]
[cat_smooth: 10]
[max_cat_to_onehot: 4]
[top_k: 20]
[monotone_constraints: ]
[monotone_constraints_method: basic]
[monotone_penalty: 0]
[feature_contri: ]
[forcedsplits_filename: ]
[refit_decay_rate: 0.9]
[cegb_tradeoff: 1]
[cegb_penalty_split: 0]
[cegb_penalty_feature_lazy: ]
[cegb_penalty_feature_coupled: ]
[path_smooth: 0]
[interaction_constraints: ]
[verbosity: -1]
[saved_feature_importance_type: 0]
[use_quantized_grad: 0]
[num_grad_quant_bins: 4]
[quant_train_renew_leaf: 0]
[stochastic_rounding: 1]
[linear_tree: 0]
[max_bin: 255]
[max_bin_by_feature: ]
[min_data_in_bin: 3]
[bin_construct_sample_cnt: 200000]
[data_random_seed: 175]
[is_enable_sparse: 1]
[enable_bundle: 1]
[use_missing: 1]
[zero_as_missing: 0]
[feature_pre_filter: 1]
[pre_partition: 0]
[two_round: 0]
[header: 0]
[label_column: ]
[weight_column: ]
[group_column: ]
[ignore_column: ]
[categorical_feature: 0,1,2,3,4,5,6,7]
[forcedbins_filename: ]
[precise_float_parser: 0]
[parser_config_file: ]
[objective_seed: 16083]
[num_class: 1]
[is_unbalance: 0]
[scale_pos_weight: 1]
[sigmoid: 1]
[boost_from_average: 1]
[reg_sqrt: 0]
[alpha: 0.9]
[fair_c: 1]
[poisson_max_delta_step: 0.7]
[tweedie_variance_power: 1.5]
[lambdarank_truncation_level: 30]
[lambdarank_norm: 1]
[label_gain: ]
[lambdarank_position_bias_regularization: 0]
[eval_at: 1,3,5]
[multi_error_top_k: 1]
[auc_mu_weights: ]
[num_machines: 1]
[local_listen_port: 12400]
[time_out: 120]
[machine_list_filename: ]
[machines: ]
[gpu_platform_id: -1]
[gpu_device_id: -1]
[gpu_use_dp: 0]
[num_gpu: 1]

end of parameters

pandas_categorical:[["01", "02", "03", "04", "05", "06", "07", "08", "09", "10", -1], ["10", "11", "12", "17", "18", "20", "21", "23", "24", -1], ["0", "1", "2", "3", "4", -1], ["0", "1", "2", "3", "4", -1], ["0", "1", "2", "3", "4", "5", "6", "7", "8", -1], ["00", "01", "02", "03", "04", "05", "06", "07", "08", "09", "10", "11", "12", "13", "14", "15", "16", "17", "18", "99", -1], ["1", "2", "3", -1], [1000, 1150, 1200, 1300, 1400, 1600, 1700, 1800, 1900, 2000, 2100, 2400, 2500]]
