tree
version=v4
num_class=1
num_tree_per_iteration=1
label_index=0
max_feature_idx=19
objective=regression
feature_names=distance course_code track_code turf_condition_code dirt_condition_code started_count pace_score_top3 leader_margin straight_length is_steep_slope is_local escape_horse_count_in_race lead_horse_count_in_race front_active_horse_count_in_race front_active_horse_ratio weather_code grade_code race_type_code weight_type_code cond_code_youngest
feature_infos=[1000:3600] -1:8:4:5:6:7:3:9:2:0:1 -1:8:3:7:1:4:2:0:6 -1:0:1:2:3 -1:0:1:2:3:4 [4:18] [0:0.63888888888888884] [0:0.55555555555555558] [260.30000000000001:1000] [0:1] [0:1] [0:9] [0:12] [0:14] [0:1] -1:0:1:2:3:5 -1:0:5:3:6:2:1 -1:1:2:3:0 -1:2:3:0:1 -1:4:0:1:3:5:2
tree_sizes=2774 2644 2679 2789 2684 2630 2693 2590 2615 2714 2765 2699 2709 2630 2625 2712 2845 2696 2680 2706 2766 2640 2583 2803 2784 2673 2804 2520 2803 2778 2651 2659 2748 2719 2775 2861 2814 2826 2803 2840 2817 2872 2811 2785 2766 2727 2790 2734 2710 2787 2437 2804 2646 2789 2652 2830 2809 2206 2748 1618 2706 2811 2624 1627 2812 2067 2654 2653 2686 2620 2199 2661 2413 2603 2009 2645 2184 2381 2782 2727 2519 1362 2715 2568 2629 2330 2563 2480 2400 2779 2432 2547 2164 2327 2694 1281 2630 1373 2645 2463 2201 2377 1792 2205 1381 1282 1370 2588 2622 2286 1378 2773 2571 2676 2383 2758 1726 2393 2577 1357 2536 1378 2728 2483 2394 1977 1903 2248 2387 1273 1697 2042 2769 2548 2739 2724 2283 1800 2076 2135 2752 2455 2595 2196 1785 2414 1630 1390 2554 2230 2596 2602 2207 2532 2326 2584 2233 2336 2350 2390 2319 2498 1370 2809 1691 2443 1287 2479 2046 1307 2050 1370 2535 2475 2485 2727 2219 2844 2604 2714 2389 2551 2838 2591 1286 1983 2364 2728 2716 2112 2069 2228 2719 2477 1482 2398 1554 2856 1578 2568 2567 1313 1497 1905 1641 1491 2012 2585 2560 2159 1542 2166 2091 2239 2345 1652 2083 2153 2824 2227 1561 2551 2510 2145 2362 2598 2203 2427 2890 1679 2077 1431 2350 2213 1838 1750 1872 2172 1530 1765 2802 2410 2644 1757 2477 2577 2199 2278 2653 2310 1296 2320 2593 2601 1657 2293 2583 2678 2372 1921 2727 2737 2216 1675 2116 1384 2264 1994 2610 2128 1604 1643 2561 2341 2669 2382 1989 2572 2083 2179 2158 1814 2585 2310 1817 2164 2322 2315 1216 2547 2427 2219 2867 2089 2389 1932 2235 2264 2568 2767 1388 1727 1379 2751 2138 2353 1580 2750 1551 2738 2330 1964 1978 1957 1538 1118 2241 1850 896 2187 2300 2513 2624 2689 2080 1967 2626 2334 1802 2552 2032 2770 2298 2257 2833 2230 2140 2568 2102 2621 1989 2680 2059 2141 2017 2039 2826 2077 2638 1746 2704 2559 2720 2414 1692 1881 1391 2444 2254 2572 2694 2137 1782 2221 2049

Tree=0
num_leaves=31
num_cat=2
split_feature=8 0 0 8 1 0 8 8 0 0 0 8 6 0 0 6 8 5 5 13 5 0 6 19 0 5 6 5 5 0
split_gain=19135.6 22864.5 30214.3 10964.4 6133.57 5383.27 4211.86 3293.53 1864.39 2487.41 2347.88 1358.53 940.723 834.71 576.368 442.422 411.341 271.559 220.124 176.799 175.727 131.085 120.165 101.094 94.8414 73.1858 58.7404 45.6369 43.8048 42.5615
threshold=309.00000000000006 1750.0000000000002 1450.0000000000002 513.75000000000011 0 1550.0000000000002 294.35000000000008 411.60000000000008 2050.0000000000005 2150.0000000000005 1350.0000000000002 294.35000000000008 0.19735493264905032 1175.0000000000002 1650.0000000000002 0.37064210299504424 328.75000000000006 13.500000000000002 10.500000000000002 1.0000000180025095e-35 12.500000000000002 1350.0000000000002 0.47689698645580997 1 1950.0000000000002 13.500000000000002 0.10210475798711095 13.500000000000002 15.500000000000002 1750.0000000000002
decision_type=2 2 2 2 1 2 2 2 2 2 2 2 2 2 2 2 2 2 2 2 2 2 2 1 2 2 2 2 2 2
left_child=1 2 6 4 8 16 22 -7 10 -10 -2 15 17 -8 -4 18 -6 29 -3 25 -21 -19 -1 26 -17 -14 -13 -16 -25 -5
right_child=3 11 14 12 5 7 13 -9 9 -11 -12 23 19 -15 27 24 -18 21 -20 20 -22 -23 -24 28 -26 -27 -28 -29 -30 -31
leaf_value=-1.4008753211332883 -1.5144526902758952 -1.2922583940779895 -1.6244572462416982 -1.2789977950591596 -1.3684145993950207 -1.3581958602102269 -1.6133363494655428 -1.2716632718973839 -1.6521702671366814 -1.3628826580589606 -1.4065932324956003 -1.4370008405825316 -1.1720433036371145 -1.5018768970652998 -1.7265537762823726 -1.2232841726047492 -1.4219743685918271 -1.3501303274545104 -1.3420334194514383 -1.2201821476714403 -1.2767425069504301 -1.2997894645791921 -1.3587558139658562 -1.353957784679986 -1.2986539654760039 -1.2185077703366114 -1.4013092736441695 -1.7467919526145965 -1.3928904952991155 -1.2483361788342016
leaf_weight=1493 675 278 117 197 407 4418 214 1464 229 110 1998 150 146 781 408 120 3007 156 1105 321 240 756 191 144 64 202 498 878 145 266
leaf_count=1493 675 278 117 197 407 4418 214 1464 229 110 1998 150 146 781 408 120 3007 156 1105 321 240 756 191 144 64 202 498 878 145 266
internal_value=-1.39902 -1.46976 -1.54273 -1.36709 -1.38576 -1.36568 -1.44429 -1.33666 -1.44768 -1.5583 -1.43383 -1.35082 -1.26648 -1.52585 -1.7307 -1.32234 -1.41559 -1.29257 -1.33203 -1.22701 -1.24438 -1.3084 -1.3961 -1.39844 -1.2495 -1.19901 -1.40941 -1.74037 -1.37435 -1.26138
internal_weight=21178 6586 4082 14592 12308 9296 2679 5882 3012 339 2673 2504 2284 995 1403 1567 3414 1375 1383 909 561 912 1684 937 184 348 648 1286 289 463
internal_count=21178 6586 4082 14592 12308 9296 2679 5882 3012 339 2673 2504 2284 995 1403 1567 3414 1375 1383 909 561 912 1684 937 184 348 648 1286 289 463
cat_boundaries=0 1 2
cat_threshold=24 17
is_linear=0
shrinkage=1


Tree=1
num_leaves=29
num_cat=4
split_feature=2 8 0 0 0 0 1 0 0 6 5 0 1 8 1 8 8 8 8 8 6 6 5 8 6 8 6 6
split_gain=54381.9 22052.1 11919.3 9173.39 6551.99 3889.4 3616.14 2662.3 2257.2 1824.65 1224.86 1049 1006.77 615.846 473.628 450.53 398.205 276.489 260.148 190.858 134.214 128.901 91.3025 48.0255 37.8413 15.4943 13.8613 2.56626
threshold=0 301.85000000000008 1075.0000000000002 1850.0000000000002 1550.0000000000002 1550.0000000000002 1 1450.0000000000002 2350.0000000000005 0.31378205128205133 11.500000000000002 1650.0000000000002 2 411.60000000000008 3 328.75000000000006 487.60000000000008 355.20000000000005 443.05000000000007 411.60000000000008 0.47689698645580997 0.1607673372379255 12.500000000000002 278.7000000000001 0.19446733821733822 263.2000000000001 0.13614672364672367 0.069864612511671351
decision_type=9 2 2 2 2 2 1 2 2 2 2 2 1 2 1 2 2 2 2 2 2 2 2 2 2 2 2 2
left_child=1 2 23 5 7 15 24 12 11 10 18 -4 21 -12 -7 -3 -8 -14 -6 20 -11 -2 -21 25 -5 -1 -9 -25
right_child=4 3 8 6 9 14 16 26 -10 19 13 -13 17 -15 -16 -17 -18 -19 -20 22 -22 -23 -24 27 -26 -27 -28 -29
leaf_value=0.0086829718230746512 0.07473790477814557 -0.097081912953999233 -0.20356214960044794 -0.048771730863840367 0.11385501448625227 0.030999550344884819 -0.33001531074055573 -0.22635777631113607 0.028965195941810424 0.10951906577116584 0.061351087349059169 -0.32307979055787017 0.002520228480399565 0.10130444922602762 -0.0064332932583056395 -0.055801304422442778 -0.24221964524630224 0.035215203711130828 0.15278270125036708 0.19475966046393758 0.15585746396987976 0.12615179703741267 0.15819788205587393 -0.017642184086759723 -0.0051636419879893466 0.034833232750007437 -0.19219818575340405 -0.0056679220916047487
leaf_weight=123 475 825 214 122 1207 1259 281 62 52 238 2238 1292 1474 1695 2524 3324 239 1152 666 355 455 164 329 121 84 105 57 71
leaf_count=123 475 825 214 122 1207 1259 281 62 52 238 2238 1292 1474 1695 2524 3324 239 1152 666 355 455 164 329 121 84 105 57 71
internal_value=-0.000707164 -0.0804842 -0.231186 -0.0461479 0.0795917 -0.0305774 -0.216265 0.0223057 -0.294913 0.106691 0.094418 -0.306097 0.0307725 0.0785697 0.00608947 -0.0640097 -0.284198 0.0167992 0.127697 0.158437 0.139943 0.0865784 0.177174 0.0052104 -0.0295551 0.0207259 -0.209996 -0.0132142
internal_weight=21203 10636 1978 8658 10567 7932 726 3384 1558 7183 5806 1506 3265 3933 3783 4149 520 2626 1873 1377 693 639 684 420 206 228 119 192
internal_count=21203 10636 1978 8658 10567 7932 726 3384 1558 7183 5806 1506 3265 3933 3783 4149 520 2626 1873 1377 693 639 684 420 206 228 119 192
cat_boundaries=0 1 2 3 4
cat_threshold=384 288 144 320
is_linear=0
shrinkage=0.05


Tree=2
num_leaves=29
num_cat=2
split_feature=3 8 0 0 0 0 0 0 0 8 5 13 0 8 8 13 8 5 8 10 8 19 8 8 14 5 8 14
split_gain=48813.4 20595.3 10890.7 7928.61 5951.47 3394.58 2284.82 2117.73 1914 1818.75 1566.29 1064.03 931.838 712.315 593.416 466.275 443.769 443.359 332.125 253.962 115.63 108.001 41.9535 30.7796 22.7492 22.5367 11.857 1.81063
threshold=0 301.85000000000008 1075.0000000000002 1850.0000000000002 1550.0000000000002 1550.0000000000002 1450.0000000000002 2350.0000000000005 1950.0000000000002 353.30000000000001 11.500000000000002 1.0000000180025095e-35 1650.0000000000002 319.20000000000005 411.60000000000008 1.0000000180025095e-35 328.75000000000006 12.500000000000002 443.05000000000007 1.0000000180025095e-35 513.75000000000011 1 278.7000000000001 513.75000000000011 0.30384615384615393 13.500000000000002 263.2000000000001 0.53589743589743599
decision_type=9 2 2 2 2 2 2 2 2 2 2 2 2 2 2 2 2 2 2 2 2 1 2 2 2 2 2 2
left_child=1 2 22 5 6 16 13 12 25 -10 15 20 -4 21 -13 23 -3 -7 -17 -15 -12 -2 26 -6 -8 -5 -1 -24
right_child=4 3 7 8 10 17 24 -9 9 -11 11 14 -14 19 -16 18 -18 -19 -20 -21 -22 -23 27 -25 -26 -27 -28 -29
leaf_value=0.0083801047816450588 0.036960926046822128 -0.092197582456766902 -0.19439092427492144 -0.29946163086066568 0.1799908986349753 0.035247451971395831 -0.17055065125226976 0.029906173094333906 -0.02818713101389056 -0.23122571792947244 0.12987570550766572 0.059436911526019931 -0.30740605766156182 0.066119633318386689 0.097410081239232407 0.11004703303924497 -0.050871800429328401 -0.0036669047967213316 0.15107389718190464 0.027699754502219683 0.17497735083662849 -0.0021192881967093879 -0.0094347223156068666 0.21640392058604474 -0.21439924370497465 -0.32941297993940466 0.030501182607334594 -0.020044469328017022
leaf_weight=128 195 804 212 133 269 992 55 53 198 249 427 2405 1306 1043 1798 1351 3383 2792 777 732 213 1282 118 74 64 119 115 61
leaf_count=128 195 804 212 133 269 992 55 53 198 249 427 2405 1306 1043 1798 1351 3383 2792 777 732 213 1282 118 74 64 119 115 61
internal_value=0.000456449 -0.0751932 -0.220198 -0.0419473 0.0759497 -0.0277881 0.0210549 -0.280775 -0.203412 -0.141289 0.101354 0.0848268 -0.291623 0.0289292 0.0756814 0.133747 -0.0588073 0.00653474 0.125027 0.0502755 0.144886 0.00327615 0.0053182 0.187847 -0.194133 -0.313605 0.0188489 -0.0130503
internal_weight=21348 10663 1993 8670 10685 7971 3371 1571 699 447 7314 4843 1518 3252 4203 2471 4187 3784 2128 1775 640 1477 422 343 119 252 243 179
internal_count=21348 10663 1993 8670 10685 7971 3371 1571 699 447 7314 4843 1518 3252 4203 2471 4187 3784 2128 1775 640 1477 422 343 119 252 243 179
cat_boundaries=0 1 2
cat_threshold=1 8
is_linear=0
shrinkage=0.05


Tree=3
num_leaves=31
num_cat=8
split_feature=2 1 1 5 6 1 5 6 5 6 5 5 5 19 6 6 17 1 5 6 1 13 6 6 5 5 6 6 5 6
split_gain=44751.9 17685.4 3371.9 2859.57 2139.83 772.187 682.401 664.098 605.553 530.08 611.456 461.996 370.514 332.158 299.989 208.189 205.458 201.918 171.17 149.606 130.723 130.44 101.718 95.9862 93.6693 84.3116 72.9302 55.3852 50.1754 49.2599
threshold=0 1 2 12.500000000000002 0.15507154882154886 3 11.500000000000002 0.18891859774212719 13.500000000000002 0.076976944624003465 14.500000000000002 11.500000000000002 13.500000000000002 4 0.36379823879823886 0.091450216450216476 5 6 8.5000000000000018 0.12103775853775854 7 1.0000000180025095e-35 0.10132668257668258 0.25739723239723239 12.500000000000002 14.500000000000002 0.10716619981325866 0.077849927849927864 16.500000000000004 0.10023252890899952
decision_type=9 1 1 2 2 1 2 2 2 2 2 2 2 1 2 2 1 1 2 2 1 2 2 2 2 2 2 2 2 2
left_child=1 3 7 11 8 12 21 16 22 10 -5 23 26 25 -8 -10 24 -15 -9 -13 -18 -6 -4 -1 -2 -7 -3 -14 -20 -11
right_child=2 5 4 9 6 13 14 18 15 29 -12 19 27 17 -16 -17 20 -19 28 -21 -22 -23 -24 -25 -26 -27 -28 -29 -30 -31
leaf_value=-0.17677106117992769 0.047953400249627104 -0.0089726478613253377 0.07850610698046892 -0.15117304970916634 0.17279117760029 0.028362677152082322 0.086574321254190623 0.11694102677867031 0.038373498912502836 -0.24736172285955893 -0.25662105899215154 -0.051790951892294351 -0.044334901700639612 -0.043424643959433462 0.12474442547266076 0.067068963215702979 -0.049227521516743061 -0.062223700533815332 0.057623632750255116 -0.12849452644586565 0.0014290059828941193 0.13640661572504623 0.10499980024413931 -0.10054088770320602 0.016228293181173414 -0.020061660147184742 0.027414130852643777 -0.021438234723596412 0.0057705670744180679 -0.27625539934185023
leaf_weight=217 312 192 782 259 314 125 1434 127 1497 189 293 229 402 3579 803 1094 147 2813 697 88 679 1143 675 51 915 320 487 770 50 672
leaf_count=217 312 192 782 259 314 125 1434 127 1497 189 293 229 402 3579 803 1094 147 2813 697 88 679 1143 675 51 915 320 487 770 50 672
internal_value=0.00025583 -0.0720343 0.0726605 -0.205873 0.089986 -0.0410537 0.11762 0.0266837 0.0649914 -0.245392 -0.207145 -0.113939 -0.0121989 -0.0488364 0.100276 0.0504896 0.0112354 -0.051782 0.0632766 -0.0730841 -0.00806715 0.144248 0.0907801 -0.162265 0.0240989 -0.00631736 0.0171251 -0.0292919 0.0541529 -0.269913
internal_weight=21355 10686 10669 1998 7742 8688 3694 2927 4048 1413 552 585 1851 6837 2237 2591 2053 6392 874 317 826 1457 1457 268 1227 445 679 1172 747 861
internal_count=21355 10686 10669 1998 7742 8688 3694 2927 4048 1413 552 585 1851 6837 2237 2591 2053 6392 874 317 826 1457 1457 268 1227 445 679 1172 747 861
cat_boundaries=0 1 2 3 4 5 6 7 8
cat_threshold=384 519 519 256 8 12 168 1
is_linear=0
shrinkage=0.05


Tree=4
num_leaves=29
num_cat=2
split_feature=2 8 0 0 0 0 0 0 0 8 6 0 5 8 5 8 19 0 8 8 8 6 8 8 11 6 6 11
split_gain=39552.8 16155.7 9669.27 7123.1 5070.17 3083.87 2061.04 1901.34 1624.95 1519.93 1301.04 925.869 740.212 565.131 398.186 386.538 331.86 315.924 300.475 279.265 236.274 84.9548 53.8258 27.6479 20.4938 18.8037 15.5402 3.66801
threshold=0 301.85000000000008 1075.0000000000002 1850.0000000000002 1550.0000000000002 1550.0000000000002 1450.0000000000002 2350.0000000000005 1950.0000000000002 353.30000000000001 0.26469721727074674 1650.0000000000002 13.500000000000002 319.20000000000005 12.500000000000002 328.75000000000006 1 2450.0000000000005 411.60000000000008 411.60000000000008 513.75000000000011 0.17781385281385284 381.20000000000005 278.7000000000001 1.0000000180025095e-35 0.11670274170274171 0.093666355431061318 2.5000000000000004
decision_type=9 2 2 2 2 2 2 2 2 2 2 2 2 2 2 2 1 2 2 2 2 2 2 2 2 2 2 2
left_child=1 2 23 5 6 15 13 11 25 -10 12 -4 19 21 -7 -3 22 -18 -14 -6 -15 -2 -12 26 -8 -5 -1 -25
right_child=4 3 7 8 10 14 24 -9 9 -11 16 -13 18 20 -16 -17 17 -19 -20 -21 -22 -23 -24 27 -26 -27 -28 -29
leaf_value=0.01392377971361081 -0.0037987038425494352 -0.085660526257318764 -0.17154716846689713 -0.31319792301226884 0.084153467841667162 0.034554188173556412 -0.16445559370067886 0.039817064796697423 -0.027954638966184577 -0.21421252758479589 0.066363083300130507 -0.28129517082299027 0.047215315858606229 0.032792429546244402 -0.0022228859107197674 -0.047353066221243537 0.14693633545512827 0.033223354467190803 0.080362456200217522 0.11738275002370127 0.073328620087481644 0.026122005556918595 0.10064431129762069 0.0013181164273864602 -0.20634724057637729 -0.28368004723957607 0.041126875099786499 -0.014372928151860835
leaf_weight=165 1179 822 226 78 1447 1001 53 53 192 255 204 1284 1589 1306 2780 3311 1339 64 1200 1123 496 297 261 146 65 175 77 50
leaf_count=165 1179 822 226 78 1447 1001 53 53 192 255 204 1284 1589 1306 2780 3311 1339 64 1200 1123 496 297 261 146 65 175 77 50
internal_value=-7.90617e-05 -0.0683067 -0.196354 -0.0386411 0.0680974 -0.0251188 0.0177705 -0.254538 -0.191521 -0.134209 0.0918405 -0.264869 0.0793154 0.0251609 0.00751365 -0.0549719 0.127773 0.140746 0.0614773 0.0986735 0.04395 0.00222193 0.0838026 0.011274 -0.187532 -0.29278 0.0225793 -0.0026847
internal_weight=21238 10615 2001 8614 10623 7914 3396 1563 700 447 7227 1510 5359 3278 3781 4133 1868 1403 2789 2570 1802 1476 465 438 118 253 242 196
internal_count=21238 10615 2001 8614 10623 7914 3396 1563 700 447 7227 1510 5359 3278 3781 4133 1868 1403 2789 2570 1802 1476 465 438 118 253 242 196
cat_boundaries=0 1 2
cat_threshold=384 16
is_linear=0
shrinkage=0.05


Tree=5
num_leaves=29
num_cat=6
split_feature=3 8 0 0 0 0 1 0 0 6 5 0 1 8 1 1 8 8 5 1 8 6 8 6 8 13 6 6
split_gain=36290.4 15104.5 8641.71 6402.98 4696.64 2743.83 2437.45 1901.17 1788.17 1309.66 957.867 801.965 726.277 477.206 436.803 359.656 290.666 192.515 160.047 159.603 107.306 76.8842 68.5628 31.0201 29.165 16.6395 14.3391 3.15491
threshold=0 301.85000000000008 1075.0000000000002 1850.0000000000002 1550.0000000000002 1550.0000000000002 1 1450.0000000000002 2350.0000000000005 0.36379823879823886 11.500000000000002 1650.0000000000002 2 411.60000000000008 3 4 487.60000000000008 443.05000000000007 13.500000000000002 5 381.20000000000005 0.47689698645580997 443.05000000000007 0.19874014874014875 278.7000000000001 4.5000000000000009 0.083074795574795593 0.069864612511671351
decision_type=9 2 2 2 2 2 1 2 2 2 2 2 1 2 1 1 2 2 2 1 2 2 2 2 2 2 2 2
left_child=1 2 24 5 7 15 23 12 11 10 17 -4 20 -12 -7 -3 -8 -6 21 -14 -2 -11 -20 -5 26 -9 -1 -26
right_child=4 3 8 6 9 14 16 25 -10 18 13 -13 19 -15 -16 -17 -18 -19 22 -21 -22 -23 -24 -25 27 -27 -28 -29
leaf_value=0.01137042647476872 0.040410539953836373 -0.075393002506608922 -0.16372296456421648 -0.041548129470095417 0.095633025422444076 0.031208923572719413 -0.27715654318982902 -0.16224892086965936 0.034295586982209768 0.12626164109157076 0.050372774327972415 -0.26817297938692852 0.024689873201636625 0.084691710348285043 -0.0047457099528412519 -0.0418620639127106 -0.20169468701700211 0.12774845202212554 0.10192073907423992 0.00013700594990448143 0.086654589045267238 0.16541192051570838 0.13949400042463095 -0.0014346029471468044 -0.0093193760426715008 -0.1999035633802414 0.036160506704126044 0.0044026238540749224
leaf_weight=142 175 1178 214 119 1316 1252 264 71 56 174 2354 1301 1319 1778 2552 2942 247 723 309 1329 443 449 200 81 125 50 99 63
leaf_count=142 175 1178 214 119 1316 1252 264 71 56 174 2354 1301 1319 1778 2552 2942 247 723 309 1329 443 449 200 81 125 50 99 63
internal_value=0.000388298 -0.0649758 -0.188851 -0.0363596 0.0654157 -0.0234625 -0.180096 0.0168117 -0.243163 0.0880469 0.0789782 -0.253419 0.0240221 0.0651402 0.00715751 -0.0517339 -0.236061 0.107021 0.137484 0.012414 0.0723883 0.154477 0.116684 -0.0240973 0.0100395 -0.177809 0.0215539 -0.00472105
internal_weight=21325 10635 2000 8635 10690 7924 711 3387 1571 7303 6171 1515 3266 4132 3804 4120 511 2039 1132 2648 618 623 509 200 429 121 241 188
internal_count=21325 10635 2000 8635 10690 7924 711 3387 1571 7303 6171 1515 3266 4132 3804 4120 511 2039 1132 2648 618 623 509 200 429 121 241 188
cat_boundaries=0 1 2 3 4 5 6
cat_threshold=1 288 144 320 40 329
is_linear=0
shrinkage=0.05


Tree=6
num_leaves=29
num_cat=1
split_feature=3 8 0 0 0 0 0 0 0 6 8 0 5 8 0 8 5 10 8 5 6 8 8 5 14 8 6 6
split_gain=32838.6 14125.1 7341.97 5778.95 4218.91 2573.74 1631.49 1576.15 1425.32 1300.22 1223.08 712.023 703.676 532.817 338.632 328.201 324.178 286.773 255.257 184.096 145.419 126.582 55.8991 24.4014 19.5529 19.1283 12.181 2.85074
threshold=0 301.85000000000008 1075.0000000000002 1850.0000000000002 1550.0000000000002 1550.0000000000002 1450.0000000000002 2350.0000000000005 1950.0000000000002 0.31035076035076042 353.30000000000001 1650.0000000000002 13.500000000000002 381.20000000000005 1350.0000000000002 411.60000000000008 12.500000000000002 1.0000000180025095e-35 411.60000000000008 10.500000000000002 0.14989531166001757 513.75000000000011 443.05000000000007 14.500000000000002 0.30384615384615393 278.7000000000001 0.084663158192569962 0.025717338217338223
decision_type=9 2 2 2 2 2 2 2 2 2 2 2 2 2 2 2 2 2 2 2 2 2 2 2 2 2 2 2
left_child=1 2 25 5 6 14 13 11 23 12 -10 -4 15 20 -3 -6 -7 -15 -14 22 -2 -21 -11 -5 -8 26 -1 -27
right_child=4 3 7 8 9 16 24 -9 10 19 -12 -13 18 17 -16 -17 -18 -19 -20 21 -22 -23 -24 -25 -26 27 -28 -29
leaf_value=0.0097476496442452376 0.0023897079261155263 -0.06212497507033056 -0.15621426363066851 -0.25354295395597631 0.075455019555523181 0.031449783883415093 -0.14462405805263603 0.035514911726393088 -0.026030655536800625 0.1371151361375528 -0.19221728365387647 -0.25316276946456773 0.042661284062006477 0.082144437846378676 -0.033392865671801962 0.10947577145498724 -0.0016005773346755841 0.0274147767942046 0.072542444140161977 0.099913078907523489 0.030705158631033382 0.13871286610135522 0.17133776724875469 -0.28520201631266662 -0.18519506454467774 -0.013842924908269197 0.033837828263180492 0.00031613222857164902
leaf_weight=149 1726 2366 221 158 1603 1008 57 54 200 305 248 1324 1648 467 1810 1271 2811 491 1262 624 615 317 196 99 62 50 81 123
leaf_count=149 1726 2366 221 158 1603 1008 57 54 200 305 248 1324 1648 467 1810 1271 2811 491 1262 624 615 317 196 99 62 50 81 123
internal_value=-0.00032199 -0.0621406 -0.181945 -0.0346434 0.0618338 -0.0225424 0.0161219 -0.230014 -0.171873 0.0835417 -0.118027 -0.239295 0.0729517 0.0226828 -0.0496716 0.0905004 0.00712285 0.0540941 0.0556201 0.126019 0.00982841 0.112984 0.150504 -0.265738 -0.165762 0.00878412 0.0182316 -0.00377608
internal_weight=21346 10702 2002 8700 10644 7995 3418 1599 705 7226 448 1545 5784 3299 4176 2874 3819 958 2910 1442 2341 941 501 257 119 403 230 173
internal_count=21346 10702 2002 8700 10644 7995 3418 1599 705 7226 448 1545 5784 3299 4176 2874 3819 958 2910 1442 2341 941 501 257 119 403 230 173
cat_boundaries=0 1
cat_threshold=1
is_linear=0
shrinkage=0.05


Tree=7
num_leaves=29
num_cat=10
split_feature=2 8 0 0 0 0 1 0 0 6 0 1 8 1 1 8 3 19 1 1 8 8 6 0 1 7 6 6
split_gain=29439.1 12516.3 6914.61 5020.55 3755.76 2276.49 1887.13 1477.58 1313.5 1065.8 656.616 609.236 495.708 382.181 278.836 252.336 201.014 178.453 141.288 133.877 116.773 84.0285 45.0945 33.0771 23.1158 19.2688 10.5918 1.82032
threshold=0 301.85000000000008 1075.0000000000002 1850.0000000000002 1550.0000000000002 1550.0000000000002 1 1450.0000000000002 2350.0000000000005 0.29283380018674143 1650.0000000000002 2 381.20000000000005 3 4 487.60000000000008 5 6 7 8 411.60000000000008 381.20000000000005 0.15802514478985072 2350.0000000000005 9 0.033333333333333326 0.065690164954870858 0.072658128908128922
decision_type=9 2 2 2 2 2 1 2 2 2 2 1 2 1 1 2 9 1 1 1 2 2 2 2 1 2 2 2
left_child=1 2 24 5 7 14 22 11 10 12 -4 21 18 -7 -3 -8 -14 23 -6 -13 -19 -2 -5 -11 27 -9 -26 -1
right_child=4 3 8 6 9 13 15 25 -10 17 -12 19 16 -15 -16 -17 -18 20 -20 -21 -22 -23 -24 -25 26 -27 -28 -29
leaf_value=0.022683741483423447 0.036529477113059587 -0.029792483619432542 -0.14712934000593311 -0.057699296180572783 0.03698367475592923 0.028317434762756884 -0.25376365481619817 -0.13839072841954858 0.031737611829536036 0.068056580049391732 -0.24201821449531755 0.022103285815198132 0.087577354341242322 -0.0050481546995425463 -0.057299188392698756 -0.18142795155531374 0.031086510126564416 0.10990142427626066 0.062341590322618878 -0.00042653766092649127 0.14015916388527636 0.077188395996274972 -0.010962504771930622 0.10934186621995297 -0.0080417247871526175 -0.1789861505230268 0.01044054329842741 0.035607208179479294
leaf_weight=54 175 1558 212 90 953 1286 251 57 50 273 1302 1310 2599 2537 2603 232 208 625 1899 1326 651 464 121 59 164 60 147 55
leaf_count=54 175 1558 212 90 953 1286 251 57 50 273 1302 1310 2599 2537 2603 232 208 625 1899 1326 651 464 121 59 164 60 147 55
internal_value=3.88003e-05 -0.0586782 -0.172033 -0.0328303 0.0587723 -0.0216177 -0.161823 0.0153854 -0.220404 0.0791047 -0.228731 0.0216228 0.0688976 0.0062364 -0.0472092 -0.214576 0.0838141 0.115027 0.0542165 0.0108112 0.124364 0.0650356 -0.0294995 0.0731889 0.00809342 -0.159209 0.000672639 0.0267506
internal_weight=21321 10662 1984 8678 10659 7984 694 3392 1564 7267 1514 3275 5659 3823 4161 483 2807 1608 2852 2636 1276 639 211 332 420 117 311 109
internal_count=21321 10662 1984 8678 10659 7984 694 3392 1564 7267 1514 3275 5659 3823 4161 483 2807 1608 2852 2636 1276 639 211 332 420 117 311 109
cat_boundaries=0 1 2 3 4 5 6 7 8 9 10
cat_threshold=384 288 144 320 384 6 16 524 329 1
is_linear=0
shrinkage=0.05


Tree=8
num_leaves=29
num_cat=7
split_feature=2 8 0 0 0 0 1 0 0 19 0 0 1 8 1 6 8 8 1 13 6 6 6 1 12 6 6 6
split_gain=25845.7 10697.2 6269.02 4664.19 3453.38 2007.53 1719.22 1496.08 1299.29 938.585 609.154 599.488 495.463 367.409 320.831 299.63 294.143 202.998 137.299 127.868 127.509 72.2226 42.3056 20.8734 16.4721 14.7177 11.1058 2.54399
threshold=0 301.85000000000008 1075.0000000000002 1850.0000000000002 1550.0000000000002 1550.0000000000002 1 1450.0000000000002 2350.0000000000005 2 1650.0000000000002 2450.0000000000005 3 411.60000000000008 4 0.17130677057147645 328.75000000000006 487.60000000000008 5 5.5000000000000009 0.19874014874014875 0.13006005432476023 0.19874014874014875 6 2.5000000000000004 0.16584249084249086 0.11106083459024638 0.076976944624003465
decision_type=9 2 2 2 2 2 1 2 2 1 2 2 1 2 1 2 2 2 1 2 2 2 2 1 2 2 2 2
left_child=1 2 23 5 7 16 22 12 10 11 -4 15 21 18 -7 -6 -3 -8 -11 -15 -14 -2 -5 27 -9 -13 -25 -1
right_child=4 3 8 6 9 14 17 24 -10 13 -12 25 20 19 -16 -17 -18 -19 -20 -21 -22 -23 -24 26 -26 -27 -28 -29
leaf_value=0.021552999503910542 0.047907181088660551 -0.071327469228755366 -0.13892059370673079 -0.042229447023648968 0.083260204600826976 0.02662660412162858 -0.2359961781594338 -0.13418143710084993 0.029743882596293198 0.05947027734885333 -0.2288336646197171 0.0016257036849856377 0.0056566445614144095 0.084438661613182697 -0.0041867440815751729 0.12179136738536711 -0.03772474321475202 -0.17259735660858391 0.03533328610753355 0.055613548005374519 0.03461976911840161 0.083150840830489972 0.0050302661909365359 -0.0026041954602767491 -0.17111308908945808 -0.036737935781478881 0.021559109831036167 0.036783308664766638
leaf_weight=58 398 810 221 114 797 1254 264 51 56 1685 1276 50 2208 1647 2544 1375 3323 242 1112 502 459 229 81 264 74 50 58 52
leaf_count=58 398 810 221 114 797 1254 264 51 56 1685 1276 50 2208 1647 2544 1375 3323 242 1112 502 459 229 81 264 74 50 58 52
internal_value=2.504e-05 -0.055138 -0.15985 -0.0311225 0.0550844 -0.0201956 -0.154748 0.0137418 -0.206714 0.0747438 -0.21556 0.101694 0.0201849 0.0620328 0.0060461 0.107653 -0.0443103 -0.201689 0.0502131 0.0777052 0.0106015 0.0598251 -0.0214961 0.00862437 -0.156045 -0.0175561 0.00169554 0.0263567
internal_weight=21254 10617 1985 8632 10637 7931 701 3419 1553 7218 1497 2272 3294 4946 3798 2172 4133 506 2797 2149 2667 627 195 432 125 100 322 110
internal_count=21254 10617 1985 8632 10637 7931 701 3419 1553 7218 1497 2272 3294 4946 3798 2172 4133 506 2797 2149 2667 627 195 432 125 100 322 110
cat_boundaries=0 1 2 3 4 5 6 7
cat_threshold=384 288 14 144 320 417 1
is_linear=0
shrinkage=0.05


Tree=9
num_leaves=30
num_cat=6
split_feature=2 8 0 0 0 0 1 0 5 6 1 0 8 1 1 6 8 8 5 8 8 8 6 8 1 13 6 14 6
split_gain=23531.5 9637.46 5633.15 4261.79 3038.61 1736.08 1504.29 1310.91 949.479 593.21 527.487 413.457 355.43 332.639 299.728 263.248 230.77 199.407 170.596 129.747 83.0197 71.2479 29.3246 26.5852 22.6673 21.5181 10.8355 5.22728 1.21266
threshold=0 301.85000000000008 1075.0000000000002 1850.0000000000002 1550.0000000000002 1550.0000000000002 1 1450.0000000000002 11.500000000000002 0.39230363862716805 2 1650.0000000000002 411.60000000000008 3 4 0.47689698645580997 443.05000000000007 487.60000000000008 12.500000000000002 381.20000000000005 411.60000000000008 513.75000000000011 0.15802514478985072 309.00000000000006 5 4.5000000000000009 0.11106083459024638 0.32291666666666669 0.072658128908128922
decision_type=9 2 2 2 2 2 1 2 2 2 1 2 2 1 1 2 2 2 2 2 2 2 2 2 1 2 2 2 2
left_child=1 2 24 5 7 14 22 10 15 12 19 27 -10 -7 -3 16 -6 -8 -13 -2 -12 -11 -5 -17 28 -9 -26 -4 -1
right_child=4 3 11 6 8 13 17 25 9 21 20 18 -14 -15 -16 23 -18 -19 -20 -21 -22 -23 -24 -25 26 -27 -28 -29 -30
leaf_value=0.024933717765712314 0.033991821367228989 -0.062545149795522809 -0.12191365781952353 -0.047715308026156644 0.077656393014370148 0.026000469740671675 -0.22741776797116972 -0.12733491307922773 0.038545124954545242 0.091275983657472734 0.0010416745215126144 -0.17370146009025991 0.068183716525532345 -0.0052379900524431242 -0.032435474322018272 0.11484040972765214 0.11146844779187698 -0.16425345975373473 -0.21640558935229373 0.069425247978137025 0.024478129084855783 0.12674889530234495 -0.0091452304332051426 0.14816851705052447 -0.002329146696625063 -0.16934336081699089 0.022807501150151333 -0.13849344623239734 0.035537362471222876
leaf_weight=56 591 1217 68 88 1361 1274 255 70 2357 422 1749 303 1772 2529 2915 81 802 245 1025 459 482 213 112 229 269 54 51 158 52
leaf_count=56 591 1217 68 88 1361 1274 255 70 2357 422 1749 303 1772 2529 2915 81 802 245 1025 459 482 213 112 229 269 54 51 158 52
internal_value=0.000338688 -0.0523033 -0.151785 -0.0295296 0.0528564 -0.0190966 -0.147795 0.0139553 0.0712324 0.058184 0.0199865 -0.196023 0.0512648 0.00528145 -0.0415336 0.0963691 0.0901933 -0.192615 -0.206662 0.0490145 0.0060778 0.103175 -0.0248724 0.13946 0.00883382 -0.145629 0.00162619 -0.133505 0.0274935
internal_weight=21259 10617 1982 8635 10642 7935 700 3405 7237 4764 3281 1554 4129 3803 4132 2473 2163 500 1328 1050 2231 635 200 310 428 124 320 226 108
internal_count=21259 10617 1982 8635 10642 7935 700 3405 7237 4764 3281 1554 4129 3803 4132 2473 2163 500 1328 1050 2231 635 200 310 428 124 320 226 108
cat_boundaries=0 1 2 3 4 5 6
cat_threshold=384 288 400 320 40 1
is_linear=0
shrinkage=0.05


Tree=10
num_leaves=31
num_cat=12
split_feature=2 1 1 5 6 5 5 1 6 19 5 6 5 5 1 17 6 1 17 6 6 6 19 3 6 6 5 1 5 5
split_gain=21446.5 8810.74 1769.46 1536.29 1159.22 539.255 409.247 358.861 353.429 273.092 241.819 213.971 276.276 200.187 177.194 122.392 121.877 121.679 119.325 109.596 108.545 92.872 91.6902 81.371 77.9721 58.5256 48.5222 38.0513 35.9117 26.3034
threshold=0 1 2 12.500000000000002 0.11590909090909092 11.500000000000002 13.500000000000002 3 0.17781385281385284 4 14.500000000000002 0.077849927849927864 14.500000000000002 11.500000000000002 5 6 0.11766191325014856 7 8 0.36379823879823886 0.26988795518207287 0.080917366946778729 9 10 0.25739723239723239 0.092595585242644093 10.500000000000002 11 10.500000000000002 14.500000000000002
decision_type=9 1 1 2 2 2 2 1 2 1 2 2 2 2 1 1 2 1 1 2 2 2 1 9 2 2 2 1 2 2
left_child=1 3 8 13 10 19 7 20 15 17 28 12 -5 24 -7 25 -11 -8 -10 -6 -3 -15 -9 -12 -1 -2 -20 -17 -4 -13
right_child=2 6 4 11 5 14 9 22 18 16 23 29 -14 21 -16 27 -18 -19 26 -21 -22 -23 -24 -25 -26 -27 -28 -29 -30 -31
leaf_value=-0.12427481137434666 0.0044164967244850603 0.004614701200490583 0.069185429758011646 -0.11126971914334677 0.093236952814268026 0.08770235176457572 -0.02790398531699494 0.016085573295289177 0.010396819732097141 -0.030005693758198223 0.029788856584933306 -0.17980960181120756 -0.18176131800810497 -0.022408261080421748 0.057151134393122638 -0.032792955897985747 -0.0057797616660408948 -0.047157386947119975 0.068731268399663398 0.12274832529561004 0.045496333341546145 -0.076061143872640402 -0.031742182462592299 -0.0090550520746155265 -0.054872343006233372 0.027176721188368381 0.041642044602021422 -0.0050921435105972246 0.05014287388777855 -0.19726565912533345
leaf_weight=196 606 753 356 259 1352 744 1278 108 245 1207 1635 419 300 156 2247 147 911 3141 295 410 207 167 1113 148 51 529 376 651 813 445
leaf_count=196 606 753 356 259 1352 744 1278 108 245 1207 1635 419 300 156 2247 147 911 3141 295 410 207 167 1113 148 51 529 376 651 813 445
internal_value=-0.000240038 -0.0500603 0.0503211 -0.144695 0.0627957 0.0781613 -0.028285 -0.00956248 0.0164823 -0.0345748 0.0382683 -0.173205 -0.149101 -0.0760601 0.0652349 0.00441722 -0.0194935 -0.0416648 0.0421226 0.100104 0.0132914 -0.0501483 -0.0274154 0.0266809 -0.109945 0.0148933 0.0527652 -0.0105376 0.055942 -0.1888
internal_weight=21265 10711 10554 1993 7705 4753 8718 2181 2849 6537 2952 1423 559 570 2991 1933 2118 4419 916 1762 960 323 1221 1783 247 1135 671 798 1169 864
internal_count=21265 10711 10554 1993 7705 4753 8718 2181 2849 6537 2952 1423 559 570 2991 1933 2118 4419 916 1762 960 323 1221 1783 247 1135 671 798 1169 864
cat_boundaries=0 1 2 3 4 5 6 7 8 9 10 11 12
cat_threshold=384 519 519 288 17 16 12 384 2 40 6 1
is_linear=0
shrinkage=0.05


Tree=11
num_leaves=29
num_cat=1
split_feature=2 8 0 0 0 0 0 0 0 8 6 5 0 8 8 5 0 10 5 5 7 13 8 6 6 6 7 8
split_gain=18910.2 7664.21 4699.42 3876.82 2538.58 1629.08 1181.68 1010.55 977.299 921.28 772.496 483.652 443.93 342.365 298.637 249.173 244.22 180.851 135.256 130.317 106.758 65.8949 56.5104 21.7079 15.9702 10.8797 6.20134 3.83721
threshold=0 301.85000000000008 1075.0000000000002 1850.0000000000002 1550.0000000000002 1550.0000000000002 1450.0000000000002 2350.0000000000005 1950.0000000000002 353.30000000000001 0.29283380018674143 10.500000000000002 1650.0000000000002 381.20000000000005 411.60000000000008 12.500000000000002 1350.0000000000002 1.0000000180025095e-35 12.500000000000002 13.500000000000002 0.0083333333333333367 1.0000000180025095e-35 443.05000000000007 0.10981267507002802 0.069864612511671351 0.15887396916808685 0.0091242091242091251 278.7000000000001
decision_type=9 2 2 2 2 2 2 2 2 2 2 2 2 2 2 2 2 2 2 2 2 2 2 2 2 2 2 2
left_child=1 2 24 5 6 16 13 12 23 -10 11 22 -4 18 -13 -7 -3 -15 -2 20 -12 -21 -6 -5 27 -8 -26 -1
right_child=4 3 7 8 10 15 25 -9 9 -11 19 14 -14 17 -16 -17 -18 -19 -20 21 -22 -23 -24 -25 26 -27 -28 -29
leaf_value=0.0094427186256844167 0.028750838329494228 -0.048918568388038125 -0.11835102562514527 -0.23692123309986013 0.075356852378365202 0.028580183276964169 -0.14772645449870592 0.04311768272519112 -0.016500866902500112 -0.15718232814020427 0.12504731176796954 0.036800783614375054 -0.19672668953333572 0.065240033387368473 0.063172355899130006 -0.00067214371284452174 -0.024483386515835259 0.021672531974696093 0.00023622158805060501 0.08786046456238443 0.091087871279330351 0.051753351226745348 0.097793649865712429 -0.20499936576344469 0.036908771692013197 -0.11845308103495174 0.016686123087773192 -0.0032022361029252541
leaf_weight=121 546 2371 211 74 830 987 77 50 212 258 441 2583 1257 460 1837 2774 1798 494 1745 448 487 176 424 190 55 54 122 119
leaf_count=121 546 2371 211 74 830 987 77 50 212 258 441 2583 1257 460 1837 2774 1798 494 1745 448 487 176 424 190 55 54 122 119
internal_value=0.000126184 -0.0470799 -0.137093 -0.027031 0.0473187 -0.0168554 0.0115685 -0.177933 -0.136966 -0.093726 0.0640867 0.0555366 -0.185462 0.0175121 0.0477611 0.00700455 -0.0383802 0.0426799 0.00703194 0.0953452 0.107226 0.0776764 0.0829431 -0.213947 0.011576 -0.13566 0.02297 0.00317293
internal_weight=21201 10599 1935 8664 10602 7930 3376 1518 734 470 7226 5674 1468 3245 4420 3761 4169 954 2291 1552 928 624 1254 264 417 131 177 240
internal_count=21201 10599 1935 8664 10602 7930 3376 1518 734 470 7226 5674 1468 3245 4420 3761 4169 954 2291 1552 928 624 1254 264 417 131 177 240
cat_boundaries=0 1
cat_threshold=384
is_linear=0
shrinkage=0.05


Tree=12
num_leaves=30
num_cat=7
split_feature=2 8 0 0 0 0 1 0 6 5 1 0 1 1 8 8 8 19 5 1 8 8 5 6 6 13 14 7 6
split_gain=17825 7251.97 4475.36 3632.32 2373.04 1404.05 1338.18 1025.08 715.976 454.079 389.617 378.472 249.781 233.213 176.756 173.51 142.06 140.678 120.988 102.027 92.789 64.7835 27.7765 26.8048 19.6259 7.6698 5.80452 5.6462 1.6641
threshold=0 301.85000000000008 1075.0000000000002 1850.0000000000002 1550.0000000000002 1550.0000000000002 1 1450.0000000000002 0.28553044178044185 13.500000000000002 2 1650.0000000000002 3 4 487.60000000000008 340.90000000000003 443.05000000000007 5 13.500000000000002 6 411.60000000000008 381.20000000000005 14.500000000000002 0.19446733821733822 0.069864612511671351 4.5000000000000009 0.32291666666666669 0.0091242091242091251 0.015909090909090911
decision_type=9 2 2 2 2 2 1 2 2 2 1 2 1 1 2 2 2 1 2 1 2 2 2 2 2 2 2 2 2
left_child=1 2 24 5 7 13 23 10 9 15 21 26 -7 -3 -8 -6 -11 22 -13 -12 -19 -2 -10 -5 28 -9 -4 -26 -1
right_child=4 3 11 6 8 12 14 25 17 16 19 18 -14 -15 -16 -17 -18 20 -20 -21 -22 -23 -24 -25 27 -27 -28 -29 -30
leaf_value=-0.0053946564676331694 0.026643032060080285 -0.054996200879281344 -0.099527295013623576 -0.03514047413229926 0.052133870014697284 0.02381472741233492 -0.20608598500926856 -0.12009486278442488 0.070695406281427564 0.031634622526630365 -0.01320941960907676 -0.16036640142145403 -0.0033571735679208316 -0.028406482554922653 -0.14739500457990515 0.078001547765119209 0.055522876651731334 0.086491796068546567 -0.19239916069022681 0.012441618686948902 0.11334699920524367 0.061614491091841285 0.043035132587406669 0.0017821710235599816 0.035993457437725744 -0.14551443199813366 -0.11689200909300285 0.0174729181098119 0.0042027683425480611
leaf_weight=61 185 1214 70 113 1054 1259 273 73 219 1898 467 442 2534 2905 242 1684 926 632 885 2113 655 466 155 87 60 50 154 131 174
leaf_count=61 185 1214 70 113 1054 1259 273 73 219 1898 467 442 2534 2905 242 1684 926 632 885 2113 655 466 155 87 60 50 154 131 174
internal_value=5.05149e-05 -0.0457377 -0.132156 -0.0259867 0.0459554 -0.0162336 -0.133912 0.0112437 0.0621374 0.0535348 0.0166369 -0.171582 0.00571586 -0.0364458 -0.175107 0.0680437 0.0394677 0.0909439 -0.18173 0.00776551 0.0993871 0.0508946 0.0576894 -0.0181706 0.0113868 -0.130428 -0.111466 0.0232909 0.00171152
internal_weight=21181 10604 1977 8627 10577 7912 715 3354 7223 5562 3231 1551 3793 4119 515 2738 2824 1661 1327 2580 1287 651 374 200 426 123 224 191 235
internal_count=21181 10604 1977 8627 10577 7912 715 3354 7223 5562 3231 1551 3793 4119 515 2738 2824 1661 1327 2580 1287 651 374 200 426 123 224 191 235
cat_boundaries=0 1 2 3 4 5 6 7
cat_threshold=384 288 144 320 40 16 512
is_linear=0
shrinkage=0.05


Tree=13
num_leaves=29
num_cat=5
split_feature=2 8 0 0 0 0 1 0 0 5 6 0 1 1 8 8 6 8 5 6 8 8 6 8 1 13 6 6
split_gain=16011.2 6463.9 3881.97 3263.43 2205.73 1308.19 1126.76 988.643 919.365 739.297 444.664 396.081 369.406 260.316 255.999 224.674 132.354 130.137 88.3443 78.6541 70.1216 52.5294 20.8512 19.2719 18.6804 10.6827 8.85607 2.07832
threshold=0 301.85000000000008 1075.0000000000002 1850.0000000000002 1550.0000000000002 1550.0000000000002 1 2350.0000000000005 1450.0000000000002 10.500000000000002 0.42228327228327234 1650.0000000000002 2 3 381.20000000000005 328.75000000000006 0.44333447054035297 487.60000000000008 12.500000000000002 0.1607673372379255 443.05000000000007 513.75000000000011 0.19181450357920948 309.00000000000006 4 4.5000000000000009 0.069563279857397506 0.075717338217338226
decision_type=9 2 2 2 2 2 1 2 2 2 2 2 1 1 2 2 2 2 2 2 2 2 2 2 1 2 2 2
left_child=1 2 24 5 8 15 22 11 12 16 14 -4 19 -7 -11 -3 20 -8 -14 -2 -6 -12 -5 -18 27 -10 -26 -1
right_child=4 3 7 6 9 13 17 -9 25 10 21 -13 18 -15 -16 -17 23 -19 -20 -21 -22 -23 -24 -25 26 -27 -28 -29
leaf_value=0.023996756775748886 0.038799027661159363 -0.058015228535065681 -0.1066318651886799 -0.036154265354918405 0.073271477743973926 -0.0137047355551477 -0.19099413303747065 0.049569211548832426 -0.11311109876808 0.033056558269418501 0.077018037185528326 -0.17880223154258693 0.024204828218399713 0.014648585864724778 0.05629457406667128 -0.028853916848148593 0.097551794674085535 -0.14085181027923416 0.0021095829778281119 0.077667445898597143 0.095261447781874606 0.10569657268858235 -0.0038784075865244613 0.12849189898359678 -0.0031108916996427896 -0.14338333873059966 0.014213322936630565 0.037649181835353374
leaf_weight=63 477 824 223 107 996 1159 273 54 68 2424 455 1289 579 2632 2319 3329 69 246 2069 179 570 246 94 186 176 51 127 50
leaf_count=63 477 824 223 107 996 1159 273 54 68 2424 455 1289 579 2632 2319 3329 69 246 2069 179 570 246 94 186 176 51 127 50
internal_value=0.000294583 -0.0430864 -0.124584 -0.0244924 0.0435047 -0.0152541 -0.126422 -0.16065 0.0104542 0.0591368 0.049912 -0.168158 0.015372 0.00598278 0.0444183 -0.0346398 0.086715 -0.164066 0.00691472 0.0486631 0.0812755 0.0870821 -0.020062 0.12012 0.0111823 -0.126085 0.00401781 0.0275956
internal_weight=21334 10646 1982 8664 10688 7944 720 1566 3423 7265 5444 1512 3304 3791 4743 4153 1821 519 2648 656 1566 701 201 255 416 119 303 113
internal_count=21334 10646 1982 8664 10688 7944 720 1566 3423 7265 5444 1512 3304 3791 4743 4153 1821 519 2648 656 1566 701 201 255 416 119 303 113
cat_boundaries=0 1 2 3 4 5
cat_threshold=384 288 144 24 1
is_linear=0
shrinkage=0.05


Tree=14
num_leaves=29
num_cat=7
split_feature=2 8 0 0 0 0 1 0 0 6 0 1 8 19 19 8 8 6 1 6 0 0 0 6 1 11 6 6
split_gain=14369.7 5724.9 3674.25 2699.42 1994 1203.16 1149.29 976.788 860.227 681.276 402.873 362.454 245.134 229.59 204.072 191.557 156.298 143.835 126.856 109.327 105.438 69.9697 46.704 26.6005 16.1007 13.1748 7.15346 3.34656
threshold=0 301.85000000000008 1075.0000000000002 1850.0000000000002 1550.0000000000002 1550.0000000000002 1 2350.0000000000005 1450.0000000000002 0.26469721727074674 1650.0000000000002 2 411.60000000000008 3 4 328.75000000000006 487.60000000000008 0.10132668257668258 5 0.1555911680911681 2450.0000000000005 1175.0000000000002 2350.0000000000005 0.19874014874014875 6 1.0000000180025095e-35 0.069864612511671351 0.083074795574795593
decision_type=9 2 2 2 2 2 1 2 2 2 2 1 2 1 1 2 2 2 1 2 2 2 2 2 1 2 2 2
left_child=1 2 24 5 8 15 23 10 11 12 -4 19 18 -7 22 -3 -8 -14 -6 -2 -16 -13 -11 -5 27 -10 -26 -1
right_child=4 3 7 6 9 13 16 -9 25 14 -12 21 17 -15 20 -17 -18 -19 -20 -21 -22 -23 -24 -25 26 -27 -28 -29
leaf_value=0.019981533356217874 0.028684479845437857 -0.055561968448624988 -0.099512642295619028 -0.030622290571291861 0.020575953768943462 -0.010038257797125916 -0.18681860150148472 0.046332930233645236 -0.099968071015817783 0.042908205836845036 -0.17192411755979264 0.033631912708239405 0.040057989796471238 0.014800102336753176 0.095177855546518211 -0.028660941847739426 -0.13069414320137177 0.067160960918648954 0.043931569106427634 0.064259117582812914 0.028992777329588694 0.00054748915235835441 0.08579862243005712 0.0052220881764971933 -0.0023279689641679409 -0.1324035296032966 0.012994616385549308 0.036627631012995085
leaf_weight=72 771 824 226 130 885 1553 264 59 56 385 1280 173 703 2293 1342 3361 234 1612 2142 300 63 2096 76 86 186 71 129 52
leaf_count=72 771 824 226 130 885 1553 264 59 56 385 1280 173 703 2293 1342 3361 234 1612 2142 300 63 2096 76 86 186 71 129 52
internal_value=-0.000328975 -0.0411176 -0.117381 -0.023688 0.0407428 -0.015405 -0.116855 -0.153239 0.00962229 0.055768 -0.161058 0.0144788 0.046683 0.00478285 0.0817768 -0.0339576 -0.157288 0.0589306 0.0373162 0.0382918 0.0915585 0.00305654 0.048918 -0.0156274 0.0104479 -0.118101 0.00382555 0.0249501
internal_weight=21424 10749 2004 8745 10675 8031 714 1565 3467 7208 1506 3340 5342 3846 1866 4185 498 2315 3027 1071 1405 2269 461 216 439 127 315 124
internal_count=21424 10749 2004 8745 10675 8031 714 1565 3467 7208 1506 3340 5342 3846 1866 4185 498 2315 3027 1071 1405 2269 461 216 439 127 315 124
cat_boundaries=0 1 2 3 4 5 6 7
cat_threshold=384 288 400 16 16 524 1
is_linear=0
shrinkage=0.05


Tree=15
num_leaves=30
num_cat=7
split_feature=3 8 0 0 0 0 1 0 19 0 1 0 1 13 1 0 13 8 0 8 6 8 6 13 1 6 6 11 6
split_gain=13125.5 5179.28 3408.18 2623.35 1797.2 1124.1 949.42 804.019 571.817 683.094 325.022 276.334 236.105 228.271 202.285 179.352 166.728 125.481 106.616 96.0242 74.5607 72.1854 23.2525 16.1585 14.5145 9.7488 8.93301 6.58234 3.37875
threshold=0 301.85000000000008 1075.0000000000002 1850.0000000000002 1550.0000000000002 1550.0000000000002 1 1450.0000000000002 2 2450.0000000000005 3 1650.0000000000002 4 4.5000000000000009 5 1350.0000000000002 4.5000000000000009 487.60000000000008 2150.0000000000005 381.20000000000005 0.206387403446227 411.60000000000008 0.16471224853577796 4.5000000000000009 6 0.12225829725829727 0.17321682946682945 1.5000000000000002 0.061442859972271745
decision_type=9 2 2 2 2 2 1 2 1 2 1 2 1 2 1 2 2 2 2 2 2 2 2 2 1 2 2 2 2
left_child=1 2 24 5 7 15 22 10 9 13 19 27 -7 -6 18 -3 -16 -8 -10 -2 -13 -12 -5 -9 28 -26 -11 -4 -1
right_child=4 3 11 6 8 12 17 23 14 26 21 20 -14 -15 16 -17 -18 -19 -20 -21 -22 -23 -24 -25 25 -27 -28 -29 -30
leaf_value=0.017876891244202855 0.024055297491782687 -0.041169411254546651 -0.086173295513023884 -0.034968417839294864 0.090568286254569266 -0.013047782751234711 -0.17248763664638703 -0.097419697076082237 0.02193451765775703 -0.037480601711341967 -0.0015806009209151511 -0.16080338281259068 0.013900009657810054 0.054964116769919372 0.060136405683456219 -0.020332681143345469 0.03799668210006505 -0.12370437196630046 0.0587559885170027 0.054378719408056997 -0.12875299316612052 0.019823586898299991 -0.00093341567852628338 -0.1331000846082514 0.0011753593554733684 0.025156789181753993 -0.067079955421388157 -0.10344577162162116 0.035284218085663663
leaf_weight=50 602 2349 106 93 1571 1169 284 75 1258 52 1719 1108 2616 631 1940 1843 1514 246 233 461 217 511 109 55 278 50 50 115 63
leaf_count=50 602 2349 106 93 1571 1169 284 75 1258 52 1719 1108 2616 631 1940 1843 1514 246 233 461 217 511 109 55 278 50 50 115 63
internal_value=5.61969e-05 -0.039069 -0.111947 -0.0224863 0.0392692 -0.0141735 -0.113076 0.0094466 0.0534056 0.0741842 0.0142614 -0.146921 0.00557942 0.0803656 0.0434865 -0.0320086 0.0502863 -0.14707 0.0275042 0.0368592 -0.155554 0.00330929 -0.0158198 -0.112515 0.0106606 0.00468813 -0.0519901 -0.0951612 0.0253394
internal_weight=21368 10696 1987 8709 10672 7977 732 3423 7249 2304 3293 1546 3785 2202 4945 4192 3454 530 1491 1063 1325 2230 202 130 441 328 102 221 113
internal_count=21368 10696 1987 8709 10672 7977 732 3423 7249 2304 3293 1546 3785 2202 4945 4192 3454 530 1491 1063 1325 2230 202 130 441 328 102 221 113
cat_boundaries=0 1 2 3 4 5 6 7
cat_threshold=1 288 14 400 24 646 1
is_linear=0
shrinkage=0.05


Tree=16
num_leaves=31
num_cat=5
split_feature=2 8 8 5 5 6 5 6 19 3 9 19 5 5 8 5 8 6 8 6 8 8 5 3 8 6 14 7 8 12
split_gain=11701.8 4805.11 1107.32 758.503 497.499 478.548 333.343 264.422 236.323 196.688 195.634 142.793 138.725 134.943 129.119 431.19 125.89 101.582 93.8152 89.1785 84.3914 82.2159 81.5368 80.3319 40.1552 37.2649 34.7936 31.2584 23.5491 16.7348
threshold=0 301.85000000000008 381.20000000000005 12.500000000000002 10.500000000000002 0.18344525844525847 12.500000000000002 0.095892914275267235 1 2 1.0000000180025095e-35 3 15.500000000000002 11.500000000000002 278.7000000000001 14.500000000000002 487.60000000000008 0.078441275500099036 513.75000000000011 0.092595585242644093 353.30000000000001 301.85000000000008 11.500000000000002 4 278.7000000000001 0.15403545256486437 0.10555555555555557 0.0078431372549019763 263.2000000000001 3.5000000000000004
decision_type=9 2 2 2 2 2 2 2 1 9 2 1 2 2 2 2 2 2 2 2 2 2 2 9 2 2 2 2 2 2
left_child=1 3 4 22 19 9 11 23 16 12 -9 25 -4 26 28 -16 -8 -10 -15 -2 -13 -21 27 -6 -24 -3 -7 -1 -5 -11
right_child=2 6 5 14 7 13 8 10 17 29 -12 20 -14 18 15 -17 -18 -19 -20 21 -22 -23 24 -25 -26 -27 -28 -29 -30 -31
leaf_value=-0.048158582780630364 0.020907692277067149 0.002489612397285952 0.056455972407271918 -0.16858803141914624 0.0075035912947530982 0.10525309409260375 -0.027694195526405757 0.015887643184600071 -0.025998476199284928 0.012539609898755581 0.042987699529424363 0.003396660313496812 0.032664122478554443 0.045960995214226537 -0.069973758586436619 -0.13923934394237045 -0.04744932720867593 -0.0041309187064501301 0.075491120773329728 0.044094870744665497 -0.022519846425454067 0.073704949383325169 -0.033394619972459343 -0.01597293500676945 -0.082306645769625902 0.048506279934380697 0.082812705245108184 -0.088817088868487715 -0.14235022879963696 -0.01632997596417695
leaf_weight=62 182 59 1366 142 1505 239 3895 1858 838 81 1038 823 1111 478 324 733 1017 1450 615 461 508 477 261 470 50 173 623 199 215 132
leaf_count=62 182 59 1366 142 1505 239 3895 1858 838 81 1038 823 1111 478 324 733 1017 1450 615 461 508 477 261 470 50 173 623 199 215 132
internal_value=-0.000104438 -0.0368787 0.0370604 -0.107135 0.0228896 0.0554172 -0.0209982 0.0159806 -0.0255419 0.0417356 0.025601 -6.79187e-05 0.0456006 0.0742426 -0.126788 -0.118008 -0.0317198 -0.0120873 0.0625768 0.0529377 -0.00644641 0.0591524 -0.058552 0.00187389 -0.0412583 0.0352829 0.0890346 -0.0791587 -0.152787 -0.00511143
internal_weight=21385 10749 10636 1986 5991 4645 8763 4871 7200 2690 2896 1563 2477 1955 1414 1057 4912 2288 1093 1120 1331 938 572 1975 311 232 862 261 357 213
internal_count=21385 10749 10636 1986 5991 4645 8763 4871 7200 2690 2896 1563 2477 1955 1414 1057 4912 2288 1093 1120 1331 938 572 1975 311 232 862 261 357 213
cat_boundaries=0 1 2 3 4 5
cat_threshold=384 17 6 10 2
is_linear=0
shrinkage=0.05


Tree=17
num_leaves=30
num_cat=9
split_feature=3 8 0 0 0 0 1 0 13 19 0 1 0 19 1 1 3 0 8 1 8 6 6 6 6 14 7 6 8
split_gain=10474.8 4167.7 2750.45 2275.94 1519.01 1032.74 793.273 655.804 536.733 367.474 262.546 251.062 214.659 204.492 184.253 149.894 127.768 114.19 98.1421 75.8172 74.483 63.4571 28.4115 15.0772 7.76421 4.92596 3.84437 2.55133 2.25316
threshold=0 301.85000000000008 1075.0000000000002 1850.0000000000002 1550.0000000000002 1550.0000000000002 1 1450.0000000000002 4.5000000000000009 2 2450.0000000000005 3 1650.0000000000002 4 5 6 7 2450.0000000000005 487.60000000000008 8 381.20000000000005 0.25739723239723239 0.047502334267040154 0.206387403446227 0.069864612511671351 0.35504201680672276 0.0091242091242091251 0.060644910644910656 263.2000000000001
decision_type=9 2 2 2 2 2 1 2 2 1 2 1 2 1 1 1 9 2 2 1 2 2 2 2 2 2 2 2 2
left_child=1 2 24 5 7 14 23 11 9 15 -11 20 27 -7 -3 -6 17 -10 -8 -13 -2 -14 -18 -5 28 -9 -26 -4 -1
right_child=4 3 12 6 8 13 18 25 16 10 -12 19 21 -15 -16 -17 22 -19 -20 -21 -22 -23 -24 -25 26 -27 -28 -29 -30
leaf_value=-0.002357935613164535 0.020287386842110025 -0.019653896782268247 -0.090331648882539556 -0.02863981101408844 0.02999827371262781 -0.0080176555967239899 -0.16328433481155685 -0.098524263957815786 0.039715837707321018 0.080077441011242867 -0.0083263173170218426 -0.015366580115832305 -0.1435389846306154 0.015493754363099244 -0.04104133574950445 0.056219987022620314 -0.015449959865881184 -0.0079069168588368974 -0.11893740416500548 0.0069666774164036565 0.047131393730050514 -0.10495562341987577 0.014947228516854941 -0.00026915314359755459 0.029769805907982134 -0.11898243295560991 0.014398958203951538 -0.079161953740880239 0.0086142997769598599
leaf_weight=65 588 2194 122 115 1024 1545 261 62 2076 1841 88 474 1195 2280 1981 1450 90 134 239 1763 461 117 527 79 59 56 131 88 167
leaf_count=65 588 2194 122 115 1024 1545 261 62 2076 1841 88 474 1195 2280 1981 1450 90 134 239 1763 461 117 527 79 59 56 131 88 167
internal_value=1.04872e-05 -0.0350529 -0.101269 -0.020287 0.035087 -0.0127522 -0.107144 0.00757918 0.0480867 0.0590028 0.0756523 0.011738 -0.132586 0.00601653 -0.0299474 0.0455312 0.031085 0.0366624 -0.1393 0.00218714 0.0317815 -0.140098 0.0103456 -0.0162492 0.0116777 -0.108233 0.019172 -0.085651 0.00554018
internal_weight=21272 10638 1944 8694 10634 8000 694 3404 7230 4403 1929 3286 1522 3825 4175 2474 2827 2210 500 2237 1049 1312 617 194 422 118 190 210 232
internal_count=21272 10638 1944 8694 10634 8000 694 3404 7230 4403 1929 3286 1522 3825 4175 2474 2827 2210 500 2237 1049 1312 617 194 422 118 190 210 232
cat_boundaries=0 1 2 3 4 5 6 7 8 9
cat_threshold=1 288 17 400 16 448 710 2 512
is_linear=0
shrinkage=0.05


Tree=18
num_leaves=30
num_cat=11
split_feature=3 1 0 0 0 0 0 0 2 0 0 6 1 1 1 0 9 1 17 0 1 1 6 0 6 1 6 11 6
split_gain=9638.85 3594.87 2118.09 1408.93 1318.75 1244.19 949.878 913.702 807.36 585.583 575.774 437.48 240.557 197.316 177.205 176.969 345.512 231.009 140.587 173.363 83.6446 77.5552 50.7498 28.5813 25.6412 8.85026 6.67064 4.84722 1.41605
threshold=0 1 1075.0000000000002 1750.0000000000002 1850.0000000000002 1550.0000000000002 1950.0000000000002 1550.0000000000002 2 1450.0000000000002 1450.0000000000002 0.19577811893988367 3 4 5 2450.0000000000005 1.0000000180025095e-35 6 7 2450.0000000000005 8 9 0.14681013431013434 2350.0000000000005 0.17937585290526473 10 0.14989531166001757 1.0000000180025095e-35 0.064723389355742303
decision_type=9 1 2 2 2 2 2 2 9 2 2 2 1 1 1 2 2 1 1 2 1 1 2 2 2 1 2 2 2
left_child=5 2 25 10 7 9 24 14 -8 12 -4 15 22 -9 -3 17 -17 -7 20 -20 -13 -14 -1 -5 -6 28 -11 -27 -2
right_child=1 4 3 23 6 11 8 13 -10 26 -12 18 21 -15 -16 16 -18 -19 19 -21 -22 -23 -24 -25 -26 27 -28 -29 -30
leaf_value=0.034338107489276723 0.017929692856967449 -0.013430158029909531 -0.06500865612749851 0.0093611266565858386 -0.17140323313219208 0.048975300244558734 -0.11145717992016083 0.021647075927300471 0.0026156764524740629 -0.10992072469380219 -0.14073611356182431 0.054131623492459771 0.016869567286400482 -0.0017618484697445608 -0.034738813950793056 0.038854801425376659 -0.10361608933890239 0.021561673293538492 0.075766905768986134 0.011684524397631842 0.014738215394147221 -0.00089513971328010998 0.066194968750658501 0.051549509685972467 -0.13930606230860576 0.018248405960868252 -0.085936878670780162 0.0030078771270729276 0.02904903868824911
leaf_weight=420 50 1581 310 96 140 2540 247 1335 399 64 1319 590 1204 2724 2739 127 64 1181 1830 112 208 1250 178 69 112 66 53 249 67
leaf_count=420 50 1581 310 96 140 2540 247 1335 399 64 1319 590 1204 2724 2739 127 64 1181 1830 112 208 1250 178 69 112 66 53 249 67
internal_value=0.000104096 -0.0309451 -0.0878944 -0.112223 -0.0172003 0.0364654 -0.0748034 -0.0110474 -0.0426853 0.0107185 -0.126325 0.0487859 0.0149268 0.00598631 -0.0270519 0.0380547 -0.00888414 0.0404641 0.0641073 0.0717019 0.0441731 0.00785381 0.0430999 0.0270035 -0.157138 0.0111021 -0.0990562 0.00601033 0.022384
internal_weight=21324 11503 2226 1794 9277 9821 898 8379 646 3169 1629 6652 3052 4059 4320 3912 191 3721 2740 1942 798 2454 598 165 252 432 117 315 117
internal_count=21324 11503 2226 1794 9277 9821 898 8379 646 3169 1629 6652 3052 4059 4320 3912 191 3721 2740 1942 798 2454 598 165 252 432 117 315 117
cat_boundaries=0 1 2 3 4 5 6 7 8 9 10 11
cat_threshold=6 519 128 144 320 384 376 2 496 329 1
is_linear=0
shrinkage=0.05


Tree=19
num_leaves=30
num_cat=8
split_feature=2 8 0 0 0 0 1 0 5 6 1 1 19 0 8 11 19 8 5 6 19 0 0 0 5 1 6 14 6
split_gain=8653.6 3499.37 2358.98 1870.64 1304.13 874.992 639.644 504.766 463.427 222.188 212.335 201.868 178.043 169.512 156.99 124.078 103.211 92.029 84.549 79.6479 58.7276 30.0749 24.4236 20.7186 13.0596 11.5477 5.12876 4.99764 2.47149
threshold=0 301.85000000000008 1075.0000000000002 1850.0000000000002 1550.0000000000002 1550.0000000000002 1 1450.0000000000002 14.500000000000002 0.47689698645580997 2 3 4 1650.0000000000002 443.05000000000007 1.5000000000000002 5 487.60000000000008 13.500000000000002 0.15507154882154886 6 1750.0000000000002 2350.0000000000005 2350.0000000000005 13.500000000000002 7 0.049955436720142604 0.30384615384615393 0.072658128908128922
decision_type=9 2 2 2 2 2 1 2 2 2 1 1 1 2 2 2 1 2 2 2 1 2 2 2 2 1 2 2 2
left_child=1 2 25 5 7 12 23 10 9 14 19 -7 -3 27 -6 16 -10 -8 -15 -2 -12 -11 -17 -5 -9 28 -27 -4 -1
right_child=4 3 13 6 8 11 17 24 15 21 20 -13 -14 18 -16 22 -18 -19 -20 -21 -22 -23 -24 -25 -26 26 -28 -29 -30
leaf_value=0.019395976672591322 0.020274137894123218 -0.039700809879822059 -0.06625803509870401 -0.028102338949863154 0.042950191659191297 0.022538609203493251 -0.14648211387430041 -0.077733037889222895 0.025244358209503649 0.065715509424407084 -0.0086948122783703195 -0.001794835975270288 -0.018261762289020121 -0.10854619160323767 0.06447556782124006 0.013297497532020759 0.048023307051531294 -0.10360825275468932 -0.13517416883384326 0.050751529946612819 0.0079233253376567968 0.092395229696226683 -0.019135449724126376 0.0063125194774733655 -0.11033906039748607 -0.0011705945535296842 0.011499056230475676 -0.083877992443740376 0.034122276625462938
leaf_weight=58 751 1629 52 143 2456 1270 279 68 1365 146 860 2553 2551 446 1293 624 887 227 899 300 1358 382 64 63 56 140 186 178 56
leaf_count=58 751 1629 52 143 2456 1270 279 68 1365 146 860 2553 2551 446 1293 624 887 227 899 300 1358 382 64 63 56 140 186 178 56
internal_value=9.22501e-05 -0.0315545 -0.0909668 -0.017854 0.0320964 -0.0109445 -0.0955176 0.0065609 0.0441462 0.0546509 0.0103169 0.00634299 -0.0267555 -0.119561 0.0503741 0.0288642 0.0345417 -0.124782 -0.126344 0.0287006 0.00146976 0.0850179 0.0102805 -0.0167636 -0.0924583 0.0113881 0.0058778 -0.0798943 0.0244824
internal_weight=21340 10730 2015 8715 10610 8003 712 3393 7217 4277 3269 3823 4180 1575 3749 2940 2252 506 1345 1051 2218 528 688 206 124 440 326 230 114
internal_count=21340 10730 2015 8715 10610 8003 712 3393 7217 4277 3269 3823 4180 1575 3749 2940 2252 506 1345 1051 2218 528 688 206 124 440 326 230 114
cat_boundaries=0 1 2 3 4 5 6 7 8
cat_threshold=384 288 400 320 16 48 48 1
is_linear=0
shrinkage=0.05


Tree=20
num_leaves=31
num_cat=14
split_feature=2 1 6 5 1 5 5 19 1 3 19 3 19 1 5 1 5 14 5 12 6 1 1 6 6 6 3 5 5 6
split_gain=7750.34 3036.29 831.661 593.262 513.263 351.072 300.29 191.907 159.065 140.071 128.788 105.227 104.196 103.253 96.1217 479.843 87.0626 85.9143 74.5116 61.2376 60.7118 59.4973 57.8357 64.9164 43.4295 37.7555 33.4656 29.1215 17.5919 8.81388
threshold=0 1 0.092110177404295071 12.500000000000002 2 11.500000000000002 12.500000000000002 3 4 5 6 7 8 9 14.500000000000002 10 8.5000000000000018 0.35504201680672276 15.500000000000002 1.0000000180025095e-35 0.15507154882154886 11 12 0.25739723239723239 0.13810601163542341 0.033076563958916907 13 8.5000000000000018 15.500000000000002 0.053455687830687833
decision_type=9 1 2 2 1 2 2 1 1 9 1 9 1 1 2 1 2 2 2 2 2 1 1 2 2 2 9 2 2 2
left_child=1 3 8 22 10 19 12 13 25 -7 27 18 21 -8 15 -5 -12 -9 -10 -6 -14 -3 24 -24 -1 -2 -27 -4 -16 -13
right_child=2 6 4 14 5 9 7 17 11 -11 16 29 20 -15 28 -17 -18 -19 -20 -21 -22 -23 23 -25 -26 26 -28 -29 -30 -31
leaf_value=-0.0040135619479795574 -0.022973606490418103 0.0086707703048225747 0.032764958565012887 -0.024762549224871588 0.083892974537529294 0.041408314711111983 -0.015209392053488844 -0.0011384146081579334 0.030788003307192276 0.0042527551740737793 0.066851176015608679 -0.03180708987745403 0.00068189228355101711 -0.031538889759836257 -0.12342460914511943 -0.11849383498141706 0.022420004781112831 -0.021034480712028195 0.011658198367498726 0.060794205350914877 0.042877581003101156 -0.013388237924688202 -0.064089364535530199 -0.0053907044706019494 -0.056008004131061696 0.0049130539757108955 -0.018906419674630696 -0.004033165426867962 -0.1079925573581647 -0.0093645679425786842
leaf_weight=142 262 518 59 223 351 3296 1442 1364 946 290 123 87 138 3438 362 446 1064 901 1102 1572 223 720 328 55 56 586 186 606 377 88
leaf_count=142 262 518 59 223 351 3296 1442 1364 946 290 123 87 138 3438 362 446 1064 901 1102 1572 223 720 328 55 56 586 186 606 377 88
internal_value=0.000432945 -0.0295164 0.0307055 -0.0851525 0.0400426 0.0476874 -0.016778 -0.0211805 0.00969755 0.0385309 0.0169531 0.0171883 0.00278959 -0.0267546 -0.103122 -0.0893914 0.0267983 -0.00901313 0.0203949 0.0650104 0.0260264 -0.00416286 -0.0430709 -0.0542438 -0.0178191 -0.00651012 -0.0010071 -0.000756986 -0.115552 -0.0194124
internal_weight=21351 10733 10618 1989 7361 5509 8744 7145 3257 3586 1852 2223 1599 4880 1408 669 1187 2265 2048 1923 361 1238 581 383 198 1034 772 665 739 175
internal_count=21351 10733 10618 1989 7361 5509 8744 7145 3257 3586 1852 2223 1599 4880 1408 669 1187 2265 2048 1923 361 1238 581 383 198 1034 772 665 739 175
cat_boundaries=0 1 2 3 4 5 6 7 8 9 10 11 12 13 14
cat_threshold=384 519 519 17 519 6 16 6 17 384 512 288 1 2
is_linear=0
shrinkage=0.05


Tree=21
num_leaves=29
num_cat=6
split_feature=3 8 0 0 0 0 0 0 2 0 0 5 5 0 0 8 19 19 0 8 1 13 6 0 5 6 5 4
split_gain=7139.62 2605.22 1669.66 1106.92 1087.95 1014.28 745.185 715.124 616.086 475.156 420.958 403.685 204.133 194.908 1126.99 188.058 180.167 175.403 145.935 292.713 180.282 64.6361 49.2486 44.8843 16.9529 14.4582 11.8941 4.35184
threshold=0 301.85000000000008 1075.0000000000002 1850.0000000000002 1750.0000000000002 1550.0000000000002 1950.0000000000002 1550.0000000000002 1 1450.0000000000002 1450.0000000000002 14.500000000000002 12.500000000000002 2450.0000000000005 2550.0000000000005 381.20000000000005 2 3 2450.0000000000005 309.00000000000006 4 5.5000000000000009 0.27859547859547862 2350.0000000000005 13.500000000000002 0.15887396916808685 11.500000000000002 5
decision_type=9 2 2 2 2 2 2 2 9 2 2 2 2 2 2 2 1 1 2 2 1 2 2 2 2 2 2 1
left_child=5 2 26 7 10 9 24 17 -8 15 -4 13 -9 16 -15 21 -7 -3 20 -20 -13 -1 -17 -6 -5 -11 -2 -28
right_child=1 3 4 6 23 11 8 12 -10 25 -12 18 -14 14 -16 22 -18 -19 19 -21 -22 -23 -24 -25 -26 -27 27 -29
leaf_value=0.010969840801980605 0.031474230451968274 -0.036312957019196644 -0.056033659842076533 -0.12843699759493274 0.0025782104334793987 0.068838192330535189 -0.10020244362425193 0.024009160932989687 -0.00095833747935398941 -0.10296935581136496 -0.12258539857554994 0.037937190313558522 -0.0013105191642927344 -0.19970009864545335 0.066565396799705925 0.027298873212892136 0.045148315817688502 -0.015541630483740319 0.048397144455728791 -0.11804555699229241 0.0085572978534886272 -0.0066253064497187849 0.065142689349571459 0.055463889096655061 -0.15464587805308694 -0.06817337567461472 0.0034077846835697855 0.014926961540748749
leaf_weight=1298 69 1687 291 120 100 1527 248 1087 408 72 1295 1879 2974 51 180 756 2222 2691 56 50 751 873 97 67 127 51 207 153
leaf_count=1298 69 1687 291 120 100 1527 248 1087 408 72 1295 1879 2974 51 180 756 2222 2691 56 50 751 873 97 67 127 51 207 153
internal_value=-2.63981e-05 -0.0267419 -0.0759559 -0.0152757 -0.0975927 0.0311837 -0.0678907 -0.00964576 -0.0400195 0.0077919 -0.110374 0.0421912 0.00546675 0.0523549 0.00777951 0.0117102 0.0551015 -0.023664 0.0274062 -0.0301136 0.0297245 0.0038945 0.0316023 0.0237958 -0.141913 -0.0885418 0.0124576 0.00881273
internal_weight=21387 11524 2182 9342 1753 9863 903 8439 656 3147 1586 6716 4061 3980 231 3024 3749 4378 2736 106 2630 2171 853 167 247 123 429 360
internal_count=21387 11524 2182 9342 1753 9863 903 8439 656 3147 1586 6716 4061 3980 231 3024 3749 4378 2736 106 2630 2171 853 167 247 123 429 360
cat_boundaries=0 1 2 3 4 5 6
cat_threshold=6 128 14 16 376 2
is_linear=0
shrinkage=0.05


Tree=22
num_leaves=28
num_cat=4
split_feature=2 8 0 0 0 0 0 0 0 5 0 8 8 0 19 8 3 19 13 6 6 7 0 5 6 7 11
split_gain=6253.67 2630.3 1794.44 1615.06 924.706 693.949 3192.75 512.182 480.26 403.773 358.078 339.436 245.116 209.365 196.81 169.233 150.844 111.76 89.727 74.5567 65.6192 46.3853 33.7129 18.8551 8.09884 4.11367 3.45137
threshold=0 301.85000000000008 1075.0000000000002 1850.0000000000002 1550.0000000000002 1350.0000000000002 1250.0000000000002 2350.0000000000005 1450.0000000000002 10.500000000000002 1950.0000000000002 353.30000000000001 513.75000000000011 1650.0000000000002 1 513.75000000000011 2 3 4.5000000000000009 0.1858780108780109 0.23399859943977591 0.0064102564102564092 2150.0000000000005 13.500000000000002 0.12628294907706675 0.039713064713064718 2.5000000000000004
decision_type=9 2 2 2 2 2 2 2 2 2 2 2 2 2 1 2 9 1 2 2 2 2 2 2 2 2 2
left_child=1 2 24 5 8 6 -3 13 15 19 23 -12 16 -4 -7 18 -11 -14 -2 22 -17 -21 -6 -5 26 -10 -1
right_child=4 3 7 10 9 14 -8 -9 25 12 11 -13 17 -15 -16 20 -18 -19 -20 21 -22 -23 -24 -25 -26 -27 -28
leaf_value=0.011267501304098699 0.014542263844219673 -0.014903237462346465 -0.063049101805911542 -0.12089362961314892 0.05052937328474625 -0.010705328875639712 -0.23683506369590762 0.050167741060543516 -0.084704505544505093 0.029810093186364281 -0.012951821208340476 -0.099171731060761006 0.031712958160081399 -0.11700913534554064 0.0084231574888377538 0.028857281108291569 0.0069404730877355774 0.062412834397163067 -0.0035247279377691996 0.085473437077812478 0.081633303462363346 0.060686469124686754 0.022022330567520114 -0.14786221736330327 0.02883554620978733 -0.10344317017330065 -5.5910663848573509e-05
leaf_weight=286 1241 2191 209 137 609 2197 175 52 64 3085 208 253 636 1285 3432 440 969 737 1540 245 68 822 125 123 57 54 88
leaf_count=286 1241 2191 209 137 609 2197 175 52 64 3085 208 253 636 1285 3432 440 969 737 1540 245 68 822 125 123 57 54 88
internal_value=0.000142781 -0.0268459 -0.0789398 -0.0150605 0.0272782 -0.00859703 -0.0313183 -0.104091 0.00582921 0.0374262 -0.0867322 -0.0602699 0.0306184 -0.109461 0.000953251 0.00938496 0.0244344 0.0488776 0.00453753 0.0579403 0.0359218 0.0663779 0.0456746 -0.133652 0.0112789 -0.0932798 0.00860317
internal_weight=21328 10693 1977 8716 10635 7995 2366 1546 3407 7228 721 461 5427 1494 5629 3289 4054 1373 2781 1801 508 1067 734 260 431 118 374
internal_count=21328 10693 1977 8716 10635 7995 2366 1546 3407 7228 721 461 5427 1494 5629 3289 4054 1373 2781 1801 508 1067 734 260 431 118 374
cat_boundaries=0 1 2 3 4
cat_threshold=384 16 2 48
is_linear=0
shrinkage=0.05


Tree=23
num_leaves=31
num_cat=10
split_feature=3 1 6 5 1 5 2 1 13 19 19 5 19 6 5 6 5 6 17 6 1 5 5 5 6 5 10 6 5 7
split_gain=5797.25 2126.05 642.775 451.263 355.789 329.704 227.252 224.029 197.538 147.177 98.5246 95.4856 91.6823 85.4796 79.2511 71.8395 68.9973 65.7519 61.5156 57.6405 67.0924 54.9814 48.3168 42.8393 38.7125 32.9846 31.1787 23.9014 16.4592 5.40323
threshold=0 1 0.17781385281385284 12.500000000000002 2 13.500000000000002 3 4 5.5000000000000009 5 6 16.500000000000004 7 0.1272772366522367 10.500000000000002 0.19577811893988367 10.500000000000002 0.068315018315018322 8 0.27306547619047622 9 14.500000000000002 10.500000000000002 11.500000000000002 0.32260737628384689 7.5000000000000009 1.0000000180025095e-35 0.064723389355742303 16.500000000000004 0.057212885154061643
decision_type=9 1 2 2 1 2 9 1 2 1 1 2 1 2 2 2 2 2 1 2 1 2 2 2 2 2 2 2 2 2
left_child=2 3 4 19 18 10 29 11 16 17 14 25 26 -11 -3 -12 -6 -7 27 20 -2 -8 -14 -10 -13 -4 -9 -1 -20 -5
right_child=1 5 7 6 8 9 21 12 23 13 15 24 22 -15 -16 -17 -18 -19 28 -21 -22 -23 -24 -25 -26 -27 -28 -29 -30 -31
leaf_value=-0.0034043760601477043 -0.01986680672328205 0.011368291425212639 0.091006037700921305 -0.01073318561940486 0.051706400966250433 -0.034911873600297481 -0.079233392355023191 0.031072921760372137 0.034078240694256863 -0.016725580565074408 0.003853884967664878 0.0093906474724081493 0.052538341211922461 0.0031894584719332993 -0.011194071800871806 0.036741741652516084 0.031074746818189499 -0.021044807570037849 -0.0079258624761517002 0.0042300706813958562 -0.056786071023457813 -0.098948523430292548 0.033457319360562308 0.010606025116989909 0.052610116137526509 0.061248380075058555 0.0078626539519070903 0.012384424272541029 -0.026971162584211145 -0.030754833106290208
leaf_weight=355 286 566 100 87 513 1135 679 229 222 1336 375 124 517 903 1246 298 1929 3463 598 88 274 738 926 1563 89 1354 393 738 140 55
leaf_count=355 286 566 100 87 513 1135 679 229 222 1336 375 124 517 903 1246 298 1929 3463 598 88 274 738 926 1563 89 1354 393 738 140 55
internal_value=-8.99695e-05 -0.0241071 0.0281892 -0.0681481 0.0181622 -0.0136185 -0.0830332 0.044541 0.026106 -0.0193021 0.00196414 0.0583647 0.0329395 -0.00865509 -0.00412369 0.0181468 0.0354089 -0.0244147 -0.000317478 -0.0333882 -0.0392997 -0.0888742 0.0400164 0.0135253 0.0274495 0.063295 0.0161483 0.00719053 -0.0113845 -0.0172717
internal_weight=21319 11529 9790 2207 6058 9322 1559 3732 4227 6837 2485 1667 2065 2239 1812 673 2442 4598 1831 648 560 1417 1443 1785 213 1454 622 1093 738 142
internal_count=21319 11529 9790 2207 6058 9322 1559 3732 4227 6837 2485 1667 2065 2239 1812 673 2442 4598 1831 648 560 1417 1443 1785 213 1454 622 1093 738 142
cat_boundaries=0 1 2 3 4 5 6 7 8 9 10
cat_threshold=6 519 519 8 336 17 17 16 12 513
is_linear=0
shrinkage=0.05


Tree=24
num_leaves=31
num_cat=12
split_feature=3 8 8 6 3 19 6 1 6 1 14 19 1 18 19 2 6 13 6 18 13 6 13 7 13 8 19 6 11 7
split_gain=5201.79 1918.82 598.682 318.978 263.88 217.286 271.636 180.236 163.055 127.373 94.0847 86.0004 77.2173 76.3664 75.8896 72.348 69.2654 53.1808 46.2333 44.1714 40.45 36.0304 25.1093 21.0481 18.0513 17.9508 15.0006 13.9366 10.7451 2.4945
threshold=0 301.85000000000008 443.05000000000007 0.11590909090909092 1 2 0.11853054353054356 3 0.18344525844525847 4 0.57738095238095244 5 6 7 8 9 0.075717338217338226 5.5000000000000009 0.40743853096794286 10 5.5000000000000009 0.091450216450216476 2.5000000000000004 0.10489853283970933 3.5000000000000004 278.7000000000001 11 0.087052598817304691 1.0000000180025095e-35 0.041666666666666685
decision_type=9 2 2 2 9 1 2 1 2 1 2 1 1 1 1 9 2 2 2 1 2 2 2 2 2 2 1 2 2 2
left_child=2 4 3 12 24 9 20 13 21 22 18 -9 17 -5 28 -8 -11 -1 -6 -14 -7 27 -3 -16 -2 -12 -23 -4 -10 -26
right_child=1 5 8 7 10 6 15 11 14 16 25 -13 19 -15 23 -17 -18 -19 -20 -21 -22 26 -24 -25 29 -27 -28 -29 -30 -31
leaf_value=0.023670157356091834 0.018361601250415499 0.0052559813191700314 0.028190380422557493 0.002078949766318229 -0.076343122781220116 -0.011305152300757852 -0.0051494741391005482 -5.8844741158643086e-05 0.042355389339684781 -0.048670118701780674 -0.023516140066344945 0.023795016602918689 -0.012719062058514106 0.03989475996988745 0.062727897835770055 0.011712414873620028 -0.026088180727470441 0.0054985398072218659 -0.031692222999408846 0.005023578739979097 -0.022564898608894785 0.048558056439428093 -0.013244613720012094 0.079250561938124853 -0.023497802224325931 -0.054763353597484979 0.031127118467802889 0.0012230149291169185 0.023531753705588059 -0.009297749107846847
leaf_weight=765 55 225 609 155 1717 1552 1088 597 249 413 103 1050 561 2087 650 1511 1910 850 60 901 1641 495 992 274 59 83 425 52 109 65
leaf_count=765 55 225 609 155 1717 1552 1088 597 249 413 103 1050 561 2087 650 1511 1910 850 60 901 1641 495 992 274 59 83 425 52 109 65
internal_value=-0.00023719 -0.0230956 0.0264435 0.0185594 -0.0657941 -0.0133197 -0.00731026 0.0280765 0.0457188 -0.0230663 -0.0709327 0.0152004 0.00653082 0.0373012 0.0589698 0.0046789 -0.0299739 0.0140193 -0.0748355 -0.0018248 -0.0170919 0.0349738 -0.00974414 0.0669034 -0.00518961 -0.0374598 0.0413719 0.0260689 0.0356289 -0.0160542
internal_weight=21303 11474 9829 6966 2142 9332 5792 3889 2863 3540 1963 1647 3077 2242 1282 2599 2323 1615 1777 1462 3193 1581 1217 924 179 186 920 661 358 124
internal_count=21303 11474 9829 6966 2142 9332 5792 3889 2863 3540 1963 1647 3077 2242 1282 2599 2323 1615 1777 1462 3193 1581 1217 924 179 186 920 661 358 124
cat_boundaries=0 1 2 3 4 5 6 7 8 9 10 11 12
cat_threshold=6 8 16 480 384 16 480 1 16 128 4 7
is_linear=0
shrinkage=0.05


Tree=25
num_leaves=30
num_cat=11
split_feature=3 1 0 0 0 0 0 0 2 0 13 0 19 1 1 1 0 10 5 6 0 1 1 6 0 19 6 4 6
split_gain=4738.56 1792.57 1288.33 1004.15 822.542 700.726 609.628 570.915 521.609 373.608 322.624 225.49 222.676 170.031 145.413 119.244 119.1 476.262 94.0593 87.6538 44.3914 43.192 39.5037 31.2024 29.1953 25.3492 15.4558 6.17785 5.16392
threshold=0 1 1450.0000000000002 1850.0000000000002 1750.0000000000002 1550.0000000000002 1950.0000000000002 1750.0000000000002 2 1450.0000000000002 4.5000000000000009 1075.0000000000002 3 4 5 6 2450.0000000000005 1.0000000180025095e-35 12.500000000000002 0.16584249084249086 2350.0000000000005 7 8 0.18344525844525847 1175.0000000000002 9 0.14989531166001757 10 0.14989531166001757
decision_type=9 1 2 2 2 2 2 2 9 2 2 2 1 1 1 1 2 2 2 2 2 1 1 2 2 1 2 1 2
left_child=5 2 11 7 25 9 26 13 -8 14 12 27 22 -3 23 -9 18 -18 -12 -14 -6 -16 -7 -1 -13 -4 -5 -2 -11
right_child=1 3 4 6 20 10 8 15 -10 28 16 24 19 -15 21 -17 17 -19 -20 -21 -22 -23 -24 -25 -26 -27 -28 -29 -30
leaf_value=0.02575096483445069 0.02583628394725648 -0.037568196900614331 -0.11019411285110375 -0.1407514341270267 -0.0058597229220265267 0.032594577463398146 -0.091970774252870119 0.0016042889220160214 -0.00066392753865351494 -0.089361946843564521 0.038082146384674158 -0.051816431746901204 0.038821307591460102 -0.013038292256314374 -0.010403267553440664 0.02131480188254832 -0.12170825989862138 0.051243397484843939 0.016937335954012187 0.057724365951414926 0.04752182433647769 0.0069060699230888214 0.013723751117385323 0.053645406679550971 -0.016549513414847079 -0.074621132072908339 -0.11614585245470349 0.010404889248542253 -0.068542932141747961
leaf_weight=476 100 846 1004 118 102 816 248 1861 408 68 765 213 913 4373 431 1305 68 96 1683 1868 63 1991 497 127 81 269 139 323 53
leaf_count=476 100 846 1004 118 102 816 248 1861 408 68 765 213 913 4373 431 1305 68 96 1683 1868 63 1991 497 127 81 269 139 323 53
internal_value=-5.8025e-05 -0.0219196 -0.062924 -0.0123586 -0.0905146 0.0253527 -0.0621675 -0.00694987 -0.0365945 0.0059098 0.0345117 -0.00846665 0.0432716 -0.0171116 0.00935591 0.0098012 0.0207816 -0.0204683 0.0235451 0.0513339 0.0145223 0.00379573 0.0256093 0.03111 -0.0421 -0.104129 -0.127443 0.0149097 -0.0802429
internal_weight=21305 11453 2155 9298 1438 9852 913 8385 656 3146 6706 717 4094 5219 3025 3166 2612 164 2448 2781 165 2422 1313 603 294 1273 257 423 121
internal_count=21305 11453 2155 9298 1438 9852 913 8385 656 3146 6706 717 4094 5219 3025 3166 2612 164 2448 2781 165 2422 1313 603 294 1273 257 423 121
cat_boundaries=0 1 2 3 4 5 6 7 8 9 10 11
cat_threshold=6 519 128 16 32 144 168 512 313 17 24
is_linear=0
shrinkage=0.05


Tree=26
num_leaves=31
num_cat=10
split_feature=3 10 2 5 5 5 13 2 19 10 2 19 11 5 5 2 5 12 2 2 10 18 5 11 13 5 11 5 5 12
split_gain=4294.14 750.837 953.268 489.364 317.43 224.098 203.011 152.586 124.315 102.683 89.9307 87.7215 76.5293 74.6815 60.6752 56.0487 52.662 52.2853 49.7048 40.3561 38.1693 34.9236 32.4108 31.9738 31.1529 30.8009 29.2746 29.1589 24.4604 23.0822
threshold=0 1.0000000180025095e-35 1 12.500000000000002 12.500000000000002 13.500000000000002 4.5000000000000009 2 3 1.0000000180025095e-35 4 5 1.0000000180025095e-35 10.500000000000002 14.500000000000002 6 11.500000000000002 2.5000000000000004 7 8 1.0000000180025095e-35 9 10.500000000000002 1.5000000000000002 5.5000000000000009 8.5000000000000018 1.5000000000000002 14.500000000000002 11.500000000000002 1.0000000180025095e-35
decision_type=9 2 9 2 2 2 2 9 1 2 9 1 2 2 2 9 2 2 9 9 2 1 2 2 2 2 2 2 2 2
left_child=3 5 4 7 28 17 9 13 18 19 -11 27 25 24 -6 20 -13 22 -7 -5 -8 -10 -2 -19 -1 -9 -17 -4 -3 -15
right_child=1 2 11 6 14 8 15 12 21 10 -12 16 -14 29 -16 26 -18 23 -20 -21 -22 -23 -24 -25 -26 -27 -28 -29 -30 -31
leaf_value=0.03961464524726499 0.026950780853020176 -0.042882599302997385 0.049599283916177232 0.027407362042322348 -0.06501805223682687 -0.017237297143017437 0.01168110465794002 0.075479652361171407 0.0048500762965079077 0.0097311183135499121 0.044669960768286339 -0.0010180425781548285 0.039208415767643605 0.03503172020882938 -0.085896595587403368 0.019593640599261893 -0.021475994835167322 0.001796848872655297 -0.031087423929099529 0.046112890464050482 -0.0046789935985802724 -0.009841098673520926 0.0064376359948033011 -0.02062464206154449 0.009834013848413467 0.054120102532349695 0.0062875649271922004 -0.0002902425135727282 -0.022087007939830542 0.010750846202112694
leaf_weight=845 312 260 64 1014 670 2366 531 219 597 1163 214 371 996 118 724 953 2068 747 973 533 1085 1224 503 202 98 736 730 54 310 574
leaf_count=845 312 260 64 1014 670 2366 531 219 597 1163 214 371 996 118 724 953 2068 747 973 533 1085 1224 503 202 98 736 730 54 310 574
internal_value=8.46763e-05 -0.0207133 -0.0365802 0.0243478 -0.0626888 -0.010383 0.0158949 0.0390845 -0.0156424 0.0254874 0.015556 -0.0162179 0.0486558 0.0271993 -0.0758617 0.00739273 -0.0182891 0.00500161 -0.0213541 0.0343274 0.000692471 -0.00502453 0.0142905 -0.00297569 0.0365197 0.0590183 0.0137405 0.0246772 -0.0315727 0.0148912
internal_weight=21254 11445 4521 9809 1964 6924 6223 3586 5160 2924 1377 2557 1951 1635 1394 3299 2439 1764 3339 1547 1616 1821 815 949 943 955 1683 118 570 692
internal_count=21254 11445 4521 9809 1964 6924 6223 3586 5160 2924 1377 2557 1951 1635 1394 3299 2439 1764 3339 1547 1616 1821 815 949 943 955 1683 118 570 692
cat_boundaries=0 1 2 3 4 5 6 7 8 9 10
cat_threshold=6 256 8 17 10 8 8 280 24 6
is_linear=0
shrinkage=0.05


Tree=27
num_leaves=28
num_cat=10
split_feature=2 1 0 0 0 0 0 1 0 13 19 0 0 0 10 19 1 1 1 1 0 11 19 0 5 13 5
split_gain=3754.26 1471.38 1379.66 1370.63 688.988 487.093 475.468 417.864 404.863 274.457 199.089 178.815 162.889 157.617 478.899 152.991 129.868 110.264 95.31 79.6247 65.0953 44.3912 36.1998 14.2202 6.87798 4.65308 3.72037
threshold=0 1 1075.0000000000002 1850.0000000000002 1550.0000000000002 1550.0000000000002 2350.0000000000005 2 1450.0000000000002 4.5000000000000009 3 1650.0000000000002 2450.0000000000005 2450.0000000000005 1.0000000180025095e-35 4 5 6 7 8 2050.0000000000005 1.5000000000000002 9 2350.0000000000005 13.500000000000002 7.5000000000000009 11.500000000000002
decision_type=9 1 2 2 2 2 2 1 2 2 1 2 2 2 2 1 1 1 1 1 2 2 1 2 2 2 2
left_child=1 2 25 5 8 16 11 23 17 10 12 -4 -6 19 -15 -7 -3 21 -12 -11 -9 -2 -19 -5 -10 26 -1
right_child=4 3 6 7 9 15 -8 20 24 13 18 -13 -14 14 -16 -17 -18 22 -20 -21 -22 -23 -24 -25 -26 -27 -28
leaf_value=0.031477715255549321 0.026155135701788387 -0.031570524663240909 -0.045473882197229948 -0.023826712173382371 0.054471850587455267 0.00048540985593344479 0.063494174127225522 -0.12213938800123288 -0.075198991975786403 0.0011952385550311464 0.0145793171360349 -0.09467537646535884 -0.037174105882644658 -0.12623091829526756 0.048096037142235662 0.022676681653787143 -0.012057299565645965 -0.010202223847822052 0.035169279333793532 0.024297912388672044 -0.086159467088390396 0.0038787457330769432 0.0036560384051332871 0.0047543041000608355 -0.09875356149944392 0.0069591827324281142 0.018275359200959049
leaf_weight=65 727 1224 216 136 1600 2709 54 256 71 461 858 1273 50 72 87 1081 2933 661 1950 2206 247 323 1573 64 55 75 298
leaf_count=65 727 1224 216 136 1600 2709 54 256 71 461 858 1273 50 72 87 1081 2933 661 1950 2206 247 323 1573 64 55 75 298
internal_value=9.6386e-05 -0.020935 -0.0597194 -0.011994 0.0210038 -0.00608816 -0.0822524 -0.0789264 0.00247474 0.029707 0.0374345 -0.087538 0.0513833 0.0175169 -0.0308445 0.00687601 -0.0179078 0.0058494 0.028952 0.0204001 -0.102435 0.0191204 -0.000471561 -0.0139817 -0.0854807 0.0182969 0.0206394
internal_weight=21325 10631 1981 8650 10694 7947 1543 703 3410 7284 4458 1489 1650 2826 159 3790 4157 3284 2808 2667 503 1050 2234 200 126 438 363
internal_count=21325 10631 1981 8650 10694 7947 1543 703 3410 7284 4458 1489 1650 2826 159 3790 4157 3284 2808 2667 503 1050 2234 200 126 438 363
cat_boundaries=0 1 2 3 4 5 6 7 8 9 10
cat_threshold=384 519 288 14 17 40 400 646 518 16
is_linear=0
shrinkage=0.05


Tree=28
num_leaves=31
num_cat=8
split_feature=2 8 0 0 0 0 0 8 1 6 5 19 1 0 1 0 6 0 5 19 8 7 1 17 5 5 8 6 11 11
split_gain=3601.76 1430.84 1286.89 1159.71 630.496 480.169 2976.02 367.407 359.599 246.834 177.385 163.902 118.364 114.141 106.742 241.181 84.9469 69.5147 60.5176 55.4895 54.5545 40.2498 39.8963 31.937 25.5228 16.1256 7.60111 5.97454 3.99367 2.71155
threshold=0 301.85000000000008 1075.0000000000002 1850.0000000000002 1750.0000000000002 1350.0000000000002 1250.0000000000002 381.20000000000005 1 0.47689698645580997 15.500000000000002 2 3 1650.0000000000002 4 1450.0000000000002 0.1607673372379255 2450.0000000000005 14.500000000000002 5 487.60000000000008 0.085645604395604411 6 7 10.500000000000002 13.500000000000002 513.75000000000011 0.049955436720142604 1.5000000000000002 1.5000000000000002
decision_type=9 2 2 2 2 2 2 2 1 2 2 1 1 2 1 2 2 2 2 1 2 2 1 1 2 2 2 2 2 2
left_child=1 2 27 5 7 6 -3 14 24 10 12 -7 -6 29 15 -2 23 -12 -16 -18 -10 -15 25 -9 -5 -11 -24 -1 -29 -4
right_child=4 3 13 8 9 11 -8 16 20 22 17 -13 -14 21 18 -17 19 -19 -20 -21 -22 -23 26 -25 -26 -27 -28 28 -30 -31
leaf_value=0.010462387650377856 -0.0066666952343054824 -0.0091640333920854859 -0.040121685773599897 0.016280571915782416 0.043174300650424276 -0.0038001651023476359 -0.2211228491207741 0.02347196855928764 -0.11143691328323478 0.054243244642678358 0.016860344292952058 0.014886916973096718 0.023602404032021223 -0.091211374428628533 0.013427703973138706 -0.082087572820587318 0.010859764734735057 -0.029328682916720625 -0.0036041235512080921 0.043466518497296436 -0.078722441922015982 -0.071834351969121316 0.074125169626737097 0.0081135873814016535 -0.02423346940694111 0.027382932581679838 0.090802283542385953 0.026421833983473083 0.012563247648843876 -0.051497761490331452
leaf_weight=168 641 2213 100 52 2000 3966 179 744 273 130 1279 1655 1424 952 820 127 194 87 1433 634 239 373 237 682 154 98 96 187 72 110
leaf_count=168 641 2213 100 52 2000 3966 179 744 273 130 1279 1655 1424 952 820 127 194 87 1433 634 239 373 237 682 154 98 96 187 72 110
internal_value=0.000108793 -0.0203688 -0.0589711 -0.0117176 0.0207152 -0.00626279 -0.0250255 0.00846784 -0.0725937 0.0328273 0.0291522 0.00172163 0.0352296 -0.0803286 -0.00293031 -0.0188926 0.0237446 0.0139186 0.0025833 0.0364829 -0.0943236 -0.0857566 0.0642065 0.0163482 -0.0133582 0.040904 0.0766317 0.0178059 0.0225693 -0.0460806
internal_weight=21319 10693 1962 8731 10626 8013 2392 5275 718 5351 4790 5621 3424 1535 3021 768 2254 1366 2253 828 512 1325 561 1426 206 228 333 427 259 210
internal_count=21319 10693 1962 8731 10626 8013 2392 5275 718 5351 4790 5621 3424 1535 3021 768 2254 1366 2253 828 512 1325 561 1426 206 228 333 427 259 210
cat_boundaries=0 1 2 3 4 5 6 7 8
cat_threshold=384 288 17 465 513 16 654 5
is_linear=0
shrinkage=0.05


Tree=29
num_leaves=31
num_cat=13
split_feature=3 1 6 5 1 5 5 19 2 1 19 14 19 6 4 6 5 13 5 6 11 7 19 16 11 6 5 16 5 18
split_gain=3103.83 1165.78 395.538 258.611 252.685 232.764 175.335 132.063 99.631 88.052 66.307 64.1071 63.9931 63.7391 61.2795 61.1485 51.3923 48.9526 40.0236 35.7542 31.789 25.222 23.413 21.9654 20.0746 19.2571 17.8677 15.9438 15.5357 4.21685
threshold=0 1 0.095892914275267235 12.500000000000002 2 12.500000000000002 11.500000000000002 3 4 5 6 0.24264705882352944 7 0.078441275500099036 8 0.28892973856209159 8.5000000000000018 3.5000000000000004 14.500000000000002 0.088339438339438345 1.0000000180025095e-35 0.090996503496503525 9 10 1.5000000000000002 0.033076563958916907 17.500000000000004 11 9.5000000000000018 12
decision_type=9 1 2 2 1 2 2 1 9 1 1 2 1 2 1 2 2 2 2 2 2 2 1 9 2 2 2 9 2 1
left_child=2 5 9 15 10 14 17 11 -7 25 26 -5 -8 -9 21 22 -12 -6 24 -10 -16 -2 -3 -20 -11 29 -4 -27 -17 -1
right_child=1 3 4 7 6 8 12 13 19 18 16 -13 -14 -15 20 28 -18 -19 23 -21 -22 -23 -24 -25 -26 27 -28 -29 -30 -31
leaf_value=-0.0088020414375322327 -0.028750628829709187 0.014776028423536062 9.573352737574812e-05 -0.010252239713642137 0.05293687820353668 -0.015454489197773376 0.03909337107898693 -0.01512183052905298 -0.056446301836496307 0.02842018918645034 0.050346474727848547 -0.022366754828353395 0.02206475422343265 0.0018518235233809894 0.027826693510886891 0.040304126002793685 0.014593811874451324 0.0356178060698914 0.0089991638401292397 -0.072385070835505758 -0.01564112509048618 -0.056489725053858741 -0.00094980212009029982 -0.010094124459481629 0.012763582904716459 0.0068397489194375093 -0.029808775646432136 -0.0077281358913469673 0.018338284751634067 -0.023940841584872613
leaf_weight=133 350 291 544 1591 1066 136 791 864 637 413 112 3482 2379 1537 67 116 980 661 1160 786 113 107 1108 166 406 306 55 455 263 131
leaf_count=133 350 291 544 1591 1066 136 791 864 637 413 112 3482 2379 1537 67 116 980 661 1160 786 113 107 1108 166 406 306 55 455 263 131
internal_value=-3.23286e-05 -0.0176859 0.0206756 -0.00988204 0.0276797 -0.0503706 0.0334218 -0.0139699 -0.0610053 0.00618468 0.0107897 -0.0185309 0.0265068 -0.00423849 -0.0251337 0.00724632 0.018095 0.0463081 0.0119128 -0.0647948 0.000510218 -0.0344906 0.00242009 0.00660065 0.0206588 -0.00586142 -0.00260657 -0.00188203 0.0250613 -0.0175544
internal_weight=21206 11448 9758 9252 6588 2196 4897 7474 1559 3170 1691 5073 3170 2401 637 1778 1092 1727 2145 1423 180 457 1399 1326 819 1025 599 761 379 264
internal_count=21206 11448 9758 9252 6588 2196 4897 7474 1559 3170 1691 5073 3170 2401 637 1778 1092 1727 2145 1423 180 457 1399 1326 819 1025 599 761 379 264
cat_boundaries=0 1 2 3 4 5 6 7 8 9 10 11 12 13
cat_threshold=6 519 519 17 8 519 16 12 6 38 41 40 9
is_linear=0
shrinkage=0.05


Tree=30
num_leaves=29
num_cat=5
split_feature=3 8 0 0 0 0 0 0 2 0 0 5 8 1 5 8 1 8 0 1 5 5 6 8 5 6 6 11
split_gain=2824.84 1032.29 923.198 714.359 522.9 504.194 452.538 439.484 336.144 260.243 236.532 212.137 151.201 123.061 105.605 115.147 97.3784 88.3796 59.4199 44.8092 41.7407 24.5923 23.9822 18.3233 15.1439 8.70358 6.91206 2.66725
threshold=0 301.85000000000008 1075.0000000000002 1850.0000000000002 1750.0000000000002 1550.0000000000002 1950.0000000000002 1750.0000000000002 1 1450.0000000000002 1450.0000000000002 15.500000000000002 309.00000000000006 2 8.5000000000000018 513.75000000000011 3 513.75000000000011 2350.0000000000005 4 12.500000000000002 17.500000000000004 0.18344525844525847 319.20000000000005 14.500000000000002 0.15802514478985072 0.12628294907706675 2.5000000000000004
decision_type=9 2 2 2 2 2 2 2 9 2 2 2 2 1 2 2 1 2 2 1 2 2 2 2 2 2 2 2
left_child=5 2 26 7 10 9 24 12 -8 16 -4 14 -3 -9 23 -16 22 19 -6 -13 -18 -19 -1 -7 -5 -11 27 -2
right_child=1 3 4 6 18 11 8 13 -10 25 -12 17 -14 -15 15 -17 20 21 -20 -21 -22 -23 -24 -25 -26 -27 -28 -29
leaf_value=0.019365468091651503 0.018602477401598462 -0.033504821116782046 -0.0327737893707713 -0.098830943056352594 -0.0028376045633474582 0.038411098121940046 -0.073414292771596709 -0.013616413207209205 -0.0001777198414670349 -0.081172596453689044 -0.082033566579118547 0.015857579038872006 -0.010158265946493538 0.013772831582362864 0.02579409831435758 0.045595417020868348 0.013660755499112387 0.040716828792234913 0.058695275088151304 -0.00093552930950957904 -0.0018627545187257422 0.019691428918707038 0.044023678253218533 0.058302436116253159 -0.1240403903531842 -0.053692363158799709 0.034662174703232178 0.0088231918203862426
leaf_weight=467 270 825 301 157 104 156 252 476 400 68 1280 946 4351 2722 2945 978 562 327 63 686 1887 242 125 449 96 50 58 94
leaf_count=467 270 825 301 157 104 156 252 476 400 68 1280 946 4351 2722 2945 978 562 327 63 686 1887 242 125 449 96 50 58 94
internal_value=0.000218126 -0.0166825 -0.0477432 -0.00943658 -0.0637673 0.0197837 -0.0516373 -0.00487584 -0.0296126 0.00332529 -0.0726552 0.0275397 -0.0138795 0.00969662 0.0337292 0.0307305 0.00615224 0.0148062 0.0203754 0.00889015 0.00169269 0.0317746 0.0241638 0.0531734 -0.108397 -0.0695284 0.0186314 0.0160771
internal_weight=21337 11449 2170 9279 1748 9888 905 8374 652 3159 1581 6729 5176 3198 4528 3923 3041 2201 167 1632 2449 569 592 605 253 118 422 364
internal_count=21337 11449 2170 9279 1748 9888 905 8374 652 3159 1581 6729 5176 3198 4528 3923 3041 2201 167 1632 2449 569 592 605 253 118 422 364
cat_boundaries=0 1 2 3 4 5
cat_threshold=6 128 8 144 352
is_linear=0
shrinkage=0.05


Tree=31
num_leaves=29
num_cat=5
split_feature=4 8 0 0 0 0 0 1 0 13 0 1 19 0 0 0 0 8 8 5 0 8 6 0 5 6 4 7
split_gain=2556.04 1021.45 967.973 951.005 458.896 430.832 409.641 305.462 269.272 221.428 138.129 138.026 133.472 127.22 120.682 1216.16 114.095 106.304 94.5028 61.5478 54.381 47.0383 40.6616 19.4374 10.2462 4.32608 2.37672 1.18825
threshold=0 301.85000000000008 1850.0000000000002 1075.0000000000002 1550.0000000000002 2350.0000000000005 1550.0000000000002 1 1450.0000000000002 3.5000000000000004 1250.0000000000002 2 3 2450.0000000000005 2450.0000000000005 2550.0000000000005 1650.0000000000002 309.00000000000006 381.20000000000005 12.500000000000002 2350.0000000000005 487.60000000000008 0.26672608437314327 2350.0000000000005 13.500000000000002 0.096959794018617554 4 0.0411764705882353
decision_type=1 2 2 2 2 2 2 1 2 2 2 1 1 2 2 2 2 2 2 2 2 2 2 2 2 2 1 2
left_child=4 3 6 25 8 16 10 23 18 12 -3 -8 20 -14 17 -16 -5 -11 19 -1 -6 -9 -20 -4 -10 26 -2 -27
right_child=1 2 7 5 9 -7 11 21 24 14 -12 -13 13 -15 15 -17 -18 -19 22 -21 -22 -23 -24 -25 -26 27 -28 -29
leaf_value=0.014486838642063491 0.0081937264756360411 -0.0069795336995978549 -0.020982941784656279 -0.039123390567600468 0.02118000370248763 0.070768957129783108 0.020522605370997433 -0.10104991895365374 -0.056376126956787301 0.0032110232682488592 -0.025156868919043771 0.00031329502540173042 0.048643541563187433 -0.030963233084632804 -0.21876630835365832 0.046969537551922264 -0.07865409724816512 0.023469204599939189 0.014549527187485487 -0.0046829687491434001 0.049088102326060486 -0.07084528840622123 0.046319907462518468 0.012612154444176999 -0.085181638829667006 0.030383866126561222 0.018742862326446279 0.019692891536682262
leaf_weight=545 189 2206 136 213 1474 54 1261 272 66 829 1986 2532 1440 52 57 176 1276 2959 864 1807 198 245 114 63 58 53 135 51
leaf_count=545 189 2206 136 213 1474 54 1261 272 66 829 1986 2532 1440 52 57 176 1276 2959 864 1807 198 245 114 63 58 53 135 51
internal_value=0.000122555 -0.0171589 -0.00981261 -0.049676 0.0174573 -0.0679678 -0.00481876 -0.0655053 0.00249656 0.0246736 -0.0155912 0.0070869 0.0345687 0.0455637 0.0168874 -0.0180388 -0.0729993 0.0190357 0.00519053 -0.000240985 0.0243393 -0.0850905 0.0182528 -0.00985222 -0.0698497 0.0162686 0.0134206 0.0251412
internal_weight=21311 10672 8701 1971 10639 1543 7985 716 3454 7185 4192 3793 3164 1492 4021 233 1489 3788 3330 2352 1672 517 978 199 124 428 324 104
internal_count=21311 10672 8701 1971 10639 1543 7985 716 3454 7185 4192 3793 3164 1492 4021 233 1489 3788 3330 2352 1672 517 978 199 124 428 324 104
cat_boundaries=0 1 2 3 4 5
cat_threshold=1 288 320 17 2
is_linear=0
shrinkage=0.05


Tree=32
num_leaves=31
num_cat=16
split_feature=3 1 6 1 19 19 4 6 1 13 2 19 1 14 1 2 13 3 6 6 7 6 16 1 6 16 7 13 6 6
split_gain=2444.8 900.04 359.148 217.53 164.259 118.03 113.663 107.244 94.2519 94.8929 78.1879 76.3607 65.6544 41.9121 41.2086 34.7639 34.7049 33.084 31.8999 25.2221 21.7079 20.5725 20.4877 19.5915 18.6907 13.367 12.2391 8.75928 7.99001 6.48496
threshold=0 1 0.091450216450216476 2 3 4 5 0.11590909090909092 6 5.5000000000000009 7 8 9 0.56696428571428581 10 11 3.5000000000000004 12 0.14445589133089137 0.28553044178044185 0.041666666666666657 0.033076563958916907 13 14 0.068315018315018322 15 0.010336538461538461 6.5000000000000009 0.076976944624003465 0.13896316102198458
decision_type=9 1 2 1 1 1 1 2 1 2 9 1 1 2 1 9 2 9 2 2 2 2 9 1 2 9 2 2 2 2
left_child=2 6 12 11 8 14 17 24 16 -10 -7 18 15 19 -5 22 -3 29 -4 -8 -13 -14 -1 -9 -6 -23 -19 -17 -15 -2
right_child=1 4 3 5 7 10 13 23 9 -11 -12 20 21 28 -16 27 -18 26 -20 -21 -22 25 -24 -25 -26 -27 -28 -29 -30 -31
leaf_value=0.014121892756894797 -0.014228389958458904 -0.00014088991854961273 0.031089882633139568 0.01331011714719001 -0.013679454021990365 0.050993404687382282 -0.056676572403073056 0.016923658833902837 -0.014023250327695389 -0.032998971100016226 0.021010999956692266 0.019694739739805914 -0.01657585908387655 -0.023824972502733147 -0.0037413080798680103 0.04012606011635067 -0.011056480633172331 -0.018862288179024397 0.053388784317886677 -0.029321290254592899 0.033193992495332607 0.006264409560394305 0.0023301518738668521 0.0049284441093755821 -0.0022291090282356334 -0.0062773242090382805 -0.038067664769970672 0.019323115087900078 -0.045785510494231678 0.0051591562625916704
leaf_weight=616 95 1121 203 818 789 240 1322 683 2302 923 2826 437 308 139 617 107 2078 113 764 90 935 332 929 725 650 553 312 96 59 79
leaf_count=616 95 1121 203 818 789 240 1322 683 2302 923 2826 437 308 139 617 107 2078 113 764 90 935 332 929 725 650 553 312 96 59 79
internal_value=-0.000134607 -0.0157785 0.0182242 0.0245254 -0.00891762 0.0179584 -0.0444034 0.00108803 -0.0133467 -0.019394 0.0235161 0.0369277 0.00363133 -0.0515916 0.00600344 0.00977066 -0.00720888 -0.0245528 0.0482091 -0.054933 0.0286852 -0.00540072 0.00709217 0.0109023 -0.0085073 -0.00157255 -0.0322036 0.0288662 -0.0303688 -0.00513111
internal_weight=21261 11480 9781 6840 9271 4501 2209 2847 6424 3225 3066 2339 2941 1610 1435 1748 3199 599 967 1412 1372 1193 1545 1408 1439 885 425 203 198 174
internal_count=21261 11480 9781 6840 9271 4501 2209 2847 6424 3225 3066 2339 2941 1610 1435 1748 3199 599 967 1412 1372 1193 1545 1408 1439 885 425 203 198 174
cat_boundaries=0 1 2 3 4 5 6 7 8 9 10 11 12 13 14 15 16
cat_threshold=6 519 272 17 16 25 448 4 14 440 232 26 8 40 448 32
is_linear=0
shrinkage=0.05


Tree=33
num_leaves=30
num_cat=8
split_feature=2 8 0 0 0 0 0 0 1 8 1 0 0 1 0 0 19 0 1 0 13 5 8 19 8 3 13 13 5
split_gain=2170.83 822.681 871.222 841.449 445.615 377.701 2470.18 345.344 294.898 256.842 200.208 500.952 1179.67 179.434 139.914 157.566 138.805 120.988 93.3675 154.865 61.1285 60.6868 46.7299 33.5154 24.9209 21.9045 10.8844 4.77388 2.32609
threshold=0 301.85000000000008 1075.0000000000002 1850.0000000000002 1750.0000000000002 1350.0000000000002 1250.0000000000002 2350.0000000000005 1 381.20000000000005 2 2450.0000000000005 2550.0000000000005 3 1950.0000000000002 2550.0000000000005 4 1650.0000000000002 5 1450.0000000000002 3.5000000000000004 8.5000000000000018 487.60000000000008 6 592.30000000000007 7 4.5000000000000009 7.5000000000000009 11.500000000000002
decision_type=9 2 2 2 2 2 2 2 1 2 1 2 2 1 2 2 1 2 1 2 2 2 2 1 2 9 2 2 2
left_child=1 2 27 5 9 6 -3 17 26 18 14 16 -13 -7 23 -16 -12 -4 19 -2 24 -20 -10 -6 -11 -22 -5 28 -1
right_child=4 3 7 8 10 13 -8 -9 22 20 11 12 -14 -15 15 -17 -18 -19 21 -21 25 -23 -24 -25 -26 -27 -28 -29 -30
leaf_value=0.028892563015503428 -0.0092904653326382099 -0.0073290440955831844 -0.032191172711422696 0.00057434224124465678 0.014033898683403857 0.013646412686876608 -0.20678627301832875 0.066435202941298496 -0.096317089742557579 0.025087692192259016 0.051012002624086242 -0.19591911756075348 0.054685856532936887 -0.0047009283440589619 -0.010929981268823658 0.04203343827353228 0.029321322154367786 -0.072987546188645627 0.044835693606889097 -0.070580108849165157 0.013497138953962529 -0.00033148222508797893 -0.06609088523750814 0.036795878481505465 0.049799405444740784 -0.0085451972190863819 -0.022745228515578864 0.0071001473212100822 0.018265868887571115
leaf_weight=63 636 2202 212 126 325 2169 167 50 275 797 1213 78 118 3423 765 172 2268 1273 77 123 1296 2176 239 432 117 120 83 87 282
leaf_count=63 636 2202 212 126 325 2169 167 50 275 797 1213 78 118 3423 765 172 2268 1273 77 123 1296 2176 239 432 117 120 83 87 282
internal_value=3.1131e-05 -0.015946 -0.0451586 -0.00934742 0.0159158 -0.00465703 -0.0213896 -0.0628117 -0.0609936 0.0057055 0.0261006 0.0326425 -0.0450447 0.00243155 0.0116393 -0.00120777 0.0371105 -0.0671634 -0.00393727 -0.0189728 0.0181707 0.00120682 -0.0806926 0.027695 0.028251 0.0116641 -0.00828989 0.0175669 0.0202064
internal_weight=21364 10651 1967 8684 10713 7961 2369 1535 723 5342 5371 3677 196 5592 1694 937 3481 1485 3012 759 2330 2253 514 757 914 1416 209 432 345
internal_count=21364 10651 1967 8684 10713 7961 2369 1535 723 5342 5371 3677 196 5592 1694 937 3481 1485 3012 759 2330 2253 514 757 914 1416 209 432 345
cat_boundaries=0 1 2 3 4 5 6 7 8
cat_threshold=384 288 526 48 14 513 48 6
is_linear=0
shrinkage=0.05


Tree=34
num_leaves=31
num_cat=11
split_feature=4 1 0 0 0 0 0 1 19 1 19 1 0 0 0 5 1 0 14 0 19 1 12 1 14 5 9 11 7 13
split_gain=1878.8 763.606 875.686 784.461 378.657 364.47 333.262 270.734 173.466 162.534 159.845 127.531 390.917 122.291 105.133 98.6641 96.4979 81.5917 41.0308 39.7075 28.6714 24.8192 12.2776 9.39148 8.74262 7.07797 4.24277 3.5757 3.17173 1.504
threshold=0 1 1850.0000000000002 1075.0000000000002 1750.0000000000002 1750.0000000000002 2350.0000000000005 2 3 4 5 6 2450.0000000000005 1450.0000000000002 1650.0000000000002 14.500000000000002 7 1950.0000000000002 0.43303571428571436 2050.0000000000005 8 9 2.5000000000000004 10 0.29705882352941182 13.500000000000002 1.0000000180025095e-35 1.5000000000000002 0.0047619047619047528 7.5000000000000009
decision_type=1 1 2 2 2 2 2 1 1 1 1 1 2 2 2 2 1 2 2 2 1 1 2 1 2 2 2 2 2 2
left_child=4 3 5 27 9 10 14 22 21 13 -3 17 -13 23 -5 20 -7 -10 -17 -9 -11 26 -4 -1 -15 -23 -6 28 -2 -29
right_child=1 2 7 6 8 16 -8 19 11 15 -12 12 -14 24 -16 18 -18 -19 -20 -21 -22 25 -24 -25 -26 -27 -28 29 -30 -31
leaf_value=0.0030827365822368707 0.030997912061669061 -0.02363361218112427 0.0048813733187588783 -0.031407302225695689 0.073257882776462266 -0.011329043046571315 0.065327373072139774 -0.094018875395526016 0.022708733237325678 0.0028544155177532711 -0.0050866973991895775 0.031260977627829513 -0.040373176467614111 -0.047903631828275735 -0.07010694602853805 0.0062021640813750417 0.013230267706373139 -0.00048637861211833642 -0.0086333306500668092 -0.066670812967318679 0.02071459347905328 0.042989697761865509 -0.020075594509086973 -0.010755882666753569 -0.07470559945504647 0.024338992955680525 0.060964607166998246 0.014637224289516991 0.017602083427746867 0.0048359145564193448
leaf_weight=163 59 1896 88 204 112 465 51 269 653 282 3023 3081 203 58 1256 2064 2648 904 602 262 1507 117 112 484 64 90 188 130 176 56
leaf_count=163 59 1896 88 204 112 465 51 269 653 282 3023 3081 203 58 1256 2064 2648 904 602 262 1507 117 112 484 64 90 188 130 176 56
internal_value=-0.000111863 -0.0148805 -0.00857935 -0.0432694 0.0148287 -0.00382082 -0.0603109 -0.0609819 0.024195 0.00526835 -0.0122939 0.0211314 0.0267515 -0.0158404 -0.0646996 0.00892755 0.00956786 0.00918259 0.00285221 -0.0790367 0.018031 0.0520049 -0.00866146 -0.00738809 -0.0619637 0.0332733 0.0634394 0.0168658 0.0209653 0.0116863
internal_weight=21267 10695 8763 1932 10572 8032 1511 731 5348 5224 4919 4841 3284 769 1460 4455 3113 1557 2666 531 1789 507 200 647 122 207 300 421 235 186
internal_count=21267 10695 8763 1932 10572 8032 1511 731 5348 5224 4919 4841 3284 769 1460 4455 3113 1557 2666 531 1789 507 200 647 122 207 300 421 235 186
cat_boundaries=0 1 2 3 4 5 6 7 8 9 10 11
cat_threshold=1 519 288 8 513 16 526 8 16 369 1
is_linear=0
shrinkage=0.05


Tree=35
num_leaves=31
num_cat=3
split_feature=3 8 0 0 0 0 0 0 8 0 8 8 5 6 0 8 0 6 0 9 0 11 19 17 8 5 6 6 6 13
split_gain=1735.11 656.755 632.788 522.393 319.072 310.376 302.266 279.473 181.835 172.3 135.375 130.427 125.217 108.622 104.149 232.459 228.376 68.6878 43.2934 38.9312 120.203 31.1227 29.5034 27.5466 25.8875 22.117 14.7428 13.1972 5.11154 2.74552
threshold=0 301.85000000000008 1075.0000000000002 1850.0000000000002 1750.0000000000002 1750.0000000000002 1950.0000000000002 1750.0000000000002 381.20000000000005 1450.0000000000002 328.75000000000006 487.60000000000008 10.500000000000002 0.27859547859547862 2150.0000000000005 309.00000000000006 2550.0000000000005 0.16471224853577796 2350.0000000000005 1.0000000180025095e-35 1450.0000000000002 1.0000000180025095e-35 1 2 411.60000000000008 10.500000000000002 0.10981267507002802 0.31378205128205133 0.12628294907706675 7.5000000000000009
decision_type=9 2 2 2 2 2 2 2 2 2 2 2 2 2 2 2 2 2 2 2 2 2 1 1 2 2 2 2 2 2
left_child=5 2 28 7 9 8 26 10 19 -4 -3 -8 21 -9 15 -14 -16 23 -6 20 -1 24 -19 -10 -7 -21 -5 -23 29 -2
right_child=1 3 4 6 18 12 11 13 17 -11 -12 -13 14 -15 16 -17 -18 22 -20 25 -22 27 -24 -25 -26 -27 -28 -29 -30 -31
leaf_value=-0.0012690514538653518 0.016471998552276507 -0.028640832728023521 -0.024899551576908315 -0.10688264807196041 -0.0069874084459579724 0.035384877684402717 -0.0067396612740501924 0.0035784233003175107 0.017301012459164548 -0.066023800721441261 -0.0072452646217942094 -0.051850702574887275 0.0035946358228959225 0.027693251792881179 -0.013501254321737922 0.034211558052764511 0.048640905505511915 0.0086653414469658897 0.044496719823884118 0.025182443500424808 -0.038340112950201843 0.02658823941584065 0.034918502701170882 0.0030968630512567112 0.054180134770463267 0.0030062566201545103 -0.0808261092173818 0.051758478745295294 0.029946506861597302 0.0060132885816710771
leaf_weight=1572 291 893 317 76 98 415 392 2669 741 1296 4296 271 951 566 567 1781 200 161 70 130 254 603 568 655 328 832 190 57 60 80
leaf_count=1572 291 893 317 76 98 415 392 2669 741 1296 4296 271 951 566 567 1781 200 161 70 130 254 603 568 655 328 832 190 57 60 80
internal_value=-0.000326909 -0.0134435 -0.0379561 -0.00766067 -0.0511117 0.0151267 -0.0432438 -0.00373655 0.00626068 -0.0579417 -0.0109273 -0.0251787 0.0240435 0.00779759 0.0189832 0.0235539 0.0027027 0.0172787 0.0144643 -0.00213716 -0.00642571 0.0366634 0.0297183 0.0107826 0.0436821 0.00600304 -0.0882708 0.028762 0.0164065 0.0142168
internal_weight=21380 11565 2212 9353 1781 9815 929 8424 4913 1613 5189 663 4902 3235 3499 2732 767 2125 168 2788 1826 1403 729 1396 743 962 266 660 431 371
internal_count=21380 11565 2212 9353 1781 9815 929 8424 4913 1613 5189 663 4902 3235 3499 2732 767 2125 168 2788 1826 1403 729 1396 743 962 266 660 431 371
cat_boundaries=0 1 2 3
cat_threshold=6 16 5
is_linear=0
shrinkage=0.05


Tree=36
num_leaves=31
num_cat=8
split_feature=3 8 0 0 0 0 0 0 0 2 1 8 0 19 1 6 0 0 0 13 19 1 0 0 19 8 13 11 9 6
split_gain=1554.05 529.69 492.194 492.665 308.179 295.173 383.865 285.841 2378.42 260.443 181.7 164.712 113.24 106.825 92.5857 81.039 81.405 66.6858 57.397 53.4606 50.3979 47.8498 116.231 39.9473 19.6093 19.5439 19.2054 18.5135 14.5313 10.6579
threshold=0 301.85000000000008 1450.0000000000002 1750.0000000000002 1750.0000000000002 1850.0000000000002 1950.0000000000002 1350.0000000000002 1250.0000000000002 1 2 381.20000000000005 1075.0000000000002 3 4 0.26469721727074674 2150.0000000000005 2350.0000000000005 1950.0000000000002 5.5000000000000009 5 6 1450.0000000000002 2550.0000000000005 7 411.60000000000008 7.5000000000000009 1.5000000000000002 1.0000000180025095e-35 0.17937585290526473
decision_type=9 2 2 2 2 2 2 2 2 9 1 2 2 1 1 2 2 2 2 2 1 1 2 2 1 2 2 2 2 2
left_child=4 2 12 20 11 7 29 8 -3 -8 -9 21 -2 14 18 16 -15 -5 -6 24 -4 22 -1 -16 -13 -17 -23 -14 -21 -7
right_child=1 5 3 17 13 6 9 10 -10 -11 -12 19 27 15 23 25 -18 -19 -20 28 -22 26 -24 -25 -26 -27 -28 -29 -30 -31
leaf_value=-0.0049305889856354141 0.015977521645446597 -0.0040660314894561287 -0.035382690444505711 -0.0093521399483130867 0.015283046107490579 -0.0921973359822503 -0.055697213585492122 0.013230215174317474 -0.19629812054551407 0.0048010324802844999 -0.0041618944206362743 0.011018619026058826 -0.011215941297617868 0.032523899461397957 0.020623234365321125 0.038058597375011521 0.0080279656111674636 0.038521933924550049 -0.019659334326541402 0.0119163355712949 -0.067101003378297372 0.005092887679319571 -0.063453157932963231 0.05839162227018057 0.026371100711668701 0.053621136154892314 -0.011738546495810928 -0.031736155237962048 -0.0040503779132896123 -0.071990886341259525
leaf_weight=730 444 2302 237 242 221 146 247 2432 173 579 3893 322 273 1299 1299 438 459 104 251 323 1062 1445 96 74 1041 374 192 184 255 118
leaf_count=730 444 2302 237 242 221 146 247 2432 173 579 3893 322 273 1299 1299 438 459 104 251 323 1062 1445 96 74 1041 374 192 184 255 118
internal_value=1.79911e-05 -0.0113638 -0.031711 -0.047981 0.0160625 -0.00613725 -0.0306808 -0.00309719 -0.0175029 -0.013906 0.00253981 0.00672228 -0.00200598 0.0254158 0.0159319 0.0320377 0.0261282 0.00503776 -0.00323017 0.0176148 -0.062103 -0.00186172 -0.0115919 0.022495 0.0230185 0.0452266 0.00309983 -0.0194779 0.0048722 -0.0831657
internal_weight=21255 12436 2546 1645 8819 9890 1090 8800 2475 826 6325 4404 901 4415 1845 2570 1758 346 472 1941 1299 2463 826 1373 1363 812 1637 457 578 264
internal_count=21255 12436 2546 1645 8819 9890 1090 8800 2475 826 6325 4404 901 4415 1845 2570 1758 346 472 1941 1299 2463 826 1373 1363 812 1637 457 578 264
cat_boundaries=0 1 2 3 4 5 6 7 8
cat_threshold=10 128 48 48 524 38 521 16
is_linear=0
shrinkage=0.05


Tree=37
num_leaves=31
num_cat=7
split_feature=3 8 0 0 0 2 0 0 0 8 1 8 0 0 1 5 0 19 6 1 0 13 13 5 0 19 11 8 5 6
split_gain=1390.16 518.716 468.379 357.798 290.061 335.379 302.972 2181.29 272.374 175.353 169.628 147.708 120.511 1091.26 170.191 117.507 102.858 59.2765 46.8658 42.5127 76.2959 42.0962 41.8363 41.4371 39.0273 28.7842 17.062 12.1401 9.21856 6.50987
threshold=0 301.85000000000008 1450.0000000000002 1750.0000000000002 1850.0000000000002 1 1350.0000000000002 1250.0000000000002 1750.0000000000002 487.60000000000008 2 381.20000000000005 2450.0000000000005 2550.0000000000005 3 10.500000000000002 1075.0000000000002 4 0.10132668257668258 5 1450.0000000000002 1.0000000180025095e-35 3.5000000000000004 9.5000000000000018 2350.0000000000005 6 1.5000000000000002 592.30000000000007 14.500000000000002 0.12628294907706675
decision_type=9 2 2 2 2 9 2 2 2 2 1 2 2 2 1 2 2 1 2 1 2 2 2 2 2 1 2 2 2 2
left_child=8 2 16 17 6 10 7 -3 11 -8 -6 19 14 -14 21 -16 29 -4 27 20 -1 -10 -7 -21 -5 -20 -18 -13 -15 -2
right_child=1 4 3 24 5 22 9 -9 12 -11 -12 18 13 28 15 -17 26 -19 25 23 -22 -23 -24 -25 -26 -27 -28 -29 -30 -31
leaf_value=-0.0055819995137146462 0.013228420392364618 -0.0047794814116518041 -0.031821412201164155 -0.01129007551614866 -0.0094718693267518226 0.024474673488938781 -0.0018379608599354464 -0.18734368556602435 0.064625502002275625 0.017376805476113834 -0.066113587028296214 0.004240242842576035 -0.18780991875208342 0.051297663231585293 0.035028826445397558 0.012653537210002914 -0.010655545444005236 -0.06432168587092589 0.031915697133159372 0.029111125984741023 -0.053472190282032407 0.038106097099402839 -0.0079571691505762564 -3.9824489418908866e-05 0.02710194827016929 0.014951182960421984 -0.030547590663021835 0.02018816064802461 0.029068545228096123 0.031244623883434672
leaf_weight=520 370 2325 244 236 198 185 4815 176 174 1576 504 634 65 159 825 2032 271 1056 521 131 99 1069 215 1756 92 613 179 147 66 58
leaf_count=520 370 2325 244 236 198 185 4815 176 174 1576 504 634 65 159 825 2032 271 1056 521 131 99 1069 215 1756 92 613 179 147 66 58
internal_value=-0.00024544 -0.0109635 -0.0313127 -0.0471871 -0.00587195 -0.0300685 -0.00287323 -0.0176269 0.0149556 0.00290034 -0.0504951 0.0062124 0.0237946 -0.00735446 0.0259978 0.0190481 -0.0018781 -0.0589612 0.0166673 -0.00177684 -0.0130308 0.0414846 0.00687079 0.00197345 -0.000521581 0.0231586 -0.0185682 0.00724196 0.0447771 0.0156699
internal_weight=21311 12500 2506 1628 9994 1102 8892 2501 8811 6391 702 4421 4390 290 4100 2857 878 1300 1915 2506 619 1243 400 1887 328 1134 450 781 225 428
internal_count=21311 12500 2506 1628 9994 1102 8892 2501 8811 6391 702 4421 4390 290 4100 2857 878 1300 1915 2506 619 1243 400 1887 328 1134 450 781 225 428
cat_boundaries=0 1 2 3 4 5 6 7
cat_threshold=10 384 288 48 38 513 14
is_linear=0
shrinkage=0.05


Tree=38
num_leaves=31
num_cat=8
split_feature=3 8 0 0 0 3 0 0 0 1 8 8 6 1 0 1 8 0 0 1 13 1 0 13 6 16 13 8 14 6
split_gain=1282.28 482.37 398.927 288.388 263.052 323.714 290.65 223.875 193.353 152.89 141.328 128.239 103.993 94.0721 89.097 236.798 148.004 58.0842 50.6647 50.5031 46.2633 36.766 80.5215 25.6863 24.7995 14.9616 9.27028 9.12845 5.23572 3.46358
threshold=0 301.85000000000008 1075.0000000000002 1750.0000000000002 1850.0000000000002 1 1750.0000000000002 1750.0000000000002 1450.0000000000002 2 381.20000000000005 328.75000000000006 0.35094165094165097 3 2150.0000000000005 4 309.00000000000006 2350.0000000000005 2150.0000000000005 5 3.5000000000000004 6 1450.0000000000002 4.5000000000000009 0.10210475798711095 7 2.5000000000000004 292.50000000000006 0.55050505050505061 0.096959794018617554
decision_type=9 2 2 2 2 9 2 2 2 1 2 2 2 1 2 1 2 2 2 1 2 1 2 2 2 9 2 2 2 2
left_child=7 2 28 8 6 18 11 10 -4 -7 21 -3 14 -8 16 -16 -9 -5 -6 26 24 22 -1 -23 -12 -22 -14 -21 29 -2
right_child=1 4 3 17 5 9 13 12 -10 -11 20 -13 19 -15 15 -17 -18 -19 -20 27 25 23 -24 -25 -26 -27 -28 -29 -30 -31
leaf_value=-0.0036805513454466325 0.014488178100891584 -0.026053410260370544 -0.018474430188332593 -0.009051660015532861 0.029344815223449418 -0.0073117165692599007 -0.010598930959562713 0.007063812428330072 -0.05662584194943833 -0.059205138933962689 0.00026690828861319465 -0.0059931092023511401 0.054998611583188174 0.012732357139166468 -0.029751808841431901 0.023719200213593833 0.031471035374455496 0.037728845958526325 -0.0094443434298190545 0.0054840073372949575 0.0059131122250129023 0.0084061358120873092 -0.051699264892598712 -0.0032726224223855768 0.029722919242013864 0.017841111726703173 0.032078841077163821 0.026717538161748891 0.006121263682721396 0.026245414531677141
leaf_weight=518 201 964 445 245 197 206 504 917 1309 571 80 4590 375 2826 305 596 1925 91 147 68 721 907 105 979 669 440 50 198 131 91
leaf_count=518 201 964 445 245 197 206 504 917 1309 571 80 4590 375 2826 305 596 1925 91 147 68 721 907 105 979 669 440 50 198 131 91
internal_value=3.37458e-05 -0.0102629 -0.0298553 -0.0388176 -0.00535209 -0.0281757 -0.00247217 0.0145882 -0.0469466 -0.0457148 0.00664007 -0.00947495 0.0225423 0.00920754 0.0192523 0.00555163 0.0235958 0.00361806 0.0124085 0.0403638 0.0168885 -0.00116161 -0.0115876 0.00233147 0.0265767 0.0106382 0.0510998 0.0205181 0.0144263 0.0181522
internal_weight=21371 12518 2513 2090 10005 1121 8884 8853 1754 777 4419 5554 4434 3330 3743 901 2842 336 344 691 1910 2509 623 1886 749 1161 425 266 423 292
internal_count=21371 12518 2513 2090 10005 1121 8884 8853 1754 777 4419 5554 4434 3330 3743 901 2842 336 344 691 1910 2509 623 1886 749 1161 425 266 423 292
cat_boundaries=0 1 2 3 4 5 6 7 8
cat_threshold=10 4 288 8 104 369 513 11
is_linear=0
shrinkage=0.05


Tree=39
num_leaves=31
num_cat=7
split_feature=2 1 0 0 5 0 1 1 8 1 6 0 0 0 8 8 0 5 8 18 18 0 0 11 9 7 13 14 6 11
split_gain=1102.78 477.949 492.145 367.305 272.794 244.897 193.408 157.305 102.835 97.4482 92.7898 60.987 55.0264 79.0646 47.0782 43.4609 39.6607 36.4146 33.2625 32.3184 29.1946 29.6311 27.9318 24.9011 23.1658 17.3804 14.9324 5.6247 2.78521 2.408
threshold=0 1 1850.0000000000002 1075.0000000000002 13.500000000000002 1750.0000000000002 2 3 513.75000000000011 4 0.17426718162012281 1650.0000000000002 1750.0000000000002 1950.0000000000002 443.05000000000007 513.75000000000011 2550.0000000000005 8.5000000000000018 487.60000000000008 5 6 1950.0000000000002 2350.0000000000005 1.0000000180025095e-35 1.0000000180025095e-35 0.0054210495386965993 5.5000000000000009 0.55050505050505061 0.044503862150920982 1.5000000000000002
decision_type=9 1 2 2 2 2 1 1 2 1 2 2 2 2 2 2 2 2 2 1 1 2 2 2 2 2 2 2 2 2
left_child=1 3 5 27 10 7 22 -3 12 -7 15 29 24 -14 16 17 -12 -2 -8 -13 26 -22 -4 -16 -6 -17 -10 28 -1 -5
right_child=4 2 6 11 8 9 18 -9 20 -11 14 19 13 -15 23 25 -18 -19 -20 -21 21 -23 -24 -25 -26 -27 -28 -29 -30 -31
leaf_value=0.0072386834619785935 0.029104380866576157 -0.0041316509619437553 -0.018978525220175953 -0.019512909792053206 -0.007882463940800442 0.018486577778073103 -0.075978947297560079 -0.022953700695241382 0.0091981620435410798 0.0004064979847614953 0.020438936939417066 -0.066097707201209333 0.021125672334092301 -0.00018794363754137634 0.042551014900447097 0.050290326623039561 0.056346117824683954 0.0074289377872635114 -0.050356833214477419 -0.043065891812411543 0.016418520080096043 0.039822216959563415 0.018109838517647189 0.024133407027758871 0.0013781357567413377 0.023284291005440966 -0.026633027278714711 0.0012338847517199124 0.019388244957542169 -0.029922043850203441
leaf_weight=68 220 3690 136 105 1458 1265 267 1587 63 1806 1520 440 682 1202 587 73 81 1625 241 603 976 157 81 267 1258 324 54 97 154 118
leaf_count=68 220 3690 136 105 1458 1265 267 1587 63 1806 1520 440 682 1202 587 73 81 1625 241 603 976 157 81 267 1258 324 54 97 154 118
internal_value=0.000154957 -0.0111827 -0.00673479 -0.0364422 0.0116116 -0.00331044 -0.0462573 -0.0098435 0.00441722 0.00791553 0.0205967 -0.0487544 0.000961492 0.00752749 0.0273125 0.0132428 0.0222556 0.0100135 -0.0625915 -0.0538287 0.0171343 0.0194896 -0.00490829 0.0367928 -0.00359313 0.0282501 -0.00676141 0.0112781 0.0156668 -0.0250209
internal_weight=21205 10658 9073 1585 10547 8348 725 5277 5850 3071 4697 1266 4600 1884 2455 2242 1601 1845 508 1043 1250 1133 217 854 2716 397 117 319 222 223
internal_count=21205 10658 9073 1585 10547 8348 725 5277 5850 3071 4697 1266 4600 1884 2455 2242 1601 1845 508 1043 1250 1133 217 854 2716 397 117 319 222 223
cat_boundaries=0 1 2 3 4 5 6 7
cat_threshold=384 518 289 464 320 4 1
is_linear=0
shrinkage=0.05


Tree=40
num_leaves=31
num_cat=7
split_feature=3 1 0 0 5 5 0 2 0 1 1 1 0 0 0 0 10 6 0 0 13 5 3 5 0 5 6 7 7 6
split_gain=1135.51 336.988 397.958 325.649 219.3 217.735 202.667 197.936 159.553 107.524 81.7323 81.5849 182.229 95.3037 80.4942 78.8265 73.7013 69.5827 52.7428 48.083 47.2412 44.5978 30.7977 25.7237 20.8129 7.47164 3.92424 4.30337 3.12936 1.26675
threshold=0 1 1075.0000000000002 1850.0000000000002 12.500000000000002 13.500000000000002 1750.0000000000002 2 1350.0000000000002 3 4 5 2450.0000000000005 1750.0000000000002 1450.0000000000002 2450.0000000000005 1.0000000180025095e-35 0.25263506917918688 2550.0000000000005 1950.0000000000002 2.5000000000000004 8.5000000000000018 6 11.500000000000002 2350.0000000000005 14.500000000000002 0.069864612511671351 0.0091242091242091251 0.088235294117647065 0.015909090909090911
decision_type=9 1 2 2 2 2 2 9 2 1 1 1 2 2 2 2 2 2 2 2 2 2 9 2 2 2 2 2 2 2
left_child=4 2 26 5 10 17 14 9 -7 -5 21 18 13 -13 -4 16 -12 -3 19 -6 -9 24 -23 -8 -1 -20 29 -28 -17 -2
right_child=1 3 6 7 11 8 23 20 -10 -11 15 12 -14 -15 -16 28 -18 -19 25 -21 -22 22 -24 -25 -26 -27 27 -29 -30 -31
leaf_value=0.038467119101265372 0.0046595685053289985 0.0059907039489524314 -0.020815925818031371 -0.013276080873953862 0.00041836939768500833 -0.018616144268219097 0.040135386963374917 0.04795692331331261 -0.0020286241054668585 -0.059485384186142957 0.037724956860706309 0.0063687518407268412 -0.061166455980585246 0.021643793828054425 -0.049800578812588654 -0.038036395613031064 0.010010736364918421 0.027929613940615772 0.042738607513611436 -0.020037281533874633 -0.0055576837397296065 0.028323279774255958 0.0086796147605935486 -0.00097637307469715146 0.067521275168905659 0.017673328867310597 0.032770978104262792 0.016034175940148998 -0.020433333763852715 0.013241869812299099
leaf_weight=346 57 1587 295 195 1363 2204 60 59 4236 504 313 2611 86 1677 1274 51 1027 468 61 364 137 1449 267 104 75 58 54 133 50 175
leaf_count=346 57 1587 295 195 1363 2204 60 59 4236 504 313 2611 86 1677 1274 51 1027 468 61 364 137 1449 267 104 75 58 54 133 50 175
internal_value=0.00031556 -0.0103072 -0.0281198 -0.00619936 0.0128266 -0.00318363 -0.0388229 -0.0348928 -0.00770547 -0.0469634 0.0227024 0.00716622 0.0108725 0.0123427 -0.0443509 0.0131822 0.0164843 0.010987 -0.00166553 -0.00389307 0.0100391 0.0289248 0.0254825 0.0140645 0.043643 0.0305219 0.0154776 0.0208673 -0.029322 0.0111333
internal_weight=21340 11542 2152 9390 9798 8495 1733 895 6440 699 3578 6220 4374 4288 1569 1441 1340 2055 1846 1727 196 2137 1716 164 421 119 419 187 101 232
internal_count=21340 11542 2152 9390 9798 8495 1733 895 6440 699 3578 6220 4374 4288 1569 1441 1340 2055 1846 1727 196 2137 1716 164 421 119 419 187 101 232
cat_boundaries=0 1 2 3 4 5 6 7
cat_threshold=6 519 384 288 412 519 2
is_linear=0
shrinkage=0.05


Tree=41
num_leaves=31
num_cat=5
split_feature=3 0 0 0 0 0 0 5 0 5 2 0 5 0 0 13 2 0 0 10 14 16 6 2 6 5 6 5 6 6
split_gain=944.379 237.108 665.318 285.401 306.709 194.009 130.533 99.9885 102.046 93.3641 72.1791 83.2407 67.8468 52.195 51.4262 50.4926 50.075 45.9883 79.3957 43.5924 43.2349 36.5738 35.2091 28.1552 25.5804 24.7014 24.0177 21.7351 21.5847 14.0067
threshold=0 1750.0000000000002 1650.0000000000002 1850.0000000000002 1950.0000000000002 1750.0000000000002 2450.0000000000005 14.500000000000002 1350.0000000000002 13.500000000000002 1 1450.0000000000002 11.500000000000002 1250.0000000000002 1950.0000000000002 4.5000000000000009 2 2550.0000000000005 2150.0000000000005 1.0000000180025095e-35 0.25833333333333336 3 0.091450216450216476 4 0.19328367710720654 14.500000000000002 0.13614672364672367 8.5000000000000018 0.059274821039526922 0.17937585290526473
decision_type=9 2 2 2 2 2 2 2 2 2 9 2 2 2 2 2 9 2 2 2 2 9 2 9 2 2 2 2 2 2
left_child=5 2 7 12 29 10 -6 13 -9 17 11 28 24 -2 23 27 -16 18 -7 -13 -14 22 -4 -11 -3 -17 -23 -12 -1 -5
right_child=1 3 21 4 6 9 -8 8 -10 14 15 19 20 -15 16 25 -18 -19 -20 -21 -22 26 -24 -25 -26 -27 -28 -29 -30 -31
leaf_value=-0.0075214238441793872 0.0097898886896636249 0.011902725345813683 -0.066395702584498617 -0.080204158209563878 -0.0030754575255138757 0.029813029207462156 -0.068039209309167098 -0.01893001215524711 -0.003967087932765687 0.0010173218550475975 0.041362062109590966 -0.010946575520868083 0.010947979080868014 -0.0071355795697000141 -0.0037040463884481789 0.014415312177029399 0.016754844039548984 0.057874564785327369 0.0069673695884800201 -0.054841620650572277 -0.0017926271374476767 -0.03513930893094256 -0.046076346354430607 0.026282435641786474 0.030433380146754757 -0.0011043016352714216 0.0026206096493691772 0.015396331814379483 0.0054432852368727202 -0.056154913682313193
leaf_weight=464 1011 387 302 143 973 1831 84 2340 2221 145 86 124 1185 829 669 355 529 112 480 104 1520 205 725 635 359 923 53 1282 1042 105
leaf_count=464 1011 387 302 143 973 1831 84 2340 2221 145 86 124 1185 829 669 355 529 112 480 104 1520 205 725 635 359 923 53 1282 1042 105
internal_value=2.89747e-05 -0.00882903 -0.0142657 -6.15379e-05 -0.0199794 0.0125758 -0.00823814 -0.00767457 -0.0116437 0.0200045 0.00514029 -0.00279756 0.00747044 0.00216423 0.0119442 0.0103138 0.00543891 0.0265844 0.0250679 -0.0309689 0.00378875 -0.0470985 -0.0515495 0.0219357 0.0208203 0.0032067 -0.0263607 0.0170287 0.00144885 -0.070022
internal_weight=21223 12442 7686 4756 1305 8781 1057 6401 4561 4401 4380 1734 3451 1840 1978 2646 1198 2423 2311 228 2705 1285 1027 780 746 1278 258 1368 1506 248
internal_count=21223 12442 7686 4756 1305 8781 1057 6401 4561 4401 4380 1734 3451 1840 1978 2646 1198 2423 2311 228 2705 1285 1027 780 746 1278 258 1368 1506 248
cat_boundaries=0 1 2 3 4 5
cat_threshold=10 8 8 1 16
is_linear=0
shrinkage=0.05


Tree=42
num_leaves=31
num_cat=7
split_feature=3 1 0 0 0 5 0 0 0 8 2 5 0 0 8 16 1 5 0 14 7 16 1 0 7 11 5 5 5 0
split_gain=1002.58 310.775 242.948 214.054 216.298 186.05 164.007 152.341 145.521 132.281 126.575 82.1326 80.9442 64.0941 52.0421 49.4753 38.0239 36.5518 32.6294 27.8077 27.3477 21.2511 20.0818 19.0867 20.5676 14.862 14.5302 11.4469 9.33399 5.38539
threshold=0 1 1650.0000000000002 1850.0000000000002 1750.0000000000002 10.500000000000002 1950.0000000000002 1250.0000000000002 1750.0000000000002 513.75000000000011 2 12.500000000000002 1750.0000000000002 2150.0000000000005 291.65000000000003 3 4 8.5000000000000018 1750.0000000000002 0.44097222222222227 0.058379120879120887 5 6 1950.0000000000002 0.14545454545454545 2.5000000000000004 12.500000000000002 7.5000000000000009 12.500000000000002 1175.0000000000002
decision_type=9 1 2 2 2 2 2 2 2 2 9 2 2 2 2 9 1 2 2 2 2 9 1 2 2 2 2 2 2 2
left_child=5 2 14 4 7 17 28 -3 21 12 -8 -6 16 -14 -2 18 -7 23 -11 22 -17 -4 -19 27 -25 -21 -10 -1 -5 -16
right_child=1 3 8 6 11 9 10 -9 26 15 -12 -13 13 -15 29 20 -18 19 -20 25 -22 -23 -24 24 -26 -27 -28 -29 -30 -31
leaf_value=0.036936530432905311 0.008807977366685758 -0.00036541484328727654 -0.054207008514821603 -0.05039667813725085 0.018478422401849177 -0.011611890274582913 -0.043448137458365295 -0.017103675846795136 0.025054366648967926 0.016728959058566816 0.0010874747448411553 0.0010848481137515663 0.015251293993866389 -0.0027745219247663046 -0.024145509979565778 -0.039043512374308767 0.0021143088148800749 0.035354735803507301 0.031284084305683239 0.014199991619450854 0.0098687747593682543 -0.030131864962497715 0.018020651536933184 0.033662744098299634 0.059571271165109733 -0.011905091339459403 -0.0085733677415798116 0.019691314475162876 -0.069878358759839707 -0.0079017131613678664
leaf_weight=162 340 2371 778 98 970 611 249 3186 58 881 423 2260 2149 640 214 51 2681 349 684 452 65 216 498 215 119 62 72 237 165 67
leaf_count=162 340 2371 778 98 970 611 249 3186 58 881 423 2260 2149 640 214 51 2681 349 684 452 65 216 498 215 119 62 72 237 165 67
internal_value=0.000147452 -0.00990022 -0.0292826 -0.00639477 -0.00398121 0.0118355 -0.0291454 -0.00996198 -0.0433177 0.0082794 -0.0160449 0.00630831 0.00484755 0.0111149 -0.00435079 0.0206941 -0.000462144 0.0250736 0.0229438 0.0202257 -0.0107123 -0.0498239 0.0257932 0.0340751 0.0428936 0.0110511 0.00642978 0.0266931 -0.062619 -0.0202724
internal_weight=21323 11467 1745 9722 8787 9856 935 5557 1124 7762 672 3230 6081 2789 621 1681 3292 2094 1565 1361 116 994 847 733 334 514 130 399 263 281
internal_count=21323 11467 1745 9722 8787 9856 935 5557 1124 7762 672 3230 6081 2789 621 1681 3292 2094 1565 1361 116 994 847 733 334 514 130 399 263 281
cat_boundaries=0 1 2 3 4 5 6 7
cat_threshold=6 518 128 41 513 1 180
is_linear=0
shrinkage=0.05


Tree=43
num_leaves=31
num_cat=8
split_feature=3 8 0 0 5 0 0 4 0 0 8 6 0 0 1 0 19 0 6 5 0 5 1 16 8 1 4 14 6 6
split_gain=859.336 262.5 239.58 181.82 177.223 175.717 137.763 154.21 125.757 124.791 87.4426 77.0328 69.2345 869.251 149.551 60.7506 40.8495 33.8846 28.9867 27.5143 25.9827 15.8771 14.7591 13.321 11.7185 6.41875 6.13354 4.40145 0.914364 0.883537
threshold=0 301.85000000000008 1075.0000000000002 1750.0000000000002 13.500000000000002 1750.0000000000002 1850.0000000000002 1 1350.0000000000002 1450.0000000000002 443.05000000000007 0.28243746993746999 2550.0000000000005 2450.0000000000005 2 1850.0000000000002 3 2350.0000000000005 0.18468915343915346 9.5000000000000018 1850.0000000000002 12.500000000000002 4 5 592.30000000000007 6 7 0.39444444444444454 0.19446733821733822 0.076976944624003465
decision_type=9 2 2 2 2 2 2 1 2 2 2 2 2 2 1 2 1 2 2 2 2 2 1 9 2 1 1 2 2 2
left_child=5 2 25 9 11 10 8 -8 -6 -4 16 15 13 14 -7 -3 22 -5 24 -18 -13 -20 -1 27 -12 29 -27 -14 -25 -2
right_child=1 4 3 17 6 12 7 -9 -10 -11 18 20 23 -15 -16 -17 19 -19 21 -21 -22 -23 -24 28 -26 26 -28 -29 -30 -31
leaf_value=-0.016038361823909022 0.020675339633277778 0.0058935498385486616 -0.014483177839316748 -0.0065338473147874242 -0.016227531218587287 0.036032389470552373 -0.054183575534963058 -0.0021865542833062212 -0.0017631381862652383 -0.043479522175706692 0.0083387377011197462 0.0280298750884121 0.076124758941074053 -0.17356170035641771 0.014546626802958979 -0.014024015507910579 0.022235373693176224 0.027105896330761665 0.040864828084350421 0.0025592149853029315 0.0052961121872067453 0.019851553073068236 -0.0022588711716332375 0.03287852821031622 0.022877807011029927 0.0011264759723315608 0.015169175489697279 0.055961073313374077 0.023624255983824179 0.02974508801661432
leaf_weight=374 58 1876 518 317 2232 1205 322 263 4599 1308 626 446 59 58 2607 481 196 98 152 1900 175 220 419 51 178 169 149 50 56 50
leaf_count=374 58 1876 518 317 2232 1205 322 263 4599 1308 626 446 59 58 2607 481 196 98 152 1900 175 220 419 51 178 169 149 50 56 50
internal_value=1.74678e-05 -0.00793083 -0.0219304 -0.0284642 -0.00434631 0.0127478 -0.0084836 -0.0317707 -0.00648932 -0.0352538 0.00540319 0.00595665 0.0200858 0.0185481 0.0214711 0.00182891 0.000724422 0.00141 0.0168972 0.00437827 0.0216234 0.0284376 -0.00887645 0.0476351 0.0115576 0.0124412 0.0079681 0.0612556 0.025639 0.0227663
internal_weight=21212 13061 2667 2241 10394 8151 7416 585 6831 1826 4065 2978 4086 3870 3812 2357 2889 415 1176 2096 621 372 793 216 804 426 318 109 107 108
internal_count=21212 13061 2667 2241 10394 8151 7416 585 6831 1826 4065 2978 4086 3870 3812 2357 2889 415 1176 2096 621 372 793 216 804 426 318 109 107 108
cat_boundaries=0 1 2 3 4 5 6 7 8
cat_threshold=2 6 48 16 649 36 1 2
is_linear=0
shrinkage=0.05


Tree=44
num_leaves=31
num_cat=14
split_feature=3 1 5 5 11 14 4 16 1 1 5 5 1 1 11 6 17 2 11 1 1 11 16 6 5 6 13 6 18 7
split_gain=714.205 278.615 185.229 177.953 89.6659 86.4665 84.3312 67.5128 62.0136 47.5501 42.884 41.4243 39.6638 39.2862 26.2681 25.3945 25.2437 25.0417 25.0217 21.3179 19.7427 20.0731 17.6585 16.3432 15.9613 15.3294 14.0401 9.87753 9.03619 9.03524
threshold=0 1 11.500000000000002 10.500000000000002 1.5000000000000002 0.44949494949494956 2 3 4 5 13.500000000000002 17.500000000000004 6 7 1.5000000000000002 0.19735493264905032 8 9 1.5000000000000002 10 11 1.0000000180025095e-35 12 0.26672608437314327 8.5000000000000018 0.23399859943977591 7.5000000000000009 0.097873422873422877 13 0.066695804195804231
decision_type=9 1 2 2 2 2 1 9 1 1 2 2 1 1 2 2 1 9 2 1 1 2 9 2 2 2 2 2 1 2
left_child=2 6 9 12 8 7 14 -5 16 15 19 -10 27 -7 25 22 -4 26 -14 -8 23 -22 -1 -11 -17 -2 -6 -3 -12 -16
right_child=1 3 4 5 17 13 10 -9 11 20 28 -13 18 -15 29 24 -18 -19 -20 -21 21 -23 -24 -25 -26 -27 -28 -29 -30 -31
leaf_value=0.010887208946804013 -0.0093042026514831202 0.018359226780858908 0.0079425620707047912 0.0071598981521848563 -0.0020286571330440819 -0.0095637884882223689 -0.0095189456235662412 -0.0059199455377616263 0.016541157236479746 -0.010252343641727099 -0.028332251890489005 0.0024241296624044357 0.027999444647829993 -0.026947665603947825 -0.017654686554187362 0.045294024529036025 -0.0063584995383887599 0.016036369190580626 0.0029018280742890089 -0.029100102843853521 0.025094874302016165 0.009228754532133402 0.027904959941898712 0.019061717406536144 0.02975116951623932 0.0084013141173172306 -0.012423001726793245 -0.00560591123232306 -0.042439080594809206 -0.0374753546568432
leaf_weight=296 489 55 580 1160 1226 768 321 6355 2640 140 459 647 554 610 227 241 637 149 121 293 410 388 452 72 525 163 442 197 499 77
leaf_count=296 489 55 580 1160 1226 768 321 6355 2640 140 459 647 554 610 227 241 637 149 121 293 410 388 452 72 525 163 442 197 499 77
internal_value=0.000110044 -0.00765612 0.0109482 -0.0038335 0.00638837 -0.00601052 -0.0224314 -0.00389932 0.0101708 0.0224111 -0.0296191 0.0137207 0.0170099 -0.0175241 -0.0104281 0.028057 0.00046631 -0.00298752 0.0231574 -0.019492 0.013536 0.0171654 0.0216893 -0.000283263 0.0346413 -0.00487782 -0.00475453 -0.000361096 -0.0364189 -0.0226751
internal_weight=21193 12348 8845 9820 6321 8893 2528 7515 4504 2524 1572 3287 927 1378 956 1514 1217 1817 675 614 1010 798 748 212 766 652 1668 252 958 304
internal_count=21193 12348 8845 9820 6321 8893 2528 7515 4504 2524 1572 3287 927 1378 956 1514 1217 1817 675 614 1010 798 748 212 766 652 1668 252 958 304
cat_boundaries=0 1 2 3 4 5 6 7 8 9 10 11 12 13 14
cat_threshold=10 519 25 44 519 412 136 448 12 26 513 512 5 10
is_linear=0
shrinkage=0.05


Tree=45
num_leaves=30
num_cat=6
split_feature=3 1 0 0 8 0 0 0 0 0 0 0 2 11 5 8 11 0 16 0 16 7 5 13 5 13 11 4 7
split_gain=637.691 246.409 182.818 176.806 153.719 153.183 145.508 130.414 119.649 117.971 703.488 122.686 117.578 70.8124 58.9445 42.6286 36.4528 29.0681 27.9748 27.5042 21.8971 16.7724 13.6935 12.1405 10.6243 6.2297 5.14544 4.22429 1.83735
threshold=0 1 1650.0000000000002 1850.0000000000002 443.05000000000007 1950.0000000000002 1750.0000000000002 1250.0000000000002 1750.0000000000002 2550.0000000000005 2450.0000000000005 1750.0000000000002 2 1.5000000000000002 16.500000000000004 291.65000000000003 1.0000000180025095e-35 1950.0000000000002 3 2350.0000000000005 4 0.12736185383244211 15.500000000000002 3.5000000000000004 13.500000000000002 4.5000000000000009 1.5000000000000002 5 0.074585218702865788
decision_type=9 1 2 2 2 2 2 2 2 2 2 2 9 2 2 2 2 2 9 2 9 2 2 2 2 2 2 1 2
left_child=4 2 15 6 9 22 7 -3 18 10 11 -1 -7 -8 16 27 17 -6 -4 -18 28 23 -5 -16 -10 -22 -17 -2 -11
right_child=1 3 8 5 14 12 13 -9 24 20 -12 -13 -14 -15 21 26 19 -19 -20 -21 25 -23 -24 -25 -26 -27 -28 -29 -30
leaf_value=-0.001100182778236779 0.0028470362109072203 0.0010358637139889588 -0.0475841122271028 -0.051588412238653382 0.024505664146114953 -0.040482282124389805 0.0097845455609501999 -0.014351633404991088 0.019335122111983398 0.011153806615294073 -0.17261847129889898 0.012498193699859148 0.002356895304955088 -0.0073777958447687544 0.020056067932144109 -0.011181541577670217 0.013361415523671209 0.043135773660660501 -0.023106278886911892 0.037018646081209396 0.06508587835959985 -0.014345399677502306 -0.077348229163094917 0.0042208825557685644 -0.0083697383639474328 0.044353819568012209 -0.024518281775884904 0.01486420884036911 0.024285954270511868
leaf_weight=3501 161 2408 803 182 813 243 2435 3216 74 57 56 3152 441 798 173 163 955 282 217 141 71 89 72 403 65 74 130 157 50
leaf_count=3501 161 2408 803 182 813 243 2435 3216 74 57 56 3152 441 798 173 163 955 282 217 141 71 89 72 403 65 74 130 157 50
internal_value=-0.000250418 -0.00820258 -0.0253287 -0.00508514 0.00911676 -0.0257326 -0.00290421 -0.00776325 -0.0371391 0.00511841 0.0038569 0.00534234 -0.0134197 0.00554837 0.018894 -0.0033401 0.0228513 0.0293036 -0.0430696 0.0164049 0.0387037 0.0058556 -0.0588904 0.00897694 0.00637961 0.0509889 -0.0170989 0.009337 0.0158125
internal_weight=21382 11565 1770 9795 9817 938 8857 5624 1159 6961 6709 6653 684 3233 2856 611 2191 1095 1020 1096 252 665 254 576 139 145 293 318 107
internal_count=21382 11565 1770 9795 9817 938 8857 5624 1159 6961 6709 6653 684 3233 2856 611 2191 1095 1020 1096 252 665 254 576 139 145 293 318 107
cat_boundaries=0 1 2 3 4 5 6
cat_threshold=6 518 128 1 1 2
is_linear=0
shrinkage=0.05


Tree=46
num_leaves=31
num_cat=13
split_feature=3 1 19 6 6 19 1 6 8 5 1 5 5 16 19 6 1 5 15 8 6 16 14 4 5 8 6 14 1 14
split_gain=617.872 211.342 149.632 135.078 121.489 93.5997 53.8484 78.3903 50.53 53.6034 48.2212 51.9865 46.0231 43.4476 40.3041 41.9622 28.2021 30.9048 27.3 26.9661 20.9962 20.7957 16.1678 14.9969 14.8843 12.0108 11.322 8.76145 5.8297 0.725055
threshold=0 1 2 0.090486964016375807 0.11853054353054356 3 4 0.088924963924963948 443.05000000000007 10.500000000000002 5 16.500000000000004 12.500000000000002 6 7 0.13335667600373485 8 12.500000000000002 9 592.30000000000007 0.020220588235294119 10 0.26969696969696971 11 15.500000000000002 829.35000000000014 0.26191863691863698 0.21825396825396828 12 0.43303571428571436
decision_type=9 1 1 2 2 1 1 2 2 2 1 2 2 9 1 2 1 2 9 2 2 9 2 1 2 2 2 2 1 2
left_child=3 2 6 19 18 10 23 -8 9 -7 11 -5 -6 -10 16 22 17 -3 -4 20 28 -22 -16 -2 -18 -21 -17 -12 -1 -27
right_child=1 14 4 5 12 8 7 -9 13 -11 27 -13 -14 -15 15 26 24 -19 -20 25 21 -23 -24 -25 -26 29 -28 -29 -30 -31
leaf_value=-0.017478797337574761 0.0064174484710175818 0.0005548801651845376 -0.0088735838358104478 0.020470917051333762 0.019734227582557884 0.02304700558204684 -0.04186009581557535 -0.013404975855097501 -0.0073262857256737425 0.0091340657540393364 0.0036591160064722269 -0.0064482646878823886 0.0049717785309451278 0.026571521643665136 -0.0062436818856642477 -0.006981882128521748 -0.042051859726058717 -0.024354651189024218 0.0015349269148241926 0.034088214744503298 0.0061951928820322194 -0.0032670746128436838 -0.021222988802939387 -0.0079601215673794582 -0.018621133433078373 0.01234936935537196 0.0088021772618388696 -0.0050896600902602708 -0.0036104323522698498 0.0042252464473182174
leaf_weight=210 200 150 1905 662 787 999 310 1104 103 2255 439 246 1604 1429 216 360 351 733 941 75 976 1403 1085 1559 84 53 166 822 145 57
leaf_count=210 200 150 1905 662 787 999 310 1104 103 2255 439 246 1604 1429 216 360 351 733 941 75 976 1403 1085 1559 84 53 166 822 145 57
internal_value=2.291e-05 -0.00782241 -0.00367519 0.00920245 0.00151942 0.0130004 -0.0122267 -0.0195054 0.0168953 0.0134054 0.00430846 0.0130343 0.00983085 0.0244181 -0.0188656 -0.0138421 -0.0256725 -0.0198978 -0.0054579 0.000184688 -0.00106542 0.000627189 -0.018736 -0.00629834 -0.036684 0.0186593 -0.0020006 -0.00202781 -0.0124083 0.0081396
internal_weight=21429 11555 8410 9874 5237 6955 3173 1414 4786 3254 2169 908 2391 1532 3145 1827 1318 883 2846 2919 2734 2379 1301 1759 435 185 526 1261 355 110
internal_count=21429 11555 8410 9874 5237 6955 3173 1414 4786 3254 2169 908 2391 1532 3145 1827 1318 883 2846 2919 2734 2379 1301 1759 435 185 526 1261 355 110
cat_boundaries=0 1 2 3 4 5 6 7 8 9 10 11 12 13
cat_threshold=6 496 16 16 448 304 12 16 521 5 40 8 837
is_linear=0
shrinkage=0.05


Tree=47
num_leaves=31
num_cat=18
split_feature=3 19 13 5 1 8 1 1 5 1 19 14 11 11 13 4 14 1 1 19 4 4 19 1 4 16 8 7 19 5
split_gain=524.05 196.039 166.195 130.494 85.9133 63.0684 55.8081 55.6596 65.2201 43.8537 33.782 32.3797 31.7308 30.0658 28.3875 27.7656 27.4349 27.2114 22.7075 30.2294 20.8454 20.1705 18.1016 16.6286 10.8993 10.5191 8.58799 8.21545 7.99434 5.52061
threshold=0 1 4.5000000000000009 11.500000000000002 2 443.05000000000007 3 4 14.500000000000002 5 6 0.19375000000000003 1.5000000000000002 1.0000000180025095e-35 7.5000000000000009 7 0.10555555555555557 8 9 10 11 12 13 14 15 16 294.35000000000008 0.2001838235294118 17 10.500000000000002
decision_type=9 1 2 2 1 2 1 1 2 1 1 2 2 2 2 1 2 1 1 1 1 1 1 1 1 9 2 2 1 2
left_child=3 4 7 16 15 9 24 26 -9 12 -11 20 -5 22 -8 27 23 -17 19 -18 -6 -13 -7 29 -4 -15 -3 -2 -20 -1
right_child=1 2 6 5 11 13 14 8 -10 10 -12 21 -14 25 -16 17 18 -19 28 -21 -22 -23 -24 -25 -26 -27 -28 -29 -30 -31
leaf_value=0.047571614431376787 -0.0029433595844159796 -0.0065165497857705814 0.0060661211831841708 0.010324829129664877 0.007937812082685956 0.010450593253881381 -0.012355440137055231 0.015272382916840303 0.0010911176032433463 -0.009936306360620966 0.0028472080225568092 -0.015163007413569116 -0.0023270066582262352 0.0029781169241022893 -0.028196317160589547 -0.005597864497612101 0.028571737033889634 -0.017119259398914538 0.014005684169604342 0.01221791804669437 -0.017433024176672741 -0.03098052763811171 0.02668840567258975 0.018174701740381813 -0.0048770880966657049 0.013674533363405822 -0.022500623402778398 0.016254937659832651 0.0036347314833066143 0.031163272440221303
leaf_weight=146 782 356 248 1806 104 334 1293 1650 1594 944 1123 341 683 576 362 914 631 1263 440 608 322 996 484 247 2094 395 110 60 358 79
leaf_count=146 782 356 248 1806 104 334 1293 1650 1594 944 1123 341 683 576 362 914 631 1263 440 608 322 996 484 247 2094 395 110 60 358 79
internal_value=2.41423e-06 -0.0065924 -0.00165029 0.00930166 -0.0145374 0.0054951 -0.00872629 0.00596866 0.00827863 0.00237137 -0.00301076 -0.0233342 0.00682565 0.0134502 -0.0157253 -0.00934026 0.0189651 -0.0123298 0.0164484 0.0207087 -0.0114621 -0.0272914 0.0205123 0.0298268 -0.00369742 0.00750089 -0.0100734 -0.00155682 0.00945562 0.0400313
internal_weight=21343 12489 7707 8854 4782 6345 3997 3710 3244 4556 2067 1763 2489 1789 1655 3019 2509 2177 2037 1239 426 1337 818 472 2342 971 466 842 798 225
internal_count=21343 12489 7707 8854 4782 6345 3997 3710 3244 4556 2067 1763 2489 1789 1655 3019 2509 2177 2037 1239 426 1337 818 472 2342 971 466 842 798 225
cat_boundaries=0 1 2 3 4 5 6 7 8 9 10 11 12 13 14 15 16 17 18
cat_threshold=10 16 488 465 517 480 48 25 384 412 38 17 9 48 217 8 3 37
is_linear=0
shrinkage=0.05


Tree=48
num_leaves=30
num_cat=11
split_feature=3 1 0 0 19 13 0 0 0 19 2 1 0 8 0 8 0 8 1 0 0 1 19 8 1 13 11 12 4
split_gain=476.95 217.232 178.784 168.958 155.245 118.917 116.689 111.332 103.972 82.4697 82.2634 63.6009 54.3754 45.0057 40.5209 36.5974 34.9904 223.588 56.0684 57.7948 30.6217 28.4615 25.5905 25.0083 9.25147 5.16612 4.36802 2.93737 2.47479
threshold=0 1 1850.0000000000002 1650.0000000000002 2 4.5000000000000009 1950.0000000000002 1750.0000000000002 1750.0000000000002 3 4 5 1750.0000000000002 381.20000000000005 2450.0000000000005 291.65000000000003 2450.0000000000005 309.00000000000006 6 1750.0000000000002 1550.0000000000002 7 8 592.30000000000007 9 2.5000000000000004 1.5000000000000002 2.5000000000000004 10
decision_type=9 1 2 2 1 2 2 2 2 1 9 1 2 2 2 2 2 2 1 2 2 1 1 2 1 2 2 2 1
left_child=5 3 4 15 11 9 25 -6 22 20 -8 -3 13 -11 -14 28 18 -18 19 -7 24 -22 -5 -20 -1 -4 -17 -10 -2
right_child=1 2 6 8 7 16 10 -9 27 12 -12 -13 14 -15 -16 26 17 -19 23 -21 21 -23 -24 -25 -26 -27 -28 -29 -30
leaf_value=0.00093413896288555606 0.014292392705409905 -0.0023714536751109181 -0.04078348232978897 -0.044120859800037368 -0.0015988820637799278 0.0019535885073054429 -0.035416776377862579 0.013463355916175122 0.015000229707713857 0.0038466676245553959 0.00024808355887937639 -0.016001781795896883 0.024924010067342375 0.019298117345725896 -0.0017732402031588091 -0.0095446641512998299 0.02677608028500696 -0.094199580291566998 -0.0028687289387735494 0.021733330099286886 0.013907533144707536 -0.00078571766886843222 -0.020263870616037381 0.013978133018538433 -0.017928910914328768 -0.057155220195268974 -0.021880259974602995 0.00017343366083193135 0.0047300188111880775
leaf_weight=107 141 1582 64 802 3456 829 255 1902 59 1012 424 1890 1844 882 154 165 97 63 2455 666 664 651 201 242 176 195 127 77 189
leaf_count=107 141 1582 64 802 3456 829 255 1902 59 1012 424 1890 1844 882 154 165 97 63 2455 666 664 651 201 242 176 195 127 77 189
internal_value=0.000174908 -0.00672398 -0.00379734 -0.0228445 -0.00159651 0.00825477 -0.0245556 0.00374098 -0.0344192 0.0131565 -0.0136639 -0.00981584 0.0170683 0.0110421 0.0228663 -0.00201646 0.00209021 -0.0208581 0.0029661 0.0106936 0.00350052 0.00673332 -0.0399819 -0.00135206 -0.0113975 -0.0531097 -0.0149098 0.00660565 0.0093922
internal_weight=21371 11529 9768 1761 8830 9842 938 5358 1139 5490 679 3472 3892 1894 1998 622 4352 160 4192 1495 1598 1315 1003 2697 283 259 292 136 330
internal_count=21371 11529 9768 1761 8830 9842 938 5358 1139 5490 679 3472 3892 1894 1998 622 4352 160 4192 1495 1598 1315 1003 2697 283 259 292 136 330
cat_boundaries=0 1 2 3 4 5 6 7 8 9 10 11
cat_threshold=6 518 16 16 128 448 176 305 17 396 28
is_linear=0
shrinkage=0.05


Tree=49
num_leaves=31
num_cat=14
split_feature=4 1 13 19 6 19 8 5 1 1 13 1 6 17 15 14 5 19 1 1 19 5 1 8 7 7 5 8 6 5
split_gain=438.148 158.617 154.252 110.901 116.977 64.2307 53.8461 42.3793 39.7531 39.6087 40.3259 33.4605 38.4532 37.9384 28.8632 27.9714 26.7295 23.5374 19.2193 17.3341 16.1724 12.8494 48.9183 13.0992 12.2451 12.0464 11.9933 8.10204 8.06171 1.68713
threshold=0 1 3.5000000000000004 2 0.12225829725829727 3 381.20000000000005 8.5000000000000018 4 5 6.5000000000000009 6 0.086274509803921581 7 8 0.35504201680672276 17.500000000000004 9 10 11 12 14.500000000000002 13 294.35000000000008 0.1471224853577795 0.07612044817927173 17.500000000000004 592.30000000000007 0.066702741702741722 13.500000000000002
decision_type=1 1 2 1 2 1 2 2 1 1 2 1 2 1 9 2 2 1 1 1 1 2 1 2 2 2 2 2 2 2
left_child=2 20 5 9 15 18 11 19 -9 24 -11 12 -4 -13 25 -5 -16 -6 26 -7 21 22 -2 -23 -3 -8 -1 -20 -22 -30
right_child=1 3 6 4 17 7 14 8 -10 10 -12 13 -14 -15 16 -17 -18 -19 27 -21 28 23 -24 -25 -26 -27 -28 -29 29 -31
leaf_value=0.014325636996548137 -0.0018253597058560944 -0.0041568769708534318 -0.0041787912131839907 -0.00096284515872871598 0.024457953763106523 0.011738129939222413 -0.024825238143481934 0.021081745362158955 0.008936617383185937 -0.014889613601904781 -0.039107971777174372 0.00085464301160687614 0.0076869798958046883 -0.013902936576608394 0.01130385520235689 -0.010982397858485503 -0.0010674119525038723 0.006677810199773343 -0.002322067158273055 0.038065067861132937 -0.02249995163071182 -0.04238462413544767 -0.032248715673654622 -0.026043059227823601 -0.017494700294983023 0.0046943993238663237 -0.0061607112883623827 0.014766832377894648 0.0036126929767376099 -0.0075904503374630092
leaf_weight=513 217 1196 1278 1162 202 116 96 1475 1335 1571 193 854 1466 885 2118 1739 550 1889 699 319 92 200 368 317 201 54 83 77 52 95
leaf_count=513 217 1196 1278 1162 202 116 96 1475 1335 1571 193 854 1466 885 2118 1739 550 1889 699 319 92 200 368 317 201 54 83 77 52 95
internal_value=0.000252673 -0.00775659 0.00663387 -0.00511803 -0.000470006 0.0137925 0.00211597 0.0176125 0.0154186 -0.0124338 -0.0174405 -0.00128845 0.00215273 -0.00669223 0.00753185 -0.00696905 0.00872087 0.00854436 0.00459597 0.0321895 -0.0236419 -0.0263821 -0.0215459 -0.0323647 -0.00603274 -0.0133108 0.0112834 -0.000618421 -0.0104547 -0.00362743
internal_weight=21412 9494 11918 8153 4992 4617 7301 3245 2810 3161 1764 4483 2744 1739 2818 2901 2668 2091 1372 435 1341 1102 585 517 1397 150 596 776 239 147
internal_count=21412 9494 11918 8153 4992 4617 7301 3245 2810 3161 1764 4483 2744 1739 2818 2901 2668 2091 1372 435 1341 1102 585 517 1397 150 596 776 239 147
cat_boundaries=0 1 2 3 4 5 6 7 8 9 10 11 12 13 14
cat_threshold=9 518 16 16 120 448 928 4 4 36 304 608 17 512
is_linear=0
shrinkage=0.05


Tree=50
num_leaves=26
num_cat=4
split_feature=4 0 0 0 6 19 0 0 19 0 0 0 6 0 10 11 0 0 0 0 6 16 12 5 6
split_gain=425.465 161.689 232.335 312.623 145.497 148.139 98.2747 94.6514 66.1817 50.4748 646.486 58.6553 41.6149 37.3601 32.5755 32.3668 31.6038 30.8184 80.4072 27.0421 26.7769 26.4466 22.4155 14.5288 12.1242
threshold=0 1850.0000000000002 1750.0000000000002 1650.0000000000002 0.093666355431061318 1 1250.0000000000002 2350.0000000000005 2 2450.0000000000005 2550.0000000000005 1750.0000000000002 0.051610644257703092 1750.0000000000002 1.0000000180025095e-35 1.5000000000000002 1950.0000000000002 2550.0000000000005 2250.0000000000005 2050.0000000000005 0.020220588235294119 3 2.5000000000000004 14.500000000000002 0.14890896140896145
decision_type=1 2 2 2 2 1 2 2 1 2 2 2 2 2 2 2 2 2 2 2 2 9 2 2 2
left_child=4 2 3 6 17 13 -2 16 15 11 -11 -7 -10 23 -15 -4 24 18 20 -18 -1 -5 -9 -6 -3
right_child=1 7 8 21 5 9 -8 22 12 10 -12 -13 -14 14 -16 -17 19 -19 -20 -21 -22 -23 -24 -25 -26
leaf_value=-0.011867644257484242 0.0011705467570505678 -0.066597105315080493 0.0050628085250497583 -0.039151356725705244 -0.015269285884921144 0.010649006277325429 -0.013068633304841541 0.033852792734449563 -0.014663114693061806 -0.15248064054497357 0.038960100759741975 0.021359229859236807 0.023292413266975568 0.01257280598228103 -0.0018670134695759355 -0.0098951312037524226 -0.0098475866021284931 0.035601842991309245 -0.05777712308816494 -0.040346994976246518 0.00082554340043761621 -0.01753967880537198 -0.011935370959914648 -0.0025272598881530806 -0.043490171539783483
leaf_weight=477 2504 104 1547 879 326 2363 2348 55 81 58 184 2785 666 821 745 472 112 56 63 207 3222 237 52 713 125
leaf_count=477 2504 104 1547 879 326 2363 2348 55 81 58 184 2785 666 821 745 472 112 56 63 207 3222 237 52 713 125
internal_value=0.0004951 -0.00744559 -0.00565666 -0.0112084 0.00680692 0.0106473 -0.00572014 -0.0314135 0.00632202 0.0153655 -0.00692239 0.0164431 0.0189234 0.000822801 0.00570329 0.00155824 -0.0398123 -0.00121719 -0.00176526 -0.0296387 -0.000811291 -0.0350698 0.0116006 -0.00652524 -0.0539842
internal_weight=21202 9389 8734 5968 11813 7995 4852 655 2766 5390 242 5148 747 2605 1566 2019 548 3818 3762 319 3699 1116 107 1039 229
internal_count=21202 9389 8734 5968 11813 7995 4852 655 2766 5390 242 5148 747 2605 1566 2019 548 3818 3762 319 3699 1116 107 1039 229
cat_boundaries=0 1 2 3 4
cat_threshold=9 16 17 1
is_linear=0
shrinkage=0.05


Tree=51
num_leaves=31
num_cat=10
split_feature=4 1 0 0 0 0 6 1 1 8 0 0 0 1 10 1 1 2 19 1 6 5 14 8 5 14 5 14 6 14
split_gain=343.824 143.38 187.559 140.912 140.855 120.007 119.608 103.309 100.327 78.1943 85.4353 74.824 898.029 147.606 66.2012 63.7707 50.8289 40.9612 30.3444 27.0701 25.4661 23.0885 20.4691 19.3625 11.3415 10.8107 8.07394 2.75856 1.6822 0.841311
threshold=0 1 1850.0000000000002 1750.0000000000002 1750.0000000000002 1075.0000000000002 0.36379823879823886 2 3 381.20000000000005 1350.0000000000002 2450.0000000000005 2550.0000000000005 4 1.0000000180025095e-35 5 6 7 8 9 0.11590909090909092 13.500000000000002 0.26969696969696971 278.7000000000001 13.500000000000002 0.087121212121212141 17.500000000000004 0.12916666666666668 0.066702741702741722 0.39444444444444454
decision_type=1 1 2 2 2 2 2 1 1 2 2 2 2 1 2 1 1 9 1 1 2 2 2 2 2 2 2 2 2 2
left_child=3 5 4 9 8 28 11 21 -3 10 15 13 -13 -5 -12 -1 -6 26 -19 25 -9 -4 27 -24 -21 -8 -11 -7 -2 -30
right_child=1 2 7 6 16 22 19 20 -10 17 14 12 -14 -15 -16 -17 -18 18 -20 24 -22 -23 23 -25 -26 -27 -28 -29 29 -31
leaf_value=0.015383244588380108 0.0037988974186389346 0.0014659132761533338 0.01551681038027055 0.023166302038775396 0.014973935991936832 -0.010860129253705964 0.042101174858769463 -0.065435242825416767 -0.014174470149645383 0.037165128870938834 -0.0059428203126647983 -0.15990738523779091 0.031197641894413049 0.0039280954885227521 -0.027653438064796199 -0.0032188861862135869 0.0006707099697109923 0.016006178889254447 0.0022383175605702396 0.023365614591926639 -0.038248219956511176 -0.020121646886750399 -0.052098749205551499 -0.031524985282063718 0.0047579160656749725 0.024775862733159612 0.014455833392483847 -0.022569208475562964 0.016153672688751151 0.0075577311327850285
leaf_weight=614 138 1667 107 1399 1052 64 336 122 2665 130 1018 81 255 3458 536 1753 1511 491 2045 245 293 79 143 571 123 123 56 235 59 55
leaf_count=614 138 1667 107 1399 1052 64 336 122 2665 130 1018 81 255 3458 536 1753 1511 491 2045 245 293 79 143 571 123 123 56 235 59 55
internal_value=-5.27271e-05 -0.00766295 -0.00501666 0.0052144 -0.00268831 -0.0231817 0.0107591 -0.0318122 -0.00818522 0.000197508 -0.00432231 0.00794663 -0.0148723 0.00952521 -0.0134312 0.0016579 0.0066026 0.00670824 0.00495634 0.0284199 -0.0451525 0.000360656 -0.0310461 -0.0356455 0.0166926 0.0366598 0.0287806 -0.0200629 0.00751186 0.0120065
internal_weight=21424 8761 7496 12663 6895 1265 6020 601 4332 6643 3921 5193 336 4857 1554 2367 2563 2722 2536 827 415 186 1013 714 368 459 186 299 252 114
internal_count=21424 8761 7496 12663 6895 1265 6020 601 4332 6643 3921 5193 336 4857 1554 2367 2563 2722 2536 827 415 186 1013 714 368 459 186 299 252 114
cat_boundaries=0 1 2 3 4 5 6 7 8 9 10
cat_threshold=25 518 289 144 48 385 320 4 12 368
is_linear=0
shrinkage=0.05


Tree=52
num_leaves=29
num_cat=11
split_feature=3 19 6 6 19 1 1 5 1 11 12 1 14 18 1 8 5 6 1 14 10 8 8 3 7 7 14 14
split_gain=382.868 155.994 163.931 88.0244 86.8162 56.8779 49.9208 43.0679 41.0087 36.7611 32.8304 26.4433 26.4281 25.8053 24.0356 23.8418 23.7634 17.7566 15.9984 15.0418 14.9982 14.8314 14.2268 12.555 9.73595 16.4629 6.71811 0.494746
threshold=0 1 0.11590909090909092 0.090486964016375807 2 3 4 10.500000000000002 5 2.5000000000000004 5.5000000000000009 6 0.2817460317460318 7 8 592.30000000000007 17.500000000000004 0.020220588235294119 9 0.35504201680672276 1.0000000180025095e-35 829.35000000000014 592.30000000000007 10 0.25853729603729608 0.16081173728232553 0.39444444444444454 0.38675213675213682
decision_type=9 1 2 2 1 1 1 2 1 2 2 1 2 1 1 2 2 2 1 2 2 2 2 9 2 2 2 2
left_child=3 5 6 15 8 24 19 18 16 13 14 -9 -8 -6 -7 17 -5 26 -4 -3 -12 -17 -10 -19 25 -2 -1 -23
right_child=1 2 7 4 9 10 12 11 22 -11 20 -13 -14 -15 -16 21 -18 23 -20 -21 -22 27 -24 -25 -26 -27 -28 -29
leaf_value=-0.021099571500499011 -0.0054067539461670026 0.0014526260419119286 0.027383691468865531 0.012921554534607475 0.0055314897850507047 -0.028241915043443446 -0.0019875099370849267 -0.010602811470809848 -0.0015678290587378537 -0.01645325489387096 -0.047760886370087977 0.0061010185867935943 -0.018095432190516993 0.019143099851243031 -0.0139241135277426 0.034429994048167989 -0.0024730389300783645 0.0017329150768232442 0.0079115022123919295 -0.006852131314163833 -0.024898646131499693 0.009672307362779976 0.011422269453153907 -0.0080921790446454051 0.015091229942353332 -0.021647338800121572 -0.0067387181304007912 0.0033220681348736856
leaf_weight=127 1512 907 306 1551 435 365 314 256 1731 83 116 2279 1347 2601 2106 73 299 1971 201 1367 188 54 240 379 51 174 227 71
leaf_count=127 1512 907 306 1551 435 365 314 256 1731 83 116 2279 1347 2601 2106 73 299 1971 201 1367 188 54 240 379 51 174 227 71
internal_value=-0.000153426 -0.0063508 -0.00165744 0.0070803 0.0101452 -0.0135885 -0.00839846 0.00705702 0.0050455 0.0163242 -0.0180522 0.0043964 -0.0149603 0.0172741 -0.0162097 -0.000224923 0.0103774 -0.00145129 0.0203601 -0.00352423 -0.0336224 0.016523 1.38478e-05 0.000121297 -0.00639496 -0.00708283 -0.0118908 0.00606537
internal_weight=21331 11489 6977 9842 6940 4512 3935 3042 3821 3119 2775 2535 1661 3036 2471 2902 1850 2704 507 2274 304 198 1971 2350 1737 1686 354 125
internal_count=21331 11489 6977 9842 6940 4512 3935 3042 3821 3119 2775 2535 1661 3036 2471 2902 1850 2704 507 2274 304 198 1971 2350 1737 1686 354 125
cat_boundaries=0 1 2 3 4 5 6 7 8 9 10 11
cat_threshold=6 16 17 448 465 368 518 1 6 354 2
is_linear=0
shrinkage=0.05


Tree=53
num_leaves=31
num_cat=12
split_feature=3 19 0 0 1 1 6 0 19 0 10 0 1 3 0 0 0 1 17 5 0 0 1 6 1 0 6 11 19 5
split_gain=302.514 154.698 111.565 1384.86 307.198 237.094 104.56 77.722 55.1386 115.653 49.2441 98.0345 48.2503 46.0793 45.2304 48.4444 41.2781 26.2242 22.6311 21.8551 20.732 19.3767 21.1963 13.5049 13.4469 12.719 12.5196 5.59847 5.20672 4.83834
threshold=0 1 1250.0000000000002 1350.0000000000002 2 3 0.086274509803921581 1750.0000000000002 4 2450.0000000000005 1.0000000180025095e-35 2450.0000000000005 5 6 2050.0000000000005 1350.0000000000002 1950.0000000000002 7 8 17.500000000000004 2150.0000000000005 1850.0000000000002 9 0.051610644257703092 10 1350.0000000000002 0.16373811373811378 1.0000000180025095e-35 11 15.500000000000002
decision_type=9 1 2 2 1 1 2 2 1 2 2 2 1 9 2 2 2 1 1 2 2 2 1 2 1 2 2 2 1 2
left_child=7 2 5 27 -5 18 21 12 9 17 11 -10 19 -7 15 -8 -12 -9 -2 26 -16 22 -3 28 -25 -21 -1 -4 -14 -23
right_child=1 6 3 4 -6 13 14 8 10 -11 16 -13 23 -15 20 -17 -18 -19 -20 25 -22 29 -24 24 -26 -27 -28 -29 -30 -31
leaf_value=0.0064659946665183146 -0.002538970811574504 0.0049047213555505021 -0.15773052338693963 0.0086234175631655988 -0.015269509974533147 0.020013279102611161 -0.0026442421136041155 0.039605466110899802 0.017591716470486223 -0.042269402620149776 0.013685956928915909 -0.039485156003244315 -0.0028226528186784238 -0.0058521559113244252 -0.031398882831436124 0.015311603179607912 -0.0040980930960556111 0.020215265207341151 -0.019276424507636371 0.011319451902428447 0.00083062390231678634 -0.01463220101265636 -0.0093644726606363551 0.0023696879035941215 -0.008724994652606375 -0.0052567337876872015 0.014868447280922216 -0.17806782510719801 -0.016402296033035616 -0.03411179113176626
leaf_weight=1215 279 355 61 1886 4651 1057 472 308 1577 64 505 79 119 206 87 1840 922 634 890 153 117 56 933 739 421 475 698 76 257 74
leaf_count=1215 279 355 61 1886 4651 1057 472 308 1577 64 505 79 119 206 87 1840 922 634 890 153 117 56 933 739 421 475 698 76 257 74
internal_value=-3.10227e-05 -0.00475569 -0.00833352 -0.0116835 -0.00838629 0.000825476 0.00352601 0.00751026 0.0123902 0.0225472 0.00897374 0.0148688 0.00263433 0.0157817 0.00965451 0.0116459 0.00219549 0.0271902 -0.0153372 0.00684802 -0.0129143 -0.0073231 -0.00546621 -0.00435259 -0.0017117 -0.00121827 0.00953181 -0.169013 -0.0126158 -0.0257206
internal_weight=21206 13040 9106 6674 6537 2432 3934 8166 4089 1006 3083 1656 4077 1263 2516 2312 1427 942 1169 2541 204 1418 1288 1536 1160 628 1913 137 376 130
internal_count=21206 13040 9106 6674 6537 2432 3934 8166 4089 1006 3083 1656 4077 1263 2516 2312 1427 942 1169 2541 204 1418 1288 1536 1160 628 1913 137 376 130
cat_boundaries=0 1 2 3 4 5 6 7 8 9 10 11 12
cat_threshold=2 17 48 44 10 472 1 48 4 144 38 1
is_linear=0
shrinkage=0.05


Tree=54
num_leaves=29
num_cat=10
split_feature=4 11 1 19 5 5 19 6 6 10 13 1 8 19 5 1 18 6 6 7 8 1 6 13 8 15 7 5
split_gain=288.939 143.766 116.073 106.057 95.6815 65.3745 60.4628 53.3017 41.5381 32.7984 29.3581 25.5605 25.3354 20.4042 18.9583 14.1422 13.8966 16.8302 13.7359 17.0433 17.0269 12.8786 12.6071 10.3765 11.8353 9.96961 6.39441 3.75034
threshold=0 1.5000000000000002 1 2 12.500000000000002 8.5000000000000018 3 0.074531555046260939 0.12628294907706675 1.0000000180025095e-35 5.5000000000000009 4 513.75000000000011 5 10.500000000000002 6 7 0.18731325863678808 0.053455687830687833 0.18193473193473197 443.05000000000007 8 0.13992771933948409 1.5000000000000002 278.7000000000001 9 0.013369473663591315 14.500000000000002
decision_type=1 2 1 1 2 2 1 2 2 2 2 1 2 1 2 1 1 2 2 2 2 1 2 2 2 9 2 2
left_child=1 3 16 9 10 21 11 -8 -7 26 13 -6 18 -4 -14 -12 17 27 20 -20 -3 -5 -16 -18 -25 -11 -1 -2
right_child=2 12 4 5 6 8 7 -9 -10 25 15 -13 14 -15 22 -17 23 -19 19 -21 -22 -23 -24 24 -26 -27 -28 -29
leaf_value=-0.0028729563605398201 -0.01468182362081516 -0.009075295117514667 0.024714367721180405 0.016885873909974033 -0.022999116542953873 0.0042554434153377237 -0.011637499949543611 0.0010697984201716558 0.013089427968013632 -0.0039114954250945855 0.00449250420018778 -0.010703808296077793 0.033549762034921778 0.0068439857736874235 0.0063750879605273042 -0.019488986059759104 -0.0068682181022383954 0.0095486835079888512 -0.0021425859108459284 -0.023234849382995391 -0.035644528359625838 0.0338857603959061 -0.017304497144754922 -0.041788079656445154 -0.025208458818370173 -0.016493241450629168 0.0061558483184708437 -0.022561096704573305
leaf_weight=229 338 1043 188 288 579 2138 1287 2300 3524 1212 108 1854 56 1009 349 131 55 60 1569 102 64 334 67 147 402 176 1365 273
leaf_count=229 338 1043 188 288 579 2138 1287 2300 3524 1212 108 1854 56 1009 349 131 55 60 1569 102 64 334 67 147 402 176 1365 273
internal_value=-0.000296124 0.00457265 -0.00727248 0.00774997 -0.00487084 0.0114258 -0.00764374 -0.00347982 0.00975367 -3.43464e-05 0.0067198 -0.013712 -0.00447205 0.00991434 0.0062379 -0.00927963 -0.0211697 -0.01549 -0.00629174 -0.00343008 -0.0106114 0.0268307 0.00256131 -0.0271244 -0.0296478 -0.00565388 0.00485874 -0.0182023
internal_weight=21247 12516 8731 9266 7456 6284 6020 3587 5662 2982 1436 2433 3250 1197 472 239 1275 671 2778 1671 1107 622 416 604 549 1388 1594 611
internal_count=21247 12516 8731 9266 7456 6284 6020 3587 5662 2982 1436 2433 3250 1197 472 239 1275 671 2778 1671 1107 622 416 604 549 1388 1594 611
cat_boundaries=0 1 2 3 4 5 6 7 8 9 10
cat_threshold=25 518 16 16 17 38 81 10 122 3
is_linear=0
shrinkage=0.05


Tree=55
num_leaves=31
num_cat=9
split_feature=3 13 8 5 5 8 16 13 2 16 15 18 6 17 8 5 13 11 10 14 8 16 15 6 9 6 14 12 5 5
split_gain=298.595 128.336 65.7206 63.6883 53.1592 42.6047 37.8893 31.3416 29.7124 29.0714 28.4973 26.1277 31.9546 25.2981 22.0141 23.961 19.8004 18.4123 18.3933 13.9196 11.9735 11.8942 13.383 10.5653 8.76103 8.7258 13.3318 7.35238 7.19173 3.18182
threshold=0 3.5000000000000004 328.75000000000006 12.500000000000002 15.500000000000002 301.85000000000008 1 4.5000000000000009 2 3 4 5 0.10297521786492377 6 443.05000000000007 6.5000000000000009 7.5000000000000009 1.5000000000000002 1.0000000180025095e-35 0.2817460317460318 592.30000000000007 7 8 0.32763630704807184 1.0000000180025095e-35 0.36379823879823886 0.19375000000000003 2.5000000000000004 12.500000000000002 9.5000000000000018
decision_type=9 2 2 2 2 2 9 2 9 9 9 1 2 1 2 2 2 2 2 2 2 9 9 2 2 2 2 2 2 2
left_child=3 4 11 14 5 28 8 13 -4 -7 23 12 -3 20 15 -1 -17 -8 -15 -13 -5 24 -23 -6 -9 26 -16 -12 -2 -27
right_child=1 2 6 7 10 9 17 21 -10 -11 27 19 -14 18 25 16 -18 -19 -20 -21 -22 22 -24 -25 -26 29 -28 -29 -30 -31
leaf_value=0.041945325316668586 -0.0010739166533569758 -0.0141842273184936 -0.0025684734476767116 0.013284888999537593 -0.013460372962949949 0.0066820755408759872 0.0084466162866436868 -0.027936903384397738 -0.011226104307744456 0.022689299195954044 0.0013174451507992396 -0.0079967679977613147 0.0004074889118371814 0.0088313906830594559 0.0020064192961473932 0.010148070394509913 -0.021724449761211875 -0.0045960447155037705 -0.0022420911385006479 -0.020321082989284936 0.035549086178294741 0.0068011925451425303 -0.0010930894392663286 -0.0025856114888161722 -0.0025940002312194814 0.021442526458082974 0.020012889018176758 0.016401187115353627 -0.012509306960055255 0.034953137292122509
leaf_weight=58 297 1113 1909 851 729 1997 681 64 2098 329 460 273 566 892 122 1916 50 449 647 1425 65 742 1872 322 73 74 653 98 256 106
leaf_count=58 297 1113 1909 851 729 1997 681 64 2098 329 460 273 566 892 122 1916 50 449 647 1425 65 742 1872 322 73 74 653 98 256 106
internal_value=-9.12958e-05 -0.00479962 -0.00840992 0.00738479 0.00203864 0.00610673 -0.00484816 0.00405745 -0.00711813 0.00907248 -0.00524042 -0.013828 -0.00921042 0.00816419 0.0132243 0.0102719 0.00933748 0.00323555 0.00414911 -0.0182322 0.0147042 0.000392577 0.00116513 -0.0100332 -0.0134512 0.0194817 0.0171783 0.00389673 -0.0063677 0.0293988
internal_weight=21187 13002 8514 8185 4488 2879 5137 5206 4007 2326 1609 3377 1679 2455 2979 2024 1966 1130 1539 1698 916 2751 2614 1051 137 955 775 558 553 180
internal_count=21187 13002 8514 8185 4488 2879 5137 5206 4007 2326 1609 3377 1679 2455 2979 2024 1966 1130 1539 1698 916 2751 2614 1051 137 955 775 558 553 180
cat_boundaries=0 1 2 3 4 5 6 7 8 9
cat_threshold=2 73 267 1 5 10 12 68 10
is_linear=0
shrinkage=0.05


Tree=56
num_leaves=31
num_cat=13
split_feature=4 19 6 19 1 5 6 15 6 14 1 5 1 5 8 6 15 15 1 10 16 14 5 1 1 14 8 8 6 14
split_gain=250.221 112.883 106.95 91.7886 62.8461 58.5044 57.6338 33.1577 28.2274 25.5281 24.6361 23.7944 20.7798 25.2337 20.658 18.7174 18.5276 17.1101 16.6672 14.4607 13.2529 10.9558 10.3515 43.4388 8.59995 8.51858 6.94434 6.27872 3.24748 1.66219
threshold=0 1 0.092595585242644093 2 3 12.500000000000002 0.068315018315018322 4 0.18244301994302001 0.48529411764705888 5 8.5000000000000018 6 16.500000000000004 592.30000000000007 0.020220588235294119 7 8 9 1.0000000180025095e-35 10 0.39444444444444454 14.500000000000002 11 12 0.35504201680672276 829.35000000000014 294.35000000000008 0.044503862150920982 0.34313725490196084
decision_type=1 1 2 1 1 2 2 9 2 2 1 2 1 2 2 2 9 9 1 2 9 2 2 1 1 2 2 2 2 2
left_child=2 4 14 12 22 10 19 11 -9 -7 -6 -5 13 -4 15 21 -14 24 -19 25 -17 -1 23 -2 -8 -3 -16 -24 -21 -28
right_child=1 6 3 7 5 9 17 8 -10 -11 -12 -13 16 -15 26 20 -18 18 -20 28 -22 -23 27 -25 -26 -27 29 -29 -30 -31
leaf_value=-0.024390539757816215 0.0025932775257783208 0.0052689070749224846 0.0086584977376770247 0.03493682523515302 -0.010750788385786754 -0.0087797355242112528 0.020054372905543603 0.0042518359308641642 0.013020285366239854 -0.021081606137013608 0.0059204720968472849 0.015720772204472471 -0.0019633265566458107 -0.0074059190205442984 0.023809448279139094 0.0027851546148303895 -0.020902199979890651 0.0099457533639763715 -0.0011765203835608629 -0.024163072308740364 -0.0040890841986161693 -0.0071485805703672264 -0.032311487399285514 -0.025909612032119184 0.0050434857620192432 -0.0083586596489420833 0.012922146955854261 -0.021221429751984107 -0.012680814408450428 0.0015058812243461778
leaf_weight=143 211 167 1015 181 277 4030 336 1658 2056 471 969 1465 1181 322 85 1040 136 671 669 130 2113 259 211 370 165 366 50 323 117 88
leaf_count=143 211 167 1015 181 277 4030 336 1658 2056 471 969 1465 1181 322 85 1040 136 671 669 130 2113 259 211 370 165 366 50 323 117 88
internal_value=-0.000125063 -0.00616817 0.00473596 0.00800941 -0.00953811 -0.00739988 0.00265732 0.0117642 0.00908143 -0.010067 0.00217549 0.0177261 0.00038049 0.00475402 -0.00219524 -0.00312125 -0.00406183 0.00749355 0.00442533 -0.00872335 -0.00182579 -0.0132819 -0.0203954 -0.0159596 0.0153061 -0.00408886 0.0125669 -0.0256035 -0.0187241 0.00564221
internal_weight=21275 9483 11792 8014 6862 5747 2621 5360 3714 4501 1246 1646 2654 1337 3778 3555 1317 1841 1340 780 3153 402 1115 581 501 533 223 534 247 138
internal_count=21275 9483 11792 8014 6862 5747 2621 5360 3714 4501 1246 1646 2654 1337 3778 3555 1317 1841 1340 780 3153 402 1115 581 501 533 223 534 247 138
cat_boundaries=0 1 2 3 4 5 6 7 8 9 10 11 12 13
cat_threshold=9 17 16 518 2 136 368 3 2 458 32 512 240
is_linear=0
shrinkage=0.05


Tree=57
num_leaves=24
num_cat=7
split_feature=3 1 0 0 4 0 0 0 0 1 0 0 2 0 1 2 0 6 5 14 6 7 14
split_gain=214.912 103.721 142.386 107.979 175.284 116.074 95.8852 540.158 89.7205 85.708 85.917 71.0209 68.6956 111.253 43.6226 39.5801 39.111 35.251 3.85493 7.43191 3.68196 2.03298 0.97511
threshold=0 1 1075.0000000000002 1850.0000000000002 2 1750.0000000000002 2550.0000000000005 2450.0000000000005 1250.0000000000002 3 1950.0000000000002 1750.0000000000002 4 2350.0000000000005 5 6 1950.0000000000002 0.22414021164021167 14.500000000000002 0.32291666666666669 0.048005698005698004 0.01930232757438639 0.57738095238095244
decision_type=9 1 2 2 1 2 2 2 2 1 2 2 9 2 1 9 2 2 2 2 2 2 2
left_child=6 3 20 5 17 8 7 9 -2 10 -1 -11 16 -14 -6 -7 -4 -5 19 -8 22 -22 -3
right_child=1 2 12 4 14 15 18 -9 -10 11 -12 -13 13 -15 -16 -17 -18 -19 -20 -21 21 -23 -24
leaf_value=0.003516587077500119 0.0053771346465434529 0.011829030926705205 -0.0038919687133730377 -0.0049560945407007987 -0.011169282733363674 0.0063460344067831744 0.056624637767672542 -0.1436815884212653 -0.0082114530142504416 0.0046892231833135694 -0.02135074789827519 0.015728035511525899 -0.024169899599712295 0.043572753303802558 -0.04296730975620449 0.021115630507114905 -0.025024929551250533 0.020093548713268433 0.029379442734926039 0.034221807939032921 0.024354053608420276 0.015433552293408849 0.004071409607550187
leaf_weight=1558 1932 140 1446 371 178 2268 65 60 3272 3038 447 2800 1596 63 416 569 258 226 66 86 97 187 57
leaf_count=1558 1932 140 1446 371 178 2268 65 60 3272 3038 447 2800 1596 63 416 569 258 226 66 86 97 187 57
internal_value=0.000277647 -0.00368915 -0.0105806 -0.000811351 -0.0148627 0.00126887 0.0066619 0.00576977 -0.00316665 0.0069131 -0.00201734 0.00996655 -0.0142475 -0.021468 -0.0337813 0.00940508 -0.0070503 0.00445211 0.0394595 0.0438654 0.0148369 0.0184803 0.00958444
internal_weight=21196 13076 3844 9232 1191 8041 8120 7903 5204 7843 2005 5838 3363 1659 594 2837 1704 597 217 151 481 284 197
internal_count=21196 13076 3844 9232 1191 8041 8120 7903 5204 7843 2005 5838 3363 1659 594 2837 1704 597 217 151 481 284 197
cat_boundaries=0 1 2 3 4 5 6 7
cat_threshold=2 496 25 519 140 288 272
is_linear=0
shrinkage=0.05


Tree=58
num_leaves=31
num_cat=14
split_feature=5 8 19 11 1 13 8 19 19 15 19 15 14 16 15 5 1 7 7 12 1 1 17 5 2 7 7 13 5 7
split_gain=209.461 129.414 98.7933 80.063 53.0838 37.2185 31.205 30.4674 29.096 27.504 27.4118 20.0603 19.2018 16.9403 17.7483 16.2568 15.6697 13.8385 11.3483 7.62798 11.9422 7.57417 6.74274 6.5598 6.07102 5.92297 5.50635 2.10381 1.23949 0.142726
threshold=10.500000000000002 513.75000000000011 0 1.5000000000000002 1 3.5000000000000004 309.00000000000006 2 3 4 5 6 0.46410256410256417 7 8 8.5000000000000018 9 0.048102632661456181 0.033333333333333326 1.5000000000000002 10 11 12 15.500000000000002 13 0.058379120879120887 0.11285283344106875 5.5000000000000009 17.500000000000004 0.04545454545454547
decision_type=2 2 1 2 1 2 2 1 1 9 1 9 2 9 9 2 1 2 2 2 1 1 1 2 9 2 2 2 2 2
left_child=5 2 4 9 6 10 -2 23 -6 -4 19 21 -5 14 -9 -13 24 18 -18 26 -21 -12 -19 -3 27 -15 -1 -7 -25 -26
right_child=1 7 3 12 8 16 -8 13 -10 -11 11 15 -14 25 -16 -17 17 22 -20 20 -22 -23 -24 28 29 -27 -28 -29 -30 -31
leaf_value=0.0056140543749699234 -0.010033890384745853 0.034433399614515824 0.012285597143356981 -0.0029319187063128523 -0.0055770611791026948 0.004171354537949157 -0.00093667701332224437 0.01358567979945529 -0.013148649949413456 0.0031594036231401162 0.0037964279103456749 0.041541391830587908 -0.01425380079479331 -0.023227745212856324 0.0020469115602359772 0.022175241032420301 0.011718567986268301 0.0088847278622106642 0.032473184553210632 0.020492274572187275 -0.0024957186380653818 0.017443246630401435 -0.002218306894888574 0.015178050926797802 -0.016172646372937239 -0.0010823809308931232 -0.014394860609421786 -0.0072015480883419513 0.024542239211408086 -0.012518972588533706
leaf_weight=65 1182 135 1208 970 2378 156 4655 896 2852 2639 141 178 610 52 550 277 319 282 83 112 108 804 255 84 52 72 73 55 61 55
leaf_count=65 1182 135 1208 970 2378 156 4655 896 2852 2639 141 178 610 52 550 277 319 282 83 112 108 804 255 84 52 72 73 55 61 55
internal_value=5.65565e-05 -0.00195081 -0.00335731 0.00216927 -0.00606389 0.0122699 -0.00277412 0.010589 -0.00972318 0.00606528 0.0169674 0.0200773 -0.00730303 0.00770198 0.009241 0.0291116 0.00570017 0.00889356 0.0160037 0.00412949 0.0100253 0.0154681 0.00373648 0.0255881 -0.00388681 -0.00959533 -0.00497037 0.00115225 0.0191175 -0.0130728
internal_weight=21359 18344 16494 5427 11067 3015 5837 1850 5230 3847 1758 1400 1580 1570 1446 455 1257 939 402 358 220 945 537 280 318 124 138 211 145 107
internal_count=21359 18344 16494 5427 11067 3015 5837 1850 5230 3847 1758 1400 1580 1570 1446 455 1257 939 402 358 220 945 537 280 318 124 138 211 145 107
cat_boundaries=0 1 2 3 4 5 6 7 8 9 10 11 12 13 14
cat_threshold=17 480 8 1 2 16 5 41 1 523 785 544 5 12
is_linear=0
shrinkage=0.05


Tree=59
num_leaves=17
num_cat=5
split_feature=3 0 1 0 0 3 0 0 0 0 0 1 1 14 6 11
split_gain=220.463 116.886 103.047 174.167 88.6259 153.098 117.61 84.1002 78.8936 585.984 78.9586 71.0472 30.8778 4.39182 9.54562 3.37292
threshold=0 2450.0000000000005 1 1075.0000000000002 1850.0000000000002 2 1350.0000000000002 2350.0000000000005 2550.0000000000005 2450.0000000000005 1750.0000000000002 3 4 0.41421568627450983 0.16584249084249086 2.5000000000000004
decision_type=9 2 1 2 2 9 2 2 2 2 2 1 1 2 2 2
left_child=8 2 3 15 6 -6 -4 -5 9 10 12 -12 -1 14 -10 -2
right_child=1 -3 4 7 5 -7 -8 -9 13 -11 11 -13 -14 -15 -16 -17
leaf_value=-0.0084450810504313276 0.017910949310488762 -0.064247064884136909 -0.0091846166706198631 -0.020691722330303839 0.013676050583334879 -0.027638361595361899 0.0036390664975290061 0.044318956038092869 0.056421214114103863 -0.13786178984692399 0.021242589673603207 0.0069481736976200123 0.0034277820342885762 0.026152583642249719 0.029916991550111918 0.0072645854342140645
leaf_weight=630 343 81 2502 2025 316 737 6265 51 58 71 1253 2911 3804 79 82 95
leaf_count=630 343 81 2502 2025 316 737 6265 51 58 71 1253 2911 3804 79 82 95
internal_value=-7.42764e-05 -0.00437662 -0.00398699 -0.012998 -0.00166517 -0.0153727 -2.06638e-05 -0.0190946 0.0059336 0.00519155 0.00637284 0.0113172 0.00172952 0.0355784 0.0408973 0.0156018
internal_weight=21303 12415 12334 2514 9820 1053 8767 2076 8888 8669 8598 4164 4434 219 140 438
internal_count=21303 12415 12334 2514 9820 1053 8767 2076 8888 8669 8598 4164 4434 219 140 438
cat_boundaries=0 1 2 3 4 5
cat_threshold=10 519 4 48 513
is_linear=0
shrinkage=0.05


Tree=60
num_leaves=30
num_cat=10
split_feature=19 6 4 0 0 1 1 0 0 0 1 0 0 4 0 0 2 0 0 1 5 0 2 1 6 13 10 5 0
split_gain=171.65 185.54 87.192 91.3457 553.495 144.771 102.026 50.8164 502.524 57.5234 70.7046 40.9925 38.6135 64.5312 52.239 93.5676 55.1941 35.3606 25.2613 25.8435 37.2601 25.37 40.225 24.5212 19.9306 16.3204 13.0268 11.3096 10.4364
threshold=0 0.11486661486661488 1 1250.0000000000002 1350.0000000000002 2 3 2450.0000000000005 2550.0000000000005 1750.0000000000002 4 1850.0000000000002 1850.0000000000002 5 1750.0000000000002 1650.0000000000002 6 2550.0000000000005 1750.0000000000002 7 16.500000000000004 1250.0000000000002 8 9 0.22231379731379733 3.5000000000000004 1.0000000180025095e-35 15.500000000000002 1175.0000000000002
decision_type=1 2 1 2 2 1 1 2 2 2 1 2 2 1 2 2 9 2 2 1 2 2 9 1 2 2 2 2 2
left_child=2 12 18 5 -5 26 -6 9 -9 10 -3 -11 14 27 15 -2 -16 -15 21 25 -21 23 -23 -1 -10 -20 -4 -14 -7
right_child=1 7 3 4 6 28 -8 8 24 11 -12 -13 13 17 16 -17 -18 -19 19 20 -22 22 -24 -25 -26 -27 -28 -29 -30
leaf_value=0.015384854818889133 -0.0011712833200547431 0.011289000256045508 -0.024326424716565362 -0.15880251580209875 0.0022313599802155737 0.011664441292504629 -0.020036686378818041 -0.13655154798485217 0.016983690223227557 0.019225265111437725 -0.0036163801877704925 0.0086426845941669425 -0.029093718506061496 -0.0094197916860162129 0.0011733652614582478 -0.024748780842316069 0.024224758388808689 0.026880096287777031 0.0030502545511307271 0.010049759793908267 -0.010285475764117652 0.0070246412260394527 -0.014296904311298327 -0.0034426508603912667 0.052936272953143897 -0.016360229527681666 -0.0078945676290918393 -0.055768540671762123 0.027726472210506288
leaf_weight=229 4253 1841 291 67 753 155 1635 61 89 1870 1392 1792 78 636 894 467 359 75 196 1206 277 284 950 618 68 242 206 81 291
leaf_count=229 4253 1841 291 67 753 155 1635 61 89 1870 1392 1792 78 636 894 467 359 75 196 1206 277 284 950 618 68 242 206 81 291
internal_value=8.35175e-05 0.00334707 -0.0060677 -0.0119503 -0.0170662 0.00124191 -0.0130895 0.00900412 -0.0147634 0.00975558 0.00489507 0.0140467 -0.00252828 -0.0123696 -0.00109484 -0.00350406 0.00798057 -0.00551315 -0.00105563 0.00307632 0.0062096 -0.00487496 -0.00944877 0.00178866 0.0325555 -0.00750296 -0.0171702 -0.0401572 0.0216588
internal_weight=21356 13956 7400 3398 2455 943 2388 7113 218 6895 3233 3662 6843 870 5973 4720 1253 711 4002 1921 1483 2081 1234 847 157 438 497 159 446
internal_count=21356 13956 7400 3398 2455 943 2388 7113 218 6895 3233 3662 6843 870 5973 4720 1253 711 4002 1921 1483 2081 1234 847 157 438 497 159 446
cat_boundaries=0 1 2 3 4 5 6 7 8 9 10
cat_threshold=16 25 44 48 408 6 400 14 20 449
is_linear=0
shrinkage=0.05


Tree=61
num_leaves=31
num_cat=11
split_feature=3 19 6 19 1 1 6 1 15 5 5 8 5 4 14 14 6 5 1 12 5 7 12 1 7 15 12 6 8 7
split_gain=170.938 77.4114 96.1384 62.1128 43.8767 38.7334 36.483 31.801 30.8286 25.68 20.2072 19.9176 19.5622 18.0409 17.7534 17.6751 16.463 20.28 14.4251 14.0706 13.6444 13.0289 11.4055 8.19568 8.1202 7.86073 5.65508 4.57252 4.53368 3.58952
threshold=0 1 0.10423102224572815 2 3 4 0.052585377585377589 5 6 17.500000000000004 7.5000000000000009 513.75000000000011 9.5000000000000018 7 0.17156862745098042 0.26969696969696971 0.26672608437314327 10.500000000000002 8 1.0000000180025095e-35 15.500000000000002 0.1704545454545455 7.5000000000000009 9 0.11285283344106875 10 4.5000000000000009 0.13314102156013924 411.60000000000008 0.0036858974358974302
decision_type=9 1 2 1 1 1 2 1 9 2 2 2 2 1 2 2 2 2 1 2 2 2 2 1 2 9 2 2 2 2
left_child=3 4 5 6 13 22 23 16 18 11 24 -8 -10 27 -15 -7 25 -18 -4 -6 -12 -21 -3 26 -9 -5 -1 -2 -11 -25
right_child=1 2 8 7 19 15 9 10 12 28 20 -13 -14 14 -16 -17 17 -19 -20 21 -22 -23 -24 29 -26 -27 -28 -29 -30 -31
leaf_value=0.017350002310963144 -0.001257349928991066 -0.0013380120392764633 0.019025448095540402 -0.0081504025845311311 0.01025020571563531 -0.00080813756138113819 0.011254997796078576 0.012190998700434264 0.016634630684117711 -0.013508494161925783 0.0059607309426533035 0.021603970950267795 0.00057334870982236874 0.0030511832428075964 -0.0090995691568875377 -0.015269130706424897 0.037269047710399787 -0.0043448617362153181 0.0066779325964382913 -0.014312075971161457 0.00061184695928202717 -0.028399456650512658 -0.020056349262595179 -0.0076744896743365341 0.037408672876912977 -0.00059924308733208965 -0.0053274715302645097 0.0087561727984012249 0.0015630553997893874 -0.022427859053571236
leaf_weight=54 211 1911 449 966 54 254 2114 71 207 87 2566 596 2253 367 1662 1257 52 67 570 1761 2227 181 85 149 58 548 56 248 117 57
leaf_count=54 211 1911 449 966 54 254 2114 71 207 87 2566 596 2253 367 1662 1257 52 67 570 1761 2227 181 85 149 58 548 56 248 117 57
internal_value=-5.94201e-05 -0.00419923 -0.000903272 0.00479266 -0.00932083 -0.00674659 0.0104609 0.00198794 0.00498448 0.0122432 0.00399292 0.013531 0.00191705 -0.00484286 -0.00686793 -0.0127538 -0.00404278 0.0138394 0.0122506 -0.0148506 0.00347545 -0.0156251 -0.00212449 -0.00564343 0.0235292 -0.00547501 0.00532135 0.00406446 -0.00486452 -0.0112124
internal_weight=21255 11470 6986 9785 4484 3507 3230 6555 3479 2914 4922 2710 2460 2488 2029 1511 1633 119 1019 1996 4793 1942 1996 316 129 1514 110 459 204 206
internal_count=21255 11470 6986 9785 4484 3507 3230 6555 3479 2914 4922 2710 2460 2488 2029 1511 1633 119 1019 1996 4793 1942 1996 316 129 1514 110 459 204 206
cat_boundaries=0 1 2 3 4 5 6 7 8 9 10 11
cat_threshold=6 16 14 480 465 517 2 24 208 56 1
is_linear=0
shrinkage=0.05


Tree=62
num_leaves=29
num_cat=12
split_feature=3 13 0 0 1 1 0 19 0 0 1 6 0 0 0 1 8 3 1 16 17 0 1 12 7 14 16 0
split_gain=188.385 95.1046 107.712 787.847 171.482 136.536 70.1143 58.4714 46.7039 532.298 104.124 43.3708 59.9931 37.0112 47.5956 38.2514 32.4987 30.4987 27.4865 19.661 17.1978 16.6522 15.2147 13.4571 11.2405 9.72405 7.98612 3.48522
threshold=0 4.5000000000000009 1250.0000000000002 1350.0000000000002 1 2 1750.0000000000002 3 2550.0000000000005 2450.0000000000005 4 0.12556818181818183 1850.0000000000002 1250.0000000000002 1750.0000000000002 5 443.05000000000007 6 7 8 9 1350.0000000000002 10 1.0000000180025095e-35 0.050000000000000017 0.31009615384615391 11 1550.0000000000002
decision_type=9 2 2 2 1 1 2 1 2 2 1 2 2 2 2 1 2 9 1 9 1 2 1 2 2 2 9 2
left_child=6 7 4 -4 20 -5 16 13 9 10 -8 12 -9 15 -15 -2 19 -6 -13 22 -3 -21 -1 27 -10 -26 -25 -18
right_child=1 2 3 5 17 -7 8 11 24 -11 -12 18 -14 14 -16 -17 23 -19 -20 21 -22 -23 -24 26 25 -27 -28 -29
leaf_value=0.010371323790553194 -0.0055071447036733256 -0.0044444501465424171 -0.16845751069486142 0.0041653587292323378 0.018245162128924245 -0.015774130232005093 0.023749089285055994 -4.8549726111903276e-05 0.048658898613742882 -0.13181159310889515 0.0058109771606303338 0.011723200797043268 -0.038428668633338298 -0.016030044654972878 -0.0017287831901570561 0.023014677379843456 0.029838186463797996 -0.0031193597305249937 0.00084989244149360132 -0.00024643185563092866 -0.018834666453628263 -0.0093868924091515191 -0.0027522571191415037 0.0017153981547804919 0.038274042380918916 0.012082112245767544 0.011290026131760458 0.015295322906427287
leaf_weight=468 256 331 80 1205 902 2976 1172 1231 74 66 2636 1638 111 1027 1342 205 53 208 913 1028 669 967 408 616 68 74 338 185
leaf_count=468 256 331 80 1205 902 2976 1172 1231 74 66 2636 1638 111 1027 1342 205 53 208 913 1028 669 967 408 616 68 74 338 185
internal_value=-0.000359913 -0.00407377 -0.00845424 -0.0130292 0.000784489 -0.0100552 0.00560279 7.12942e-05 0.0102311 0.00896946 0.0114095 0.00404277 -0.00322306 -0.00538719 -0.00792861 0.00755587 0.000957524 0.0142496 0.00788094 -0.00192386 -0.0141627 -0.00465359 0.0042969 0.00789751 0.0328587 0.0246247 0.00524399 0.0185339
internal_weight=21247 13094 6371 4261 2110 4181 8153 6723 4090 3874 3808 3893 1342 2830 2369 461 4063 1110 2551 2871 1000 1995 876 1192 216 142 954 238
internal_count=21247 13094 6371 4261 2110 4181 8153 6723 4090 3874 3808 3893 1342 2830 2369 461 4063 1110 2551 2871 1000 1995 876 1192 216 142 954 238
cat_boundaries=0 1 2 3 4 5 6 7 8 9 10 11 12
cat_threshold=2 44 48 16 48 46 1 466 32 4 232 7
is_linear=0
shrinkage=0.05


Tree=63
num_leaves=17
num_cat=4
split_feature=3 0 0 0 0 1 0 0 0 19 1 11 6 7 7 13
split_gain=177.985 108.736 100.877 105.872 1444.32 258.219 63.9436 452.351 65.6817 64.487 33.575 6.84725 6.56872 8.37164 5.14271 0.473794
threshold=0 2450.0000000000005 2350.0000000000005 1250.0000000000002 1350.0000000000002 1 2550.0000000000005 2450.0000000000005 1750.0000000000002 2 3 1.0000000180025095e-35 0.21672951231774765 0.037509018759018763 0.07612044817927173 4.5000000000000009
decision_type=9 2 2 2 2 1 2 2 2 1 1 2 2 2 2 2
left_child=6 2 3 5 -5 -2 7 8 10 -10 -1 -4 13 -8 -13 -15
right_child=1 -3 11 4 -6 -7 12 -9 9 -11 -12 14 -14 15 -16 -17
leaf_value=-0.0095322512209844862 -0.010989800036341141 -0.061512896516246765 0.022132909972925201 -0.15015034460263446 -0.0042628880256637908 0.017388941942416778 0.042064880983904006 -0.12303436140975227 0.019155054609996804 0.0057031600252792471 0.0030002448913526991 0.053124950776634483 0.043170780895620979 0.020663210724973503 0.030779058455776137 0.013943082691791156
leaf_weight=613 1560 82 77 173 8774 1629 50 69 1310 2838 3758 51 76 51 52 54
leaf_count=613 1560 82 77 173 8774 1629 50 69 1310 2838 3758 51 76 51 52 54
internal_value=-0.000262376 -0.00412331 -0.00374456 -0.00429566 -0.00708378 0.00352665 0.00516425 0.00447185 0.00550459 0.0100114 0.00122771 0.0334118 0.0311298 0.0252258 0.0418435 0.0172071
internal_weight=21217 12398 12316 12136 8947 3189 8819 8588 8519 4148 4371 180 231 155 103 105
internal_count=21217 12398 12316 12136 8947 3189 8819 8588 8519 4148 4371 180 231 155 103 105
cat_boundaries=0 1 2 3 4
cat_threshold=10 44 14 513
is_linear=0
shrinkage=0.05


Tree=64
num_leaves=31
num_cat=10
split_feature=0 0 2 0 1 0 0 2 0 1 2 8 6 19 0 1 0 19 2 6 14 8 6 2 8 14 0 6 6 6
split_gain=151.715 201.64 90.7993 202.163 64.3514 159.302 1398.16 219.812 103.166 171.605 131.344 60.3686 56.1689 61.3466 97.2098 47.1439 35.2727 29.6172 27.9681 26.576 19.5966 15.0799 11.5848 11.4899 9.73246 9.1922 8.62728 10.5314 6.88292 3.62665
threshold=1750.0000000000002 1650.0000000000002 0 1850.0000000000002 1 1350.0000000000002 1250.0000000000002 2 1350.0000000000002 3 4 407.20000000000005 0.073519536019536036 5 2450.0000000000005 6 1850.0000000000002 7 8 0.090486964016375807 0.30384615384615393 263.2000000000001 0.065690164954870858 9 263.2000000000001 0.35504201680672276 2050.0000000000005 0.17130677057147645 0.083690982220393992 0.11590909090909092
decision_type=2 2 9 2 1 2 2 9 2 1 9 2 2 1 2 1 2 1 9 2 2 2 2 9 2 2 2 2 2 2
left_child=1 4 3 11 5 6 -1 -7 9 -6 -10 22 16 15 -15 -14 18 25 -4 24 -13 -21 -2 -18 -19 -3 27 -5 -27 -28
right_child=2 17 12 26 8 7 -8 -9 10 -11 -12 20 13 14 -16 -17 23 19 -20 21 -22 -23 -24 -25 -26 28 29 -29 -30 -31
leaf_value=0.0039519662604565993 -0.029313158576248912 0.012393209304599489 -0.0046561228737974653 -0.058062943922122946 0.014989308292105539 0.023526050426177263 -0.14294221521439879 -0.0027621142737618218 -0.00084561666275794443 -0.0092019067473787207 -0.024070096589222212 0.029145390505692106 -0.0036900162508688265 0.017550259247381791 -0.023972668892393509 0.0082182077612749371 -0.0015666998432837982 -0.057347311517771553 0.016515417754976443 -0.03437680997640679 0.0085483003997753378 -0.016693795538136692 -0.004050943091143267 -0.020605118724333838 -0.033680396271494467 -0.021130376139034832 -0.040659753248716402 -0.032714572435777099 0.0013855638374919974 -0.026770073433683535
leaf_weight=2035 51 61 398 80 1265 1504 176 1677 1197 1715 1243 228 1126 2337 150 3138 124 51 244 152 234 583 412 279 293 75 63 84 62 185
leaf_count=2035 51 61 398 80 1265 1504 176 1677 1197 1715 1243 228 1126 2337 150 3138 124 51 244 152 234 583 412 279 293 75 63 84 62 185
internal_value=0.000151257 -0.00352328 0.0050151 -0.00699747 -0.00130404 0.0025626 -0.0077411 0.0097324 -0.00514593 0.0010866 -0.0127789 0.00592594 0.00707514 0.00875398 0.0149856 0.00507231 -0.00370297 -0.022313 0.00357511 -0.0254829 0.0187131 -0.0203507 -0.00683361 -0.0152973 -0.0371892 -0.00357157 -0.0361823 -0.0450796 -0.0109407 -0.0302985
internal_weight=21222 12089 9133 1337 10812 5392 2211 3181 5420 2980 2440 925 7796 6751 2487 4264 1045 1277 642 1079 462 735 463 403 344 198 412 164 137 248
internal_count=21222 12089 9133 1337 10812 5392 2211 3181 5420 2980 2440 925 7796 6751 2487 4264 1045 1277 642 1079 462 735 463 403 344 198 412 164 137 248
cat_boundaries=0 1 2 3 4 5 6 7 8 9 10
cat_threshold=128 158 132 321 18 17 140 34 272 18
is_linear=0
shrinkage=0.05


Tree=65
num_leaves=22
num_cat=4
split_feature=13 19 0 0 0 0 8 0 0 8 0 0 8 1 8 0 1 8 5 15 5
split_gain=122.459 103.587 48.0553 46.1069 41.9582 386.6 47.3246 61.2267 41.6772 41.4225 37.555 87.9712 54.4162 48.0706 36.2052 30.294 29.5436 25.7041 14.6354 10.585 5.90554
threshold=4.5000000000000009 0 1750.0000000000002 2450.0000000000005 2550.0000000000005 2450.0000000000005 309.00000000000006 1075.0000000000002 1250.0000000000002 443.05000000000007 2350.0000000000005 2050.0000000000005 301.85000000000008 1 411.60000000000008 1350.0000000000002 2 309.00000000000006 9.5000000000000018 3 13.500000000000002
decision_type=2 1 2 2 2 2 2 2 2 2 2 2 2 1 2 2 1 2 2 9 2
left_child=1 10 9 16 5 6 7 -2 -8 15 11 12 -1 17 -13 -3 -4 -12 -15 -11 -6
right_child=4 2 3 -5 20 -7 8 -9 -10 19 13 14 -14 18 -16 -17 -18 -19 -20 -21 -22
leaf_value=-0.008453017764572749 0.012419207207170485 0.0072989098914548163 0.0057255592136951916 -0.02107135917467531 0.01200623732740776 -0.13925382575055339 0.0060942519613484498 -0.010795851357557045 -0.0035103106941415368 0.023656149968592843 0.012647619482041114 -0.0051878524613436141 0.0025527720511412271 0.052665962794396497 -0.041913389670306868 -0.0066400849784696405 0.020963034441729853 -0.032700619696369095 0.02299062519345826 0.0099422479577887281 0.034184198725548849
leaf_weight=1450 313 762 451 82 52 53 1458 3067 5013 223 63 107 4982 56 180 798 1338 62 161 526 71
leaf_count=1450 313 762 451 82 52 53 1458 3067 5013 223 63 107 4982 56 180 798 1338 62 161 526 71
internal_value=-0.000197908 0.00338541 0.00961186 0.0155905 -0.00421507 -0.00457551 -0.00385092 -0.00864605 -0.00134628 0.00480897 -0.000313722 -0.00113685 7.16783e-05 0.0158484 -0.0282213 0.000168578 0.0172709 -0.00911584 0.0292986 0.0144739 0.0248082
internal_weight=21268 11241 4180 1871 10027 9904 9851 3380 6471 2309 7061 6719 6432 342 287 1560 1789 125 217 749 123
internal_count=21268 11241 4180 1871 10027 9904 9851 3380 6471 2309 7061 6719 6432 342 287 1560 1789 125 217 749 123
cat_boundaries=0 1 2 3 4
cat_threshold=17 680 646 2
is_linear=0
shrinkage=0.05


Tree=66
num_leaves=29
num_cat=5
split_feature=5 3 0 0 0 0 0 0 1 0 0 14 19 0 0 1 14 1 6 0 9 7 5 14 14 14 0 0
split_gain=128.586 84.2929 95.0834 81.52 79.4882 154.481 53.0598 45.7259 43.4917 38.9955 53.2832 29.2007 28.2387 24.1884 29.472 24.347 18.855 15.3439 19.3756 14.9266 27.4766 10.2635 7.15536 6.3617 5.14088 11.038 4.94778 4.36839
threshold=10.500000000000002 0 1850.0000000000002 1950.0000000000002 1750.0000000000002 1250.0000000000002 2450.0000000000005 2550.0000000000005 1 2150.0000000000005 1750.0000000000002 0.36931818181818188 2 2350.0000000000005 2050.0000000000005 3 0.36931818181818188 4 0.10508516537928304 2450.0000000000005 1.0000000180025095e-35 0.090860528360528395 8.5000000000000018 0.37980769230769235 0.42261904761904767 0.26969696969696971 1450.0000000000002 1550.0000000000002
decision_type=2 9 2 2 2 2 2 2 1 2 2 2 1 2 2 1 2 1 2 2 2 2 2 2 2 2 2 2
left_child=12 7 4 23 5 -3 -5 9 -6 10 -2 -11 17 14 15 -14 -16 22 -19 20 -15 -20 26 -4 25 -9 -1 -24
right_child=1 2 3 6 8 -7 -8 24 -10 11 -12 -13 13 19 16 -17 -18 18 21 -21 -22 -23 27 -25 -26 -27 -28 -29
leaf_value=0.031120822868043824 -0.00011258795002984117 0.0033232164176575049 -0.050391267431027537 -0.0075908800727022552 -0.0046063167644361152 -0.011068606365555404 -0.051145310322508998 0.019982616462797489 0.0084370006182986172 -0.00121381900453468 0.0096060671954953866 -0.026561193990143096 -0.00032731052892414432 0.015186203117155584 0.00014740372778939421 0.011447971417016277 -0.03984910646094042 0.0032367766157748476 0.036792291254046025 0.0023968927637660798 0.056988302654741953 0.016483000951873907 -0.0035584866683821869 -0.030647203509103167 0.017163488583173604 0.05225217223764872 0.012490147141245557 0.010283814220187757
leaf_weight=56 3527 3223 158 875 906 4424 76 53 2131 292 2350 186 753 114 61 1059 57 76 232 71 60 85 86 55 54 53 98 169
leaf_count=56 3527 3223 158 875 906 4424 76 53 2131 292 2350 186 753 114 61 1059 57 76 232 71 60 85 86 55 54 53 98 169
internal_value=0.000312869 -0.00124987 -0.00376025 -0.0173337 -0.00228496 -0.00500285 -0.0110716 0.00331611 0.00455852 0.00265654 0.00377355 -0.011077 0.00995231 0.00688624 0.00503924 0.00661597 -0.0191729 0.0179576 0.0252676 0.0217172 0.0296007 0.0313466 0.0104982 -0.045293 0.0297205 0.0361174 0.0192649 0.00561543
internal_weight=21340 18363 11848 1164 10684 7647 951 6515 3037 6355 5877 478 2977 2175 1930 1812 118 802 393 245 174 317 409 213 160 106 154 255
internal_count=21340 18363 11848 1164 10684 7647 951 6515 3037 6355 5877 478 2977 2175 1930 1812 118 802 393 245 174 317 409 213 160 106 154 255
cat_boundaries=0 1 2 3 4 5
cat_threshold=2 136 44 651 779
is_linear=0
shrinkage=0.05


Tree=67
num_leaves=29
num_cat=10
split_feature=19 6 15 0 0 1 0 0 1 9 6 0 0 1 16 1 1 1 0 0 6 14 14 2 0 13 6 8
split_gain=104.475 127.321 69.4479 54.7881 553.593 120.736 129.388 109.096 96.2657 42.356 37.6397 32.1684 28.8512 48.8801 48.6863 37.0216 22.1626 21.0006 36.2305 30.5913 20.7232 14.9114 13.3864 13.138 12.8471 7.93079 4.5598 3.70441
threshold=0 0.096959794018617554 1 1250.0000000000002 1350.0000000000002 2 1750.0000000000002 1550.0000000000002 3 1.0000000180025095e-35 0.18891859774212719 1850.0000000000002 1250.0000000000002 4 5 6 7 8 2250.0000000000005 2350.0000000000005 0.039283769063180839 0.37980769230769235 0.46410256410256417 9 1075.0000000000002 6.5000000000000009 0.072177658942364845 340.90000000000003
decision_type=1 2 9 2 2 1 2 2 1 2 2 2 2 1 9 1 1 1 2 2 2 2 2 9 2 2 2 2
left_child=3 12 10 8 -5 7 -7 -6 25 24 11 -3 13 23 20 -16 -12 18 -4 -19 -14 -11 -15 -2 -10 26 -1 -27
right_child=1 2 17 4 5 6 -8 -9 9 21 16 -13 14 22 15 -17 -18 19 -20 -21 -22 -23 -24 -25 -26 27 -28 -29
leaf_value=0.014778954706188025 0.019480228701126534 0.0020518582476297411 0.017478366249833007 -0.13553713622940594 0.033223596659390196 -0.021373590847148918 -0.0026328626795704439 -0.00015684007865212184 0.012018409503745137 -0.014466101524598804 0.00094811305992055495 -0.01041751632983026 -0.0093495610983632422 -0.00085927843733978092 -0.0061348727250986603 -0.020845045419449898 0.010474376135091702 0.0029385181310003193 -0.0096385981994293012 0.035429865689948208 0.0033176539101352448 -0.039025042625144127 -0.011470575585895893 0.0053752926608145995 -0.0027215271640645806 0.019026336402660521 0.026080524319310346 0.0037025436022489959
leaf_weight=126 318 2131 1843 83 297 1572 2224 1392 191 284 937 683 434 943 1182 688 1803 767 132 80 1261 79 434 386 654 66 306 98
leaf_count=126 318 2131 1843 83 297 1572 2224 1392 191 284 937 683 434 943 1182 688 1803 767 132 80 1261 79 434 386 654 66 306 98
internal_value=-9.82958e-05 0.00243491 0.00634835 -0.00491325 -0.00737343 -0.00543404 -0.0103665 0.00567927 0.00265281 -0.00548088 0.00308146 -0.000974646 -0.00336648 0.00131168 -0.00609727 -0.011629 0.00725836 0.012722 0.0155871 0.00593726 7.38135e-05 -0.0198109 -0.00417342 0.0119302 0.000610222 0.0189132 0.0227842 0.00986944
internal_weight=21394 14022 8376 7372 5568 5485 3796 1689 1804 1208 5554 2814 5646 2081 3565 1870 2740 2822 1975 847 1695 363 1377 704 845 596 432 164
internal_count=21394 14022 8376 7372 5568 5485 3796 1689 1804 1208 5554 2814 5646 2081 3565 1870 2740 2822 1975 847 1695 363 1377 704 845 596 432 164
cat_boundaries=0 1 2 3 4 5 6 7 8 9 10
cat_threshold=16 5 48 449 449 44 241 165 496 256
is_linear=0
shrinkage=0.05


Tree=68
num_leaves=30
num_cat=13
split_feature=19 13 4 0 1 0 1 0 0 0 1 0 0 1 1 8 1 10 2 5 0 0 2 14 1 1 4 0 14
split_gain=114.037 73.775 56.4346 97.4611 86.7341 107.859 58.6498 57.7298 53.2142 46.3193 39.2109 31.2795 80.9815 96.1655 52.1095 37.1664 34.1376 31.107 19.1368 16.0386 15.1118 28.0863 21.4505 14.873 12.9273 10.7193 8.35804 7.02413 6.8734
threshold=0 5.5000000000000009 1 1850.0000000000002 2 1250.0000000000002 3 1075.0000000000002 2450.0000000000005 1750.0000000000002 4 2350.0000000000005 2050.0000000000005 5 6 309.00000000000006 7 1.0000000180025095e-35 8 9.5000000000000018 1750.0000000000002 1850.0000000000002 9 0.29705882352941182 10 11 12 2050.0000000000005 0.43303571428571436
decision_type=1 2 1 2 1 2 1 2 2 2 1 2 2 1 1 2 1 2 9 2 2 2 9 2 1 1 1 2 2
left_child=2 8 11 4 5 -4 27 -6 9 10 -2 12 16 -14 19 -16 -1 -8 -11 -13 24 25 -23 -10 28 -22 -26 -5 -3
right_child=1 20 3 6 7 -7 17 -9 23 18 -12 14 13 -15 15 -17 -18 -19 -20 -21 21 22 -24 -25 26 -27 -28 -29 -30
leaf_value=0.0034894565059298424 0.010977433744237028 0.02230383249507709 0.021152081936076688 -0.052519876809438343 0.0099520554889205755 -0.003247218347098812 -0.019682815495631376 -0.013460994634804102 -0.045510460951310755 0.018848740842367231 -0.00067620399345976313 0.049990545580934354 0.006959513597492431 -0.048332214229404036 0.01887617620599677 -0.033690265809163088 -0.0037496470847651988 0.028782618965953591 0.0093055999778693787 0.020347926384583336 0.0034698237340666255 0.0078855950170295518 -0.013043041797247152 -0.0095598846938545739 -0.020033428422926415 0.018888864981409115 -0.006014082220306095 -0.035794009500233363 0.00025847025410827214
leaf_weight=3955 1327 55 554 148 294 2483 98 2520 51 1138 1574 58 138 177 57 82 2754 50 1120 214 254 183 336 66 114 219 1141 109 99
leaf_count=3955 1327 55 554 148 294 2483 98 2520 51 1138 1574 58 138 177 57 82 2754 50 1120 214 254 183 336 66 114 219 1141 109 99
internal_value=-7.34691e-05 0.00480083 -0.00280811 -0.00630461 -0.00467277 0.00119968 -0.0300352 -0.0109759 0.00811361 0.00886982 0.00469001 0.000138456 -0.000645849 -0.0254226 0.0135456 -0.0113199 0.000517465 -0.0030999 0.0142399 0.0257231 -0.00245874 0.00226876 -0.00576295 -0.0252306 -0.00578712 0.0110816 -0.00743585 -0.0437247 0.00763597
internal_weight=21368 7677 13691 6256 5851 3037 405 2814 5276 5159 2901 7435 7024 315 411 139 6709 148 2258 272 2401 992 519 117 1409 473 1255 257 154
internal_count=21368 7677 13691 6256 5851 3037 405 2814 5276 5159 2901 7435 7024 315 411 139 6709 148 2258 272 2401 992 519 117 1409 473 1255 257 154
cat_boundaries=0 1 2 3 4 5 6 7 8 9 10 11 12 13
cat_threshold=17 25 464 208 154 168 279 376 10 18 128 408 4
is_linear=0
shrinkage=0.05


Tree=69
num_leaves=29
num_cat=10
split_feature=5 11 19 0 0 3 0 0 0 8 1 0 5 1 0 0 1 4 7 8 19 7 5 2 0 19 1 8
split_gain=139.522 93.6564 73.9421 45.2244 42.3831 37.3604 61.3968 33.1128 52.0306 58.2076 35.9291 28.6271 24.6701 23.9658 21.8286 20.0015 17.7647 16.846 14.5563 19.6883 13.5169 13.2559 11.5077 9.30853 7.26005 10.2882 9.91577 4.86399
threshold=10.500000000000002 1.5000000000000002 0 2550.0000000000005 2050.0000000000005 1 1250.0000000000002 1250.0000000000002 1750.0000000000002 411.60000000000008 2 2450.0000000000005 8.5000000000000018 3 1075.0000000000002 1750.0000000000002 4 5 0.055555555555555566 513.75000000000011 6 0.085645604395604411 6.5000000000000009 7 1950.0000000000002 8 9 340.90000000000003
decision_type=2 2 1 2 2 9 2 2 2 2 1 2 2 1 2 2 1 1 2 2 1 2 2 9 2 1 1 2
left_child=12 2 5 4 -4 16 -7 10 9 -9 14 -10 22 15 -3 21 -2 -12 19 -15 -17 -14 27 -20 25 -24 -26 -1
right_child=1 7 3 -5 -6 6 -8 8 11 -11 17 -13 13 18 -16 20 -18 -19 23 -21 -22 -23 24 -25 26 -27 -28 -29
leaf_value=0.020453788494183261 -0.0068230203041974372 0.0069710079248475488 0.0066134972297636728 0.050568077504119305 -0.01358510070468954 0.0046529081955299601 -0.00734349907045576 -0.023537275516870012 -0.0025734295221486107 -0.0046440250441589668 0.016894029798412882 -0.031509058010867903 -0.0047916159173721409 0.011689647595499168 -0.0098076638553079472 0.017903950532277425 0.0042199280636751558 -0.0012253520134677235 -0.0015690758470183527 0.033015393934157845 -0.0011845213806814723 -0.030021565800416285 0.017262189505274604 0.010081056502600131 0.0067150012173428633 0.0026751177812305588 0.026616487458667105 0.04080339115526941
leaf_weight=55 418 244 4161 56 277 1420 4285 1051 1701 666 301 90 188 530 943 140 2484 224 274 136 247 72 273 455 121 236 212 63
leaf_count=55 418 244 4161 56 277 1420 4285 1051 1701 666 301 90 188 530 943 140 2484 224 274 136 247 72 273 455 121 236 212 63
internal_value=9.29339e-05 -0.00154425 0.000712311 0.00590309 0.00535279 -0.0020025 -0.00434991 -0.0072077 -0.00998969 -0.0162089 -0.00150724 -0.00402748 0.0100846 0.00697673 -0.00630551 -0.00103684 0.00261135 0.00928469 0.0106247 0.0160445 0.0061529 -0.0117784 0.0166952 0.00581903 0.0146458 0.0108905 0.020386 0.0313184
internal_weight=21323 18321 13101 4494 4438 8607 5705 5220 3508 1717 1712 1791 3002 2042 1187 647 2902 525 1395 666 387 260 960 729 842 509 333 118
internal_count=21323 18321 13101 4494 4438 8607 5705 5220 3508 1717 1712 1791 3002 2042 1187 647 2902 525 1395 666 387 260 960 729 842 509 333 118
cat_boundaries=0 1 2 3 4 5 6 7 8 9 10
cat_threshold=17 10 558 643 5 22 42 28 13 568
is_linear=0
shrinkage=0.05


Tree=70
num_leaves=23
num_cat=2
split_feature=5 19 3 0 0 8 0 0 0 8 0 0 5 7 7 11 8 0 0 11 12 12
split_gain=111.2 70.2927 53.0665 82.3811 754.706 54.8552 49.0356 289.203 39.2129 39.8799 28.0979 26.6427 25.8548 21.3067 15.5058 14.741 14.5612 37.2458 29.9926 11.873 7.38018 6.87988
threshold=10.500000000000002 0 1 1250.0000000000002 1350.0000000000002 328.75000000000006 2450.0000000000005 2550.0000000000005 1750.0000000000002 443.05000000000007 2550.0000000000005 1850.0000000000002 7.5000000000000009 0.066002747252747268 0.097253645047762696 2.5000000000000004 309.00000000000006 1950.0000000000002 2150.0000000000005 1.0000000180025095e-35 1.5000000000000002 1.0000000180025095e-35
decision_type=2 1 9 2 2 2 2 2 2 2 2 2 2 2 2 2 2 2 2 2 2 2
left_child=10 2 16 5 -5 -4 8 -8 9 -3 12 -10 19 15 -15 -14 17 -2 -18 21 -21 -1
right_child=1 6 3 4 -6 -7 7 -9 11 -11 -12 -13 13 14 -16 -17 18 -19 -20 20 -22 -23
leaf_value=0.015406992543666138 0.0021499568664005665 -0.0031145207279628211 -0.0052252428637134035 -0.12808175400923227 -0.0066839207821757229 0.010449785103749318 -0.11610363438640806 0.030704616979955763 0.012969734524110649 0.0081327445272832231 0.043819407307143725 0.0022288746261290215 0.012112751909657098 -0.0067241426129629345 0.005345060651427605 -0.010860570277263587 0.0047331254134171932 -0.015684915785702271 -0.012291891031561357 -0.0053843431556597349 0.018263479283790001 0.035465205408968872
leaf_weight=63 931 2724 1240 131 5638 1015 55 86 1339 1109 56 1015 1238 380 888 74 2396 427 290 50 97 133
leaf_count=63 931 2724 1240 131 5638 1015 55 86 1339 1109 56 1015 1238 380 888 74 2396 427 290 50 97 133
internal_value=-0.000225007 -0.00167626 -0.00391251 -0.0062653 -0.00944057 0.00183026 0.00259056 -0.026561 0.0032591 0.000139645 0.00873679 0.00833848 0.00806466 0.00635006 0.00172811 0.010817 0.000759761 -0.00345792 0.00289498 0.0209617 0.01022 0.0290179
internal_weight=21375 18396 12068 8024 5769 2255 6328 141 6187 3833 2979 2354 2923 2580 1268 1312 4044 1358 2686 343 147 196
internal_count=21375 18396 12068 8024 5769 2255 6328 141 6187 3833 2979 2354 2923 2580 1268 1312 4044 1358 2686 343 147 196
cat_boundaries=0 1 2
cat_threshold=17 10
is_linear=0
shrinkage=0.05


Tree=71
num_leaves=29
num_cat=6
split_feature=11 19 0 0 8 1 0 4 1 0 17 0 0 0 7 8 0 0 8 7 0 0 17 8 8 14 11 11
split_gain=99.927 79.9247 47.6738 386.355 57.0133 31.5224 29.1714 25.4619 25.1289 38.5708 25.2395 23.7618 54.77 32.847 22.0274 19.2159 16.106 15.3219 18.9046 15.2958 13.0276 11.3117 6.95306 9.1966 7.15495 5.68246 4.22819 0.590707
threshold=1.5000000000000002 0 2450.0000000000005 2550.0000000000005 309.00000000000006 1 1750.0000000000002 2 3 1250.0000000000002 4 2350.0000000000005 2050.0000000000005 1750.0000000000002 0.13816526610644261 411.60000000000008 1750.0000000000002 1075.0000000000002 278.7000000000001 0.079334554334554344 2450.0000000000005 1250.0000000000002 5 381.20000000000005 357.60000000000008 0.54195804195804198 1.0000000180025095e-35 2.5000000000000004
decision_type=2 1 2 2 2 1 2 1 1 2 1 2 2 2 2 2 2 2 2 2 2 2 1 2 2 2 2 2
left_child=1 11 4 -4 6 -6 -3 14 9 25 -11 12 13 -1 16 -14 21 27 -19 -13 -18 -2 23 -16 -24 -9 -5 -10
right_child=7 2 3 26 5 -7 -8 8 17 10 -12 19 15 -15 22 -17 20 18 -20 -21 -22 -23 24 -25 -26 -27 -28 -29
leaf_value=-0.005835670312717956 -0.00073976581005434346 -0.0054292483403608708 -0.11388130836809676 0.035151794952158213 0.012054411768892853 0.0050257564891070701 0.005476087430870539 0.019821885370213208 0.0075342190738480821 -0.0010811789481522283 -0.01830916893261943 -0.0020231658829884098 -0.010031824111560915 0.0021263099629536398 -0.018564054249535975 -0.04275165258885337 0.0044010222187593822 -0.043542239595011911 -0.014332925947715864 0.032500427796856156 -0.016149735989340816 -0.0086287082399966446 -0.016040277823941001 0.0075844392932036472 -0.040813880251212555 0.0023531446910717273 0.018660441660479213 0.00025327052843446534
leaf_weight=3010 935 1588 72 69 2442 4743 999 158 52 502 368 55 74 2274 82 114 1088 58 1233 77 83 884 62 57 55 66 89 60
leaf_count=3010 935 1588 72 69 2442 4743 999 158 52 502 368 55 74 2274 82 114 1088 58 1233 77 83 884 62 57 55 66 89 60
internal_value=-0.000138336 0.0019368 0.00461253 -0.0178835 0.00514673 0.00743839 -0.00121803 -0.0057773 -0.00956451 -0.00379281 -0.0085913 -0.00284199 -0.00335274 -0.00240919 -0.00282579 -0.0298726 -0.00162929 -0.0140063 -0.0156452 0.0181156 0.00294439 -0.00457364 -0.0169109 -0.00731503 -0.025506 0.0146748 0.0258624 0.00363371
internal_weight=21349 15606 10002 230 9772 7185 2587 5743 2497 1094 870 5604 5472 5284 3246 188 2990 1403 1291 132 1171 1819 256 139 117 224 158 112
internal_count=21349 15606 10002 230 9772 7185 2587 5743 2497 1094 870 5604 5472 5284 3246 188 2990 1403 1291 132 1171 1819 256 139 117 224 158 112
cat_boundaries=0 1 2 3 4 5 6
cat_threshold=16 48 25 401 12 5
is_linear=0
shrinkage=0.05


Tree=72
num_leaves=26
num_cat=6
split_feature=3 13 19 15 5 6 8 8 8 18 6 13 16 5 19 6 6 13 6 5 6 7 6 6 14
split_gain=86.7494 50.2569 47.8892 44.6048 28.6132 28.0052 27.4664 25.6112 22.6527 17.6574 15.0533 14.5486 18.0465 10.5405 10.403 7.06141 14.7817 17.0753 6.62876 6.1963 9.54169 4.57155 4.13286 3.09472 2.73412
threshold=0 7.5000000000000009 1 2 8.5000000000000018 0.069864612511671351 263.2000000000001 443.05000000000007 328.75000000000006 3 0.29283380018674143 7.5000000000000009 4 16.500000000000004 5 0.16823646125116715 0.20248811645870476 3.5000000000000004 0.1555911680911681 14.500000000000002 0.088339438339438345 0.079334554334554344 0.084663158192569962 0.11114824717765896 0.26969696969696971
decision_type=9 2 1 9 2 2 2 2 2 1 2 2 9 2 1 2 2 2 2 2 2 2 2 2 2
left_child=4 2 6 5 15 -4 24 11 -5 14 -8 12 -6 -11 -9 23 -17 -18 19 22 -21 -13 -3 -1 -2
right_child=1 18 3 8 7 -7 10 9 -10 13 -12 21 -14 -15 -16 16 17 -19 -20 20 -22 -23 -24 -25 -26
leaf_value=0.015531947584274938 -0.014067931504553703 -0.002014870162246414 -0.0029117385614765277 -0.0067687810665068978 0.0062152153395833316 0.0096279709811594241 -0.005765210123906522 0.0051525019309191129 0.00048167121479101042 0.0010564350775521562 0.0036861815259970248 -0.0084280088602849031 -0.00022180987367098701 -0.021693669755768499 0.012729796106550237 -0.013636592527230582 0.019149730966258827 -0.010013987516673904 -0.02951380011032928 -0.01667240090461369 -0.0035318917994986154 0.0054499294225345647 -0.016387403534295467 0.028538514344454414 -0.026564032584304027
leaf_weight=85 61 217 594 1598 1669 1778 4065 882 3306 249 470 466 3104 64 1044 54 307 60 55 656 175 68 65 99 155
leaf_count=85 61 217 594 1598 1669 1778 4065 882 3306 249 470 466 3104 64 1044 54 307 60 55 656 175 68 65 99 155
internal_value=-0.000160765 -0.00266525 -0.00170564 0.000846123 0.00389204 0.00646052 -0.00560358 0.003058 -0.00187711 0.00754261 -0.00478568 0.00116596 0.00204162 -0.00348403 0.00930436 0.0143591 0.010788 0.0143818 -0.0125692 -0.0117319 -0.0139051 -0.00666078 -0.00532769 0.02253 -0.023035
internal_weight=21346 13195 12027 7276 8151 2372 4751 7546 4904 2239 4535 5307 4773 313 1926 605 421 367 1168 1113 831 534 282 184 216
internal_count=21346 13195 12027 7276 8151 2372 4751 7546 4904 2239 4535 5307 4773 313 1926 605 421 367 1168 1113 831 534 282 184 216
cat_boundaries=0 1 2 3 4 5 6
cat_threshold=2 16 2 12 44 18
is_linear=0
shrinkage=0.05


Tree=73
num_leaves=29
num_cat=11
split_feature=13 3 0 0 1 1 5 0 0 2 1 15 14 6 4 0 1 0 7 4 4 7 6 15 5 0 0 6
split_gain=94.9469 59.8328 74.5783 629.53 126.629 123.437 36.3252 26.5198 35.6454 26.0839 21.6782 19.5875 19.2648 19.1063 18.4497 63.0182 24.6919 17.9943 20.1271 15.2769 14.7006 13.4403 10.2128 10.0843 9.23862 6.23779 9.34822 2.48097
threshold=3.5000000000000004 0 1250.0000000000002 1350.0000000000002 1 2 10.500000000000002 2550.0000000000005 2250.0000000000005 3 4 5 0.36038961038961043 0.21038748832866483 6 1850.0000000000002 7 1750.0000000000002 0.050980392156862758 8 9 0.024603174603174616 0.11984681984681987 10 9.5000000000000018 1850.0000000000002 1350.0000000000002 0.10023252890899952
decision_type=2 9 2 2 1 1 2 2 2 9 1 9 2 2 1 2 1 2 2 1 1 2 2 9 2 2 2 2
left_child=6 7 5 27 -5 19 13 8 10 -7 -2 25 -10 21 16 -16 -13 18 -15 -3 -19 24 -9 -23 -1 26 -8 -4
right_child=1 2 3 4 -6 9 11 22 12 -11 -12 14 -14 17 15 -17 -18 20 -20 -21 -22 23 -24 -25 -26 -27 -28 -29
leaf_value=0.004639947904712137 0.0061674060788039324 0.00062312254899301418 -0.14008299711346625 0.005625261972954234 -0.010423776100002474 0.01629296625182958 -0.023815824545658473 0.041738793563097717 0.0037502988880234104 -0.0014255138778045857 -0.00072396475913700164 0.012248172051318253 -0.027916897063788783 0.013453164721685335 0.002684461508510812 -0.026695804001913227 0.0029254968740483663 0.014274958079137529 -0.013108305958372033 -0.012205012117826796 0.031083960756335169 0.0090870193061258261 0.013554906495329406 -0.0061011062998349982 0.030900237452464577 -0.023669187289973102 -0.0010068828654629265 -0.1243318966627121
leaf_weight=68 2130 316 50 1739 4153 1077 57 50 70 263 2447 1067 153 218 2203 199 2150 650 106 927 191 164 90 284 66 60 212 50
leaf_count=68 2130 316 50 1739 4153 1077 57 50 70 263 2447 1067 153 218 2203 199 2150 650 106 927 191 164 90 284 66 60 212 50
internal_value=0.000306706 -0.00221757 -0.00473943 -0.00780647 -0.00569511 0.00235708 0.00474018 0.00216517 0.0015439 0.0128306 0.00249497 0.00287839 -0.0179765 0.011079 0.00357288 0.000249338 0.00604597 0.0147748 0.0047633 -0.00896485 0.0186318 0.00368101 0.0236206 -0.000474518 0.0175741 -0.00882334 -0.00584 -0.132207
internal_weight=21210 13515 8575 5992 5892 2583 7695 4940 4800 1340 4577 5948 223 1747 5619 2402 3217 1165 324 1243 841 582 140 448 134 329 269 100
internal_count=21210 13515 8575 5992 5892 2583 7695 4940 4800 1340 4577 5948 223 1747 5619 2402 3217 1165 324 1243 841 582 140 448 134 329 269 100
cat_boundaries=0 1 2 3 4 5 6 7 8 9 10 11
cat_threshold=2 48 44 384 184 4 25 48 25 17 10
is_linear=0
shrinkage=0.05


Tree=74
num_leaves=21
num_cat=2
split_feature=3 0 13 0 0 0 0 13 6 19 8 7 14 8 0 8 6 12 5 14
split_gain=73.6502 74.0223 55.4861 48.8081 79.6882 32.2333 289.553 25.7283 25.873 22.8386 22.784 19.6182 16.0271 15.8582 13.5917 6.28435 6.43988 4.78374 4.02731 1.29525
threshold=0 2450.0000000000005 5.5000000000000009 2350.0000000000005 1850.0000000000002 1250.0000000000002 1350.0000000000002 7.5000000000000009 0.020220588235294119 1 357.60000000000008 0.30786401098901106 0.45804195804195807 328.75000000000006 2150.0000000000005 513.75000000000011 0.12813958916900095 3.5000000000000004 16.500000000000004 0.35504201680672276
decision_type=9 2 2 2 2 2 2 2 2 1 2 2 2 2 2 2 2 2 2 2
left_child=7 2 3 4 -2 13 -7 8 17 12 -5 -11 -10 -4 15 16 -9 19 -17 -1
right_child=1 -3 5 10 -6 6 -8 14 9 11 -12 -13 -14 -15 -16 18 -18 -19 -20 -21
leaf_value=-0.011441800462182183 0.0013022755446897352 -0.046619231931548176 -0.0057788386116584788 0.04406863544860648 -0.014159306274030614 -0.12374840291386301 -0.0077979865541214352 -0.0038306258252052633 -0.00055259181541541158 0.0064885045729490614 0.0066170454654540566 0.03796099077351392 0.017011969631852704 0.0045009924461576261 -0.027514729659014848 0.017234940613033597 -0.022709060377441349 -0.022514457012762362 -0.00173979034840033 -0.00089030715618998967
leaf_weight=66 7733 94 818 90 934 55 2558 468 1978 5106 74 50 139 693 64 54 50 82 58 52
leaf_count=66 7733 94 818 90 934 55 2558 468 1978 5106 74 50 139 693 64 54 50 82 58 52
internal_value=-7.77233e-05 -0.00240769 -0.00208875 0.000147383 -0.000363943 -0.00687714 -0.0102386 0.00364351 0.00450319 0.00499106 0.0271697 0.00678056 0.000597855 -0.00106413 -0.00556102 -0.0033308 -0.00565287 -0.0132382 0.00740874 -0.00679199
internal_weight=21216 13049 12955 8831 8667 4124 2613 8167 7473 7273 164 5156 2117 1511 694 630 518 200 112 118
internal_count=21216 13049 12955 8831 8667 4124 2613 8167 7473 7273 164 5156 2117 1511 694 630 518 200 112 118
cat_boundaries=0 1 2
cat_threshold=2 16
is_linear=0
shrinkage=0.05


Tree=75
num_leaves=29
num_cat=11
split_feature=19 6 4 5 14 1 1 5 6 15 5 1 16 5 13 6 6 17 12 8 17 12 15 12 6 1 12 6
split_gain=81.0338 59.5224 58.6286 45.8069 39.2275 26.0169 22.6719 21.31 20.0262 18.3835 17.3014 17.155 19.3052 14.2153 13.84 15.7385 11.8461 10.9874 10.9485 10.7983 10.7955 9.82375 9.12372 8.23734 7.91619 6.81526 3.99268 2.64543
threshold=0 0.067465704230410123 1 14.500000000000002 0.25833333333333336 2 3 7.5000000000000009 0.095892914275267235 4 13.500000000000002 5 6 16.500000000000004 5.5000000000000009 0.020220588235294119 0.046081349206349216 7 5.5000000000000009 487.60000000000008 8 7.5000000000000009 9 2.5000000000000004 0.15064731020613376 10 5.5000000000000009 0.25739723239723239
decision_type=1 2 1 2 2 1 1 2 2 9 2 1 9 2 2 2 2 1 2 2 1 2 9 2 2 1 2 2
left_child=2 14 7 5 10 17 23 27 -8 18 20 13 -13 -9 15 -2 -17 -3 -5 25 -4 -11 -7 -6 -12 -16 -21 -1
right_child=1 3 4 9 6 22 8 11 -10 21 24 12 -14 -15 19 16 -18 -19 -20 26 -22 -23 -24 -25 -26 -27 -28 -29
leaf_value=0.013867314801697273 -0.019359780595637859 0.020602714553908941 0.014074689728334887 0.0057420532446407213 0.0054316357963856456 0.01194200892752278 -0.016458087421444244 0.0044123684988439009 -0.0071228532943646092 -0.00050222705981332058 -0.0070088150192954392 0.0058928821052143332 -0.0036247913568901212 -0.0038963399875524734 0.00048337217237779198 0.012754742401570594 -0.0018280341553051857 0.0098545440224046682 0.023101484722435655 -0.0020975139071898801 0.00034679834799104114 -0.021592057770804356 0.0047368505050903202 -0.0056271678932431797 -6.4410368886023969e-05 -0.010835267946147748 0.012949147313147001 0.027518400237444909
leaf_weight=83 75 708 265 673 189 661 1230 2815 1078 1765 737 634 3105 630 166 263 296 462 105 105 311 57 1438 1544 926 831 76 62
leaf_count=83 75 708 265 673 189 661 1230 2815 1078 1765 737 634 3105 630 166 263 296 462 105 105 311 57 1438 1544 926 831 76 62
internal_value=4.08915e-06 0.004107 -0.00231294 0.00655802 -0.00585484 0.0104974 -0.00880565 0.000725854 -0.0120457 0.00160495 -0.000555283 0.000343808 -0.00199952 0.00288455 -0.00380909 0.00214734 0.00503291 0.016478 0.00798231 -0.00701485 0.00691295 -0.00115566 0.00705171 -0.00439574 -0.003142 -0.00905455 0.00422042 0.0197043
internal_weight=21290 7681 13609 5869 6280 3269 4041 7329 2308 2600 2239 7184 3739 3445 1812 634 559 1170 778 1178 576 1822 2099 1733 1663 997 181 145
internal_count=21290 7681 13609 5869 6280 3269 4041 7329 2308 2600 2239 7184 3739 3445 1812 634 559 1170 778 1178 576 1822 2099 1733 1663 997 181 145
cat_boundaries=0 1 2 3 4 5 6 7 8 9 10 11
cat_threshold=17 25 152 401 2 368 32 5 12 2 128
is_linear=0
shrinkage=0.05


Tree=76
num_leaves=23
num_cat=4
split_feature=11 19 15 1 0 5 0 0 0 0 13 19 0 8 5 0 5 0 8 0 10 11
split_gain=76.8236 57.7645 37.7161 34.3577 37.8263 26.7138 26.1543 25.4717 45.4314 24.454 21.8342 20.2303 19.7115 19.0945 18.0997 17.5153 17.0993 16.6396 11.7623 11.3532 8.0793 2.63498
threshold=1.5000000000000002 0 1 2 1350.0000000000002 13.500000000000002 2450.0000000000005 2350.0000000000005 2050.0000000000005 1750.0000000000002 7.5000000000000009 3 1250.0000000000002 411.60000000000008 9.5000000000000018 1850.0000000000002 15.500000000000002 2450.0000000000005 487.60000000000008 1175.0000000000002 1.0000000180025095e-35 2.5000000000000004
decision_type=2 1 9 1 2 2 2 2 2 2 2 1 2 2 2 2 2 2 2 2 2 2
left_child=1 7 5 4 -4 17 10 8 9 -1 11 12 -2 -10 -5 -7 -9 -3 -13 21 -21 -12
right_child=6 2 3 14 -6 15 -8 16 13 -11 19 18 -14 -15 -16 -17 -18 -19 -20 20 -22 -23
leaf_value=-0.004935260739054482 0.00066393371662572557 0.0061421762454628524 -0.003255117248342692 0.017298908601268616 0.017106935148448184 0.00058570106128248841 -0.030622932875566944 0.03200078720090848 -0.0088128866103167336 0.0018976680534672425 0.010927618603505962 -0.0018869000595469307 -0.01170754523227698 -0.042187247384339571 0.0006640857001801114 -0.0091835832798807995 -0.0045406932327896358 -0.015563956920855812 0.0066596122983530728 -0.0083634139582144645 -0.016986778628426302 -0.0026705725704270762
leaf_weight=3042 476 2966 274 189 1361 3335 98 89 75 2299 57 2418 995 100 1213 532 50 91 483 619 484 95
leaf_count=3042 476 2966 274 189 1361 3335 98 89 75 2299 57 2418 995 100 1213 532 50 91 483 619 484 95
internal_value=-6.01486e-05 0.00175626 0.0040452 0.00868581 0.0136113 0.00200015 -0.00501473 -0.00227873 -0.00281545 -0.00199407 -0.00456874 -0.00290002 -0.00765225 -0.0278839 0.002886 -0.000758302 0.0188564 0.00549603 -0.000462361 -0.010382 -0.0121474 0.00242875
internal_weight=21341 15616 9961 3037 1635 6924 5725 5655 5516 5341 5627 4372 1471 175 1402 3867 139 3057 2901 1255 1103 152
internal_count=21341 15616 9961 3037 1635 6924 5725 5655 5516 5341 5627 4372 1471 175 1402 3867 139 3057 2901 1255 1103 152
cat_boundaries=0 1 2 3 4
cat_threshold=16 13 240 16
is_linear=0
shrinkage=0.05


Tree=77
num_leaves=26
num_cat=9
split_feature=13 3 0 0 1 1 5 0 0 1 0 1 0 2 19 0 0 0 1 0 0 2 0 14 14
split_gain=62.3877 45.7584 66.7708 474.702 125.084 123.01 25.704 27.1142 352.971 52.4463 107.274 38.5746 26.8643 23.6676 23.092 37.0614 27.6733 24.9321 25.2849 20.3166 35.5973 129.607 23.6567 12.4918 6.6047
threshold=3.5000000000000004 0 1250.0000000000002 1350.0000000000002 1 2 14.500000000000002 1350.0000000000002 1250.0000000000002 3 1550.0000000000002 4 1550.0000000000002 5 6 2350.0000000000005 2050.0000000000005 2450.0000000000005 7 2550.0000000000005 2150.0000000000005 8 1750.0000000000002 0.59411764705882364 0.44097222222222227
decision_type=2 9 2 2 1 1 2 2 2 1 2 1 2 9 1 2 2 2 1 2 2 9 2 2 2
left_child=6 19 4 -4 23 -5 14 8 11 10 -9 -8 -11 -6 15 16 -1 18 -16 20 22 -22 -2 -3 -21
right_child=1 2 3 5 13 -7 7 9 -10 12 -12 -13 -14 -15 17 -17 -18 -19 -20 24 21 -23 -24 -25 -26
leaf_value=-0.00032771003812424697 -0.00069234504381451693 -0.0080686537378703398 -0.11606623759737822 0.0098185116467189356 0.015776359744604489 -0.0090213624242204797 -0.0078555944195111468 0.037062530841757639 -0.1257638427665678 -0.015071699482826656 0.0020066110941296725 0.016188405279283637 6.1818694540538319e-05 -0.0017899215338291669 0.01164290075517122 0.038812370932307744 -0.035506667777643365 -0.019470904216868805 0.001476704879859505 0.029094552296391202 0.023140137013841489 -0.031927681282836941 0.0068077396906509923 -0.03010274670634638 0.0069265392276325402
leaf_weight=1065 2659 1190 99 1048 1104 4830 410 282 59 402 965 267 1084 237 2190 58 59 80 866 84 159 288 1739 68 56
leaf_count=1065 2659 1190 99 1048 1104 4830 410 282 59 402 965 267 1084 237 2190 58 59 80 866 84 159 288 1739 68 56
internal_value=-0.000315609 -0.00236385 -0.00457511 -0.0074897 0.00211007 -0.00566101 0.00325138 4.64034e-05 -0.00847178 0.00234036 0.00985522 0.00175013 -0.00400522 0.0126815 0.0058262 -0.000161734 -0.00217429 0.00805795 0.00880497 0.0014466 0.000906904 -0.0125364 0.00227324 -0.00918666 0.0202273
internal_weight=21348 13561 8576 5977 2599 5878 7787 3469 736 2733 1247 677 1486 1341 4318 1182 1124 3136 3056 4985 4845 447 4398 1258 140
internal_count=21348 13561 8576 5977 2599 5878 7787 3469 736 2733 1247 677 1486 1341 4318 1182 1124 3136 3056 4985 4845 447 4398 1258 140
cat_boundaries=0 1 2 3 4 5 6 7 8 9
cat_threshold=2 44 16 50 548 384 16 496 16
is_linear=0
shrinkage=0.05


Tree=78
num_leaves=31
num_cat=12
split_feature=0 0 0 0 2 2 1 1 0 0 2 0 2 1 1 2 0 1 5 8 5 19 13 15 13 5 5 11 13 5
split_gain=68.2549 131.065 72.1077 150.329 103.688 93.5485 82.2261 70.1554 111.593 935.339 175.46 67.0521 91.4377 84.3742 60.6599 56.9118 37.4443 29.9812 28.1108 19.6674 14.4868 9.80563 12.0115 7.29373 4.80194 5.72031 4.12916 3.1624 5.28528 3.37507
threshold=1750.0000000000002 1650.0000000000002 1850.0000000000002 1950.0000000000002 0 1 2 3 1350.0000000000002 1250.0000000000002 4 1350.0000000000002 5 6 7 8 2450.0000000000005 9 12.500000000000002 309.00000000000006 16.500000000000004 10 5.5000000000000009 11 2.5000000000000004 11.500000000000002 10.500000000000002 1.0000000180025095e-35 4.5000000000000009 12.500000000000002
decision_type=2 2 2 2 9 9 1 1 2 2 9 2 9 1 1 9 2 1 2 2 2 1 2 9 2 2 2 2 2 2
left_child=1 7 4 27 14 6 -5 8 9 -1 -10 13 -13 -9 19 20 -7 -17 24 -2 -6 23 -23 -20 -3 -26 -16 29 -29 -4
right_child=2 18 3 5 15 16 -8 11 10 -11 -12 12 -14 -15 26 17 -18 -19 21 -21 -22 22 -24 -25 25 -27 -28 28 -30 -31
leaf_value=0.0035633779131849369 0.024795836827469372 -0.019996210226211057 -0.022080049510387816 0.010239354803424 -0.0090985522169128707 0.010645449024120143 -0.012439959599337783 0.010041401596969859 0.01966073651964563 -0.11763377571478487 -0.0037286702939344296 -0.0013100506276713701 -0.02058534363010232 -0.0074468651460520398 0.016913018898608592 0.01172170027950209 -0.026946284692140596 0.0022622949802521735 -0.0097629244121359912 0.043417523848709838 -0.033662976966838225 0.010841092515837807 -0.013940695553094525 -0.020620844020375704 -0.029287433002728149 -0.046480243174904373 0.0015170586159897609 -0.051273151950529186 -0.033085376004894057 -0.039574969081828996
leaf_weight=2138 375 58 51 531 421 1658 1545 1211 1737 172 1482 1219 1249 1575 52 1298 69 2375 321 228 70 83 119 503 118 82 268 83 77 60
leaf_count=2138 375 58 51 531 421 1658 1545 1211 1737 172 1482 1219 1249 1575 52 1298 69 2375 321 228 70 83 119 503 118 82 268 83 77 60
internal_value=-0.000338685 -0.00280901 0.00291526 -0.00204163 0.00688507 0.000522276 -0.00661776 -0.00101086 0.00291923 -0.00546083 0.00894195 -0.00514243 -0.0111536 0.000164131 0.0219546 0.00348363 0.00909088 0.0056279 -0.0179098 0.0313175 -0.0123491 -0.0142 -0.00358081 -0.0165588 -0.0326631 -0.0363365 0.00389712 -0.0380215 -0.0425203 -0.0315368
internal_weight=21228 12067 9161 4074 5087 3803 2076 10783 5529 2310 3219 5254 2468 2786 923 4164 1727 3673 1284 603 491 1026 202 824 258 200 320 271 160 111
internal_count=21228 12067 9161 4074 5087 3803 2076 10783 5529 2310 3219 5254 2468 2786 923 4164 1727 3673 1284 603 491 1026 202 824 258 200 320 271 160 111
cat_boundaries=0 1 2 3 4 5 6 7 8 9 10 11 12
cat_threshold=8 140 384 666 148 18 321 545 16 320 17 6
is_linear=0
shrinkage=0.05


Tree=79
num_leaves=30
num_cat=10
split_feature=0 0 0 0 1 1 0 0 8 0 0 1 0 0 4 8 19 8 3 18 1 19 11 4 11 12 13 14 7
split_gain=65.0209 112.442 76.3053 116.219 73.3165 65.1665 79.8382 852.934 100.97 61.2507 106.032 94.3985 55.8107 431.705 40.4876 38.374 27.7154 19.9069 19.0145 16.0964 14.8071 13.7854 12.2131 10.6799 7.57793 3.99382 9.88545 3.84336 3.12538
threshold=1750.0000000000002 1650.0000000000002 1850.0000000000002 1950.0000000000002 0 1 1350.0000000000002 1250.0000000000002 381.20000000000005 1350.0000000000002 1550.0000000000002 2 2550.0000000000005 2450.0000000000005 3 353.30000000000001 4 263.2000000000001 5 6 7 8 1.5000000000000002 9 1.5000000000000002 2.5000000000000004 4.5000000000000009 0.35504201680672276 0.07085084033613448
decision_type=2 2 2 2 1 1 2 2 2 2 2 1 2 2 1 2 1 2 9 1 1 1 2 1 2 2 2 2 2
left_child=1 5 4 25 15 6 7 -1 -8 11 -11 -7 13 -5 19 21 27 24 -16 -6 -14 -2 -17 -19 -18 -4 -27 -3 -29
right_child=2 16 3 12 14 9 8 -9 -10 10 -12 -13 20 -15 18 22 17 23 -20 -21 -22 -23 -24 -25 -26 26 -28 28 -30
leaf_value=0.0052805142547361732 0.0038010818469694607 0.0094485887762447707 -0.026366986248201579 0.0018639188215874342 0.010657444640994072 0.010943800651044742 -0.0087671392466775935 -0.11169382011043956 0.013220843344804971 -0.018604846021843931 0.0023762622444351736 -0.0069886763764238193 0.0083869846405976115 -0.1029897576880337 0.021205056525240247 -0.0027106215215213221 -0.027328782370850013 -0.0039403733595933643 0.011408272134930775 -0.012374706752598287 0.033190174899504495 0.014459111427605739 -0.016154343878298779 -0.018934649081043097 -0.04846794789076829 -0.054767422868855421 -0.02917073379132025 -0.0089997476333469693 0.0054516943275335836
leaf_weight=2001 1035 71 93 3498 115 1263 660 169 2499 1470 1020 1723 142 101 1033 939 139 168 1151 186 138 435 206 685 61 63 94 117 55
leaf_count=2001 1035 71 93 3498 115 1263 660 169 2499 1470 1020 1723 142 101 1033 939 139 168 1151 186 138 435 206 685 61 63 94 117 55
internal_value=0.000356368 -0.00205447 0.00351744 -0.00153537 0.00760823 -0.00038525 0.00354797 -0.00382947 0.00862696 -0.00421168 -0.0100102 0.000609539 0.000594223 -0.00107863 0.0137349 0.001727 -0.0159711 -0.0193944 0.0161175 -0.00351531 0.0220963 0.00707921 -0.00512932 -0.0162497 -0.0337762 -0.0345781 -0.039442 -0.000325207 -0.00437865
internal_weight=21330 12101 9229 4129 5100 10805 5329 2170 3159 5476 2490 2986 3879 3599 2485 2615 1296 1053 2184 301 280 1470 1145 853 200 250 157 243 172
internal_count=21330 12101 9229 4129 5100 10805 5329 2170 3159 5476 2490 2986 3879 3599 2485 2615 1296 1053 2184 301 280 1470 1145 853 200 250 157 243 172
cat_boundaries=0 1 2 3 4 5 6 7 8 9 10
cat_threshold=396 158 321 4 38 6 8 769 17 24
is_linear=0
shrinkage=0.05


Tree=80
num_leaves=27
num_cat=5
split_feature=6 16 0 0 8 0 1 0 0 1 0 0 0 1 0 13 11 0 0 14 13 4 14 8 13 6
split_gain=62.1013 45.2822 41.4811 280.197 71.3703 80.646 55.7041 48.2279 36.8797 58.1083 69.7784 47.1572 452.017 69.8003 26.8305 23.4405 26.098 19.3224 39.6254 14.3459 12.9042 8.55582 9.0582 5.7648 1.89351 1.64895
threshold=0.090486964016375807 0 1250.0000000000002 1350.0000000000002 487.60000000000008 1550.0000000000002 1 1750.0000000000002 1750.0000000000002 2 2450.0000000000005 1250.0000000000002 1350.0000000000002 3 1075.0000000000002 7.5000000000000009 1.5000000000000002 2550.0000000000005 2050.0000000000005 0.59411764705882364 1.5000000000000002 4 0.63961038961038974 340.90000000000003 7.5000000000000009 0.18344525844525847
decision_type=2 9 2 2 2 2 1 2 2 1 2 2 2 1 2 2 2 2 2 2 2 1 2 2 2 2
left_child=2 8 6 -4 7 -6 21 -5 11 20 -11 13 -13 -2 24 17 -17 18 -3 -16 -10 22 -1 -23 -8 -19
right_child=1 15 3 4 5 -7 14 -9 9 10 -12 12 -14 -15 19 16 -18 25 -20 -21 -22 23 -24 -25 -26 -27
leaf_value=0.0095108160605270643 0.017955303511913386 0.0096996667777304313 -0.11268699818080473 -0.014791390866527379 0.026060754077666073 -0.0058715393996086503 0.010273566184511695 -0.0026290560163240236 0.0037626152329054002 0.0075030703110372972 -0.039980323170385433 -0.10381558125087045 -0.0027187389910864053 -0.0031023850944159282 -0.0055805056196894798 0.0077258804986874265 -0.034882987215035209 0.023147633001208309 -0.0063151435368425371 -0.023010032939055236 -0.0071268496574092887 0.034165139026590623 -0.01118382942891402 0.015046522584427452 0.0024971471872829304 0.03598875926993788
leaf_weight=731 592 2495 62 1678 344 465 260 1585 346 3752 79 114 3670 1133 1520 75 69 50 457 128 1273 60 57 115 112 50
leaf_count=731 592 2495 62 1678 344 465 260 1585 346 3752 79 114 3670 1133 1520 75 69 50 457 128 1273 60 57 115 112 50
internal_value=-0.000141212 0.00177441 -0.00395119 -0.00719375 -0.00558752 0.00770659 0.000542522 -0.00888355 0.000243666 0.00316008 0.00650692 -0.00264107 -0.00576447 0.00421047 -0.00417579 0.00700062 -0.0126909 0.00795264 0.00722041 -0.00693426 -0.00477017 0.0103753 0.00791344 0.0204338 0.00793228 0.0295682
internal_weight=21272 14155 7117 4134 4072 809 2983 3263 10959 5450 3831 5509 3784 1725 2020 3196 144 3052 2952 1648 1619 963 788 175 372 100
internal_count=21272 14155 7117 4134 4072 809 2983 3263 10959 5450 3831 5509 3784 1725 2020 3196 144 3052 2952 1648 1619 963 788 175 372 100
cat_boundaries=0 1 2 3 4 5
cat_threshold=3 449 142 449 11
is_linear=0
shrinkage=0.05


Tree=81
num_leaves=14
num_cat=3
split_feature=0 0 0 0 2 0 2 9 16 14 12 7 5
split_gain=63.7636 394.042 68.5275 95.7546 183.402 72.0975 30.5772 16.3657 9.56512 7.79098 6.70605 5.87726 3.69786
threshold=2550.0000000000005 2450.0000000000005 2350.0000000000005 2050.0000000000005 0 1750.0000000000002 1 1.0000000180025095e-35 2 0.31009615384615391 4.5000000000000009 0.085645604395604411 13.500000000000002
decision_type=2 2 2 2 9 2 9 2 9 2 2 2 2
left_child=1 2 3 5 -5 -1 7 -4 12 -10 -11 -8 -2
right_child=8 -3 6 4 -6 -7 11 -9 9 10 -12 -13 -14
leaf_value=-0.0021569900224208552 0.019215094640881558 -0.10147234528170278 0.0050497294616852336 0.025395437690958669 -0.033044782589935817 0.0040547913291799284 0.032476012490012432 0.027507614825259558 0.048060339456424121 0.01261940317021476 0.037537876461391097 0.055590863369235945 0.0018052445617733432
leaf_weight=12096 61 96 309 173 523 7610 55 110 56 54 54 55 61
leaf_count=12096 61 96 309 173 523 7610 55 110 56 54 54 55 61
internal_value=-8.58088e-05 -0.000404763 5.87831e-05 -0.000401897 -0.0186286 0.000241856 0.0178259 0.0106905 0.023364 0.0310337 0.0250786 0.040364 0.00971394
internal_weight=21313 21027 20931 20402 696 19706 529 419 286 164 108 110 122
internal_count=21313 21027 20931 20402 696 19706 529 419 286 164 108 110 122
cat_boundaries=0 1 2 3
cat_threshold=16 18 1
is_linear=0
shrinkage=0.05


Tree=82
num_leaves=30
num_cat=12
split_feature=0 0 0 0 2 2 1 1 0 0 1 0 0 2 2 1 1 1 5 6 18 6 14 16 14 7 5 14 6
split_gain=59.743 106.567 52.323 113.718 81.7256 73.8707 86.1989 50.2726 71.305 83.0162 73.2863 64.3486 683.683 174.251 46.352 43.8546 40.6133 29.1917 25.6426 18.1613 19.8896 17.3032 11.057 10.1211 8.87207 12.1328 6.38248 4.68446 11.242
threshold=1750.0000000000002 1650.0000000000002 1850.0000000000002 1950.0000000000002 0 1 2 3 1350.0000000000002 1550.0000000000002 4 1350.0000000000002 1250.0000000000002 5 6 7 8 9 12.500000000000002 0.097210550887021491 10 0.10023252890899952 0.37980769230769235 11 0.24264705882352944 0.090996503496503525 16.500000000000004 0.41421568627450983 0.15064731020613376
decision_type=2 2 2 2 9 9 1 1 2 2 1 2 2 9 9 1 1 1 2 2 1 2 2 9 2 2 2 2 2
left_child=1 7 4 27 16 6 -5 11 10 -10 -9 12 -1 -13 26 -7 21 -16 24 23 -21 -2 -18 -20 -3 -26 -6 28 -4
right_child=2 18 3 5 14 15 -8 8 9 -11 -12 13 -14 -15 17 -17 22 -19 19 20 -22 -23 -24 -25 25 -27 -28 -29 -30
leaf_value=0.0040258026640868083 0.015318579602186905 -0.012396556030045141 -0.051697833272569542 0.0087947118712008564 -0.0085985989002685791 0.0052467615344243788 -0.012790183258132052 0.010132553439138147 -0.018073227825891207 0.00049090153849638493 -0.0056264394295470069 0.01969210374094775 -0.10205207527870677 -0.0037728359546761753 0.011556586363763652 0.028381536810604093 -0.0012781037525697188 0.0020544105109099073 -0.026303522361842548 -0.013966387935165428 0.0041221926185447148 0.033470094647283469 0.018317572618442995 -0.0074286095893264506 -0.027946149070370709 -0.056404274456458639 -0.024416480464239915 -0.020917959697544578 -0.027368114447268117
leaf_weight=2058 191 53 79 691 426 1603 1361 1276 1450 1030 1721 1486 164 1678 1236 228 220 2343 267 396 241 420 107 133 141 51 75 58 119
leaf_count=2058 191 53 79 691 426 1603 1361 1276 1450 1030 1721 1486 164 1678 1236 228 220 2343 267 396 241 420 107 133 141 51 75 58 119
internal_value=-2.50379e-05 -0.00232426 0.00302444 -0.00113713 0.00645703 0.000990879 -0.00551418 -0.000715277 -0.0040841 -0.0103631 0.00109813 0.00271301 -0.00380353 0.00729799 0.00335924 0.00826607 0.0196857 0.00535902 -0.015958 -0.0125208 -0.00727737 0.0273483 0.00498159 -0.0208709 -0.0305063 -0.0355053 -0.0107519 -0.0334148 -0.0370754
internal_weight=21302 12145 9157 4139 5018 3883 2052 10863 5477 2480 2997 5386 2222 3164 4080 1831 938 3579 1282 1037 637 611 327 400 245 192 501 256 198
internal_count=21302 12145 9157 4139 5018 3883 2052 10863 5477 2480 2997 5386 2222 3164 4080 1831 938 3579 1282 1037 637 611 327 400 245 192 501 256 198
cat_boundaries=0 1 2 3 4 5 6 7 8 9 10 11 12
cat_threshold=8 136 386 158 321 132 16 472 545 320 4 1
is_linear=0
shrinkage=0.05


Tree=83
num_leaves=28
num_cat=10
split_feature=11 19 15 1 5 8 12 5 6 14 19 1 5 1 1 6 5 8 6 4 6 7 7 2 7 15 7
split_gain=63.9249 44.7692 30.8124 24.0058 19.0624 17.5652 19.709 14.8012 14.5632 13.7671 24.6251 13.6857 11.9021 11.838 11.8027 10.1039 9.60678 9.54392 9.39687 7.98918 7.91692 6.86355 6.70317 6.22463 5.57691 5.11694 2.20523
threshold=1.5000000000000002 0 1 2 7.5000000000000009 513.75000000000011 5.5000000000000009 13.500000000000002 0.123934766214178 0.44949494949494956 3 4 12.500000000000002 5 6 0.123934766214178 14.500000000000002 291.65000000000003 0.12628294907706675 7 0.065690164954870858 0.024242424242424256 0.11285283344106875 8 0.030952380952380971 9 0.013369473663591315
decision_type=2 1 9 1 2 2 2 2 2 2 1 1 2 1 1 2 2 2 2 1 2 2 2 9 2 9 2
left_child=1 4 7 18 -1 6 -6 11 -5 10 17 -3 -7 -9 25 16 21 26 -4 -19 -16 -11 24 -18 -17 -12 -2
right_child=9 2 3 8 5 12 -8 13 -10 15 14 -13 -14 -15 20 22 23 19 -20 -21 -22 -23 -24 -25 -26 -27 -28
leaf_value=0.02746202782900245 -0.010725463455652491 -0.0044386234951929917 0.0075083247706886035 -0.0018053325798828208 -0.0021095838121558369 0.020769725776219793 -0.01160994788480812 -0.0039519872912360211 0.0075257829690689379 0.00078286254581245085 0.0011426671809645114 0.0054598233969757508 0.002377607620330598 0.0017345790859965831 -0.0012733921737004168 -0.0095783842984458502 -0.0026637122493893169 -0.0025573705647177268 0.016274567172360931 -0.01121081407410184 0.0055455368557001464 -0.0076457107726279954 -0.0059015691347241881 -0.012233010851258268 -0.028386253263135028 -0.0099096264583243398 -0.023184176084275046
leaf_weight=54 51 395 494 694 4412 113 623 1461 1052 540 157 2727 397 2413 780 58 247 602 802 500 937 437 94 738 123 324 117
leaf_count=54 51 395 494 694 4412 113 623 1461 1052 540 157 2727 397 2413 780 58 247 602 802 500 937 437 94 738 123 324 117
internal_value=-0.000169574 0.0014833 0.00347939 0.00767547 -0.00209781 -0.00238947 -0.0032851 0.0016465 0.00379512 -0.00469997 -0.00272729 0.00421073 0.00645272 -0.000415717 0.000490911 -0.0077582 -0.00650015 -0.00823607 0.0128341 -0.00660855 0.00243365 -0.00298713 -0.0167338 -0.00998464 -0.0223594 -0.00635232 -0.0194021
internal_weight=21342 15637 10038 3042 5599 5545 5035 6996 1746 5705 3468 3122 510 3874 2198 2237 1962 1270 1296 1102 1717 977 275 985 181 481 168
internal_count=21342 15637 10038 3042 5599 5545 5035 6996 1746 5705 3468 3122 510 3874 2198 2237 1962 1270 1296 1102 1717 977 275 985 181 481 168
cat_boundaries=0 1 2 3 4 5 6 7 8 9 10
cat_threshold=16 13 112 16 513 294 70 25 9 2
is_linear=0
shrinkage=0.05


Tree=84
num_leaves=29
num_cat=10
split_feature=6 19 0 0 0 1 8 8 0 0 4 1 0 1 1 7 0 0 1 1 13 14 7 2 14 16 14 8
split_gain=73.8945 61.4686 39.1734 35.0423 94.2816 64.98 43.8201 34.5332 33.6847 201.431 23.5594 23.5109 22.1152 35.8839 27.564 17.9775 16.1412 14.9011 13.1907 11.8683 11.6165 9.75901 9.58282 7.41182 6.00678 2.77443 2.75876 1.57126
threshold=0.056963012477718365 0 1250.0000000000002 2350.0000000000005 2050.0000000000005 1 355.20000000000005 309.00000000000006 2450.0000000000005 2550.0000000000005 2 3 1750.0000000000002 4 5 0.085645604395604411 2150.0000000000005 1075.0000000000002 6 7 7.5000000000000009 0.59411764705882364 0.066550116550116584 8 0.35504201680672276 9 0.5590277777777779 829.35000000000014
decision_type=2 1 2 2 2 1 2 2 2 2 1 1 2 1 1 2 2 2 1 1 2 2 2 9 2 9 2 2
left_child=2 3 11 4 7 22 -6 -2 12 -10 16 23 13 -3 -14 -7 19 27 24 -4 -20 -19 -5 26 -12 -25 -1 -13
right_child=1 8 10 5 6 15 -8 -9 9 -11 18 17 14 -15 -16 -17 -18 21 20 -21 -22 -23 -24 25 -26 -27 -28 -29
leaf_value=0.016712945290907687 -0.0040149717462294688 0.0092346716929245128 -0.018840990815589435 -0.0014723065383732319 0.015523806400597097 0.012525472818098588 -0.031447815874766936 0.002020613813909701 -0.086225948045732428 0.029318543519586959 0.0019237691223822244 0.0090472458366447003 0.016301843523771922 -0.0012741728927088665 0.005859132370649155 0.034781728420436947 -0.02754637897377471 -0.0055947931068658363 -0.017916965774631761 -0.0015599515068760621 -0.034670868295647986 -0.02082907876193834 -0.02944362924899906 0.0055338216879178281 -0.012877459037362746 -0.0041710953500452798 0.0052512950396131994 0.0012952863391546999
leaf_weight=210 3603 1506 104 50 58 179 345 6925 63 94 102 157 1001 1751 1802 184 77 848 454 822 134 120 79 183 209 111 70 112
leaf_count=210 3603 1506 104 50 58 179 345 6925 63 94 102 157 1001 1751 1802 184 77 848 454 822 134 120 79 183 209 111 70 112
internal_value=0.000464457 0.00181392 -0.00594666 -0.000365615 -0.000953463 0.0126875 -0.0246876 -4.49461e-05 0.00580979 -0.0170464 -0.010958 -0.000683462 0.00641153 0.00360944 0.00966747 0.0231686 -0.00549538 -0.00455364 -0.0168046 -0.00372112 -0.0213716 -0.00748334 -0.0172638 0.00760383 -0.0077731 0.00185304 0.01337 0.00581966
internal_weight=21353 17640 3713 11423 10931 492 403 10528 6217 157 1902 1811 6060 3257 2803 363 1003 1237 899 926 588 968 129 574 311 294 280 269
internal_count=21353 17640 3713 11423 10931 492 403 10528 6217 157 1902 1811 6060 3257 2803 363 1003 1237 899 926 588 968 129 574 311 294 280 269
cat_boundaries=0 1 2 3 4 5 6 7 8 9 10
cat_threshold=17 168 9 449 154 609 49 513 256 9
is_linear=0
shrinkage=0.05


Tree=85
num_leaves=25
num_cat=6
split_feature=13 16 1 0 0 0 2 14 13 0 6 1 0 0 16 14 0 15 8 14 8 6 6 6
split_gain=55.2466 43.8054 41.1418 58.3647 40.8281 31.488 30.4395 19.821 16.2943 19.557 14.6691 11.0875 9.31351 16.8473 9.0542 7.0774 5.89312 7.51508 4.91221 4.75197 4.74645 4.52232 2.66193 0.111071
threshold=7.5000000000000009 0 1 2450.0000000000005 1075.0000000000002 1750.0000000000002 2 0.06458333333333334 3.5000000000000004 1850.0000000000002 0.22021630330453865 3 1350.0000000000002 1650.0000000000002 4 0.53137254901960795 2050.0000000000005 5 513.75000000000011 0.60555555555555574 407.20000000000005 0.044318181818181826 0.050036075036075052 0.025717338217338223
decision_type=2 9 1 2 2 2 9 2 2 2 2 1 2 2 9 2 2 9 2 2 2 2 2 2
left_child=1 7 3 5 22 -3 -6 -1 10 -10 -9 12 19 15 -15 -14 17 18 -13 21 -19 -2 -4 -21
right_child=11 2 4 -5 6 -7 -8 8 9 -11 -12 16 13 14 -16 -17 -18 20 -20 23 -22 -23 -24 -25
leaf_value=-0.017279282749130175 0.00017538685625528589 -0.00069212068244566699 0.005363234005271251 -0.041020063869655135 -0.0025565683058842202 0.0048504952202975101 -0.011577628493902363 0.0070171575767245939 0.0063712725620165113 -0.0026129320664013429 0.018931839053672694 -0.015025179984118085 -0.0075118806029698159 0.010604072895721864 -0.0068776853726349009 -0.028565774319490585 -0.026973365233944998 -0.0087017005610375373 -0.0017842949533288346 -0.0028776178713560514 0.0030601697450456807 0.015826195451698385 0.014076031033555925 -0.0061198446858075585
leaf_weight=94 85 5582 131 80 2811 4737 1406 773 2376 813 388 618 66 108 189 101 56 224 79 50 139 101 265 56
leaf_count=94 85 5582 131 80 2811 4737 1406 773 2376 813 388 618 66 108 189 101 56 224 79 50 139 101 265 56
internal_value=0.000280641 0.00107 -0.00022244 0.00152097 -0.00414737 0.00185225 -0.00559782 0.0054242 0.00592727 0.00408085 0.010999 -0.00792329 -0.00309601 -0.00753945 -0.000395215 -0.0202451 -0.0110665 -0.0103305 -0.0133331 0.00385877 -0.0040853 0.00867394 0.0111938 -0.00459049
internal_weight=21328 19456 15012 10399 4613 10319 4217 4444 4350 3189 1161 1872 756 464 297 167 1116 1060 697 292 363 186 396 106
internal_count=21328 19456 15012 10399 4613 10319 4217 4444 4350 3189 1161 1872 756 464 297 167 1116 1060 697 292 363 186 396 106
cat_boundaries=0 1 2 3 4 5 6
cat_threshold=96 496 140 897 34 5
is_linear=0
shrinkage=0.05


Tree=86
num_leaves=28
num_cat=8
split_feature=5 6 16 0 8 0 0 3 1 0 0 1 0 1 6 7 7 8 13 0 5 7 17 6 1 1 13
split_gain=49.0494 37.7424 41.7788 30.6947 28.6713 55.231 30.2585 26.7019 23.1011 22.7005 34.0593 19.0364 31.2632 17.543 15.842 14.4494 13.1103 21.4763 16.1321 12.733 12.8432 10.9962 10.1156 9.51941 9.36049 8.33724 5.77062
threshold=10.500000000000002 0.056963012477718365 0 1250.0000000000002 292.50000000000006 1450.0000000000002 2050.0000000000005 1 2 2550.0000000000005 2050.0000000000005 3 2350.0000000000005 4 0.25975529100529104 0.057212885154061643 0.14185606060606062 513.75000000000011 3.5000000000000004 1950.0000000000002 7.5000000000000009 0.054232654600301668 5 0.14077186430127608 6 7 7.5000000000000009
decision_type=2 2 9 2 2 2 2 9 1 2 2 1 2 1 2 2 2 2 2 2 2 2 1 2 1 1 2
left_child=11 3 4 8 5 -3 -6 22 26 10 -4 12 19 -9 15 23 18 -18 -16 20 -1 -21 -5 -13 -17 -10 -2
right_child=1 2 9 7 6 -7 -8 13 25 -11 -12 14 -14 -15 16 24 17 -19 -20 21 -22 -23 -24 -25 -26 -27 -28
leaf_value=0.017625109359828962 -0.0091991512402325535 0.0057887610669088672 0.0067074409365142961 0.004316175702804079 0.00042965109776788978 -0.013607058444347696 -0.011828121832850794 -0.023309954162654363 -0.0024302195562684367 0.029637728559727624 -0.0099444540282046176 0.015273918727928576 0.034969020985926573 -0.009432718041114535 0.012416737746327315 0.0073893125606659324 0.032484036115596873 -0.00080498924840297277 -0.013656281171116367 -0.037995804212056103 -0.0054659078398127236 -0.0069099513566911672 -0.0077119202375932443 0.0036674684793254145 -0.0030714289479930297 0.0052659687432231187 -0.024462153244027757
leaf_weight=72 263 545 2504 290 9707 1124 531 435 627 94 350 409 52 576 518 327 175 67 67 50 368 66 415 311 576 782 81
leaf_count=72 263 545 2504 290 9707 1124 531 435 627 94 350 409 52 576 518 327 175 67 67 50 368 66 415 311 576 782 81
internal_value=6.33923e-06 -0.000971959 0.000124621 -0.00566775 -0.00119573 -0.00727349 -0.000206106 -0.0104215 -0.00101438 0.00544314 0.00466534 0.00586845 -0.00207104 -0.0155735 0.0078153 0.00497718 0.0134797 0.0232677 0.0094306 -0.00557247 -0.00168738 -0.020309 -0.00277303 0.0102606 0.000764497 0.0018482 -0.0124317
internal_weight=21382 18324 14855 3469 11907 1669 10238 1716 1753 2948 2854 3058 608 1011 2450 1623 827 242 585 556 440 116 705 720 903 1409 344
internal_count=21382 18324 14855 3469 11907 1669 10238 1716 1753 2948 2854 3058 608 1011 2450 1623 827 242 585 556 440 116 705 720 903 1409 344
cat_boundaries=0 1 2 3 4 5 6 7 8
cat_threshold=73 6 32 515 334 9 108 14
is_linear=0
shrinkage=0.05


Tree=87
num_leaves=27
num_cat=9
split_feature=6 18 4 0 0 0 8 0 1 0 5 2 16 8 19 0 0 0 17 0 14 1 1 0 13 6
split_gain=52.8015 53.7119 42.0691 35.4237 34.8381 226.238 54.3158 63.262 43.8385 33.2116 31.9466 24.6117 22.3118 19.3123 18.4084 14.2385 18.8999 13.1784 12.8063 11.3317 10.1024 9.12397 8.42158 6.39355 5.43663 2.93976
threshold=0.090486964016375807 0 1 1850.0000000000002 1250.0000000000002 1350.0000000000002 487.60000000000008 1550.0000000000002 2 1750.0000000000002 16.500000000000004 3 4 301.85000000000008 5 2450.0000000000005 2350.0000000000005 2550.0000000000005 6 2050.0000000000005 0.59411764705882364 7 8 2150.0000000000005 7.5000000000000009 0.075717338217338226
decision_type=2 1 1 2 2 2 2 2 1 2 2 9 9 2 1 2 2 2 1 2 2 1 1 2 2 2
left_child=4 12 10 13 8 -6 9 -8 18 -7 14 22 17 -4 -3 16 -14 21 24 -5 -13 -2 -10 -12 -1 -20
right_child=1 2 3 19 5 6 7 -9 11 -11 23 20 15 -15 -16 -17 -18 -19 25 -21 -22 -23 -24 -25 -26 -27
leaf_value=-0.0015086957639008215 0.011800824572144732 0.0088871145872286648 -0.013224592560436578 -0.036691274185812917 -0.10217909229094867 -0.012986495271544213 0.022255424610185367 -0.0056182814186967779 0.020343676051700468 -0.0029371116946306551 -0.005976152406501083 0.00099993922843413015 0.0026489086836139373 -0.0022849401882857681 0.001600454351777618 -0.016042993879818824 0.020202876338214607 0.029548992093982575 -0.022230059502485685 -0.013219693294994421 -0.013206411063826333 0.0049009234717247658 0.0075812500905822026 -0.022006833679316676 -0.019148491974920037 -0.0094498850787723705
leaf_weight=273 1109 1169 478 107 61 1679 354 479 168 1611 729 1343 3222 2586 3330 96 161 79 229 99 138 930 697 68 52 56
leaf_count=273 1109 1169 478 107 61 1679 354 479 168 1611 729 1343 3222 2586 3330 96 161 79 229 99 138 930 697 68 52 56
internal_value=-0.000150612 0.00161683 -0.000873902 -0.00532467 -0.00365653 -0.00659218 -0.00517796 0.00622721 0.000498674 -0.00806566 0.00187907 0.00360847 0.00542067 -0.00399158 0.0035171 0.00293704 0.00348432 0.00946727 -0.0113346 -0.0254112 -0.000321641 0.00873565 0.0102641 -0.00734389 -0.00420178 -0.0190504
internal_weight=21303 14163 8566 3270 7140 4184 4123 833 2956 3290 5296 2346 5597 3064 4499 3479 3383 2118 610 206 1481 2039 865 797 325 285
internal_count=21303 14163 8566 3270 7140 4184 4123 833 2956 3290 5296 2346 5597 3064 4499 3479 3383 2118 610 206 1481 2039 865 797 325 285
cat_boundaries=0 1 2 3 4 5 6 7 8 9
cat_threshold=10 25 32 256 100 8 12 186 128
is_linear=0
shrinkage=0.05


Tree=88
num_leaves=26
num_cat=6
split_feature=19 0 0 6 1 0 0 0 1 0 0 1 0 7 0 0 0 1 14 14 7 1 6 5 14
split_gain=39.0228 42.2818 366.212 37.4366 27.071 27.7708 25.6307 212.769 51.3503 112.003 68.9678 47.8238 22.6614 20.5812 19.4875 15.5012 27.9958 8.28395 7.82917 5.94906 5.68791 4.30672 3.64409 1.91874 1.5509
threshold=0 2450.0000000000005 2550.0000000000005 0.11486661486661488 1 1950.0000000000002 1250.0000000000002 1350.0000000000002 2 1550.0000000000002 1750.0000000000002 3 1350.0000000000002 0.077844622697563884 1175.0000000000002 2350.0000000000005 2050.0000000000005 4 0.31009615384615391 0.2752525252525253 0.050980392156862758 5 0.19446733821733822 14.500000000000002 0.42261904761904767
decision_type=1 2 2 2 1 2 2 2 1 2 2 1 2 2 2 2 2 1 2 2 2 1 2 2 2
left_child=6 3 13 15 12 -6 11 -8 9 -9 -10 18 -5 -3 24 16 -2 22 23 -16 -19 -20 -4 -1 -13
right_child=1 2 17 4 5 -7 7 8 10 -11 -12 14 -14 -15 19 -17 -18 20 21 -21 -22 -23 -24 -25 -26
leaf_value=0.027756659679536552 -0.0004876750898194723 -0.11606512713958235 -0.0025503432508558036 -0.003831631363211685 0.002523922309325717 -0.012413464346284785 -0.079653134272103354 0.03110890986780639 -0.014703696536050484 -0.0022094616622973877 -0.001059559741048951 0.01392922208684942 0.0074911995938389611 -0.071773877491553631 -0.0021417355307758869 0.021148264374787687 -0.021855894451112648 0.043105150952935219 0.012032735368234104 -0.011238581913343067 0.021333784986597798 0.0027863906484758504 0.016539163266308606 0.016868216898673547 0.0050171402663601421
leaf_weight=53 6476 51 50 489 1439 397 93 309 1557 1373 2286 92 4587 54 264 80 157 50 323 563 75 237 50 171 104
leaf_count=53 6476 51 50 489 1439 397 93 309 1557 1373 2286 92 4587 54 264 80 157 50 323 563 75 237 50 171 104
internal_value=-5.74875e-05 0.00150048 -0.016183 0.00192987 0.00451277 -0.000702178 -0.00298362 -0.0046537 -0.00339127 0.00388833 -0.00657042 0.00219216 0.00638782 -0.0932868 -0.00492688 -0.000729584 -0.000993451 0.0197988 0.0113989 -0.00833463 0.027817 0.00838418 0.00635855 0.0194445 0.00920036
internal_weight=21380 13955 330 13625 6912 1836 7425 5618 5525 1682 3843 1807 5076 105 1023 6713 6633 225 784 827 125 560 100 224 196
internal_count=21380 13955 330 13625 6912 1836 7425 5618 5525 1682 3843 1807 5076 105 1023 6713 6633 225 784 827 125 560 100 224 196
cat_boundaries=0 1 2 3 4 5 6
cat_threshold=16 496 48 453 770 385
is_linear=0
shrinkage=0.05


Tree=89
num_leaves=31
num_cat=13
split_feature=3 15 1 13 1 5 5 5 1 2 1 7 1 16 11 17 7 5 7 7 1 17 7 7 8 7 7 7 5 2
split_gain=35.0238 27.6502 39.8124 23.4463 20.62 18.8121 17.9724 17.1857 16.9608 14.6302 13.2825 20.8426 13.0302 17.663 13.4535 12.8384 12.1452 12.0269 11.284 10.0522 9.16634 13.7283 28.3504 9.28023 12.5739 8.70397 6.78766 9.2968 6.20867 5.35691
threshold=0 1 2 5.5000000000000009 3 15.500000000000002 8.5000000000000018 13.500000000000002 4 5 6 0.069106873518638243 7 8 1.5000000000000002 9 0.0036858974358974302 10.500000000000002 0.12266622266622268 0.077023629964806453 10 11 0.11285283344106875 0.12387955182072831 443.05000000000007 0.15007002801120453 0.075052521008403386 0.10489853283970933 16.500000000000004 12
decision_type=9 9 1 2 1 2 2 2 1 9 1 2 1 9 2 1 2 2 2 2 1 1 2 2 2 2 2 2 2 9
left_child=6 2 15 4 5 -3 20 8 -4 26 11 -5 14 -14 -11 19 -9 -6 -17 -2 23 25 -23 24 -1 -22 28 -28 -8 -12
right_child=1 3 7 10 17 -7 9 16 -10 12 29 -13 13 -15 -16 18 -18 -19 -20 -21 21 22 -24 -25 -26 -27 27 -29 -30 -31
leaf_value=0.028813064321424931 -0.0039801429431365037 0.0031550354729679001 0.023353841073458663 -0.01517232420929894 0.0045932128172118279 -0.0036745898116754636 0.024109655018481946 -0.0042738904525739616 0.0063785011614678061 0.0048084832019558502 -0.012718903435035862 0.00099067596252556435 -0.0036678892113677589 0.0042101275420331321 -0.0020247916171536691 -0.0074013731045228376 0.0038856702290732941 -0.0082999756496465564 -0.023172218629063865 0.011345274383210337 0.01701379243972833 -0.031482243111416224 0.016339513915972631 0.037727188662593739 -0.0038724774195413505 -0.0038334469660185281 -0.013720586549490691 0.012774756606858301 0.0055830412373111095 -0.0031138449048592016
leaf_weight=62 425 2350 175 879 209 1766 135 610 883 3082 157 258 2145 1053 940 659 1807 1344 137 143 230 63 61 58 56 64 50 98 68 1368
leaf_count=62 425 2350 175 879 209 1766 135 610 883 3082 157 258 2145 1053 940 659 1807 1344 137 143 230 63 61 58 56 64 50 98 68 1368
internal_value=-0.000109198 -0.00170383 0.0013012 -0.00344875 -0.00163524 0.00022419 0.00246199 0.00414083 0.00946736 0.00180793 -0.00732375 -0.0114044 0.00131224 -0.00106887 0.00320348 -0.00591069 0.00182637 -0.00652283 -0.0099902 -0.0001197 0.0108399 0.00626439 -0.00736322 0.0202028 0.0133013 0.0120652 0.0116353 0.00382363 0.0179037 -0.00417911
internal_weight=21335 13170 4839 8331 5669 4116 8165 3475 1058 7571 2662 1137 7220 3198 4022 1364 2417 1553 796 568 594 418 124 176 118 294 351 148 203 1525
internal_count=21335 13170 4839 8331 5669 4116 8165 3475 1058 7571 2662 1137 7220 3198 4022 1364 2417 1553 796 568 594 418 124 176 118 294 351 148 203 1525
cat_boundaries=0 1 2 3 4 5 6 7 8 9 10 11 12 13
cat_threshold=2 42 15 440 64 4 108 368 73 4 268 5 24
is_linear=0
shrinkage=0.05


Tree=90
num_leaves=26
num_cat=5
split_feature=11 16 14 3 8 5 18 14 10 15 8 13 4 8 13 7 7 7 7 14 5 7 12 8 5
split_gain=36.1189 30.5967 40.7486 21.4457 17.6447 18.2361 17.1793 15.5996 13.2427 12.3939 12.2717 11.3658 10.5999 10.2736 8.17295 11.5711 13.0667 7.91303 7.4008 7.16545 8.75211 5.92781 4.73569 3.40753 1.94783
threshold=1.0000000180025095e-35 0 0.06458333333333334 1 513.75000000000011 7.5000000000000009 2 0.44097222222222227 1.0000000180025095e-35 3 301.85000000000008 4.5000000000000009 4 328.75000000000006 1.5000000000000002 0.26369978061154536 0.20404411764705885 0.068403818403818414 0.1704545454545455 0.10555555555555557 13.500000000000002 0.099563671622495159 2.5000000000000004 319.20000000000005 10.500000000000002
decision_type=2 9 2 9 2 2 1 2 2 9 2 2 1 2 2 2 2 2 2 2 2 2 2 2 2
left_child=1 2 -1 14 5 23 7 8 -5 17 -7 -9 13 -8 -2 16 -16 -4 -14 20 -6 -11 -21 -3 -17
right_child=3 4 9 6 19 10 12 11 -10 21 -12 -13 18 -15 15 24 -18 -19 -20 22 -22 -23 -24 -25 -26
leaf_value=-0.024127875530922955 -0.018511762557766185 0.011406453436271089 0.012787545915100385 0.00387792033349013 0.022235332741251876 -0.0044586670618447224 -0.01905289476235621 -0.028289454010367955 -0.0028428435590739176 0.0053465103469667059 0.001088084165028843 -0.0046057861433677081 -0.0034750505401466673 -0.0065728379436029855 0.0014813819787845035 0.024109824315071041 -0.015312400378850328 0.026205374265618909 -0.01210080498891343 -0.0046891165454490263 0.0069294354751547604 0.013676249261358723 0.0069722542163952704 0.028333625306600125 0.010602836354690441
leaf_weight=88 52 61 275 1766 155 1273 258 53 1253 754 4602 1146 3018 457 4344 56 119 183 271 122 235 298 304 58 51
leaf_count=88 52 61 275 1766 155 1273 258 53 1253 754 4602 1146 3018 457 4344 56 119 183 271 122 235 298 304 58 51
internal_value=0.000138916 0.00268657 0.00889036 -0.00152884 0.00121598 0.000278716 -0.00305852 -0.000825744 0.00108855 0.0108735 -0.000113791 -0.00565269 -0.0054027 -0.0109234 0.00119629 0.00142316 0.0010336 0.017761 -0.00417309 0.00811567 0.0130125 0.00763351 0.00363261 0.0196567 0.0176719
internal_weight=21252 8408 1598 12844 6810 5994 8222 4218 3019 1510 5875 1199 4004 715 4622 4570 4463 458 3289 816 390 1052 426 119 107
internal_count=21252 8408 1598 12844 6810 5994 8222 4218 3019 1510 5875 1199 4004 715 4622 4570 4463 458 3289 816 390 1052 426 119 107
cat_boundaries=0 1 2 3 4 5
cat_threshold=42 2 10 2 4
is_linear=0
shrinkage=0.05


Tree=91
num_leaves=28
num_cat=9
split_feature=6 0 0 8 0 0 1 18 4 8 0 0 15 3 0 1 0 0 1 0 14 6 14 7 8 2 3
split_gain=38.2211 30.8057 174.508 49.3443 48.5971 35.3371 32.2012 26.6902 23.7368 20.5436 58.8924 20.4243 18.6011 14.7872 14.0956 13.0049 15.3281 12.714 23.9926 22.6723 11.9282 10.3334 10.0381 9.94956 9.92193 7.27491 2.38418
threshold=0.091450216450216476 1250.0000000000002 1350.0000000000002 487.60000000000008 1550.0000000000002 1750.0000000000002 0 1 2 301.85000000000008 2450.0000000000005 2350.0000000000005 3 4 1075.0000000000002 5 1250.0000000000002 1850.0000000000002 6 1750.0000000000002 0.65686274509803932 0.26988795518207287 0.37980769230769235 0.11428571428571432 592.30000000000007 7 8
decision_type=2 2 2 2 2 2 1 1 1 2 2 2 9 9 2 1 2 2 1 2 2 2 2 2 2 9 9
left_child=1 6 -3 5 -5 -4 20 12 15 11 -11 -10 13 24 26 23 -17 19 -19 -14 25 -15 -16 -9 -2 -1 -8
right_child=7 2 3 4 -6 -7 14 8 9 10 -12 -13 17 21 22 16 -18 18 -20 -21 -22 -23 -24 -25 -26 -27 -28
leaf_value=0.014662239530285739 0.0028778836105714193 -0.090086779048045476 -0.011958308076058324 0.021471592366087536 -0.0033229376909940955 -0.001645526078275659 0.0089058032840093736 -0.012011642701639506 -0.0052238193667696019 0.0027404753876136968 -0.050198001101753625 0.022574046521913263 0.0062872018430125609 -0.012155279274491532 -0.00052472416520785452 0.022849085444913195 -0.0059052176903462645 -0.0089549163352935276 0.011332410392855796 0.01968325580285657 -0.011553526166758008 0.011499320697787752 -0.008329279496694349 -0.034481296989889373 0.018286588404077552 0.0053736634511202608 0.00025560159220356797
leaf_weight=450 3199 60 1696 334 484 1628 253 226 1561 6000 53 69 879 263 825 51 508 257 312 493 68 56 823 63 108 467 126
leaf_count=450 3199 60 1696 334 484 1628 253 226 1561 6000 53 69 879 263 825 51 508 257 312 493 68 56 823 63 108 467 126
internal_value=0.000299831 -0.00266023 -0.00542651 -0.00420014 0.00680099 -0.0069074 0.00119898 0.0018145 5.43362e-05 0.000934042 0.00227695 -0.0040471 0.00450364 0.00237305 -0.00241085 -0.00783392 -0.00322416 0.00845124 0.00221103 0.0111008 0.00856505 -0.0077595 -0.00442227 -0.0163443 0.00337091 0.0101503 0.00627174
internal_weight=21312 7214 4202 4142 818 3324 3012 14098 8531 7683 6053 1630 5567 3626 2027 848 559 1941 569 1372 985 319 1648 289 3307 917 379
internal_count=21312 7214 4202 4142 818 3324 3012 14098 8531 7683 6053 1630 5567 3626 2027 848 559 1941 569 1372 985 319 1648 289 3307 917 379
cat_boundaries=0 1 2 3 4 5 6 7 8 9
cat_threshold=449 10 4 5 3 42 908 256 9
is_linear=0
shrinkage=0.05


Tree=92
num_leaves=23
num_cat=3
split_feature=4 0 0 8 0 0 0 0 0 0 15 9 5 13 16 0 0 6 5 7 11 7
split_gain=37.2724 68.8401 63.7229 40.7541 44.7384 505.666 30.3173 188.826 28.3141 40.7315 27.539 26.9349 20.6875 20.6728 15.137 12.615 11.6506 10.8517 5.32449 3.56672 2.85027 1.22477
threshold=0 1850.0000000000002 2350.0000000000005 328.75000000000006 1250.0000000000002 1350.0000000000002 2550.0000000000005 2450.0000000000005 1075.0000000000002 1750.0000000000002 1 1.0000000180025095e-35 7.5000000000000009 5.5000000000000009 2 1950.0000000000002 2050.0000000000005 0.19446733821733822 12.500000000000002 0.12520396270396275 2.5000000000000004 0.07085084033613448
decision_type=1 2 2 2 2 2 2 2 2 2 9 2 2 2 9 2 2 2 2 2 2 2
left_child=6 3 15 8 13 -6 7 10 20 -10 12 -12 -1 -5 21 19 -17 -4 -16 -3 -2 -8
right_child=1 2 17 4 5 -7 14 -9 9 -11 11 -13 -14 -15 18 16 -18 -19 -20 -21 -22 -23
leaf_value=0.016249197772340785 0.010432532577471202 -0.037759947074941708 0.0016830063114563626 0.016446158903495843 -0.094210731384560598 0.0025065214080639922 0.0080119555265727362 -0.076013288527536083 -0.011324169318293928 0.0022592062383953761 -0.010087396704020712 0.0041554416579757296 0.0025269666777698692 0.0027869573580642055 0.018935820565093311 -0.0061770159119771701 -0.026006222829566661 0.033684741999380867 0.036618223925029024 -0.022988278981022264 -0.0013994312564295436 -0.0023177764382368575
leaf_weight=282 265 168 54 629 140 3896 55 78 1911 776 859 541 10555 495 80 118 199 52 91 54 63 60
leaf_count=282 265 168 54 629 140 3896 55 78 1911 776 859 541 10555 495 80 118 199 52 91 54 63 60
internal_value=0.000163374 -0.00232814 -0.0180569 -0.00109001 0.00160854 -0.000848388 0.00190763 0.0015354 -0.00570842 -0.00740132 0.0020297 -0.00455105 0.00288139 0.0104308 0.0180025 -0.0250263 -0.018625 0.017382 0.0267797 -0.0341668 0.00815993 0.00241273
internal_weight=21421 8820 645 8175 5160 4036 12601 12315 3015 2687 12237 1400 10837 1124 286 539 317 106 171 222 328 115
internal_count=21421 8820 645 8175 5160 4036 12601 12315 3015 2687 12237 1400 10837 1124 286 539 317 106 171 222 328 115
cat_boundaries=0 1 2 3
cat_threshold=25 3 1
is_linear=0
shrinkage=0.05


Tree=93
num_leaves=25
num_cat=7
split_feature=5 4 0 1 0 2 1 0 0 0 0 19 1 0 14 0 11 0 0 14 1 5 14 5
split_gain=36.6858 28.7373 87.8834 44.1731 52.4483 24.7258 24.5479 90.8785 30.2458 20.5565 15.2696 15.5225 14.1511 13.5485 12.0028 9.9983 8.54265 17.8523 15.4242 7.14115 6.91655 5.58594 3.69129 1.91452
threshold=10.500000000000002 0 1850.0000000000002 1 1250.0000000000002 2 3 2450.0000000000005 1450.0000000000002 1950.0000000000002 2550.0000000000005 4 5 1175.0000000000002 0.17914438502673799 2350.0000000000005 1.0000000180025095e-35 2050.0000000000005 1750.0000000000002 0.59411764705882364 6 13.500000000000002 0.36931818181818188 8.5000000000000018
decision_type=2 1 2 1 2 9 1 2 2 2 2 1 1 2 2 2 2 2 2 2 1 2 2 2
left_child=10 5 3 4 -3 6 7 -2 -8 22 11 12 19 -5 21 -11 18 -18 -13 -1 -16 -7 -4 -14
right_child=1 2 9 13 -6 14 8 -9 -10 15 -12 16 23 -15 20 -17 17 -19 -20 -21 -22 -23 -24 -25
leaf_value=0.023997639989743663 0.002729864895778842 0.012815526332459313 -0.039755487943932952 0.0026280018149058113 -0.0010619934492889678 0.026397249616425613 0.0019797782907851236 -0.038345466841153968 -0.0084781350055158581 -0.019666927776856802 0.029895708735910111 -0.0039119424590069842 0.0086166750164640028 -0.0072977367317312363 -0.0018785732312156169 0.0010202105728288492 0.0025028976355016548 -0.01378387054732659 0.0098785667307502295 0.0033727803833636587 0.0065029943545844363 0.011231752795303954 -0.024844877134566592 0.0010284108525895059
leaf_weight=237 5564 844 140 391 3522 87 1214 138 1606 264 61 279 149 2848 320 75 1089 199 742 51 1057 201 59 188
leaf_count=237 5564 844 140 391 3522 87 1214 138 1606 264 61 279 149 2848 320 75 1089 199 742 51 1057 201 59 188
internal_value=5.23347e-06 -0.000833052 -0.00304521 -0.00166738 0.00161699 0.000937312 -0.000154142 0.00173272 -0.00396199 -0.0225784 0.00513571 0.00462093 0.0115538 -0.00608077 0.00649129 -0.0150901 0.00268268 -1.34586e-05 0.00611015 0.0196626 0.00458879 0.015813 -0.0353348 0.00425713
internal_weight=21325 18330 8143 7605 4366 10187 8522 5702 2820 538 2995 2934 625 3239 1665 339 2309 1288 1021 288 1377 288 199 337
internal_count=21325 18330 8143 7605 4366 10187 8522 5702 2820 538 2995 2934 625 3239 1665 339 2309 1288 1021 288 1377 288 199 337
cat_boundaries=0 1 2 3 4 5 6 7
cat_threshold=25 465 154 880 40 248 258
is_linear=0
shrinkage=0.05


Tree=94
num_leaves=30
num_cat=15
split_feature=19 13 15 1 7 5 14 3 4 1 11 14 14 1 5 2 7 17 17 14 15 1 2 1 8 16 11 7 5
split_gain=37.9973 40.5812 27.4597 18.4905 16.527 15.9702 18.2474 16.9834 13.758 13.3548 17.749 17.1922 15.1436 11.3855 19.5861 16.309 11.4483 10.7549 9.45354 8.34909 6.99852 8.79717 7.99203 6.02216 9.94388 6.17757 12.8234 7.00242 5.23773
threshold=0 7.5000000000000009 1 2 0.24032217782217782 8.5000000000000018 0.16025641025641027 3 4 5 1.0000000180025095e-35 0.069047619047619066 0.53137254901960795 6 16.500000000000004 7 0.097827111613876347 8 9 0.06458333333333334 10 11 12 13 592.30000000000007 14 1.5000000000000002 0.043285799168152096 15.500000000000002
decision_type=1 2 9 1 2 2 2 9 1 1 2 2 2 1 2 9 2 1 1 2 9 1 9 1 2 9 2 2 2
left_child=8 2 3 17 -5 6 -4 -7 13 11 19 -10 -13 14 15 -1 -16 -2 -12 -11 22 -22 -15 24 28 26 -25 -27 -3
right_child=1 23 5 4 -6 7 -8 -9 9 10 18 12 -14 20 16 -17 -18 -19 -20 -21 21 -23 -24 25 -26 27 -28 -29 -30
leaf_value=0.017038188329452704 -0.0087027675422666345 -0.020695146304221555 -0.0057696043827496967 0.0074475257551173263 0.031088642562788565 0.0010257117703446231 0.014602592162814424 -0.0067992782239190436 0.019306398315926676 -0.02096093418635428 -0.0097345943481288808 -0.0022646460304719222 -0.024057757690371502 0.0051993016739707975 -0.0035153848657599922 0.0020053486414177788 -0.031212197879329325 0.0030478873821743286 -0.022226106122170936 0.00044517457356505478 0.0034751993383873598 -0.014010942769953265 -0.0027105513784624388 0.012565192041244913 0.0074801914883649047 -0.013249432294421108 -0.0059242808506158847 -0.0013379647725230634 -0.0088923775371676558
leaf_weight=262 245 187 151 2709 76 7404 404 755 88 50 842 1562 84 363 147 565 50 814 204 512 100 250 2250 141 58 286 280 217 189
leaf_count=262 245 187 151 2709 76 7404 404 755 88 50 842 1562 84 363 147 565 50 814 204 512 100 250 2250 141 58 286 280 217 189
internal_value=-1.35779e-05 0.00152076 0.00240976 0.0059238 0.00806372 0.000851836 0.00905989 0.000294543 -0.00292501 -0.00528927 -0.00857255 -0.00221288 -0.00337681 -0.000934948 0.0035881 0.00699814 -0.010545 0.00027339 -0.0124763 -0.00145928 -0.0025049 -0.00905715 -0.00159608 -0.00668894 -0.0115243 -0.00424709 0.000261934 -0.00795258 -0.0147624
internal_weight=21245 13916 12558 3844 2785 8714 555 8159 7329 3342 1608 1734 1646 3987 1024 827 197 1059 1046 562 2963 350 2613 1358 434 924 421 503 376
internal_count=21245 13916 12558 3844 2785 8714 555 8159 7329 3342 1608 1734 1646 3987 1024 827 197 1059 1046 562 2963 350 2613 1358 434 924 421 503 376
cat_boundaries=0 1 2 3 4 5 6 7 8 9 10 11 12 13 14 15
cat_threshold=16 34 526 3 25 408 288 8 8 2 3 69 261 78 44
is_linear=0
shrinkage=0.05


Tree=95
num_leaves=13
num_cat=3
split_feature=0 0 0 0 1 1 0 1 8 7 7 7
split_gain=39.9545 303.658 50.6932 72.7627 146.756 71.0548 42.4172 17.1552 11.0975 8.62193 8.11629 6.02202
threshold=2550.0000000000005 2450.0000000000005 2350.0000000000005 2050.0000000000005 0 1 1750.0000000000002 2 513.75000000000011 0.059523809523809534 0.048605275443510738 0.066550116550116584
decision_type=2 2 2 2 1 1 2 1 2 2 2 2
left_child=1 2 3 6 -5 11 -1 9 -7 -2 -9 -4
right_child=7 -3 5 4 -6 8 -8 10 -10 -11 -12 -13
leaf_value=-0.0016058785176589565 -0.012588469785638155 -0.087693881536504703 -0.0082495896825566899 0.02419903818957865 -0.029529828402050998 0.032099341704131305 0.0031562950113543709 0.045321067763587179 0.015816469070937565 0.01375465036154066 0.021848548478589452 -0.031571769775191862
leaf_weight=12123 50 99 50 162 505 236 7612 59 188 82 98 62
leaf_count=12123 50 99 50 162 505 236 7612 59 188 82 98 62
internal_value=-7.8641e-05 -0.000332303 8.0764e-05 -0.000318007 -0.0165602 0.0152594 0.000230943 0.018386 0.0243063 0.00351027 0.0288329 -0.0194256
internal_weight=21326 21037 20938 20402 667 536 19735 289 424 132 157 112
internal_count=21326 21037 20938 20402 667 536 19735 289 424 132 157 112
cat_boundaries=0 1 2 3
cat_threshold=160 136 770
is_linear=0
shrinkage=0.05


Tree=96
num_leaves=29
num_cat=13
split_feature=19 6 15 3 4 1 11 8 1 3 7 14 6 7 5 1 5 15 11 2 1 5 3 7 4 14 14 11
split_gain=28.6729 36.2033 30.5065 16.9248 15.1466 14.8141 12.6866 12.0216 11.6501 8.81569 8.61168 14.437 8.25374 8.1863 8.1215 8.15524 10.6674 8.18894 8.08008 11.5784 6.81407 6.81946 6.45959 6.2062 5.82003 4.29104 4.20255 3.25227
threshold=0 0.069864612511671351 1 2 3 4 1.0000000180025095e-35 592.30000000000007 5 6 0.066695804195804231 0.36931818181818188 0.16670856376738732 0.0023923992673992732 7.5000000000000009 7 16.500000000000004 8 2.5000000000000004 9 10 14.500000000000002 11 0.17928921568627457 12 0.36931818181818188 0.53137254901960795 3.5000000000000004
decision_type=1 2 9 9 1 1 2 2 1 9 2 2 2 2 2 1 2 9 2 9 1 2 9 2 1 2 2 2
left_child=4 5 3 12 14 18 10 22 24 -5 13 -12 -3 -6 -1 16 -16 -17 19 -2 21 -4 -7 -22 -8 -9 -10 -20
right_child=1 2 20 9 6 7 8 25 26 -11 11 -13 -14 -15 15 17 -18 -19 27 -21 23 -23 -24 -25 -26 -27 -28 -29
leaf_value=0.01820548776826211 0.0076794665904440984 0.00011084014704944199 0.019330321096263273 -0.0022150922692368842 -0.0089861755744697399 -0.0018375499204584971 -0.0092009223656748067 0.021173994128099262 -0.0034508162848384291 -0.01491112284830038 -0.0029309038429874996 -0.028792083539740471 0.0038131164005212877 0.0048156890307999968 0.0030300391682117032 -0.0019404762637341933 -0.0057317950277315823 -0.012599035621685954 -0.008948003870258011 -0.0060649104481426018 0.0066311545647383648 0.0056111664400071816 -0.0073803568029596825 -0.0016947523456013192 -0.019802200431528857 0.0027032257984789861 -0.013203409436296243 0.0029987972484826816
leaf_weight=58 641 3344 216 378 130 795 572 51 1168 216 468 61 2738 619 1808 1501 430 197 192 194 2836 156 1689 243 203 82 122 81
leaf_count=58 641 3344 216 378 130 795 572 51 1168 216 468 61 2738 619 1808 1501 430 197 192 194 2836 156 1689 243 203 82 122 81
internal_value=7.53469e-05 0.00141368 0.00296499 0.000984384 -0.00244997 -0.00279998 -0.00492975 -0.00484085 -0.00736764 -0.00700227 -0.00102916 -0.00591301 0.00177462 0.00242017 -0.000367258 -0.000641875 0.00134059 -0.00324359 0.0020456 0.0045055 0.006774 0.0132217 -0.0056435 0.00595472 -0.0121947 0.009786 -0.00433951 -0.00540335
internal_weight=21189 13852 10127 6676 7337 3725 3343 2617 2065 594 1278 529 6082 749 3994 3936 2238 1698 1108 835 3451 372 2484 3079 775 133 1290 273
internal_count=21189 13852 10127 6676 7337 3725 3343 2617 2065 594 1278 529 6082 749 3994 3936 2238 1698 1108 835 3451 372 2484 3079 775 133 1290 273
cat_boundaries=0 1 2 3 4 5 6 7 8 9 10 11 12 13
cat_threshold=16 5 3 25 147 99 4 372 3 392 64 2 2
is_linear=0
shrinkage=0.05


Tree=97
num_leaves=14
num_cat=0
split_feature=0 0 0 0 8 8 7 9 8 14 5 6 7
split_gain=40.085 233.211 51.4928 69.5373 85.872 45.4327 23.1035 22.0411 17.9291 4.83419 6.54091 5.74124 3.17223
threshold=2550.0000000000005 2450.0000000000005 2350.0000000000005 2050.0000000000005 355.20000000000005 309.00000000000006 0.076906916612798984 1.0000000180025095e-35 487.60000000000008 0.44097222222222227 11.500000000000002 0.13810601163542341 0.066550116550116584
decision_type=2 2 2 2 2 2 2 2 2 2 2 2 2
left_child=1 2 3 5 -5 -1 -3 8 -4 10 -2 -12 -9
right_child=9 6 7 4 -6 -7 -8 12 -10 -11 11 -13 -14
leaf_value=-0.0032980160435110272 0.03732510971687069 -0.10000893986970186 -0.0032856058680632138 0.024837462937628684 -0.02323782271290217 0.0018419409091163586 -0.052407248332523387 0.037914988693051245 0.019353500705774272 0.0080001660457224063 0.031007217414677143 0.010149788366841902 0.024259369322098795
leaf_weight=6316 56 50 171 110 597 13464 52 74 179 76 50 97 100
leaf_count=6316 56 50 171 110 597 13464 52 74 179 76 50 97 100
internal_value=-7.15065e-05 -0.000320313 4.58259e-05 -0.000350038 -0.0157579 0.000200689 -0.0757414 0.0155231 0.00829268 0.0187567 0.0227837 0.0172442 0.0300669
internal_weight=21392 21113 21011 20487 707 19780 102 524 350 279 203 147 174
internal_count=21392 21113 21011 20487 707 19780 102 524 350 279 203 147 174
is_linear=0
shrinkage=0.05


Tree=98
num_leaves=29
num_cat=8
split_feature=13 19 0 0 1 0 0 1 1 0 0 1 0 9 0 1 0 0 0 7 17 3 6 6 13 7 6 13
split_gain=30.7487 22.5113 19.8885 199.203 25.8739 67.5686 51.7673 23.7727 16.0673 17.0055 26.9378 13.9628 14.6698 25.9369 17.4781 11.9136 11.533 30.2456 13.7534 10.902 9.0753 8.20776 7.44299 6.5565 6.44759 3.74 2.02492 1.52334
threshold=4.5000000000000009 0 1250.0000000000002 1350.0000000000002 1 2450.0000000000005 1550.0000000000002 2 3 1350.0000000000002 1750.0000000000002 4 2450.0000000000005 1.0000000180025095e-35 1750.0000000000002 5 1950.0000000000002 2350.0000000000005 1750.0000000000002 0.070550527903469093 6 7 0.049955436720142604 0.044318181818181826 7.5000000000000009 0.061538461538461542 0.12189303071656014 7.5000000000000009
decision_type=2 1 2 2 1 2 2 1 1 2 2 1 2 2 2 1 2 2 2 2 1 9 2 2 2 2 2 2
left_child=1 8 7 -4 5 -5 -6 20 9 26 -11 16 14 -14 -13 25 18 -18 -3 23 24 -21 -17 -10 -2 -9 -1 -22
right_child=2 11 3 4 6 -7 -8 15 19 10 -12 12 13 -15 -16 22 17 -19 -20 21 27 -23 -24 -25 -26 -27 -28 -29
leaf_value=0.0020533579477341845 0.0021560463487599892 -0.0029157777039744183 -0.084892317460145097 0.0023240346052967502 -0.01628192680573327 -0.053145324784730164 -0.002158827315144917 0.010524136379769325 0.021528559751808646 -0.020077142149782689 -0.0017082203729088124 0.0023136263509299223 0.011757283577439832 -0.037743905708193783 0.0076431264265495961 -0.0007636490418182299 -0.026355940322020512 0.012597076842585245 0.014383193091708142 0.010601837347040616 -0.012381274945935244 -0.0031295703921693468 0.0050249938456949569 0.0031330965819157184 -0.01709141865249653 0.024154914185813031 0.012986171610844192 -0.021159404081117827
leaf_weight=80 243 502 74 2797 812 56 3229 162 50 348 468 3255 51 55 2917 982 138 78 149 108 217 1474 1278 1551 53 73 90 64
leaf_count=80 243 502 74 2797 812 56 3229 162 50 348 468 3255 51 55 2917 982 138 78 149 108 217 1474 1278 1551 53 73 90 64
internal_value=0.000198159 0.00198548 -0.00181596 -0.00329357 -0.0024177 0.00123094 -0.00498439 0.00153561 -0.000935792 -0.00647919 -0.00954203 0.00368615 0.00450852 -0.0139273 0.00483245 0.00364881 -0.00225219 -0.0122896 0.00104359 0.000796303 -0.00753469 -0.00214492 0.0024987 0.0037076 -0.00124812 0.014156 0.00784132 -0.0138864
internal_weight=21354 11314 10040 6968 6894 2853 4041 3072 4169 986 816 7145 6278 106 6172 2495 867 216 651 3183 577 1582 2260 1601 296 235 170 281
internal_count=21354 11314 10040 6968 6894 2853 4041 3072 4169 986 816 7145 6278 106 6172 2495 867 216 651 3183 577 1582 2260 1601 296 235 170 281
cat_boundaries=0 1 2 3 4 5 6 7 8
cat_threshold=16 176 32 71 516 128 12 4
is_linear=0
shrinkage=0.05


Tree=99
num_leaves=26
num_cat=4
split_feature=15 6 19 8 5 6 6 16 14 10 14 7 7 14 8 8 11 6 7 17 7 14 8 6 6
split_gain=25.4607 20.9401 24.146 19.4732 17.4192 19.7624 17.1166 14.0059 11.9304 10.7674 10.0662 9.75178 8.5262 7.38324 7.30689 7.27839 6.0404 11.7771 5.15777 5.09657 4.85946 8.29067 3.99284 3.30028 2.73352
threshold=0 0.069563279857397506 1 592.30000000000007 15.500000000000002 0.16584249084249086 0.21136548636548638 2 0.53589743589743599 1.0000000180025095e-35 0.48529411764705888 0.18193473193473197 0.027792632204396917 0.19375000000000003 278.7000000000001 261.2000000000001 1.0000000180025095e-35 0.056963012477718365 0.27326839826839833 3 0.066550116550116584 0.36038961038961043 829.35000000000014 0.27306547619047622 0.12813958916900095
decision_type=9 2 1 2 2 2 2 9 2 2 2 2 2 2 2 2 2 2 2 1 2 2 2 2 2
left_child=3 15 8 4 5 9 10 -7 12 -1 -6 -8 -3 23 24 -2 17 -17 -16 -18 22 -22 -15 -5 -4
right_child=1 2 14 13 6 7 11 -9 -10 -11 -12 -13 -14 20 18 16 19 -19 -20 -21 21 -23 -24 -25 -26
leaf_value=4.3005452433780584e-05 -0.018866351735072607 -0.0057868616455438926 0.0056389714881777764 0.026977717352189845 -0.0014655309426762318 0.0020665961345740272 -0.0077035758054225453 0.020140400241330469 -0.020573365681765366 -0.0046348217640437388 -0.0081518095209524265 -0.023367126005363059 0.0022685158288579424 0.01670222039996205 0.0073079499928706149 -0.0037015789986347379 -4.9732099004557405e-05 0.025254467030553597 0.023357608342342372 -0.006239220096085049 -0.014936419531925402 0.011968719836324455 0.0018312509455934687 0.011769221646508891 -0.0036997782291534049
leaf_weight=2526 66 433 125 62 4080 3515 1028 101 71 2398 653 110 1361 95 2709 89 719 58 51 617 67 50 86 84 210
leaf_count=2526 66 433 125 62 4080 3515 1028 101 71 2398 653 110 1361 95 2709 89 719 58 51 617 67 50 86 84 210
internal_value=-0.000154234 0.00245119 0.0040398 -0.00129663 -0.00161526 -0.000173927 -0.00371183 0.00263284 -0.000468784 -0.00223511 -0.00238802 -0.00921763 0.000324269 0.00901605 0.00673636 -0.00261982 -0.00189678 0.00772326 0.00760452 -0.00295527 0.004503 -0.0034385 0.00963646 0.0182276 -0.00021517
internal_weight=21364 6509 4960 14855 14411 8540 5871 3616 1865 4924 4733 1138 1794 444 3095 1549 1483 147 2760 1336 298 117 181 146 335
internal_count=21364 6509 4960 14855 14411 8540 5871 3616 1865 4924 4733 1138 1794 444 3095 1549 1483 147 2760 1336 298 117 181 146 335
cat_boundaries=0 1 2 3 4
cat_threshold=13 16 33 5
is_linear=0
shrinkage=0.05


Tree=100
num_leaves=24
num_cat=11
split_feature=11 0 2 0 1 0 2 1 1 2 2 1 2 7 3 0 6 14 1 0 14 5 14
split_gain=39.1149 23.8357 39.0391 42.715 84.7999 36.168 84.4601 78.3149 54.265 38.8865 33.5466 29.1188 24.2416 16.2046 12.894 18.7557 17.018 12.9941 11.8004 10.1233 9.29816 8.64897 3.93976
threshold=1.5000000000000002 1750.0000000000002 0 1450.0000000000002 1 1850.0000000000002 2 3 4 5 6 7 8 0.19754901960784316 9 1250.0000000000002 0.036047979797979808 0.73030303030303034 10 2550.0000000000005 0.29705882352941182 16.500000000000004 0.37980769230769235
decision_type=2 2 9 2 1 2 9 1 1 9 9 1 9 2 9 2 2 2 1 2 2 2 2
left_child=1 2 21 4 -4 7 8 9 -7 -3 -5 -8 -9 14 17 18 -17 19 -16 -2 -15 -1 -22
right_child=13 5 3 10 -6 6 11 12 -10 -11 -12 -13 -14 20 15 16 -18 -19 -20 -21 22 -23 -24
leaf_value=0.036392774220406154 0.00055185669664239555 0.022084110334580666 0.011224125896637668 -0.024329293596103054 -0.0022559142545718522 -0.017402792619080606 0.027822995739309894 0.005595202668848249 -0.00026156446396040275 0.0059669996431750277 -0.0040694866963731325 0.0064551084865145285 -0.0046827772366769367 -0.032094949747527572 -0.0059852761758225964 -0.016523926700172217 -0.0053093348089403433 -0.020169706117814861 0.0041551139930458853 0.022129076612847194 0.0011047004435497981 0.01106159103695642 -0.017557380147158141
leaf_weight=87 1855 920 1667 213 3828 738 182 1257 1218 669 2671 1094 1039 71 447 411 1912 74 761 56 52 55 62
leaf_count=87 1855 920 1667 213 3828 738 182 1257 1218 669 2671 1094 1039 71 447 411 1912 74 761 56 52 55 62
internal_value=0.000210235 0.00150276 -0.000281247 -0.000735614 0.0018498 0.00363871 -0.000269194 0.00688976 -0.00678458 0.0153782 -0.00566426 0.00969553 0.000944011 -0.0033352 -0.00284701 -0.00465249 -0.00729349 0.000386147 0.000387684 0.00118416 -0.0178911 0.0248326 -0.00904485
internal_weight=21339 15638 8521 8379 5495 7117 3232 3885 1956 1589 2884 1276 2296 5701 5516 3531 2323 1985 1208 1911 185 142 114
internal_count=21339 15638 8521 8379 5495 7117 3232 3885 1956 1589 2884 1276 2296 5701 5516 3531 2323 1985 1208 1911 185 142 114
cat_boundaries=0 1 2 3 4 5 6 7 8 9 10 11
cat_threshold=4 145 392 613 596 136 8 288 258 2 40
is_linear=0
shrinkage=0.05


Tree=101
num_leaves=26
num_cat=10
split_feature=13 16 1 15 14 2 3 1 14 12 14 14 3 12 7 12 1 1 7 8 1 6 5 8 12
split_gain=22.1565 23.4137 21.2611 22.1855 16.6548 15.9279 14.9746 16.1469 14.7147 12.3477 11.2571 13.5933 7.82455 6.89083 13.6552 9.16785 12.2323 7.97672 7.34583 6.83963 5.57026 3.89326 5.45355 3.0543 2.15987
threshold=7.5000000000000009 0 1 2 0.06458333333333334 3 4 5 0.12132352941176472 2.5000000000000004 0.21825396825396828 0.46410256410256417 6 6.5000000000000009 0.01100921137685844 7.5000000000000009 7 8 0.061935286935286944 592.30000000000007 9 0.12813958916900095 13.500000000000002 355.20000000000005 6.5000000000000009
decision_type=2 9 1 9 2 9 9 1 2 2 2 2 9 2 2 2 1 1 2 2 1 2 2 2 2
left_child=1 4 3 9 -1 -5 8 -8 -6 -3 19 -12 13 14 23 16 -15 -17 -16 -4 24 22 -22 -2 -14
right_child=12 2 10 5 6 -7 7 -9 -10 -11 11 -13 20 15 18 17 -18 -19 -20 -21 21 -23 -24 -25 -26
leaf_value=-0.017541055948925952 -0.0038327335584021753 -0.00026857319149621237 -0.00089826718284478327 5.543884297756005e-05 0.02636083484401662 0.004515897100220153 -0.011657254731290485 0.0040027057247959633 0.0048179561076534174 -0.015210911572542432 -0.0064944933294747726 0.0023053773941076844 -0.012679487430169934 -0.0037336542369362704 -0.031293305328695994 -0.013853792998031909 0.018099183129146695 0.0048315783703456756 -0.0091486900872022846 0.009908441700327425 0.0059563790024565223 -0.0170171749386255 -0.0070014367248709174 0.0086101854119890481 -0.025879046591442259
leaf_weight=91 105 239 1241 6998 81 2795 285 366 3701 328 2599 528 61 112 61 109 140 105 97 166 91 82 754 93 63
leaf_count=91 105 239 1241 6998 81 2795 285 366 3701 328 2599 528 61 112 61 109 140 105 97 166 91 82 754 93 63
internal_value=-2.16606e-05 0.000479283 -0.000478372 0.000771672 0.00362514 0.0013318 0.00406781 -0.00292568 0.00526542 -0.008758 -0.00333008 -0.00500862 -0.00521511 -0.00148029 -0.00673597 0.00250301 0.00896576 -0.00510734 -0.0176982 0.000376725 -0.00804551 -0.00654478 -0.00560598 0.00201167 -0.017939
internal_weight=21291 19418 14894 10360 4524 9793 4433 651 3782 567 4534 3127 1873 822 356 466 252 214 158 1407 1051 927 845 198 124
internal_count=21291 19418 14894 10360 4524 9793 4433 651 3782 567 4534 3127 1873 822 356 466 252 214 158 1407 1051 927 845 198 124
cat_boundaries=0 1 2 3 4 5 6 7 8 9 10
cat_threshold=40 496 4 400 3 109 6 156 356 10
is_linear=0
shrinkage=0.05


Tree=102
num_leaves=19
num_cat=3
split_feature=0 0 0 0 2 8 0 0 14 4 8 17 5 5 7 8 14 8
split_gain=23.2486 271.834 49.4578 44.2105 115.698 39.8363 57.9019 44.9045 27.0705 24.8523 39.5077 10.8338 10.3283 8.10156 6.55871 5.23525 3.9055 3.32831
threshold=2450.0000000000005 2550.0000000000005 2350.0000000000005 2050.0000000000005 0 309.00000000000006 1950.0000000000002 1950.0000000000002 0.43303571428571436 1 443.05000000000007 2 8.5000000000000018 12.500000000000002 0.03413228927934811 381.20000000000005 0.26969696969696971 291.65000000000003
decision_type=2 2 2 2 9 2 2 2 2 1 2 1 2 2 2 2 2 2
left_child=2 -2 3 5 14 6 -1 -7 -6 16 15 17 -12 -13 -5 -11 -4 -3
right_child=1 11 9 4 8 7 -8 -9 -10 10 12 13 -14 -15 -16 -17 -18 -19
leaf_value=-0.0014228799950930179 -0.083724169373246171 0.01656560086443698 0.029325451418757437 0.0096967794435719665 -0.018005654217240711 0.00071716801966121484 -0.017511931976074382 0.0094515733586462286 -0.044116479629581727 -0.0025838764430123513 0.037494281388729088 -0.013386848285727752 0.014510782188443606 0.01209061164465026 0.030089424474407801 -0.023030295624384578 0.048551153947067049 0.032332738262830653
leaf_weight=5703 98 65 50 60 375 11710 620 1683 135 56 62 50 231 83 115 71 56 69
leaf_count=5703 98 65 50 60 375 11710 620 1683 135 56 62 50 231 83 115 71 56 69
internal_value=8.73833e-06 -0.0125016 0.000226938 -0.000163365 -0.0126507 0.000270489 -0.00300049 0.00181476 -0.0244382 0.0153649 0.0090623 0.0136401 0.0193742 0.00233691 0.0218491 -0.0140146 0.0360788 0.0229703
internal_weight=21292 365 20927 20401 685 19716 6323 13393 510 526 420 267 293 133 175 127 106 134
internal_count=21292 365 20927 20401 685 19716 6323 13393 510 526 420 267 293 133 175 127 106 134
cat_boundaries=0 1 2 3
cat_threshold=16 26 4
is_linear=0
shrinkage=0.05


Tree=103
num_leaves=24
num_cat=7
split_feature=5 4 3 0 0 0 1 17 7 14 0 1 0 0 7 7 0 19 17 5 8 0 11
split_gain=23.6568 19.5688 24.1883 40.9071 60.967 32.4543 17.9454 26.7628 13.9774 11.7872 17.7435 11.54 13.9941 10.6128 10.6054 19.869 10.4549 7.35141 6.49872 4.53707 9.43546 7.43475 6.62832
threshold=8.5000000000000018 0 1 1850.0000000000002 1950.0000000000002 1750.0000000000002 2 3 0.090860528360528395 0.26969696969696971 1850.0000000000002 4 2450.0000000000005 1950.0000000000002 0.032473082473082469 0.10984701572936868 1075.0000000000002 5 6 6.5000000000000009 328.75000000000006 2150.0000000000005 1.0000000180025095e-35
decision_type=2 1 9 2 2 2 1 1 2 2 2 1 2 2 2 2 2 1 1 2 2 2 2
left_child=6 9 11 5 -5 -4 7 14 -9 10 17 12 -3 -13 -1 -16 -11 -2 -18 -8 22 -22 -21
right_child=1 2 3 4 -6 -7 19 8 -10 16 -12 13 -14 -15 15 -17 18 -19 -20 20 21 -23 -24
leaf_value=-0.0041203188764698364 0.019125470777918749 0.003507992660245156 -0.0028249478712116635 -0.035111366383688829 -0.0056471765063683217 0.0034997733135242017 0.025678775246774751 -0.040611455049913599 -0.0061968816158228697 0.019429150026438663 -0.015591796992275003 0.00119418653248509 -0.014946462638410075 -0.0054399470268073468 0.034764231827396616 0.00019627704776907235 0.0076109361886564225 0.0077485817375190892 -0.0017968097372132762 0.012713987008697287 0.0032926778713437289 0.021504282065942674 0.032291505937106335
leaf_weight=102 228 4744 6647 208 1126 2919 69 51 70 76 65 1864 105 891 78 89 224 502 842 97 266 71 78
leaf_count=102 228 4744 6647 208 1126 2919 69 51 70 76 65 1864 105 891 78 89 224 502 842 97 266 71 78
internal_value=0.000335827 -2.63981e-05 -0.000527815 -0.00203698 -0.0102413 -0.000895002 0.0079612 -0.000490399 -0.0191219 0.00474184 0.00944109 0.00163534 0.00310198 -0.000947931 0.00827529 0.0163418 0.00151199 0.01167 0.000234594 0.013412 0.0120208 0.00712954 0.02144
internal_weight=21412 20441 18504 10900 1334 9566 971 390 121 1937 795 7604 4849 2755 269 167 1142 730 1066 581 512 337 175
internal_count=21412 20441 18504 10900 1334 9566 971 390 121 1937 795 7604 4849 2755 269 167 1142 730 1066 581 512 337 175
cat_boundaries=0 1 2 3 4 5 6 7
cat_threshold=24 2 593 5 440 3 8
is_linear=0
shrinkage=0.05


Tree=104
num_leaves=14
num_cat=2
split_feature=0 0 0 0 2 1 0 7 10 8 6 6 6
split_gain=25.7054 194.015 47.7805 46.5424 103.72 40.6609 30.5086 11.2896 10.7453 8.7714 7.62758 3.51329 2.82945
threshold=2550.0000000000005 2450.0000000000005 2350.0000000000005 2050.0000000000005 0 1 1750.0000000000002 0.071478174603174627 1.0000000180025095e-35 513.75000000000011 0.21672951231774765 0.10873228079110432 0.19577811893988367
decision_type=2 2 2 2 9 1 2 2 2 2 2 2 2
left_child=1 2 3 6 -5 12 -1 -3 -2 -7 11 -10 -4
right_child=8 7 5 4 -6 9 -8 -9 10 -11 -12 -13 -14
leaf_value=-0.0015583252714513826 0.033894975126142902 -0.084514353209390103 -0.021337968040749711 0.019375067363856711 -0.024260997885526697 0.02923799489220015 0.0024898326511099606 -0.051873299755431992 0.0129898560969159 0.014561540118530784 0.021115843711627856 -0.0036075545072724877 -0.0052202990698528347
leaf_weight=12109 58 52 53 177 516 218 7560 54 50 191 90 88 56
leaf_count=12109 58 52 53 177 516 218 7560 54 50 191 90 88 56
internal_value=-0.000209215 -0.000412122 -6.95826e-05 -0.000451074 -0.0131864 0.0149264 -2.37053e-06 -0.0678859 0.0146796 0.02185 0.00979146 0.002406 -0.0119601
internal_weight=21272 20986 20880 20362 693 518 19669 106 286 409 228 138 109
internal_count=21272 20986 20880 20362 693 518 19669 106 286 409 228 138 109
cat_boundaries=0 1 2
cat_threshold=16 136
is_linear=0
shrinkage=0.05


Tree=105
num_leaves=13
num_cat=3
split_feature=0 0 0 1 0 1 8 1 8 7 8 7
split_gain=26.593 144.673 35.1195 73.1455 45.1702 84.3035 42.4734 14.6341 10.3037 8.0784 6.83747 5.0742
threshold=2550.0000000000005 2450.0000000000005 2350.0000000000005 0 2050.0000000000005 1 309.00000000000006 2 513.75000000000011 0.066550116550116584 292.50000000000006 0.050000000000000017
decision_type=2 2 2 1 2 1 2 1 2 2 2 2
left_child=1 2 4 9 6 -6 -1 10 -5 -4 -2 -9
right_child=7 -3 3 8 5 -7 -8 11 -10 -11 -12 -13
leaf_value=-0.0034490986003016932 0.016831150474414851 -0.06107896504209024 -0.0076928772616454144 0.030536122598176348 0.017382683234507812 -0.02248131492515848 0.0015180797670633689 0.040086055568912454 0.014599547391117086 -0.033381311253280095 -0.0056275309004646902 0.020305536469716706
leaf_weight=6332 54 98 55 215 169 534 13435 51 192 69 91 89
leaf_count=6332 54 98 55 215 169 534 13435 51 192 69 91 89
internal_value=-0.000264592 -0.00046952 -0.000186689 0.0125084 -0.000516005 -0.0129706 -7.30657e-05 0.0149065 0.0224661 -0.0203464 0.00255985 0.0256772
internal_weight=21384 21099 21001 531 20470 703 19767 285 407 124 145 140
internal_count=21384 21099 21001 531 20470 703 19767 285 407 124 145 140
cat_boundaries=0 1 2 3
cat_threshold=136 160 769
is_linear=0
shrinkage=0.05


Tree=106
num_leaves=14
num_cat=2
split_feature=0 0 0 0 2 8 2 8 8 6 12 12 13
split_gain=28.8144 154.933 42.6262 26.433 81.7136 32.705 23.8422 27.8388 7.51283 5.04212 4.63245 3.02383 6.42964
threshold=2550.0000000000005 2450.0000000000005 2350.0000000000005 2050.0000000000005 0 309.00000000000006 1 443.05000000000007 301.85000000000008 0.27859547859547862 2.5000000000000004 4.5000000000000009 3.5000000000000004
decision_type=2 2 2 2 9 2 9 2 2 2 2 2 2
left_child=1 2 3 5 -5 -1 7 -4 9 11 -8 12 -2
right_child=8 -3 6 4 -6 -7 10 -9 -10 -11 -12 -13 -14
leaf_value=-0.002819399225113671 0.015778395030320736 -0.064507569588961144 -0.012347953522238761 0.019550456940196456 -0.01973698781344219 0.0015470854302570411 0.048433158391465746 0.016855923620340982 0.031206940223326513 0.025588829690590505 0.027312360640615225 0.017740135562556904 -0.0069896821261328807
leaf_weight=6302 57 93 115 170 508 13421 54 281 62 50 50 52 68
leaf_count=6302 57 93 115 170 508 13421 54 281 62 50 50 52 68
internal_value=0.000101021 -0.000114832 0.000171686 -0.00018181 -0.0098889 0.000151883 0.014595 0.00816872 0.0157814 0.0115683 0.0349211 0.00760767 0.00339256
internal_weight=21283 20994 20901 20401 678 19723 500 396 289 227 104 177 125
internal_count=21283 20994 20901 20401 678 19723 500 396 289 227 104 177 125
cat_boundaries=0 1 2
cat_threshold=16 18
is_linear=0
shrinkage=0.05


Tree=107
num_leaves=29
num_cat=15
split_feature=15 1 2 17 6 4 19 5 17 3 9 1 1 13 19 6 7 6 18 2 6 7 6 6 1 6 1 12
split_gain=24.9817 23.9148 23.2373 15.9047 15.3605 15.1854 15.4359 14.1733 18.6298 18.3018 17.4885 15.5815 13.2286 13.0159 9.44496 9.44338 9.00197 9.08656 7.64209 7.54881 9.91195 7.13118 8.65061 5.43307 5.09829 4.58532 3.1496 2.11113
threshold=0 1 2 3 0.088924963924963948 4 5 8.5000000000000018 6 7 1.0000000180025095e-35 8 9 1.5000000000000002 10 0.19874014874014875 0.088924963924963935 0.13896316102198458 11 12 0.16285822021116142 0.068403818403818414 0.081317987567987582 0.21311683958742786 13 0.020220588235294119 14 3.5000000000000004
decision_type=9 1 9 1 2 1 1 2 1 9 2 1 1 2 1 2 2 2 1 9 2 2 2 2 1 2 1 2
left_child=1 3 14 19 21 24 -7 8 10 12 -4 -11 -9 -10 27 18 17 -16 -5 20 -1 25 -23 -17 -6 -3 -21 -2
right_child=2 4 7 15 5 6 -8 9 13 11 -12 -13 -14 -15 16 23 -18 -19 -20 26 -22 22 -24 -25 -26 -27 -28 -29
leaf_value=0.020705944528582237 0.0060938668915217651 -0.010039125229760195 -0.03517853607982397 -0.0052367222878316891 0.008032673667890556 0.00032738319275114631 0.0085756912755829348 0.00046563638695180432 -0.002613408263376285 -0.013410284475033575 0.0042874959406617565 -0.0021146688490132296 -0.0027893500134124737 0.014944675263177488 0.029674190870934616 0.016526424322488173 0.037468889668583874 0.004309182301364547 -0.016102478721551596 0.0047499928690405901 0.00061634996636712464 0.014384986260045094 -0.0070333355974236678 -0.0014328022278481869 0.02390457622333832 -0.00017063734942481684 -0.0012109058387100055 -0.0067003611275660143
leaf_weight=118 76 135 50 567 122 899 1565 5643 148 604 64 635 6977 368 54 53 50 102 240 289 128 165 66 205 166 919 847 56
leaf_count=118 76 135 50 567 122 899 1565 5643 148 604 64 635 6977 368 54 53 50 102 240 289 128 165 66 205 166 919 847 56
internal_value=-0.000136759 0.00244976 -0.00126867 -0.00144906 0.00481074 0.00693017 0.00557975 -0.00157435 0.00575925 -0.00190886 -0.011972 -0.00768445 -0.00133468 0.00972026 0.0115037 -0.00601398 0.0181268 0.0130894 -0.0087326 0.00208671 0.00985232 0.000309124 0.00826547 0.0022565 0.0176762 -0.00143463 0.000333771 0.00061911
internal_weight=21311 6484 14827 2447 4037 2752 2464 14489 630 13859 114 1239 12620 516 338 1065 206 156 807 1382 246 1285 231 258 288 1054 1136 132
internal_count=21311 6484 14827 2447 4037 2752 2464 14489 630 13859 114 1239 12620 516 338 1065 206 156 807 1382 246 1285 231 258 288 1054 1136 132
cat_boundaries=0 1 2 3 4 5 6 7 8 9 10 11 12 13 14 15
cat_threshold=34 270 4 5 24 16 2 3 417 400 52 4 21 193 4
is_linear=0
shrinkage=0.05


Tree=108
num_leaves=29
num_cat=9
split_feature=13 19 0 0 0 0 1 1 0 5 0 16 1 1 2 14 14 4 14 8 0 14 3 11 11 14 11 14
split_gain=21.8644 20.6926 20.6886 128.583 14.3282 133.296 51.7102 32.4693 13.336 12.0369 7.98701 10.8138 10.0401 7.51203 7.19489 6.95525 6.6418 6.71729 5.16722 5.0333 7.10597 3.86781 3.76363 5.26081 2.29343 2.17773 1.56981 1.02278
threshold=7.5000000000000009 0 2550.0000000000005 2450.0000000000005 1250.0000000000002 1350.0000000000002 1 2 1175.0000000000002 8.5000000000000018 1250.0000000000002 3 4 5 6 0.32291666666666669 0.59411764705882364 7 0.37980769230769235 301.85000000000008 1950.0000000000002 0.2752525252525253 8 2.5000000000000004 2.5000000000000004 0.60555555555555574 1.5000000000000002 0.55050505050505061
decision_type=2 1 2 2 2 2 1 1 2 2 2 9 1 1 9 2 2 1 2 2 2 2 9 2 2 2 2 2
left_child=1 4 3 9 7 -6 -7 15 -9 -3 12 13 22 14 -12 -1 17 -14 21 27 -21 -4 23 -2 -18 -24 -15 -13
right_child=10 2 18 -5 5 6 -8 8 -10 -11 11 19 16 26 -16 -17 24 -19 -20 20 -22 -23 25 -25 -26 -27 -28 -29
leaf_value=0.017130952367332086 0.01661855107463828 0.0078013872691371951 0.015952808500151152 -0.058914849877526813 -0.067113056289381343 0.0042516606543460313 -0.0059512847785984091 0.0096520480924243077 -0.0066466428347222162 0.0013384866718921416 -0.0056364800056260562 -0.0271117387052912 -0.010677720242892975 -0.003292991018432351 0.010058995714433583 0.0065138259200730186 -0.025017120330952682 0.0054615340797516355 0.0081355215025608746 -0.0126979882152259 0.0033677519132371673 0.03421561818148168 0.0023580638235216611 0.00081975073035744786 -0.011022961651211355 -0.0095382089574228644 -0.013665578877314545 -0.017454757082179705
leaf_weight=279 109 768 64 88 80 1994 3261 152 720 11634 123 52 118 53 156 345 52 122 87 458 81 53 128 102 67 55 117 58
leaf_count=279 109 768 64 88 80 1994 3261 152 720 11634 123 52 118 53 156 345 52 122 87 458 81 53 128 102 67 55 117 58
internal_value=-0.00011776 0.000374601 0.0015681 0.00131136 -0.00184286 -0.00305818 -0.00208303 0.00247883 -0.00376244 0.0017387 -0.00531136 -0.00803127 -0.00134527 -0.00185895 0.00318388 0.0110833 -0.00727711 -0.00269094 0.0173637 -0.0120866 -0.0102837 0.0242257 0.00413928 0.00857483 -0.0171381 -0.00115425 -0.00985223 -0.0220199
internal_weight=21376 19525 12694 12490 6831 5335 5255 1496 872 12402 1851 1098 753 449 279 624 359 240 204 649 539 117 394 211 119 183 170 110
internal_count=21376 19525 12694 12490 6831 5335 5255 1496 872 12402 1851 1098 753 449 279 624 359 240 204 649 539 117 394 211 119 183 170 110
cat_boundaries=0 1 2 3 4 5 6 7 8 9
cat_threshold=16 560 453 44 709 817 136 6 9
is_linear=0
shrinkage=0.05


Tree=109
num_leaves=25
num_cat=10
split_feature=0 0 1 0 2 0 0 1 1 1 0 2 14 1 17 12 15 11 14 6 14 2 5 14
split_gain=26.4445 428.326 69.0186 216.361 99.437 78.0283 73.4842 56.2824 48.2576 39.4188 18.7044 14.5375 10.9355 10.7233 8.21366 7.32569 5.84422 5.81177 5.17406 5.03233 3.45579 3.13903 2.56933 0.736327
threshold=1250.0000000000002 1350.0000000000002 0 1550.0000000000002 1 1550.0000000000002 2450.0000000000005 2 3 4 1075.0000000000002 5 0.32291666666666669 6 7 3.5000000000000004 8 2.5000000000000004 0.5590277777777779 0.087052598817304691 0.57738095238095244 9 14.500000000000002 0.46862745098039221
decision_type=2 2 1 2 9 2 2 1 1 1 2 9 2 1 1 2 9 2 2 2 2 9 2 2
left_child=7 15 3 4 -3 8 -5 11 -4 -7 20 12 19 16 -15 -2 -12 21 -14 -1 22 -13 -9 -19
right_child=1 2 5 6 -6 9 -8 10 -10 -11 13 17 18 14 -16 -17 -18 23 -20 -21 -22 -23 -24 -25
leaf_value=0.01350296011498279 -0.091836779569793081 0.037995596144207604 0.0027015700302222266 0.00031504819617658871 0.0041275579179224772 0.0020083497267796287 -0.044378594168402417 0.013017235405965576 -0.015458730762734027 -0.0047496390898159671 0.0036593033754093274 0.0084299638251860206 0.013015930936120352 -0.012024435223604406 -0.0033361282343866449 -0.070439225906092265 -0.0031121974586134742 -0.0098378365608648623 0.00042957166599360511 0.02636038238513801 -0.00074572929491599407 -0.00045185484923422338 0.004397100456811201 -0.001382377422323414
leaf_weight=115 90 592 472 4257 357 5151 94 258 1654 3699 736 614 380 356 1178 72 547 52 104 225 90 126 130 51
leaf_count=115 90 592 472 4257 357 5151 94 258 1654 3699 736 614 380 356 1178 72 547 52 104 225 90 126 130 51
internal_value=-0.000460992 -0.00142668 -0.000621452 0.00405984 0.0256988 -0.00288299 -0.000650523 0.0027381 -0.0114869 -0.000819358 -0.0010605 0.0101917 0.0149576 -0.00261552 -0.00541727 -0.0823268 0.000770569 0.0054124 0.0103114 0.0220115 0.00808149 0.00702547 0.010129 -0.00565115
internal_weight=21400 16438 16276 5300 949 10976 4351 4962 2126 8850 3295 1667 824 2817 1534 162 1283 843 484 340 478 740 388 103
internal_count=21400 16438 16276 5300 949 10976 4351 4962 2126 8850 3295 1667 824 2817 1534 162 1283 843 484 340 478 740 388 103
cat_boundaries=0 1 2 3 4 5 6 7 8 9 10
cat_threshold=48 128 449 128 329 256 14 1 5 136
is_linear=0
shrinkage=0.05


Tree=110
num_leaves=14
num_cat=3
split_feature=0 0 16 0 8 14 1 1 5 14 14 5 14
split_gain=20.387 126.037 20.7513 19.6373 28.3942 15.4813 12.399 9.36543 4.15707 2.64204 1.88507 1.63479 1.57989
threshold=2550.0000000000005 2450.0000000000005 0 1075.0000000000002 261.2000000000001 0.06458333333333334 1 2 12.500000000000002 0.21825396825396828 0.26969696969696971 12.500000000000002 0.41421568627450983
decision_type=2 2 9 2 2 2 1 1 2 2 2 2 2
left_child=1 2 5 9 -5 -1 -7 10 -9 -4 -2 -3 -12
right_child=7 11 3 4 -6 6 -8 8 -10 -11 12 -13 -14
leaf_value=-0.017008244534642388 -0.0037170381011331789 -0.04863997386745994 0.019405354364370964 -0.019665462851922201 -0.0009769934272962483 -0.0015909695583996514 0.004474926032117593 0.014147009689993453 0.032652785457854328 0.0075971328152104542 0.013960394791340354 -0.061027099102735516 0.0016889346685881419
leaf_weight=97 51 57 53 206 15202 1075 3869 53 71 446 54 50 51
leaf_count=97 51 57 53 206 15202 1075 3869 53 71 446 54 50 51
internal_value=-0.000122314 -0.000300552 -2.40738e-05 -0.00091013 -0.00122685 0.00276821 0.00316182 0.0132806 0.0228966 0.00885131 0.00391824 -0.0544284 0.00799997
internal_weight=21335 21055 20948 15907 15408 5041 4944 280 124 499 156 107 105
internal_count=21335 21055 20948 15907 15408 5041 4944 280 124 499 156 107 105
cat_boundaries=0 1 2 3
cat_threshold=100 69 772
is_linear=0
shrinkage=0.05


Tree=111
num_leaves=31
num_cat=14
split_feature=6 19 0 8 0 0 1 1 3 0 18 1 0 1 5 15 1 3 0 0 3 9 1 19 6 7 14 5 12 19
split_gain=22.9665 20.9354 18.3726 17.4052 15.7868 200.705 55.0229 36.9355 14.5788 14.4335 12.4226 15.3309 13.6881 11.163 16.925 13.0536 10.451 13.6512 10.3538 9.30188 7.74834 7.65995 5.0731 4.87963 9.47952 4.93427 4.0364 3.9132 3.35274 3.16011
threshold=0.056963012477718365 0 1250.0000000000002 487.60000000000008 1250.0000000000002 1350.0000000000002 1 2 3 1750.0000000000002 4 5 2550.0000000000005 6 17.500000000000004 7 8 9 1650.0000000000002 1950.0000000000002 10 1.0000000180025095e-35 11 12 0.0417483660130719 0.066550116550116584 0.25833333333333336 14.500000000000002 3.5000000000000004 13
decision_type=2 1 2 2 2 2 1 1 9 2 1 1 2 1 2 9 1 9 2 2 9 2 1 1 2 2 2 2 2 1
left_child=2 4 16 8 7 28 -7 20 19 13 11 -11 -12 14 -3 -15 26 22 -10 -4 -2 -9 -18 24 -5 -25 -1 -19 -6 -28
right_child=1 9 3 23 5 6 -8 21 18 10 12 -13 -14 15 -16 -17 17 27 -20 -21 -22 -23 -24 25 -26 -27 29 -29 -30 -31
leaf_value=0.0060648630295569699 0.013857578184419815 0.0053833691259763845 0.0010198732345228425 0.0074938412971686632 -0.078039607998949517 0.0053126739658354389 -0.0031823583279385302 0.00033265870561637934 -0.020398888713119172 -0.014872171366294316 0.0066112140496440985 0.0037533706403126013 0.033051125206053258 0.0046748326110706987 -0.011313518533791752 -0.0050110308556522952 0.013228484267404056 -0.010306631032477268 -0.009475756814843193 -0.012920056626899169 0.0040468091371259254 -0.0080158389332521517 0.0038153223168895544 0.0019307316471793637 -0.019332117297583159 0.017060554584051358 -0.002437273376019239 -0.00052791822524006038 -0.060420330529342647 -0.010085131259040167
leaf_weight=72 627 1489 416 69 54 2699 6423 784 332 141 2334 403 50 487 169 1160 255 140 626 168 336 423 374 161 63 81 287 380 54 289
leaf_count=72 627 1489 416 69 54 2699 6423 784 332 141 2334 403 50 487 169 1160 255 140 626 168 336 423 374 161 63 81 287 380 54 289
internal_value=-4.4113e-05 0.000708477 -0.00361816 -0.00702435 -0.000566112 -0.00146879 -0.000666529 0.00327077 -0.00937131 0.00303571 0.00559685 -0.00125552 0.00713581 0.000775896 0.00365938 -0.0021361 1.36007e-05 0.00287066 -0.0131242 -0.0029399 0.0105113 -0.00257181 0.00777877 0.00265215 -0.00493555 0.00671727 -0.00501923 -0.00310101 -0.06923 -0.00649188
internal_weight=21346 17633 3713 1916 11400 9230 9122 2170 1542 6233 2928 544 2384 3305 1658 1647 1797 1149 958 584 963 1207 629 374 132 242 648 520 108 576
internal_count=21346 17633 3713 1916 11400 9230 9122 2170 1542 6233 2928 544 2384 3305 1658 1647 1797 1149 958 584 963 1207 629 374 132 242 648 520 108 576
cat_boundaries=0 1 2 3 4 5 6 7 8 9 10 11 12 13 14
cat_threshold=17 48 453 2 1 20 158 2 40 1 1 642 18 33
is_linear=0
shrinkage=0.05


Tree=112
num_leaves=28
num_cat=8
split_feature=0 0 0 8 0 1 1 0 0 0 0 16 0 2 14 10 19 0 6 5 6 1 2 14 19 14 14
split_gain=19.5683 40.2317 390.047 158.874 123.864 44.8782 32.2815 34.7073 92.1549 35.3893 79.7368 30.264 24.7033 17.9765 15.1691 12.9482 12.4402 11.3157 7.94024 7.46053 7.41736 6.90742 6.67277 5.77095 4.94683 1.43289 1.3653
threshold=1750.0000000000002 1250.0000000000002 1350.0000000000002 411.60000000000008 1550.0000000000002 0 1 2450.0000000000005 2550.0000000000005 2350.0000000000005 2050.0000000000005 2 2450.0000000000005 3 0.32291666666666669 1.0000000180025095e-35 4 1850.0000000000002 0.16191678691678693 8.5000000000000018 0.25263506917918688 5 6 0.34313725490196084 7 0.36038961038961043 0.31009615384615391
decision_type=2 2 2 2 2 1 1 2 2 2 2 9 2 9 2 2 1 2 2 2 2 1 9 2 1 2 2
left_child=1 5 18 11 -5 13 12 9 -9 10 -8 -4 16 14 -1 20 17 -2 26 -11 -7 -18 -17 -10 -15 -14 -3
right_child=6 2 3 4 -6 15 7 8 23 19 -12 -13 25 24 -16 22 21 -19 -20 -21 -22 -23 -24 -25 -26 -27 -28
leaf_value=0.019674682245865369 -0.0032074864484316306 -0.064387235332999324 -0.011078371118910234 0.019772918495273142 -0.00094115849802414828 -0.0042059151532952517 0.005395067051994034 -0.054944307379838499 0.019206583447439571 0.034037777236593306 -0.014470660317379294 -0.0005610363013836265 0.013340745427472107 0.0080363434146960618 0.0076757780141532483 0.0051416497143057429 -0.010084074861210827 -0.01154073337887665 -0.093647229582071306 0.015765172314110846 -0.017225291190158216 0.0029839262527657294 -0.00075407379369671335 -0.00021057561354105732 -0.0016009037956010994 0.024064180818492209 -0.07477740635373957
leaf_weight=463 1163 57 2922 1133 1988 929 5240 90 71 67 559 905 59 192 611 663 107 627 50 336 124 745 1669 83 386 66 71
leaf_count=463 1163 57 2922 1133 1988 929 5240 90 71 67 559 905 59 192 611 663 107 627 50 336 124 745 1669 83 386 66 71
internal_value=6.81375e-05 -0.00124849 -0.00366616 -0.00179382 0.00657856 0.00217186 0.00180635 0.00374224 -0.0147492 0.00447576 0.00348009 -0.00862167 -0.00270723 0.00889811 0.01273 -0.00113372 -0.00374463 -0.00609241 -0.0767507 0.018803 -0.00573906 0.00124481 0.000940926 0.00874149 0.00168262 0.0190027 -0.0701505
internal_weight=21376 12163 7126 6948 3121 5037 9213 6446 244 6202 5799 3827 2767 1652 1074 3385 2642 1790 178 403 1053 852 2332 154 578 125 128
internal_count=21376 12163 7126 6948 3121 5037 9213 6446 244 6202 5799 3827 2767 1652 1074 3385 2642 1790 178 403 1053 852 2332 154 578 125 128
cat_boundaries=0 1 2 3 4 5 6 7 8
cat_threshold=449 142 65 384 17 4 258 24
is_linear=0
shrinkage=0.05


Tree=113
num_leaves=29
num_cat=7
split_feature=15 1 0 0 8 0 0 1 2 4 14 14 5 4 0 11 7 14 8 12 14 5 16 12 14 0 5 7
split_gain=21.3481 20.3804 14.9269 231.878 34.0655 125.696 64.7618 32.3655 16.1199 12.6589 11.5373 11.4445 13.235 15.4953 10.4251 9.92664 9.18019 8.10909 7.3538 7.31757 5.51837 5.46465 5.53317 4.30716 3.96679 3.28172 2.90619 0.38206
threshold=0 1 1250.0000000000002 1350.0000000000002 487.60000000000008 1550.0000000000002 1750.0000000000002 2 3 4 0.59411764705882364 0.44097222222222227 13.500000000000002 5 2150.0000000000005 1.0000000180025095e-35 0.24032217782217782 0.45804195804195807 355.20000000000005 3.5000000000000004 0.26969696969696971 13.500000000000002 6 3.5000000000000004 0.13809523809523813 1650.0000000000002 12.500000000000002 0.028625541125541113
decision_type=9 1 2 2 2 2 2 1 9 1 2 2 2 1 2 2 2 2 2 2 2 2 9 2 2 2 2 2
left_child=1 9 7 23 6 -6 -5 17 15 21 -10 12 16 -14 19 -9 -3 24 -16 -13 -11 22 -1 -4 -2 -23 -22 -19
right_child=2 11 3 4 5 -7 -8 8 10 20 -12 14 13 -15 18 -17 -18 27 -20 -21 26 25 -24 -25 -26 -27 -28 -29
leaf_value=-0.0010504224616171862 -0.01351686600375287 0.0077293882439445549 -0.078956588378500656 -0.0083986532515481667 0.022443102543043977 -0.0027049531638458227 0.00054648833771181145 0.018805267499849659 0.0025606655059155253 -0.0030548287839707684 -0.013750834679953625 -0.010008059188358405 0.015332539978072697 0.0018015404163749427 -0.0012571287907513918 0.0067606252598674827 0.024519644488163038 -0.017520921325776727 -0.026889221377730851 0.002317317767866854 -0.012194714224379925 -0.0014417521201245595 0.011760550130158663 -0.060193307743522162 -0.0033892909105609336 -0.0099345550615427339 -0.026994314901449525 -0.023407141731905879
leaf_weight=260 122 1267 66 3196 670 1923 5515 228 1656 59 116 139 220 2777 51 685 87 60 62 901 54 277 115 57 466 193 86 51
leaf_count=260 122 1267 66 3196 670 1923 5515 228 1656 59 116 139 220 2777 51 685 87 60 62 901 54 277 115 57 466 193 86 51
internal_value=-6.53535e-05 0.00230996 -0.00111629 -0.00198084 -0.00123788 0.003793 -0.00273542 0.0017998 0.00429091 -0.00407072 0.00148449 0.00352544 0.00470552 0.00285198 -0.000897192 0.00966265 0.00880823 -0.00772001 -0.0153208 0.000669984 -0.0151209 -0.00132196 0.00316388 -0.0702614 -0.00549059 -0.00492922 -0.0212859 -0.0202254
internal_weight=21359 6548 14811 11427 11304 2593 8711 3384 2685 1044 1772 5504 4351 2997 1153 913 1354 699 113 1040 199 845 375 123 588 470 140 111
internal_count=21359 6548 14811 11427 11304 2593 8711 3384 2685 1044 1772 5504 4351 2997 1153 913 1354 699 113 1040 199 845 375 123 588 470 140 111
cat_boundaries=0 1 2 3 4 5 6 7
cat_threshold=34 10 32 256 19 8 1
is_linear=0
shrinkage=0.05


Tree=114
num_leaves=26
num_cat=8
split_feature=11 7 18 0 0 2 2 1 0 0 2 14 11 13 0 16 1 0 0 13 17 5 5 13 14
split_gain=18.8324 16.06 13.0134 16.1497 68.8473 46.0453 36.8873 68.632 18.1803 13.3543 15.4566 18.4797 8.43334 7.71084 11.8624 8.7875 12.6773 7.8318 7.24546 5.45943 5.45658 4.92971 4.22436 3.36578 0.896362
threshold=1.5000000000000002 0.14185606060606062 0 1850.0000000000002 1950.0000000000002 1 2 3 1350.0000000000002 1850.0000000000002 4 0.39444444444444454 2.5000000000000004 7.5000000000000009 2050.0000000000005 5 6 1250.0000000000002 1750.0000000000002 2.5000000000000004 7 11.500000000000002 12.500000000000002 4.5000000000000009 0.36931818181818188
decision_type=2 2 1 2 2 9 9 1 2 2 9 2 2 2 2 9 1 2 2 2 1 2 2 2 2
left_child=2 13 9 6 19 -6 7 -4 -8 10 23 -12 20 15 18 17 -17 -2 -15 -5 24 -22 -11 -1 -3
right_child=1 12 3 4 5 -7 8 -9 -10 22 11 -13 -14 14 -16 16 -18 -19 -20 -21 21 -23 -24 -25 -26
leaf_value=0.025558239061917579 0.0012209609368657821 0.0046496660753407261 0.035544581769568005 -0.019614574806912553 0.0067537587612384754 -0.0060602665633493731 0.0034010872412701637 0.0032702294986361605 -0.0026284738471633023 0.014874305854209525 -0.01197905352608742 0.01493555044871755 -0.030507792986667993 -0.0067643132681300304 -0.028501312242372446 0.0081742257836014201 -0.0021190053965071194 -0.0043326019822089055 0.0023439812767206592 -0.037504297725602313 -0.02750716328620911 -0.010126725696889343 0.034271012974902988 0.010672498662136945 -0.0044621377093893178
leaf_weight=70 932 55 161 63 1144 1777 1624 4769 5431 64 190 96 57 893 54 535 659 1991 289 132 55 158 50 83 53
leaf_count=70 932 55 161 63 1144 1777 1624 4769 5431 64 190 96 57 893 54 535 659 1991 289 132 55 158 50 83 53
internal_value=-0.000371991 -0.00282425 0.00052579 0.000247007 -0.00295961 -0.00103932 0.00108091 0.00439404 -0.00123877 0.00798969 0.00417469 -0.0028453 -0.0127847 -0.00212089 -0.0055843 -0.00108111 0.00252271 -0.00255311 -0.00453733 -0.0317245 -0.00963763 -0.0139593 0.0233816 0.0164104 0.000163037
internal_weight=21385 5731 15654 15101 3116 2921 11985 4930 7055 553 439 286 378 5353 1236 4117 1194 2923 1182 195 321 213 114 153 108
internal_count=21385 5731 15654 15101 3116 2921 11985 4930 7055 553 439 286 378 5353 1236 4117 1194 2923 1182 195 321 213 114 153 108
cat_boundaries=0 1 2 3 4 5 6 7 8
cat_threshold=2 18 141 32 384 13 158 4
is_linear=0
shrinkage=0.05


Tree=115
num_leaves=30
num_cat=6
split_feature=13 15 4 8 0 0 0 0 0 0 1 7 0 0 1 0 0 1 5 0 7 14 17 8 12 6 6 7 6
split_gain=24.2238 19.9298 19.9494 17.2406 201.979 148.574 122.563 27.2495 56.1245 37.4457 12.8576 16.0073 8.51765 7.54557 8.46155 13.8606 7.50265 7.47928 6.31915 5.76975 5.68385 4.86062 4.78802 3.32118 3.35848 2.85093 2.71321 0.759252 0.577189
threshold=7.5000000000000009 0 1 487.60000000000008 1350.0000000000002 1550.0000000000002 1250.0000000000002 1750.0000000000002 1350.0000000000002 1850.0000000000002 2 0.14185606060606062 1350.0000000000002 1250.0000000000002 3 1750.0000000000002 1550.0000000000002 4 15.500000000000002 1750.0000000000002 0.030790777849601384 0.62019230769230782 5 309.00000000000006 7.5000000000000009 0.076976944624003465 0.044318181818181826 0.023809523809523826 0.023870573870573873
decision_type=2 9 1 2 2 2 2 2 2 2 1 2 2 2 1 2 2 1 2 2 2 2 1 2 2 2 2 2 2
left_child=1 2 16 7 6 -6 -5 8 -3 -9 11 -4 -12 17 18 20 -1 21 19 -15 -16 26 -17 27 -25 -20 -2 -19 -23
right_child=13 3 10 4 5 -7 -8 9 -10 -11 12 -13 -14 14 15 22 -18 23 25 -21 -22 28 -24 24 -26 -27 -28 -29 -30
leaf_value=0.0010153569281101226 0.0013096778426858547 0.0023634611425059964 -0.011617753200576102 0.0038186667752597714 0.025255945331737681 0.00099675174102477272 -0.068916664523876278 0.0055719970572456583 -0.0060177686037624356 -0.0018844420597644712 0.0074581795821930946 -0.040949824225719807 -0.0071107488790675636 -0.012522228934665628 -0.0060455677982387242 0.0087283787823727605 0.027638772473755208 -0.016509349720731172 -0.01557960246840643 -0.033712670631292796 -0.017583232727406969 -0.0015157416340355811 -0.0025843483176599068 0.00035537777644230757 -0.014304359070956708 -0.0011685091376421042 0.011542972547312578 -0.008984936214983464 -0.0085417562824053068
leaf_weight=51 114 3976 380 96 851 2443 146 4009 4014 2903 140 53 354 58 215 128 55 73 74 72 212 57 282 167 51 64 150 62 60
leaf_count=51 114 3976 380 96 851 2443 146 4009 4014 2903 140 53 354 58 215 128 55 73 74 72 212 57 282 167 51 64 150 62 60
internal_value=-1.19009e-05 0.000506178 -0.00621882 0.000885843 0.00402507 0.00726408 -0.040063 0.000141551 -0.00184708 0.00244034 -0.00859994 -0.0148648 -0.00292274 -0.00549723 -0.00810754 -0.00540443 0.013551 -0.00156754 -0.01576 -0.0242585 -0.0117739 0.00327838 0.00109728 -0.00670089 -0.00307419 -0.0088962 0.00712405 -0.0130537 -0.00511883
internal_weight=21310 19471 1033 18438 3536 3294 242 14902 7990 6912 927 433 494 1839 1105 837 106 734 268 130 427 381 410 353 218 138 264 135 117
internal_count=21310 19471 1033 18438 3536 3294 242 14902 7990 6912 927 433 494 1839 1105 837 106 734 268 130 427 381 410 353 218 138 264 135 117
cat_boundaries=0 1 2 3 4 5 6
cat_threshold=4 8 176 76 901 4
is_linear=0
shrinkage=0.05


Tree=116
num_leaves=18
num_cat=0
split_feature=5 0 0 0 0 0 8 11 14 0 8 7 7 12 14 14 5
split_gain=25.887 21.4357 100.108 19.0056 34.8189 33.747 17.2645 16.8176 14.458 8.84167 7.08279 6.51655 8.05846 6.00165 5.31423 4.56246 4.11687
threshold=8.5000000000000018 2550.0000000000005 2450.0000000000005 1750.0000000000002 1850.0000000000002 1250.0000000000002 513.75000000000011 1.0000000180025095e-35 0.16025641025641027 1850.0000000000002 381.20000000000005 0.14297834518422756 0.074585218702865788 2.5000000000000004 0.42261904761904767 0.36038961038961043 7.5000000000000009
decision_type=2 2 2 2 2 2 2 2 2 2 2 2 2 2 2 2 2
left_child=6 2 3 5 -5 -2 8 -8 10 14 16 12 15 -11 -10 -3 -1
right_child=1 11 -4 4 -6 -7 7 -9 9 13 -12 -13 -14 -15 -16 -17 -18
leaf_value=0.015339460537621849 0.0017447455991890912 0.0015232278448012141 -0.051594214431794461 0.0044488376139559267 -0.002168545482916976 -0.0036695846080188042 0.0079974020780945159 -0.027152702439990309 0.002316042473605296 0.031264097796967975 -0.016967463531531394 -0.0024674586802721026 0.030180574632249775 0.015501298911274514 0.014701738380480911 0.019652214209868839 -0.0017612972499235818
leaf_weight=57 4915 72 95 4796 3395 6944 74 63 142 104 50 50 80 144 222 67 92
leaf_count=57 4915 72 95 4796 3395 6944 74 63 142 104 50 50 80 144 222 67 92
internal_value=0.000173471 -0.000201615 -0.000388841 -0.000146222 0.00170607 -0.0014256 0.00825047 -0.00816651 0.0110237 0.0148306 -0.000683735 0.0138195 0.017538 0.0221115 0.00986996 0.0102617 0.0047806
internal_weight=21362 20414 20145 20050 8191 11859 948 137 811 612 199 269 219 248 364 139 149
internal_count=21362 20414 20145 20050 8191 11859 948 137 811 612 199 269 219 248 364 139 149
is_linear=0
shrinkage=0.05


Tree=117
num_leaves=26
num_cat=9
split_feature=16 6 14 4 17 6 1 3 14 14 2 1 6 14 5 13 7 8 15 7 14 6 3 14 8
split_gain=18.698 18.7483 15.763 14.7389 23.5581 25.0547 12.859 16.1556 13.1197 12.6619 12.5851 11.7157 13.5252 11.1648 10.5958 10.0693 8.6319 6.78929 6.50184 5.91259 5.24261 4.61838 3.38071 4.00899 0.52793
threshold=0 0.020220588235294119 0.07417582417582419 1 2 0.28553044178044185 3 4 0.069047619047619066 0.11437908496732027 5 6 0.17022324081147613 0.12916666666666668 10.500000000000002 7.5000000000000009 0.074585218702865788 592.30000000000007 7 0.095038784744667107 0.39444444444444454 0.3565781440781442 8 0.60555555555555574 328.75000000000006
decision_type=9 2 2 1 1 2 1 9 2 2 9 1 2 2 2 2 2 2 9 2 2 2 9 2 2
left_child=1 20 21 6 11 14 8 16 10 -4 -2 12 -5 -7 -6 -11 -8 -9 -10 -13 -1 -3 23 -22 -24
right_child=3 2 9 4 5 13 7 17 18 15 -12 19 -14 -15 -16 -17 -18 -19 -20 -21 22 -23 24 -25 -26
leaf_value=-0.019986364571938673 0.01940215197765123 -0.0063566085976312194 0.021905316996653518 0.012746627029757632 0.0063294882798710693 0.0025673359627065928 0.0019796766652682078 -0.0066964808138375194 0.0066112356346085636 0.0040863428892843117 -0.00069666489736249133 -0.010223766724095529 -0.0089401418384944045 0.01635320525897822 -0.0029757536374513502 -0.003188687581568957 -0.0023387342998278239 0.0070627735303618868 -0.0002867659268064974 -0.020862086229317359 0.0076617498932860031 -0.026437602203339339 -0.0088841265981847595 -0.0098729521069409604 -0.015750834584366859
leaf_weight=83 227 67 93 118 325 354 3675 1184 512 4286 124 711 184 251 5213 535 1689 97 994 160 78 50 55 56 57
leaf_count=83 227 67 93 118 325 354 3675 1184 512 4286 124 711 184 251 5213 535 1689 97 994 160 78 50 55 56 57
internal_value=-0.000110644 0.00243892 0.00319967 -0.000975499 -0.00261943 -0.00137202 0.000440526 -0.000588784 0.00410718 0.00363152 0.0128346 -0.00908531 -0.000451552 0.00828676 -0.00242967 0.00327901 0.000618755 -0.0056108 0.00210037 -0.0120398 -0.00912025 -0.0149382 -0.00545404 0.000310633 -0.0113641
internal_weight=21178 5360 5031 15818 7316 6143 8502 6645 1857 4914 351 1173 302 605 5538 4821 5364 1281 1506 871 329 117 246 134 112
internal_count=21178 5360 5031 15818 7316 6143 8502 6645 1857 4914 351 1173 302 605 5538 4821 5364 1281 1506 871 329 117 246 134 112
cat_boundaries=0 1 2 3 4 5 6 7 8 9
cat_threshold=44 25 1 96 3 138 144 10 2
is_linear=0
shrinkage=0.05


Tree=118
num_leaves=28
num_cat=8
split_feature=11 0 0 1 0 0 2 1 0 1 0 8 15 19 8 0 7 0 0 0 1 0 14 14 2 7 14
split_gain=18.3499 19.3149 33.0036 31.9658 29.6949 22.9765 20.7932 27.2349 19.7871 29.2246 17.6804 16.6929 14.7683 11.9231 11.1958 17.7691 22.9469 17.224 31.9728 13.1074 9.68784 9.93854 8.26628 6.91051 5.16234 3.4597 2.67489
threshold=1.0000000180025095e-35 1850.0000000000002 1950.0000000000002 0 2350.0000000000005 2450.0000000000005 1 2 1350.0000000000002 3 1350.0000000000002 263.2000000000001 4 5 294.35000000000008 1950.0000000000002 0.058379120879120887 1950.0000000000002 1850.0000000000002 2050.0000000000005 6 2050.0000000000005 0.46410256410256417 0.36931818181818188 7 0.041666666666666685 0.39444444444444454
decision_type=2 2 2 1 2 2 9 1 2 1 2 2 9 1 2 2 2 2 2 2 1 2 2 2 9 2 2
left_child=12 6 23 5 -5 -4 7 26 9 -8 -9 -10 13 25 15 22 -17 18 -16 -19 24 -22 -14 -3 -15 -1 -2
right_child=1 2 3 4 -6 -7 8 10 11 -11 -12 -13 14 20 17 16 -18 19 -20 -21 21 -23 -24 -25 -26 -27 -28
leaf_value=0.012578382974283564 0.032881636736886717 -0.038354128930303794 0.0036465106710613163 -0.016509686055507396 0.0030925180972639706 -0.019552939218642602 -0.0038864795599457924 -0.0023260627217296837 -0.018805075292042939 0.0086573086480149115 0.0043174580048335257 -0.0033839559707667306 -0.0023506474857992888 -0.0087544225928623508 0.00049543917643471468 -0.034689852012321352 -0.0029880568567187266 0.012356843759737633 -0.032462689240773522 0.0003047841737602706 0.0064756036112995422 -0.0064294213396037169 0.016843917326678209 -0.016071734055266029 0.0029513395386230618 0.029955447480448934 0.018470940726899334
leaf_weight=54 67 81 1117 673 271 118 961 1706 183 882 2425 4273 697 195 3903 100 133 551 75 382 1887 162 61 61 170 61 62
leaf_count=54 67 81 1117 673 271 118 961 1706 183 882 2425 4273 697 195 3903 100 133 551 75 382 1887 162 61 61 170 61 62
internal_value=-0.000109284 -0.00129633 -0.00542615 -0.0039041 -0.0107683 0.0014184 -0.000388539 0.00230675 -0.00221151 0.00214246 0.00157005 -0.00401727 0.00170415 0.00489208 0.000329284 -0.00451798 -0.016594 0.00130809 -0.000125943 0.00742235 0.00409013 0.0054288 -0.000805966 -0.0287821 -0.00336911 0.0200521 0.0240883
internal_weight=21311 12880 2321 2179 944 1235 10559 4260 6299 1843 4131 4456 8431 2529 5902 991 233 4911 3978 933 2414 2049 758 142 365 115 129
internal_count=21311 12880 2321 2179 944 1235 10559 4260 6299 1843 4131 4456 8431 2529 5902 991 233 4911 3978 933 2414 2049 758 142 365 115 129
cat_boundaries=0 1 2 3 4 5 6 7 8
cat_threshold=481 141 32 100 2 4 10 136
is_linear=0
shrinkage=0.05


Tree=119
num_leaves=14
num_cat=4
split_feature=0 0 0 1 0 1 8 1 4 14 14 14 14
split_gain=18.0641 70.3085 20.1065 40.3516 25.364 57.8308 23.9986 11.3362 7.25649 7.18803 4.43875 2.4019 1.10903
threshold=2550.0000000000005 2450.0000000000005 2350.0000000000005 0 2050.0000000000005 1 309.00000000000006 2 3 0.32291666666666669 0.2752525252525253 0.41421568627450983 0.35504201680672276
decision_type=2 2 2 1 2 1 2 1 1 2 2 2 2
left_child=1 2 4 12 6 -6 -1 10 -5 -9 -2 -12 -4
right_child=7 -3 3 8 5 -7 -8 9 -10 -11 11 -13 -14
leaf_value=-0.0022538684137844798 -0.0090933959602433109 -0.042020393773499469 -0.012976458970457317 0.011868179449347463 -0.019953092854874351 0.010950706420913978 0.0014851802006214448 0.039898451590910558 0.028529477204111493 0.015290175406389859 0.016414398092003363 0.0016277792801255395 -0.023265392370522026
leaf_weight=6299 51 99 50 291 438 223 13465 50 111 73 53 57 55
leaf_count=6299 51 99 50 291 438 223 13465 50 111 73 53 57 55
internal_value=0.000185757 1.66095e-05 0.000215428 0.0100512 -2.87215e-05 -0.00966334 0.000293505 0.0127116 0.0170495 0.0233918 0.00291803 0.00875224 -0.0167689
internal_weight=21315 21031 20932 507 20425 661 19764 284 402 123 161 110 105
internal_count=21315 21031 20932 507 20425 661 19764 284 402 123 161 110 105
cat_boundaries=0 1 2 3 4
cat_threshold=136 336 772 1
is_linear=0
shrinkage=0.05


Tree=120
num_leaves=28
num_cat=14
split_feature=6 19 0 0 2 8 1 15 16 18 16 1 0 1 4 4 1 4 6 14 0 14 7 6 14 4 14
split_gain=23.0078 24.1201 17.7043 82.0762 23.1439 32.3303 14.5479 13.9525 13.8151 11.1863 14.7412 10.4926 26.9135 10.2903 10.1927 9.82793 10.2022 9.7207 7.96218 6.64067 6.62677 6.55374 5.08908 4.92523 4.68334 3.65425 2.82998
threshold=0.092110177404295071 0 1250.0000000000002 1350.0000000000002 1 487.60000000000008 2 3 4 5 6 7 1350.0000000000002 8 9 10 11 12 0.094459298871063593 0.21825396825396828 1550.0000000000002 0.45804195804195807 0.08095238095238097 0.020220588235294119 0.69615384615384623 13 0.59411764705882364
decision_type=2 1 2 2 9 2 1 9 9 1 9 1 2 1 1 1 1 1 2 2 2 2 2 2 2 1 2
left_child=2 15 6 -4 8 -6 21 9 -5 13 -11 14 -13 -3 -9 16 20 23 -17 -20 -2 25 -18 -8 -19 -1 -23
right_child=1 7 3 4 5 -7 17 11 -10 10 -12 12 -14 -15 -16 18 22 24 19 -21 -22 26 -24 -25 -26 -27 -28
leaf_value=-0.0091693897785190201 0.011490067283807019 0.0063471169583499444 -0.06282719227532714 -0.00090873894392223028 -0.0032170943791517757 0.011118851288577503 -0.0041393367305644002 -0.00084901613262890327 -0.010025550244608895 0.0003764307054629054 0.0061467217832841207 -0.0056605872853614445 0.010961331414735632 -0.010760567368791871 0.0098037634413597769 0.016530731900025214 -0.0085887219945741996 0.0020283994278686708 0.0015519464965115448 -0.0023333514536498781 -0.0051198528123663828 -0.0075504065462491084 -0.021183889812262831 0.012144312889501453 -0.011214355536337411 0.00014192810440859333 -0.019287425589573106
leaf_weight=116 86 115 59 604 1696 512 53 851 1407 3710 1571 292 1467 318 295 67 212 1444 1794 2842 199 260 129 375 70 650 64
leaf_count=116 86 115 59 604 1696 512 53 851 1407 3710 1571 292 1467 318 295 67 212 1444 1794 2842 199 260 129 375 70 650 64
internal_value=8.13868e-05 0.00127222 -0.0021908 -0.00426235 -0.00344335 0.0001067 0.000732046 0.00290517 -0.00730538 0.0014644 0.00210136 0.00572437 0.00815567 -0.00617624 0.00195428 -0.00137177 -0.00720792 0.00331902 -0.000581293 -0.000829852 -0.000104084 -0.00387197 -0.012973 0.00989665 0.00140683 -0.00138599 -0.00986883
internal_weight=21258 13948 7310 4278 4219 2208 3032 8619 2011 5714 5281 2905 1759 433 1146 5329 626 1942 4703 4636 285 1090 341 428 1514 766 324
internal_count=21258 13948 7310 4278 4219 2208 3032 8619 2011 5714 5281 2905 1759 433 1146 5329 626 1942 4703 4636 285 1090 341 428 1514 766 324
cat_boundaries=0 1 2 3 4 5 6 7 8 9 10 11 12 13 14
cat_threshold=16 258 40 5 36 1 9 394 264 21 4 724 28 4
is_linear=0
shrinkage=0.05


Tree=121
num_leaves=14
num_cat=4
split_feature=0 0 19 0 0 0 0 1 1 1 6 6 6
split_gain=15.1555 92.9646 16.6508 19.83 47.2367 18.936 14.7933 21.9155 13.0664 7.77663 3.44819 3.27175 1.65094
threshold=2550.0000000000005 2450.0000000000005 0 1850.0000000000002 1950.0000000000002 1750.0000000000002 1650.0000000000002 1 2 3 0.20121336996336997 0.16670856376738732 0.20370971620971626
decision_type=2 2 1 2 2 2 2 1 1 1 2 2 2
left_child=1 2 3 5 -5 -1 8 -8 -4 10 -2 -3 -11
right_child=9 11 6 4 -6 -7 7 -9 -10 12 -12 -13 -14
leaf_value=-0.0013934337051824492 -0.0037041960040326508 -0.056836163913648513 0.0033041283816655897 -0.030213443134194135 -0.003080785272319286 0.0030819228011733286 0.01101441396681576 0.0020073349262991632 -0.0024603409041705484 0.016598963466343247 0.011661752613144928 -0.038837073092348878 0.027881160898303444
leaf_weight=7780 85 51 1703 174 2054 3395 923 2501 2297 79 64 50 55
leaf_count=7780 85 51 1703 174 2054 3395 923 2501 2297 79 64 50 55
internal_value=8.36242e-05 -7.17949e-05 0.000160271 -0.000891885 -0.00519976 -3.38064e-05 0.00205822 0.00447338 -4.00864e-06 0.011577 0.00271381 -0.0479257 0.0197554
internal_weight=21211 20928 20827 13403 2228 11175 7424 3424 4000 283 149 101 134
internal_count=21211 20928 20827 13403 2228 11175 7424 3424 4000 283 149 101 134
cat_boundaries=0 1 2 3 4
cat_threshold=17 96 152 769
is_linear=0
shrinkage=0.05


Tree=122
num_leaves=30
num_cat=11
split_feature=0 0 0 8 0 1 1 0 2 2 16 8 5 10 0 0 7 0 1 16 3 11 12 17 5 8 2 12 19
split_gain=16.9795 38.4633 305.047 139.645 79.4544 37.7925 28.8471 42.7114 64.3388 55.411 25.5 23.0279 21.2283 21.1902 18.6529 15.7339 12.7113 9.61635 10.7727 9.53325 9.48406 8.97389 8.3995 8.22196 14.5293 13.2846 6.37749 3.28074 1.52543
threshold=1750.0000000000002 1250.0000000000002 1350.0000000000002 411.60000000000008 1550.0000000000002 0 1 1850.0000000000002 2 3 4 443.05000000000007 8.5000000000000018 1.0000000180025095e-35 2350.0000000000005 2150.0000000000005 0.075052521008403386 1075.0000000000002 5 6 7 1.5000000000000002 3.5000000000000004 8 13.500000000000002 487.60000000000008 9 4.5000000000000009 10
decision_type=2 2 2 2 2 1 1 2 9 9 9 2 2 2 2 2 2 2 1 9 9 2 2 1 2 2 9 2 1
left_child=1 5 22 10 -5 21 7 8 13 12 -4 -10 -9 -2 16 -11 20 28 -19 -18 -8 27 -3 24 -16 -25 -23 -1 -7
right_child=6 2 3 4 -6 17 14 9 11 15 -12 -13 -14 -15 23 -17 19 18 -20 -21 -22 26 -24 25 -26 -27 -28 -29 -30
leaf_value=0.014842394807723147 0.030974039729424307 -0.079664512640459748 -0.010988212175452832 0.016002709354696325 -0.00059733845314072817 0.0019823027299021418 0.0025021076923894899 0.011713092104479723 0.0043334286818103775 0.018871248435165151 -0.001296956659231793 -0.011053016993560288 -0.0084797389083465617 0.013818123927849316 0.02317417160834578 0.0036198324035414588 -0.009944572629754414 0.0026890501747851218 -0.0036060365640422916 -0.00092941841741276733 -0.0042808863783420975 0.0078367517163900474 -0.057546692692875115 -0.010162241244343697 -0.004920690980824558 0.011820365499172892 -0.004503348693641984 0.0083323078541797015 0.0080462309447593798
leaf_weight=507 229 94 2920 1146 1943 195 1036 143 1657 306 901 285 1449 841 152 378 919 955 2306 445 1007 282 79 135 66 140 157 313 287
leaf_count=507 229 94 2920 1146 1943 195 1036 143 1657 306 901 285 1449 841 152 378 919 955 2306 445 1007 282 79 135 66 140 157 313 287
internal_value=-0.000383882 -0.00161558 -0.00398605 -0.00234421 0.00556118 0.00174107 0.00123618 0.0036382 0.00755129 -0.00152428 -0.00873515 0.00206474 -0.00662433 0.0173279 -0.00202486 0.0102924 -0.00334542 -0.000788847 -0.0017653 -0.00708313 -0.000849954 0.00919573 -0.0695645 0.00706016 0.014025 0.000992802 0.00349948 0.0123574 0.00580104
internal_weight=21273 12085 7083 6910 3089 5002 9188 5288 3012 2276 3821 1942 1592 1070 3900 684 3407 3743 3261 1364 2043 1259 173 493 218 275 439 820 482
internal_count=21273 12085 7083 6910 3089 5002 9188 5288 3012 2276 3821 1942 1592 1070 3900 684 3407 3743 3261 1364 2043 1259 173 493 218 275 439 820 482
cat_boundaries=0 1 2 3 4 5 6 7 8 9 10 11
cat_threshold=385 865 136 392 65 68 1 10 4 256 5
is_linear=0
shrinkage=0.05


Tree=123
num_leaves=27
num_cat=8
split_feature=16 6 1 18 17 6 5 14 3 5 6 12 6 2 1 12 12 14 6 13 6 17 12 6 13 6
split_gain=14.6277 18.6253 13.427 14.8311 17.7822 16.8831 11.4376 10.8823 10.823 10.601 10.3383 9.60952 9.45024 8.46846 10.9531 7.87882 6.84728 6.63287 9.25453 5.44086 5.02993 4.63528 3.2216 4.33662 2.02004 0.238916
threshold=0 0.055574123588829481 1 2 3 0.23314675520557876 7.5000000000000009 0.26969696969696971 4 16.500000000000004 0.29283380018674143 1.0000000180025095e-35 0.32763630704807184 5 6 3.5000000000000004 1.5000000000000002 0.10555555555555557 0.20884532134532141 6.5000000000000009 0.047680097680097684 7 1.5000000000000002 0.47689698645580997 4.5000000000000009 0.23119119442648856
decision_type=9 2 1 1 1 2 2 2 9 2 2 2 2 9 1 2 2 2 2 2 2 1 2 2 2 2
left_child=1 13 17 5 -5 -4 22 9 12 16 -10 -11 -9 14 19 24 -8 -3 -19 -1 -17 -16 23 -2 -15 -24
right_child=6 2 3 4 -6 -7 7 8 10 11 -12 -13 -14 15 21 20 -18 18 -20 -21 -22 -23 25 -25 -26 -27
leaf_value=-0.0043724012574259665 -0.0058079164936207239 -0.0070606223960050646 0.0015524414436725946 0.0025533287086246929 -0.015827827775150998 0.017885423826204765 -0.00036934846135312446 0.0009070398297524459 -0.003528644397508308 -0.013917379260399482 0.010324561796522282 -0.0012303758337173644 -0.020011860489506615 0.017075233222687083 -0.006074422522999532 1.3738854165541286e-05 0.0028681123996729886 0.0058497965580482864 0.01447156905540288 0.015343375871146937 -0.01615496171538585 -0.01701664425046983 0.019712483786189786 0.014367153544567133 0.0056399349236815445 0.014896058977818958
leaf_weight=71 50 81 1093 279 239 185 3117 2937 5591 216 138 483 55 73 272 341 3431 1590 387 69 56 188 52 57 82 51
leaf_count=71 50 81 1093 279 239 185 3117 2937 5591 216 138 483 55 73 272 341 3431 1590 387 69 56 188 52 57 82 51
internal_value=0.000154299 0.00251338 0.00418582 0.000998009 -0.0060667 0.00388635 -0.000576875 -0.000729692 -0.00191957 0.000702195 -0.00318938 -0.00515082 0.000520761 -0.00305994 -0.00710497 0.00143946 0.00132701 0.00692929 0.00753752 0.00498835 -0.00226698 -0.0108134 0.0110156 0.00493955 0.0110256 0.0173277
internal_weight=21184 5006 3854 1796 518 1278 16178 15968 8721 7247 5729 699 2992 1152 600 552 6548 2058 1977 140 397 460 210 107 155 103
internal_count=21184 5006 3854 1796 518 1278 16178 15968 8721 7247 5729 699 2992 1152 600 552 6548 2058 1977 140 397 460 210 107 155 103
cat_boundaries=0 1 2 3 4 5 6 7 8
cat_threshold=36 426 10 5 10 152 146 5
is_linear=0
shrinkage=0.05


Tree=124
num_leaves=26
num_cat=7
split_feature=15 4 11 19 0 8 6 14 10 2 3 0 6 7 14 14 5 6 8 19 14 4 10 5 6
split_gain=20.7309 19.4281 16.8793 14.846 12.0678 14.3759 11.9029 14.3988 11.2902 9.50539 8.86765 10.3891 11.6985 7.83939 10.5066 8.66719 8.34301 8.2104 7.30496 7.2287 7.27271 7.21999 6.94359 4.44347 3.13189
threshold=0 1 1.5000000000000002 2 1075.0000000000002 265.2000000000001 0.12556818181818183 0.07417582417582419 1.0000000180025095e-35 3 4 1250.0000000000002 0.052585377585377589 0.18168290043290045 0.24264705882352944 0.25833333333333336 13.500000000000002 0.16670856376738732 328.75000000000006 5 0.35504201680672276 6 1.0000000180025095e-35 15.500000000000002 0.12628294907706675
decision_type=9 1 2 1 2 2 2 2 2 9 9 2 2 2 2 2 2 2 2 1 2 1 2 2 2
left_child=1 10 3 6 24 -6 9 -8 23 -2 19 18 -13 14 16 -15 -4 -17 -12 22 -21 -16 -1 -3 -5
right_child=2 8 13 4 5 -7 7 -9 -10 -11 11 12 -14 15 21 17 -18 -19 -20 20 -22 -23 -24 -25 -26
leaf_value=-0.024785261711588614 -0.0017889786394112335 0.0088410831655242623 0.024234741814434531 0.0077354328062169703 -0.0072328619434378688 0.00056453592442573509 -0.010546514669533632 0.0082232892044082889 0.023917683736524649 0.0056442953805488196 -0.011271464329028471 -0.038116456118101882 -0.013535501639499795 -0.027844098690202681 0.0093030799711957129 -0.01878852153817813 0.0032798947980361912 0.0058827452494629798 0.0099884610125996389 -0.003294239342678338 0.018090312238288761 -0.0024958455128526965 0.001072847742587328 -0.010742427563915651 0.020274044559695403
leaf_weight=54 1057 56 60 213 627 10330 109 1632 72 712 89 54 467 59 124 60 228 77 74 100 66 4758 50 60 65
leaf_count=54 1057 56 60 213 627 10330 109 1632 72 712 89 54 467 59 124 60 228 77 74 100 66 4758 50 60 65
internal_value=2.0679e-05 -0.00650259 0.000394139 0.00126818 0.000379023 0.00011834 0.00410147 0.00704816 0.00794257 0.00122461 -0.00940208 -0.0124544 -0.0160832 -0.00200686 -0.00163475 -0.0118222 0.00764549 -0.00492219 -0.00161972 -0.0015008 0.00491214 -0.00218222 -0.0112698 -0.00128832 0.0106671
internal_weight=21253 1142 20111 14745 11235 10957 3510 1741 188 1769 954 684 521 5366 5170 196 288 137 163 270 166 4882 104 116 278
internal_count=21253 1142 20111 14745 11235 10957 3510 1741 188 1769 954 684 521 5366 5170 196 288 137 163 270 166 4882 104 116 278
cat_boundaries=0 1 2 3 4 5 6 7
cat_threshold=4 21 38 274 6 3 16
is_linear=0
shrinkage=0.05


Tree=125
num_leaves=21
num_cat=6
split_feature=11 0 0 1 16 0 12 17 0 1 13 1 0 4 0 6 0 6 6 6
split_gain=15.8013 11.1528 28.443 19.835 10.436 13.5636 11.1959 8.75079 9.39863 9.9458 10.5892 8.29094 6.32448 6.21866 16.6361 5.28803 3.39689 3.41158 1.79388 0.223668
threshold=1.5000000000000002 2550.0000000000005 2450.0000000000005 0 1 2350.0000000000005 1.0000000180025095e-35 2 2450.0000000000005 3 4.5000000000000009 4 2150.0000000000005 5 1250.0000000000002 0.053455687830687833 1750.0000000000002 0.069864612511671351 0.20248811645870476 0.18731325863678808
decision_type=2 2 2 1 9 2 2 1 2 1 2 1 2 1 2 2 2 2 2 2
left_child=1 2 4 18 5 -1 -6 11 9 10 -9 16 -11 15 -15 -13 17 -2 -3 -5
right_child=7 3 -4 19 6 -7 -8 8 -10 12 -12 13 -14 14 -16 -17 -18 -19 -20 -21
leaf_value=-0.00016811960262471786 0.010090645352946752 -0.01066885880380869 -0.031865454695896432 0.026907009959220886 -0.011910332541447133 0.011720362220824298 0.0037640819676853276 0.009898085043880879 -0.016761688860234523 -0.0023683355048627324 0.00024055670633733891 -0.00892500102144979 -0.017245343946725937 0.00038933203662530223 -0.014537491980408698 0.00016404953354629139 0.015306376642547548 -0.0050984820659093636 0.0021545100600148244 0.031590671697631481
leaf_weight=11566 59 50 67 50 118 245 3298 357 92 2064 1385 244 74 281 556 465 52 99 60 52
leaf_count=11566 59 50 67 50 118 245 3298 357 92 2064 1385 244 74 281 556 465 52 99 60 52
internal_value=-3.03085e-05 0.000798687 0.00064081 0.0121882 0.000783841 7.84212e-05 0.00321323 -0.00227444 -0.000964261 -0.000592168 0.00220707 -0.00520291 -0.00286983 -0.00647485 -0.00941375 -0.00292269 0.00402968 0.000573407 -0.0033681 0.0266792
internal_weight=21234 15506 15294 212 15227 11811 3416 5728 3972 3880 1742 1756 2138 1546 837 709 210 158 110 102
internal_count=21234 15506 15294 212 15227 11811 3416 5728 3972 3880 1742 1756 2138 1546 837 709 210 158 110 102
cat_boundaries=0 1 2 3 4 5 6
cat_threshold=769 67 2 568 5 17
is_linear=0
shrinkage=0.05


Tree=126
num_leaves=20
num_cat=4
split_feature=4 0 1 5 1 0 0 0 18 8 7 0 14 7 14 6 5 7 7
split_gain=14.8804 24.0581 24.9814 13.628 11.9216 18.3811 131.922 11.1694 9.97906 9.21313 8.8555 8.89058 7.95509 7.43341 7.06759 7.03447 5.90293 5.04319 4.05145
threshold=0 1850.0000000000002 1 6.5000000000000009 2 2350.0000000000005 2150.0000000000005 2450.0000000000005 3 353.30000000000001 0.090996503496503525 1250.0000000000002 0.17156862745098042 0.093883547008547022 0.21825396825396828 0.1555911680911681 12.500000000000002 0.076906916612798984 0.076906916612798984
decision_type=1 2 1 2 1 2 2 2 1 2 2 2 2 2 2 2 2 2 2
left_child=1 2 8 17 7 6 -6 9 16 -5 11 -4 -7 -10 -12 -3 -1 -2 -9
right_child=3 15 10 4 5 12 -8 18 13 -11 14 -13 -14 -15 -16 -17 -18 -19 -20
leaf_value=0.0084645230497699241 0.02966661900099294 -0.03777075073282634 0.008639681511610332 0.0037974575553227051 -0.00029036284912880672 -0.0048541890814749883 -0.040273194824334328 -0.024519718418829144 -0.010205404645830325 -0.0001899072244216043 0.021926693605994595 -0.0027469046097586321 0.01069056909429611 -0.024368909308371153 0.0044350908472898442 -0.014781534754125992 -0.006035949453939881 0.0077418247962163554 -0.0044904042437088256
leaf_weight=96 51 56 225 4004 11724 99 210 50 431 2270 88 720 488 118 168 82 261 54 51
leaf_count=96 51 56 225 4004 11724 99 210 50 431 2270 88 720 488 118 168 82 261 54 51
internal_value=-2.8168e-05 -0.00386842 -0.00256101 0.000427376 0.000327783 -0.000568602 -0.000993932 0.00208597 -0.00877385 0.00235479 0.00218068 -3.58127e-05 0.00806888 -0.0130126 0.0104478 -0.0241105 -0.00207844 0.018391 -0.0144059
internal_weight=21246 2245 2107 19001 18896 12521 11934 6375 906 6274 1201 945 587 549 256 138 357 105 101
internal_count=21246 2245 2107 19001 18896 12521 11934 6375 906 6274 1201 945 587 549 256 138 357 105 101
cat_boundaries=0 1 2 3 4
cat_threshold=4 170 168 8
is_linear=0
shrinkage=0.05


Tree=127
num_leaves=24
num_cat=7
split_feature=11 6 0 0 2 1 5 1 0 0 0 19 2 1 0 0 2 6 0 0 0 6 14
split_gain=15.6367 13.038 12.9446 93.0621 29.2929 14.0804 12.8296 14.7744 23.5713 12.5124 11.6317 11.2359 10.0131 9.86745 17.7607 124.663 39.7044 7.79443 7.14916 6.76355 6.73942 6.32463 1.78405
threshold=1.0000000180025095e-35 0.3565781440781442 1250.0000000000002 1350.0000000000002 0 1 15.500000000000002 2 1750.0000000000002 2050.0000000000005 1075.0000000000002 3 4 5 1350.0000000000002 1250.0000000000002 6 0.24170951597422188 2450.0000000000005 1850.0000000000002 1175.0000000000002 0.29283380018674143 0.26969696969696971
decision_type=2 2 2 2 9 1 2 1 2 2 2 1 9 1 2 2 9 2 2 2 2 2 2
left_child=6 2 5 -4 -5 12 7 8 11 -10 22 -1 -2 14 15 -8 -16 19 -12 -15 -7 -19 -9
right_child=1 -3 3 4 -6 20 13 10 9 -11 18 -13 -14 17 16 -17 -18 21 -20 -21 -22 -23 -24
leaf_value=0.0063984298274150191 0.0084855841281840094 0.017312174844753711 -0.055701795744675181 -0.0048680189769047047 0.00076356170565047366 0.0038528196734492169 0.009207786318147556 0.022739277878666628 0.011145513225287283 4.1780969279936536e-05 -0.0011724876209156796 -0.0036344705615798199 -0.00020292029684419494 0.00051427650562075222 0.013205419447082221 -0.071940331022825932 -0.0041798811319565723 -0.021055570375617772 0.014837913626494507 -0.010605351392017759 -0.0030011462616987227 -0.0062106972243693636 0.010067632942571167
leaf_weight=428 848 94 81 4332 4932 466 200 51 1418 309 2207 759 549 908 627 62 673 84 72 161 1557 492 61
leaf_count=428 848 94 81 4332 4932 466 200 51 1418 309 2207 759 549 908 627 62 673 84 72 161 1557 492 61
internal_value=-0.000140627 -0.00124101 -0.00137763 -0.00234085 -0.00187429 0.00125434 0.0015217 0.00303098 0.00541206 0.0091588 0.000105988 6.4064e-06 0.00509396 -0.000974923 0.00186912 -0.0099952 0.00427461 -0.00366455 -0.000666674 -0.00116043 -0.00141533 -0.00837557 0.0158378
internal_weight=21371 12859 12765 9345 9264 3420 8512 5305 2914 1727 2391 1187 1397 3207 1562 262 1300 1645 2279 1069 2023 576 112
internal_count=21371 12859 12765 9345 9264 3420 8512 5305 2914 1727 2391 1187 1397 3207 1562 262 1300 1645 2279 1069 2023 576 112
cat_boundaries=0 1 2 3 4 5 6 7
cat_threshold=258 451 368 52 384 284 148
is_linear=0
shrinkage=0.05


Tree=128
num_leaves=26
num_cat=11
split_feature=6 15 14 12 19 1 0 0 0 1 1 6 2 1 1 0 2 0 0 2 7 0 19 7 0
split_gain=11.9304 19.5387 13.8474 17.4028 11.4625 14.2319 13.9738 10.1935 146.25 20.7262 16.572 8.79711 7.72764 7.47893 6.55671 11.3741 7.06629 8.60259 18.6406 13.0466 6.72884 7.16921 4.69983 4.70145 4.54294
threshold=0.066702741702741722 0 0.44949494949494956 3.5000000000000004 1 2 1350.0000000000002 1250.0000000000002 1350.0000000000002 3 4 0.3387459762459763 5 6 7 2150.0000000000005 8 1350.0000000000002 1450.0000000000002 9 0.077844622697563884 1350.0000000000002 10 0.0023923992673992732 1650.0000000000002
decision_type=2 9 2 2 1 1 2 2 2 1 1 2 9 1 1 2 9 2 2 9 2 2 1 2 2
left_child=14 7 4 -4 5 -3 -6 9 -9 11 -10 -2 -11 -5 16 20 22 19 -19 -18 21 -16 23 -1 -24
right_child=1 2 3 13 6 -7 -8 8 10 12 -12 -13 -14 -15 15 -17 17 18 -20 -21 -22 -23 24 -25 -26
leaf_value=0.012222333824190745 -0.00091843082280293877 0.0059049413758939144 -0.022517006194257005 -0.0071298166996617189 -0.0014823830652937393 -0.0019565012351545094 0.0092993065008495565 -0.062029634773270372 -0.0062658470219812178 0.010490247790543517 0.00040566626003583933 -0.014645840338041151 0.0022562822709414399 0.0040773845990701536 -0.00096462086758646699 -0.024274785771558529 0.0024604879072608636 0.012492336493609001 -0.0053721437560195016 -0.01603567828381942 0.011153794454251666 -0.0059932746652795674 0.0034390208830206298 0.0023439503089350659 -0.012425268469378352
leaf_weight=236 552 1175 98 220 368 1115 1639 97 1035 687 8513 148 515 412 1479 64 170 236 383 210 82 1361 127 246 70
leaf_count=236 552 1175 98 220 368 1115 1639 97 1035 687 8513 148 515 412 1479 64 170 236 383 210 82 1361 127 246 70
internal_value=0.000220936 0.000849582 0.00344778 -0.00291215 0.00453627 0.00208534 0.00728609 -0.000284286 -0.00094424 0.00306083 -0.000323661 -0.00376698 0.00701011 0.000127846 -0.00201302 -0.00341205 0.000493939 -0.00217473 0.00143887 -0.00811832 -0.00296677 -0.00337448 0.00439488 0.00703472 -0.00209185
internal_weight=21238 16574 5027 730 4297 2290 2007 11547 9645 1902 9548 700 1202 632 4664 2986 1678 999 619 380 2922 2840 679 482 197
internal_count=21238 16574 5027 730 4297 2290 2007 11547 9645 1902 9548 700 1202 632 4664 2986 1678 999 619 380 2922 2840 679 482 197
cat_boundaries=0 1 2 3 4 5 6 7 8 9 10 11
cat_threshold=13 24 565 544 7 384 266 153 277 10 49
is_linear=0
shrinkage=0.05


Tree=129
num_leaves=13
num_cat=3
split_feature=0 0 0 0 2 2 8 8 17 12 5 12
split_gain=12.4346 83.4077 26.9 37.8107 57.8356 23.5534 28.6187 15.482 7.32666 7.50615 5.10705 5.01078
threshold=2550.0000000000005 2450.0000000000005 2350.0000000000005 2050.0000000000005 0 1 443.05000000000007 309.00000000000006 2 3.5000000000000004 13.500000000000002 2.5000000000000004
decision_type=2 2 2 2 9 9 2 2 1 2 2 2
left_child=1 2 3 7 -5 6 -4 -1 9 -2 -10 -7
right_child=8 -3 5 4 -6 11 -8 -9 10 -11 -12 -13
leaf_value=-0.0019308217515909853 0.029175900735426696 -0.046487567551702878 -0.01740824967676487 0.012492202231047774 -0.019956166184955399 0.04425967494866604 0.013095546383430424 0.0010659019232407052 -0.0075197915244545489 0.0059975845367467454 0.011610930823636326 0.02309455130899582
leaf_weight=6343 80 97 104 180 520 54 295 13447 74 62 66 58
leaf_count=6343 80 97 104 180 520 54 295 13447 74 62 66 58
internal_value=-9.02034e-05 -0.000229611 -1.59533e-05 -0.000298549 -0.0117189 0.0113155 0.0050189 0.000105406 0.0103396 0.0178021 0.00139905 0.0305697
internal_weight=21380 21098 21001 20490 700 511 399 19790 282 142 140 112
internal_count=21380 21098 21001 20490 700 511 399 19790 282 142 140 112
cat_boundaries=0 1 2 3
cat_threshold=16 18 4
is_linear=0
shrinkage=0.05


Tree=130
num_leaves=18
num_cat=7
split_feature=5 6 18 3 1 8 4 14 4 8 3 14 16 6 8 14 14
split_gain=19.0635 15.6342 13.1586 11.2749 17.4037 11.0975 12.6729 10.1278 9.36955 8.68513 7.95246 6.27035 5.34971 5.25196 3.02116 2.10852 0.161885
threshold=6.5000000000000009 0.053455687830687833 0 1 2 411.60000000000008 3 0.44097222222222227 4 513.75000000000011 5 0.73030303030303034 6 0.34438339438339438 829.35000000000014 0.39444444444444454 0.44097222222222227
decision_type=2 2 1 9 1 2 1 2 1 2 9 2 9 2 2 2 2
left_child=13 9 3 8 -5 6 -4 -7 -3 10 11 -2 -12 -1 15 -11 -16
right_child=1 2 5 4 -6 7 -8 -9 -10 14 12 -13 -14 -15 16 -17 -18
leaf_value=0.010821401188926152 -0.0026207293647293002 0.0098768149087713527 -0.0072875373277162692 0.011927385946074801 -0.006624003640674914 0.0029597982511696558 -0.0009097566077890867 -0.006512996414676309 0.0023015917742385543 0.0040297308244515917 -0.0034300474963481439 -0.015366185369435698 -0.017799731638631102 0.032762903567403558 0.0010515072475724176 0.015775328973614718 -0.0027750411061928252
leaf_weight=60 2756 430 878 145 695 2635 6423 316 6212 74 133 100 161 50 59 79 52
leaf_count=60 2756 430 878 145 695 2635 6423 316 6212 74 133 100 161 50 59 79 52
internal_value=3.37899e-05 -7.41972e-05 0.00052229 0.00211494 -0.00331903 -0.000641477 -0.00168796 0.00194543 0.00280612 -0.00317265 -0.00390273 -0.0030563 -0.0116258 0.0207948 0.00553859 0.0100945 -0.00074111
internal_weight=21258 21148 17734 7482 840 10252 7301 2951 6642 3414 3150 2856 294 110 264 153 111
internal_count=21258 21148 17734 7482 840 10252 7301 2951 6642 3414 3150 2856 294 110 264 153 111
cat_boundaries=0 1 2 3 4 5 6 7
cat_threshold=10 3 66 4 8 3 1
is_linear=0
shrinkage=0.05


Tree=131
num_leaves=22
num_cat=7
split_feature=15 1 4 0 0 2 6 0 5 4 1 0 0 1 0 0 13 6 7 14 6
split_gain=17.3314 31.8382 10.5616 10.1283 36.0002 9.38231 13.8323 9.16369 8.95411 8.88106 13.8162 12.7809 9.65468 30.0757 7.79967 6.80128 5.76644 5.31302 3.39986 4.26866 2.88645
threshold=0 1 2 2550.0000000000005 2450.0000000000005 3 0.085957615369380083 2350.0000000000005 10.500000000000002 4 5 1350.0000000000002 1750.0000000000002 6 1650.0000000000002 1250.0000000000002 4.5000000000000009 0.22231379731379733 0.15915854978354979 0.46862745098039221 0.14077186430127608
decision_type=9 1 1 2 2 9 2 2 2 1 1 2 2 1 2 2 2 2 2 2 2
left_child=3 2 18 4 5 6 -1 -7 -4 10 16 -12 15 -14 -10 -11 -3 20 19 -2 -5
right_child=1 9 8 17 -6 7 -8 -9 14 12 11 -13 13 -15 -16 -17 -18 -19 -20 -21 -22
leaf_value=0.03167151047848165 0.0016913798657489398 -0.0057543754713975477 0.0074064620044082402 0.011930318534723483 -0.039133085236103544 -0.0013609112297469116 0.0031592001432855206 0.006449706468265504 -0.006818416287194178 0.0040483608962964684 0.00045750436554145481 0.022490238460655117 0.011739593644150873 -0.00020997330576768425 -0.02167537344647295 -0.0011011708410910476 0.0082518276199698461 0.023186157583811526 -0.013200392678444244 -0.0096211263444274664 -0.0038464086868290632
leaf_weight=50 438 149 50 64 62 13839 285 386 157 1057 90 245 989 1122 202 1630 145 59 58 103 53
leaf_count=50 438 149 50 64 62 13839 285 386 157 1057 90 245 989 1122 202 1630 145 59 58 103 53
internal_value=-2.77069e-05 0.0021366 -0.00598661 -0.000969659 -0.00111383 -0.000951931 0.00719985 -0.00114816 -0.0121207 0.00365363 0.00921815 0.0160907 0.00290648 0.005443 -0.015178 0.000924529 0.0011155 0.0109526 -0.00166794 -0.000462387 0.0047836
internal_weight=21233 6435 1008 14798 14622 14560 335 14225 409 5427 629 335 4798 2111 359 2687 294 176 599 541 117
internal_count=21233 6435 1008 14798 14622 14560 335 14225 409 5427 629 335 4798 2111 359 2687 294 176 599 541 117
cat_boundaries=0 1 2 3 4 5 6 7
cat_threshold=13 10 17 4 24 448 609
is_linear=0
shrinkage=0.05


Tree=132
num_leaves=30
num_cat=7
split_feature=11 15 2 5 8 19 7 5 14 14 14 4 1 2 18 7 12 8 14 7 7 5 7 7 7 5 7 7 8
split_gain=12.7625 11.1437 12.3393 11.7043 15.6531 11.2876 13.1896 13.0478 11.7808 10.454 9.94088 9.35528 23.077 12.3893 18.2604 10.7689 9.09349 8.64836 8.33783 7.39769 9.31925 8.19913 6.15946 6.02322 6.05059 5.24673 3.84032 4.97037 3.30469
threshold=1.0000000180025095e-35 0 1 15.500000000000002 301.85000000000008 2 0.075052521008403386 8.5000000000000018 0.35504201680672276 0.34313725490196084 0.095454545454545472 3 4 5 6 0.14767316017316021 3.5000000000000004 411.60000000000008 0.32291666666666669 0.18764140271493215 0.24032217782217782 8.5000000000000018 0.17343685726038668 0.1192550505050505 0.041666666666666685 15.500000000000002 0.097253645047762696 0.068403818403818414 340.90000000000003
decision_type=2 9 9 2 2 1 2 2 2 2 2 1 1 9 1 2 2 2 2 2 2 2 2 2 2 2 2 2 2
left_child=1 5 10 4 -4 6 9 28 -9 -1 25 12 23 14 18 -16 -12 -5 -13 21 -21 -15 -8 24 -2 -3 27 -14 -7
right_child=11 2 3 17 -6 7 22 8 -10 -11 16 13 26 19 15 -17 -18 -19 -20 20 -22 -23 -24 -25 -26 -27 -28 -29 -30
leaf_value=-0.0006702193996531115 0.017441440452335102 -0.021055884562576049 -0.0027783298064734765 -0.0039306543632399871 0.0053388062493909955 0.0098809000772466377 0.028270005038756086 0.0035491639449421099 -0.0074174542469134189 0.017901158296878925 0.0061578646870329981 0.0031913316630943905 -0.0044516081005841609 0.012066216524792735 -0.0037358696984740392 -0.012168402824277141 -0.0087741600600845862 0.0026620895194719653 -0.0015797488280457285 -0.014586879075931456 0.0035282707292362903 0.001207090429522718 0.0079774026161516624 0.029170582222066962 0.0039665712727491491 -0.0050804589842172237 -0.014436601897255636 0.011670539303329485 0.026533736572959106
leaf_weight=226 175 130 787 1318 2421 55 127 1636 288 114 200 1458 272 182 3341 427 208 799 2462 161 127 3871 53 53 159 85 71 58 65
leaf_count=226 175 130 787 1318 2421 55 127 1636 288 114 200 1458 272 182 3341 427 208 799 2462 161 127 3871 53 53 159 85 71 58 65
internal_value=0.00035106 0.00185189 0.000658368 0.00144051 0.00334748 0.00460012 0.0111365 0.00289111 0.00190759 0.00555665 -0.00594401 -0.000645665 0.00459904 -0.000992236 -0.00219717 -0.00467905 -0.00145454 -0.00144242 0.000194305 0.00114188 -0.0065986 0.00169472 0.022295 0.0131712 0.0110268 -0.01474 -0.00379305 -0.00161802 0.0189012
internal_weight=21329 8512 5948 5325 3208 2564 520 2044 1924 340 623 12817 788 12029 7688 3768 408 2117 3920 4341 288 4053 180 387 334 215 401 330 120
internal_count=21329 8512 5948 5325 3208 2564 520 2044 1924 340 623 12817 788 12029 7688 3768 408 2117 3920 4341 288 4053 180 387 334 215 401 330 120
cat_boundaries=0 1 2 3 4 5 6 7
cat_threshold=2 16 38 8 661 386 10
is_linear=0
shrinkage=0.05


Tree=133
num_leaves=28
num_cat=12
split_feature=6 0 0 1 2 0 1 18 4 5 15 0 4 7 1 1 4 5 15 1 6 6 6 6 7 0 13
split_gain=15.2721 20.9532 90.5863 31.7732 40.7018 30.3974 14.11 11.3219 15.6638 17.2208 10.687 10.4201 9.61624 12.8651 9.98792 8.73469 7.00001 16.1733 8.77285 6.27631 6.12968 5.74674 5.40255 4.44821 4.16898 3.55938 3.05889
threshold=0.12556818181818183 1250.0000000000002 1350.0000000000002 0 1 1550.0000000000002 2 3 4 16.500000000000004 5 1750.0000000000002 6 0.063082750582750605 7 8 9 14.500000000000002 10 11 1.0000000180025095e-35 1.0000000180025095e-35 0.11984681984681987 0.32260737628384689 0.046186166774402078 1175.0000000000002 5.5000000000000009
decision_type=2 2 2 1 9 2 1 1 1 2 9 2 1 2 1 1 1 2 9 1 2 2 2 2 2 2 2
left_child=1 6 -3 4 -4 -5 21 10 15 11 16 -10 14 -14 -12 23 17 -2 -18 -11 25 -1 -22 -9 -17 -8 -23
right_child=7 2 3 5 -6 -7 20 8 9 19 12 -13 13 -15 -16 24 18 -19 -20 -21 22 26 -24 -25 -26 -27 -28
leaf_value=-0.0071812211335278474 0.011558207436069445 -0.053799249812267552 -0.0033661074866046833 -0.013747975815798348 0.0078945858818669674 -0.0027947360944562457 0.00016886898535018672 -0.0032230918723329598 -0.00033524173967358048 -0.0031362946145044174 0.00066638827618720013 0.0039637098240791011 0.032817535884130528 0.0076851678839848035 0.010056017050714967 -0.0065385482670015857 0.0012247321907656852 -0.0021210640135249175 -0.0096903989741223915 -0.014037937205284835 0.0011567546933508573 0.01142040863042456 -0.014152465375550725 0.011700566083109425 -0.016332645957486184 -0.011960432040652013 0.0055144410193425685
leaf_weight=65 483 86 1911 852 1369 2469 98 196 2599 444 577 3080 85 127 562 224 1482 391 200 191 2478 405 59 67 211 158 478
leaf_count=65 483 86 1911 852 1369 2469 98 196 2599 444 577 3080 85 127 562 224 1482 391 200 191 2478 405 59 67 211 158 478
internal_value=0.000230472 -0.00113802 -0.0028144 -0.00215015 0.00134357 -0.00558796 0.0018585 0.00153742 0.000332216 0.00112135 0.00369015 0.00199629 0.00728047 0.0169617 0.00534657 -0.0067212 0.00177147 0.00537701 -0.000122744 -0.00668583 5.64551e-05 0.00709226 0.000800726 0.000557553 -0.0110356 -0.00731718 0.00822329
internal_weight=21347 10428 6687 6601 3280 3321 3741 10919 7012 6314 3907 5679 1351 212 1139 698 2556 874 1682 635 2793 948 2537 263 435 256 883
internal_count=21347 10428 6687 6601 3280 3321 3741 10919 7012 6314 3907 5679 1351 212 1139 698 2556 874 1682 635 2793 948 2537 263 435 256 883
cat_boundaries=0 1 2 3 4 5 6 7 8 9 10 11 12
cat_threshold=184 274 385 10 4 5 11 285 660 10 1 344
is_linear=0
shrinkage=0.05


Tree=134
num_leaves=30
num_cat=9
split_feature=3 1 19 18 7 2 6 8 7 6 1 8 5 5 2 12 6 18 8 1 6 6 6 7 6 8 5 6 6
split_gain=11.4869 20.8862 13.3022 12.0119 13.7626 11.0672 16.3611 11.0534 10.8201 9.28547 8.93628 8.8537 13.7798 8.35583 7.8915 8.18649 7.70402 7.4302 5.57757 5.42877 5.12541 5.12043 12.1969 4.0743 3.80134 3.09521 2.99991 1.7345 0.877722
threshold=0 1 2 3 0.12322677322677324 4 0.12628294907706675 261.2000000000001 0.19754901960784316 0.039283769063180839 5 411.60000000000008 9.5000000000000018 10.500000000000002 6 5.5000000000000009 0.068315018315018322 7 301.85000000000008 8 0.11429126429126431 0.20121336996336997 0.14190188896071251 0.01930232757438639 0.13502331002331006 319.20000000000005 11.500000000000002 0.065690164954870858 0.071444133208839106
decision_type=9 1 1 1 2 9 2 2 2 2 1 2 2 2 9 2 2 1 2 1 2 2 2 2 2 2 2 2 2
left_child=2 21 5 4 9 10 20 23 -6 -3 16 13 -13 -9 15 -5 -1 -12 -16 -8 -7 22 27 28 -25 -23 -27 -2 -4
right_child=1 3 7 14 8 6 19 11 -10 -11 17 12 -14 -15 18 -17 -18 -19 -20 -21 -22 25 -24 24 -26 26 -28 -29 -30
leaf_value=-0.0023705268629688634 -0.0042658792240977215 -0.015371057638773123 -0.0065854286848037848 0.0012802057578200233 -0.027456577281423269 0.003574830148461119 0.0035604685812475204 0.0033971905778506051 -0.0016210677983315583 0.00085978303895536913 -0.0069675292600785074 -0.0081611964267270694 0.0033994615764350688 -0.0010980307194548191 0.0024710066850875938 -0.018973810588094324 0.0077147198173148444 0.00049056891766384057 0.013656220171461873 0.014425478164589218 -0.0065661383261559183 0.0020750354322465673 -0.03051676876989114 -0.019971504307984604 -0.0065490521650229186 -0.0020180216096341609 -0.019170924014626788 -0.012593022215915798 0.002147993011837543
leaf_weight=270 97 104 51 537 105 1617 178 1168 66 577 443 282 2999 8996 212 55 634 1272 235 512 135 87 94 106 105 50 52 176 66
leaf_count=270 97 104 51 537 105 1617 178 1168 66 577 443 282 2999 8996 212 55 634 1272 235 512 135 87 94 106 105 50 52 176 66
internal_value=0.000313455 -0.0029025 0.00073244 -0.000376355 -0.00474759 0.00292196 0.00533994 -7.36528e-05 -0.017485 -0.00161894 0.000655652 0.000147532 0.00240583 -0.000581461 0.00321923 -0.00059151 0.00465108 -0.00146515 0.00816863 0.0118833 0.00279342 -0.0113357 -0.0149829 -0.00914244 -0.0132921 -0.00485323 -0.0107626 -0.00963429 -0.00165888
internal_weight=21281 2447 18834 1891 852 5061 2442 13773 171 681 2619 13445 3281 10164 1039 592 904 1715 447 690 1752 556 367 328 211 189 102 273 117
internal_count=21281 2447 18834 1891 852 5061 2442 13773 171 681 2619 13445 3281 10164 1039 592 904 1715 447 690 1752 556 367 328 211 189 102 273 117
cat_boundaries=0 1 2 3 4 5 6 7 8 9
cat_threshold=3 133 38 9 27 161 18 1 96
is_linear=0
shrinkage=0.05


Tree=135
num_leaves=30
num_cat=12
split_feature=6 15 1 0 0 1 1 19 0 8 14 14 0 3 11 18 8 5 12 1 2 19 4 6 12 18 6 14 12
split_gain=17.1813 16.8453 21.0802 8.60134 106.231 18.3234 15.7489 8.51439 8.19324 42.8958 13.8208 6.63215 6.01117 20.0843 17.0999 11.8882 10.6677 9.29929 8.4768 4.93659 6.61697 10.534 4.82877 4.64788 4.28803 2.93267 2.53006 2.04983 3.89256
threshold=0.053455687830687833 0 1 1250.0000000000002 1350.0000000000002 2 3 4 1350.0000000000002 411.60000000000008 0.44097222222222227 0.28991596638655465 1250.0000000000002 5 1.0000000180025095e-35 6 411.60000000000008 12.500000000000002 5.5000000000000009 7 8 9 10 0.12912147765088944 1.0000000180025095e-35 11 0.020220588235294119 0.30384615384615393 4.5000000000000009
decision_type=2 9 1 2 2 1 1 1 2 2 2 2 2 9 2 1 2 2 2 1 9 1 1 2 2 1 2 2 2
left_child=12 3 7 6 23 -6 24 11 9 -4 -10 -3 19 14 -14 16 -15 -16 -17 27 26 -22 -8 -5 -2 -9 -21 -1 -29
right_child=1 2 8 4 5 -7 22 25 10 -11 -12 -13 13 15 17 18 -18 -19 -20 20 21 -23 -24 -25 -26 -27 -28 28 -30
leaf_value=0.001955819968134165 -0.016681193428326257 -0.00093806096336658247 0.0033576822828109022 -0.041955852767452596 -0.0049936201211585665 0.00022960507755537897 0.012528709703068616 0.00067748147776345961 0.0064906449652408138 -0.034012538455426698 -0.0016243263042776527 -0.0083141959853922191 -0.02681673348239922 -0.027037858352090955 0.01257322178465653 -0.0042530136480520113 -0.0043774057205205096 -0.00074632417433702282 -0.017899393638461488 -0.0014343481730611531 0.00030215057393375252 -0.012645292893479888 0.0033877214779125132 -0.063514804285019641 -0.0039284702120161606 0.010559053037784935 0.0064257535905628584 -0.015091715270265911 -0.0031411302078377563
leaf_weight=52 79 612 795 50 2151 7532 155 201 3090 85 632 607 53 180 176 573 73 513 142 140 639 199 1517 50 398 117 381 131 142
leaf_count=52 79 612 795 50 2151 7532 155 201 3090 85 632 607 53 180 176 573 73 513 142 140 639 199 1517 50 398 117 381 131 142
internal_value=-0.000353143 0.00025991 0.00238591 -0.000835214 -0.0014651 -0.000935612 0.00202836 -0.00267412 0.00407802 -0.000251941 0.00511271 -0.00457348 -0.00361728 -0.00570545 0.000543532 -0.0103937 -0.01972 0.00265606 -0.00686716 -0.00149686 -0.00014563 -0.00288534 0.00430457 -0.0527353 -0.00591652 0.00452423 0.0042324 -0.00692941 -0.00887566
internal_weight=21465 18071 6139 11932 9783 9683 2149 1537 4602 880 3722 1219 3394 1710 742 968 253 689 715 1684 1359 838 1672 100 477 318 521 325 273
internal_count=21465 18071 6139 11932 9783 9683 2149 1537 4602 880 3722 1219 3394 1710 742 968 253 689 715 1684 1359 838 1672 100 477 318 521 325 273
cat_boundaries=0 1 2 3 4 5 6 7 8 9 10 11 12
cat_threshold=5 138 71 32 25 6 4 32 256 49 4 8
is_linear=0
shrinkage=0.05


Tree=136
num_leaves=25
num_cat=9
split_feature=15 4 1 2 1 5 4 7 5 7 7 5 18 6 2 5 7 7 4 7 7 8 8 12
split_gain=14.717 18.8747 17.7193 19.3152 14.1124 12.6092 13.2272 10.3792 8.8767 10.1315 8.21697 7.77441 6.1286 12.9338 19.1631 8.46855 6.6124 6.36305 5.61257 5.43638 5.76898 3.87231 3.39812 2.19864
threshold=0 1 2 3 4 15.500000000000002 5 0.14185606060606062 14.500000000000002 0.061538461538461542 0.047565179918121078 11.500000000000002 6 0.123934766214178 7 7.5000000000000009 0.31373626373626379 0.10489853283970933 8 0.0083333333333333367 0.028423659673659677 353.30000000000001 294.35000000000008 1.5000000000000002
decision_type=9 1 1 9 1 2 1 2 2 2 2 2 1 2 9 2 2 2 1 2 2 2 2 2
left_child=1 21 3 5 7 6 -2 10 11 -10 -3 -5 13 17 -15 23 -17 -4 -7 22 -21 -1 -6 -14
right_child=2 4 12 8 19 18 -8 -9 9 -11 -12 -13 15 14 -16 16 -18 -19 -20 20 -22 -23 -24 -25
leaf_value=0.0059611240321828518 0.0075294481627185984 -0.017892300413120867 -0.0010075256601325669 0.0043375555348379577 -0.0033569420204188094 0.0060567106859585676 0.00029173529447487856 -0.033122064493175958 4.5661747614017774e-05 0.007672824074338851 -0.0042671554873502538 0.013718366585188581 0.004359035117619009 -0.0021481031440784117 0.007235127014776326 -0.00220295702630998 -0.020459544420940803 -0.0082234742825440139 -0.0028060356939214413 -0.020164375764249023 -0.0027279101615177766 0.023968752587268896 0.01201603000720396 0.016638584810380753
leaf_weight=72 917 228 3092 395 59 184 1994 62 970 790 215 501 83 956 1248 6162 50 339 2452 55 345 51 92 65
leaf_count=72 917 228 3092 395 59 184 1994 62 970 790 215 501 83 956 1248 6162 50 339 2452 55 345 51 92 65
internal_value=-9.5858e-05 -0.00550176 0.00022231 0.00201182 -0.00768593 0.00032949 0.00259857 -0.0136902 0.0055109 0.00346922 -0.0112796 0.00958285 -0.00100213 0.00019906 0.00318817 -0.00206504 -0.0023499 -0.0017205 -0.00217506 -0.002037 -0.00512542 0.0124181 0.00600937 0.00975208
internal_weight=21377 1179 20198 8203 1056 5547 2911 505 2656 1760 443 896 11995 5635 2204 6360 6212 3431 2636 551 400 123 151 148
internal_count=21377 1179 20198 8203 1056 5547 2911 505 2656 1760 443 896 11995 5635 2204 6360 6212 3431 2636 551 400 123 151 148
cat_boundaries=0 1 2 3 4 5 6 7 8 9
cat_threshold=4 8 176 274 176 26 10 28 24
is_linear=0
shrinkage=0.05


Tree=137
num_leaves=19
num_cat=6
split_feature=0 6 15 1 0 0 18 13 0 0 14 3 5 3 4 6 6 6
split_gain=11.5803 11.234 11.7298 14.9968 13.9716 13.2115 11.4784 19.07 10.4659 9.16808 5.35761 7.24253 2.5909 1.9877 3.24996 0.967299 0.290018 0.28674
threshold=1075.0000000000002 0.056963012477718365 0 1 2350.0000000000005 1350.0000000000002 2 2.5000000000000004 2050.0000000000005 2350.0000000000005 0.18465909090909094 3 11.500000000000002 4 5 0.049955436720142604 0.050036075036075052 0.033076563958916907
decision_type=2 2 9 1 2 2 1 2 2 2 2 9 2 9 1 2 2 2
left_child=12 8 6 4 -4 -5 7 -3 10 -8 -2 -12 -1 17 16 -16 -15 -14
right_child=1 2 3 5 -6 -7 9 -9 -10 -11 11 -13 13 14 15 -17 -18 -19
leaf_value=0.015201512819952273 -0.01581875052862516 -0.027552483060571831 -0.002461050248885027 -0.002328492623963732 0.016591817580674791 0.0057483126710107108 -0.00044691706265443938 -0.003488047289537994 -0.01866991501117107 0.0065166384792134449 0.0013028007048463972 -0.0037076440093347408 -0.0032590386708481953 0.017872278128573994 0.00078632900016382338 0.0066646862996935429 0.012850241838513236 0.0017573514081064671
leaf_weight=81 72 96 1698 619 102 2781 10946 578 101 494 1084 2135 52 58 125 159 57 63
leaf_count=81 72 96 1698 619 102 2781 10946 578 101 494 1084 2135 52 58 125 159 57 63
internal_value=1.27558e-05 -0.000184868 0.00033062 0.00231444 -0.00137376 0.00426531 -0.000522424 -0.00681452 -0.00281611 -0.00014609 -0.00232956 -0.00202784 0.00689008 0.0055803 0.00715656 0.00393869 0.0141524 -0.000470055
internal_weight=21301 20706 17314 5200 1800 3400 12114 674 3392 11440 3291 3219 595 514 399 284 115 115
internal_count=21301 20706 17314 5200 1800 3400 12114 674 3392 11440 3291 3219 595 514 399 284 115 115
cat_boundaries=0 1 2 3 4 5 6
cat_threshold=13 267 1 2 2 25
is_linear=0
shrinkage=0.05


Tree=138
num_leaves=22
num_cat=6
split_feature=11 7 0 0 1 0 0 2 0 0 1 0 1 0 0 2 7 1 6 14 14
split_gain=11.5555 14.634 11.2319 61.5655 34.8918 30.9115 25.5045 25.0868 39.1955 161.622 94.8345 16.7231 33.0841 14.2014 7.51891 6.18902 9.00266 8.33859 4.08978 8.28308 1.96789
threshold=2.5000000000000004 0.1329399766899767 1850.0000000000002 1950.0000000000002 0 2050.0000000000005 2150.0000000000005 1 1350.0000000000002 1250.0000000000002 2 1350.0000000000002 3 1550.0000000000002 2050.0000000000005 4 0.07085084033613448 5 0.17937585290526473 0.36038961038961043 0.22649572649572652
decision_type=2 2 2 2 1 2 2 9 2 2 1 2 1 2 2 9 2 1 2 2 2
left_child=2 14 7 18 6 -6 -5 8 9 -1 -10 12 -9 -13 15 16 -2 -17 19 -4 -20
right_child=1 -3 3 4 5 -7 -8 11 10 -11 -12 13 -14 -15 -16 17 -18 -19 20 -21 -22
leaf_value=0.0017694330258174876 0.0003878866878023808 -0.022776250369497576 -0.042547224425747023 -0.0147203451068844 0.0072056346023018324 -0.003478703887143734 0.0031318109714181513 -0.0035116219282442084 0.014929235027621994 -0.050720469429322727 -0.00032981538116221872 -0.0062099550384747725 0.008557201731775611 -0.00072230297402881396 -0.01732056756542685 0.0029152250914644879 0.021802753615858303 -0.0063632439148814061 -0.011929033534532344 -0.017881418533001067 -0.02498492877029123
leaf_weight=2042 397 96 77 613 1524 1218 297 1044 1781 158 2368 1505 1227 5442 84 329 56 881 54 61 62
leaf_count=2042 397 96 77 613 1524 1218 297 1044 1781 158 2368 1505 1227 5442 84 329 56 881 54 61 62
internal_value=1.42351e-05 -0.00376988 0.000372379 -0.00202489 -0.000369413 0.0024507 -0.0087972 0.000973891 0.00338942 -0.0020003 0.00625547 -0.000692755 0.00303127 -0.00191115 -0.00272546 -0.00198824 0.00296964 -0.0038372 -0.0258273 -0.0316442 -0.0189072
internal_weight=21316 1843 19473 3906 3652 2742 910 15567 6349 2200 4149 9218 2271 6947 1747 1663 453 1210 254 138 116
internal_count=21316 1843 19473 3906 3652 2742 910 15567 6349 2200 4149 9218 2271 6947 1747 1663 453 1210 254 138 116
cat_boundaries=0 1 2 3 4 5 6
cat_threshold=526 141 562 96 13 145
is_linear=0
shrinkage=0.05


Tree=139
num_leaves=23
num_cat=8
split_feature=16 0 0 1 0 1 0 17 14 14 2 4 1 0 6 6 14 0 17 6 9 14
split_gain=11.5794 19.0688 155.206 47.478 106.375 25.0276 23.992 10.4111 12.5789 10.1232 9.27001 8.42717 6.59131 5.31502 4.96061 4.88084 4.41754 4.26794 4.44414 3.38943 1.89434 0.38102
threshold=0 1250.0000000000002 1350.0000000000002 1 1550.0000000000002 2 1550.0000000000002 3 0.73030303030303034 0.07417582417582419 4 5 6 1550.0000000000002 0.11920163170163171 0.065690164954870858 0.65686274509803932 1175.0000000000002 7 0.066702741702741722 1.0000000180025095e-35 0.2817460317460318
decision_type=9 2 2 1 2 1 2 1 2 2 9 1 1 2 2 2 2 2 1 2 2 2
left_child=7 5 14 4 -4 17 -5 10 9 20 19 -11 15 -12 -3 -7 -14 21 -19 -1 -9 -2
right_child=1 2 3 6 -6 12 -8 8 -10 11 13 -13 16 -15 -16 -17 -18 18 -20 -21 -22 -23
leaf_value=0.012583353014832195 6.1306298244744547e-05 -0.041297979625286883 0.020670976369475555 -0.0091530421401615752 -0.00038604221226453393 0.0058235438221073063 -0.0021470032841722007 -0.0069804731878589411 -0.021584127884421309 0.0057729773805631534 -0.0069595690271983457 0.00082337332879646701 0.0053467664546077709 0.012456655299935776 -0.058691115445648159 0.018274394081326552 -0.0060909897136093866 0.0024783155789214468 -0.0041836710195506483 0.028834859155233369 -0.019838837403114196 0.0049201815858100099
leaf_weight=55 50 81 709 1549 3893 137 5788 61 59 1118 77 3667 1640 65 83 185 89 305 1306 77 54 209
leaf_count=55 50 81 709 1549 3893 137 5788 61 59 1118 77 3667 1640 65 83 185 89 305 1306 77 54 209
internal_value=-0.000141223 -0.000808097 -0.00179035 -0.00112673 0.00285188 0.00222176 -0.00362119 0.00189873 0.00136222 0.0016413 0.0112189 0.00199362 0.00601901 0.00180129 -0.0501006 0.0125861 0.00473065 -0.00196471 -0.00293299 0.0205096 -0.0130183 0.00398217
internal_weight=21257 16024 12103 11939 4602 3921 7337 5233 4959 4900 274 4785 2051 142 164 322 1729 1870 1611 132 115 259
internal_count=21257 16024 12103 11939 4602 3921 7337 5233 4959 4900 274 4785 2051 142 164 322 1729 1870 1611 132 115 259
cat_boundaries=0 1 2 3 4 5 6 7 8
cat_threshold=100 560 552 1 18 10 128 4
is_linear=0
shrinkage=0.05


Tree=140
num_leaves=30
num_cat=10
split_feature=18 7 7 13 2 17 0 5 2 0 0 13 0 1 0 19 1 7 13 1 5 0 7 9 1 5 17 7 5
split_gain=13.2693 12.8302 13.4861 11.9767 9.51637 18.8939 10.4962 9.13349 8.69674 25.4283 27.3226 24.829 22.017 26.6032 21.3486 14.1755 13.9132 13.0703 10.231 7.87525 6.39831 6.15997 5.58633 5.5522 4.71313 11.3927 4.67869 3.35932 3.14351
threshold=0 0.14767316017316021 0.24032217782217782 4.5000000000000009 1 2 1850.0000000000002 16.500000000000004 3 1850.0000000000002 1950.0000000000002 1.5000000000000002 1750.0000000000002 4 1950.0000000000002 5 6 0.013937451437451441 4.5000000000000009 7 12.500000000000002 2050.0000000000005 0.054232654600301668 1.0000000180025095e-35 8 9.5000000000000018 9 0.099563671622495159 13.500000000000002
decision_type=1 2 2 2 9 1 2 2 9 2 2 2 2 1 2 1 1 2 2 1 2 2 2 2 1 2 1 2 2
left_child=8 4 3 26 5 6 -2 21 11 12 27 23 16 -14 17 -12 -10 -13 -16 -7 -5 -6 -9 -1 28 -26 -3 -11 -4
right_child=1 2 24 20 7 19 -8 22 9 10 15 14 13 -15 18 -17 -18 -19 -20 -21 -22 -23 -24 -25 25 -27 -28 -29 -30
leaf_value=-0.030043189182718533 1.0724550910761806e-05 -0.0031346072186953485 -0.015514307559575315 -0.033371737735966842 0.0013217550275621852 0.00097038964753186233 -0.019789905529604229 -0.0067991284181443505 0.0055630034239334044 -0.028757924317485757 0.0051860456471582855 0.0039714184496881235 0.019060137567561187 0.0045004204672316056 0.013451916122132736 -0.0059522414522790151 -0.00072252746815817059 -0.0063760689946435207 0.00042065742132236893 -0.010685684520228838 -0.014335466926488023 -0.0048290575298656768 0.00046008844089012084 -0.010871152367243278 0.026033021109261818 0.00015799807342516502 -0.012059729342352941 -0.01328965139646943 0.0013477854967369873
leaf_weight=82 2230 480 52 60 5594 180 69 696 1269 108 453 424 402 1413 336 739 2823 1089 273 862 167 439 428 70 56 177 219 52 59
leaf_count=82 2230 480 52 60 5594 180 69 696 1269 108 453 424 402 1413 336 739 2823 1089 273 862 167 439 428 70 56 177 219 52 59
internal_value=-0.000377931 -0.00150041 -0.00624832 -0.00938873 -0.000927459 -0.00312597 -0.000581025 0.000103065 0.00100823 0.00185322 -0.00432989 -0.00168542 0.00327155 0.00785503 -0.000294521 -0.00172575 0.00123855 -0.00347631 0.00761032 -0.00868207 -0.0193671 0.000874182 -0.00403494 -0.021214 0.0022052 0.00611446 -0.00614826 -0.0237307 -0.00601012
internal_weight=21301 11768 1270 926 10498 3341 2299 7157 9533 7259 1352 2274 5907 1815 2122 1192 4092 1513 609 1042 227 6033 1124 152 344 233 699 160 111
internal_count=21301 11768 1270 926 10498 3341 2299 7157 9533 7259 1352 2274 5907 1815 2122 1192 4092 1513 609 1042 227 6033 1124 152 344 233 699 160 111
cat_boundaries=0 1 2 3 4 5 6 7 8 9 10
cat_threshold=10 256 10 19 577 34 152 128 536 6
is_linear=0
shrinkage=0.05


Tree=141
num_leaves=27
num_cat=10
split_feature=13 15 1 17 2 1 0 2 2 0 0 12 14 17 6 6 7 14 1 15 0 12 14 8 6 6
split_gain=10.2532 10.474 12.0852 9.7273 8.18683 8.13975 11.8833 25.4754 11.8755 8.08002 21.6523 7.50955 14.5215 6.55359 6.90295 5.55075 5.51582 4.49964 4.48989 4.68943 5.37441 3.9958 4.14449 3.6242 3.11412 2.79861
threshold=7.5000000000000009 0 1 2 3 4 2050.0000000000005 5 6 2350.0000000000005 1950.0000000000002 3.5000000000000004 0.43303571428571436 7 0.10297521786492377 0.066702741702741722 0.15765692640692644 0.21825396825396828 8 9 1350.0000000000002 8.5000000000000018 0.67708333333333337 265.2000000000001 0.054755844645550535 0.037436868686868692
decision_type=2 9 1 1 9 1 2 9 9 2 2 2 2 1 2 2 2 2 1 9 2 2 2 2 2 2
left_child=1 2 3 17 13 9 8 -8 -7 10 -3 12 -4 24 25 -13 -5 -1 21 20 -20 22 -6 -21 -2 -15
right_child=4 5 11 16 18 6 7 -9 -10 -11 -12 15 -14 14 -16 -17 -18 -19 19 23 -22 -23 -24 -25 -26 -27
leaf_value=0.01715657769057613 -0.0068524156929925086 -0.00247372815675507 0.0025610572704002424 -0.0054773625002212615 -0.004493908181194912 -0.0001567083303779208 -0.01058946838609405 0.0064967363427768298 0.0037912265032857845 0.010265816566884838 -0.022542565536961965 0.0012071166633844047 -0.012783354228545277 -0.016679392826354392 -0.025329146243303138 0.0071884733679417091 -0.022421769214407455 0.0012736077136999836 0.0026773940898816694 0.016498981154801553 -0.013900540087541397 -0.01761887523997575 0.0072773186462866367 0.002996829773601536 0.0070217913285327647 -0.00534167387389711
leaf_weight=52 84 1056 2852 512 573 8830 657 318 2419 93 154 521 163 79 85 1518 53 313 110 57 88 50 86 388 78 175
leaf_count=52 84 1056 2852 512 573 8830 657 318 2419 93 154 521 163 79 85 1518 53 313 110 57 88 50 86 388 78 175
internal_value=0.000268337 0.000605901 0.00234559 -0.00287445 -0.00328601 -0.000165306 0.000236337 -0.00505871 0.000695492 -0.00390639 -0.00502794 0.00330992 0.00173149 -0.00867582 -0.012623 0.00566013 -0.00694394 0.00344208 -0.00121558 0.00179859 -0.00446507 -0.00393617 -0.00295775 0.00462244 -0.000162228 -0.00886797
internal_weight=21364 19511 5984 930 1853 13527 12224 975 11249 1303 1210 5054 3015 501 339 2039 565 365 1352 643 198 709 659 445 162 254
internal_count=21364 19511 5984 930 1853 13527 12224 975 11249 1303 1210 5054 3015 501 339 2039 565 365 1352 643 198 709 659 445 162 254
cat_boundaries=0 1 2 3 4 5 6 7 8 9 10
cat_threshold=34 10 4 130 5 138 402 9 292 2
is_linear=0
shrinkage=0.05


Tree=142
num_leaves=29
num_cat=15
split_feature=7 6 3 5 1 2 17 5 6 1 3 14 4 19 2 14 17 7 7 6 17 1 5 14 16 1 18 5
split_gain=7.19934 9.48687 9.0908 8.62154 13.5815 7.65006 20.3552 20.6767 16.7942 9.94565 10.3084 7.46094 7.27569 7.54963 7.0413 8.66483 9.98142 6.42135 6.37776 8.60359 6.02061 5.56335 4.88038 4.29282 3.37693 9.58713 3.45583 3.06452
threshold=0.010336538461538461 0.020220588235294119 0 10.500000000000002 1 2 3 12.500000000000002 0.10343675931911228 4 5 0.32291666666666669 6 7 8 0.37980769230769235 9 1.0000000180025095e-35 0.014919108669108673 0.13654091007032185 10 11 14.500000000000002 0.30384615384615393 12 13 14 9.5000000000000018
decision_type=2 2 9 2 1 9 1 2 2 1 9 2 1 1 9 2 1 2 2 2 1 1 2 2 9 1 1 2
left_child=1 23 14 4 27 9 7 -7 -8 11 -11 -4 22 -14 15 16 -2 -6 19 -16 -20 -17 -5 -1 26 -26 -25 -3
right_child=2 3 5 12 17 6 8 -9 -10 10 -12 -13 13 -15 18 21 -18 -19 20 -21 -22 -23 -24 24 25 -27 -28 -29
leaf_value=-0.014420313764613394 -0.0052763800411658188 -0.0023714820227183648 -0.0016756433752809906 0.015370170866547945 0.0175455041724688 -0.012594235637316518 -0.041992070994550185 0.02009598163839774 -0.012061135159941234 0.0036938873497373926 -0.0064380069944294273 -0.021208316179585053 -0.0028282859988768695 0.0019413941654837714 0.0042931491728214659 -0.005602456515335817 0.00089526295098878703 -0.00028070240113578862 -0.0026489411285453165 -0.024343521458407246 0.0029056291762442309 -0.0011331897459689519 0.0041003843774671672 0.0074217001910783821 -0.012263197585074839 0.0026253279258099172 -0.002828709829280305 0.0069668004851645001
leaf_weight=82 730 271 88 139 294 102 62 92 192 685 383 110 1078 3494 51 1253 5704 61 570 54 3172 1591 311 133 220 203 186 130
leaf_count=82 730 271 88 139 294 102 62 92 192 685 383 110 1078 3494 51 1253 5704 61 570 54 3172 1591 311 133 220 203 186 130
internal_value=8.119e-05 0.00145478 -0.000529934 0.00217055 0.0071485 -0.00394332 -0.00950879 0.00276578 -0.0186335 -0.00191478 3.44295e-05 -0.0119249 0.00142118 0.000813066 -8.11116e-05 -0.00082678 0.000188221 0.0140856 0.00171473 -0.0104343 0.00206022 -0.00312593 0.00741668 -0.00356424 -0.00236451 -0.0052225 0.00154066 0.000639933
internal_weight=21441 6602 14839 5778 756 1714 448 194 254 1266 1068 198 5022 4572 13125 9278 6434 355 3847 105 3742 2844 450 824 742 423 319 401
internal_count=21441 6602 14839 5778 756 1714 448 194 254 1266 1068 198 5022 4572 13125 9278 6434 355 3847 105 3742 2844 450 824 742 423 319 401
cat_boundaries=0 1 2 3 4 5 6 7 8 9 10 11 12 13 14 15
cat_threshold=3 771 11 5 5 4 24 16 386 1 1 58 104 244 5
is_linear=0
shrinkage=0.05


Tree=143
num_leaves=23
num_cat=3
split_feature=6 0 6 0 0 1 0 0 1 12 14 14 14 8 0 0 8 1 6 6 6 6
split_gain=9.74667 10.2568 8.95326 8.15027 141.027 25.8467 97.785 25.9156 19.9453 15.6041 7.09338 5.89762 5.56902 5.89029 10.1793 8.76166 5.51493 5.12388 6.89895 4.69562 4.37781 4.01938
threshold=0.056963012477718365 1850.0000000000002 0.048005698005698004 1250.0000000000002 1350.0000000000002 0 1550.0000000000002 1550.0000000000002 1 3.5000000000000004 0.5590277777777779 0.32291666666666669 0.79285714285714304 487.60000000000008 1350.0000000000002 1350.0000000000002 340.90000000000003 2 0.063167061696473473 0.11984681984681987 0.1272772366522367 0.076976944624003465
decision_type=2 2 2 2 2 1 2 2 1 2 2 2 2 2 2 2 2 1 2 2 2 2
left_child=1 12 10 8 9 6 -6 -7 11 -5 16 21 13 15 -15 -1 -3 18 -10 -13 -19 -2
right_child=3 2 -4 4 5 7 -8 -9 17 -11 -12 19 -14 14 -16 -17 -18 20 -20 -21 -22 -23
leaf_value=0.000369356307393557 0.00035754871536411496 -0.020946171945508789 -0.029095320057189258 -0.06498697439306661 0.019171002946485494 -0.0068008481516017823 0.00043451543603866151 0.00015867101171933469 0.014362413917866643 -0.031755143538060963 0.0090872699113668139 0.0080118214713770768 -0.016736918413948459 -0.0067983851683207216 0.0094476715062203759 -0.0051891496554358927 -0.0032807839062550799 0.00038224842152882353 -0.0029309661549233191 -0.0052963146907003492 0.0063196166259236637 0.015288278685772273
leaf_weight=1621 51 85 57 76 818 1651 4683 7048 61 66 53 301 59 143 296 1260 92 819 1057 85 500 388
leaf_count=1621 51 85 57 76 818 1651 4683 7048 61 66 53 301 59 143 296 1260 92 819 1057 85 500 388
internal_value=6.45313e-05 -0.00228091 -0.0113556 0.000552964 3.98814e-05 0.000535692 0.00321479 -0.00116086 0.00280883 -0.0495412 -0.00695927 0.0094748 -0.00151013 -0.00123954 0.00415568 -0.00206165 -0.0117642 0.000511216 -0.00196979 0.00508127 0.00261315 0.0135537
internal_weight=21270 3666 287 17604 14342 14200 5501 8699 3262 142 230 825 3379 3320 439 2881 177 2437 1118 386 1319 439
internal_count=21270 3666 287 17604 14342 14200 5501 8699 3262 142 230 825 3379 3320 439 2881 177 2437 1118 386 1319 439
cat_boundaries=0 1 2 3
cat_threshold=560 385 544
is_linear=0
shrinkage=0.05


Tree=144
num_leaves=19
num_cat=5
split_feature=0 0 0 1 0 2 10 3 8 0 0 1 14 2 5 5 12 6
split_gain=10.3411 61.0513 12.1293 32.1371 24.2823 60.6751 40.9976 20.8042 17.2565 68.8963 20.616 11.0847 10.1797 9.96341 4.60347 3.77325 3.01086 2.62112
threshold=2450.0000000000005 2550.0000000000005 2350.0000000000005 0 2050.0000000000005 1 1.0000000180025095e-35 2 411.60000000000008 1350.0000000000002 1750.0000000000002 3 0.32291666666666669 4 8.5000000000000018 10.500000000000002 2.5000000000000004 0.14551042639277936
decision_type=2 2 2 1 2 9 2 9 2 2 2 1 2 9 2 2 2 2
left_child=2 -2 4 15 8 7 -7 -6 10 -10 -1 17 -13 14 -5 -4 -15 -3
right_child=1 11 3 13 5 6 -8 -9 9 -11 -12 12 -14 16 -16 -17 -18 -19
leaf_value=-0.0024232324942449592 -0.043576483468535127 0.0022093621206780273 -0.026502599574625491 0.021808985948363054 -0.0062958184085213226 -0.059051610664887871 -0.016144589002117335 0.015923902296377451 -0.016285883433522177 0.0043281673517921735 0.0013867726933191032 0.032428063074126844 0.002889208811601358 0.038816278495825834 0.0058298467388840239 -0.0083516918845585927 0.021863396113569088 -0.011166876151246277
leaf_weight=8572 93 60 50 56 250 77 201 168 444 4654 6061 50 70 50 231 67 55 94
leaf_count=8572 93 60 50 56 250 77 201 168 444 4654 6061 50 70 50 231 67 55 94
internal_value=-0.000251999 -0.00857245 -0.000106145 0.00751789 -0.000296121 -0.00947485 -0.0270557 0.00279799 2.76539e-05 0.00253283 -0.000845125 0.00330848 0.0140281 0.0142072 0.00864646 -0.0148401 0.027333 -0.00559222
internal_weight=21303 367 20936 509 20427 696 278 418 19731 5098 14633 274 120 392 287 117 105 154
internal_count=21303 367 20936 509 20427 696 278 418 19731 5098 14633 274 120 392 287 117 105 154
cat_boundaries=0 1 2 3 4 5
cat_threshold=136 144 9 772 18
is_linear=0
shrinkage=0.05


Tree=145
num_leaves=26
num_cat=7
split_feature=13 8 6 15 5 19 8 13 1 14 2 17 6 8 6 19 12 16 10 6 6 6 8 5 13
split_gain=8.75878 8.05517 7.62053 7.28261 6.91489 8.37645 6.15142 5.47666 5.17709 5.03641 4.97964 4.49514 4.45006 4.28323 3.67322 9.42019 13.3576 6.09139 4.37458 4.3441 3.10527 2.9856 2.51889 2.75388 2.00537
threshold=7.5000000000000009 292.50000000000006 1.0000000180025095e-35 0 17.500000000000004 1 309.00000000000006 6.5000000000000009 2 0.22649572649572652 3 4 0.097873422873422877 357.60000000000008 0.063167061696473473 5 6.5000000000000009 6 1.0000000180025095e-35 0.046081349206349216 1.0000000180025095e-35 0.123934766214178 513.75000000000011 15.500000000000002 8.5000000000000018
decision_type=2 2 2 9 2 1 2 2 1 2 9 1 2 2 2 1 2 9 2 2 2 2 2 2 2
left_child=1 3 6 21 5 -4 -3 9 -6 -5 11 24 -9 -8 17 18 -17 20 -16 -19 -12 -1 23 -13 -2
right_child=10 2 4 7 8 -7 13 12 -10 -11 14 22 -14 -15 15 16 -18 19 -20 -21 -22 -23 -24 -25 -26
leaf_value=-0.0071330404218315387 -0.010236214158863905 -0.023674633361253083 0.0032305787103118684 0.001191716159948261 0.00097487743872838118 0.00045360210123720736 0.004043611622047286 0.00019249312675112795 -0.0057751340048409995 -0.0038378597740403478 0.0034895551920396417 -0.011822198592902473 0.01212074993326947 -0.011477494006976487 -0.017417846643660643 -0.012543025930112195 0.0084992834190842498 0.0010650025695696939 -0.0032410159796835425 0.011555484582486591 -0.0084249650584234774 -0.022658020793848363 0.005961563404148015 -0.0020326830275023784 -0.021650913953584372
leaf_weight=64 84 51 3537 692 496 11632 86 228 657 1773 73 120 119 92 158 118 209 391 83 132 218 60 52 179 71
leaf_count=64 84 51 3537 692 496 11632 86 228 657 1773 73 120 119 92 158 118 209 391 83 132 218 60 52 179 71
internal_value=-5.04652e-05 0.000264576 0.000692731 -0.00214904 0.000819812 0.00110355 -0.008365 -0.00159235 -0.00291303 -0.00242591 -0.00330216 -0.00749917 0.00428316 -0.00397853 -0.00169893 -0.0047971 0.000879149 0.000442058 -0.012036 0.00364304 -0.0052555 -0.0135522 -0.00407898 -0.00596159 -0.0145276
internal_weight=21375 19487 16551 2936 16322 15169 229 2812 1153 2465 1888 506 347 178 1382 568 327 814 241 523 291 124 351 299 155
internal_count=21375 19487 16551 2936 16322 15169 229 2812 1153 2465 1888 506 347 178 1382 568 327 814 241 523 291 124 351 299 155
cat_boundaries=0 1 2 3 4 5 6 7
cat_threshold=8 44 200 130 2 48 98
is_linear=0
shrinkage=0.05


Tree=146
num_leaves=17
num_cat=5
split_feature=5 4 15 19 7 14 8 17 8 15 14 8 5 8 7 14
split_gain=10.3076 7.2777 10.6952 8.23992 13.9445 8.6923 7.15151 6.9078 5.36773 6.64946 5.6055 5.11024 5.00562 4.40749 2.72273 1.84289
threshold=6.5000000000000009 0 1 2 0.064786010558069387 0.17156862745098042 261.2000000000001 3 328.75000000000006 4 0.44097222222222227 340.90000000000003 10.500000000000002 328.75000000000006 0.10984701572936868 0.36038961038961043
decision_type=2 1 9 1 2 2 2 1 2 9 2 2 2 2 2 2
left_child=11 7 3 5 -5 -3 14 13 10 -10 -9 -1 -8 -2 -4 -15
right_child=1 2 6 4 -6 -7 12 8 9 -11 -12 -13 -14 15 -16 -17
leaf_value=0.0034035268795202696 -0.016744250182302727 0.0068849734626099711 -0.0056353348573403702 -0.0073320093140907122 0.014507570879550669 -0.013444265293744529 0.0021474286039483352 0.010889750917480859 0.0068931589266998487 -0.00086642508995184381 -0.00040212579754281893 0.023701552068814635 -0.00022672380013044553 -0.0046691073942513742 -0.018504030024632811 0.0067970975064763836
leaf_weight=57 62 61 231 214 111 381 2591 427 434 730 148 68 15511 112 50 51
leaf_count=57 62 61 231 214 111 381 2591 427 434 730 148 68 15511 112 50 51
internal_value=0.000129969 4.52167e-05 -0.000252645 -0.0059987 0.000123255 -0.0104033 -9.76943e-06 0.00293586 0.0040079 0.00207853 0.00798332 0.0144457 0.000113097 -0.00516779 -0.00792514 -0.00108152
internal_weight=21239 21114 19150 767 325 442 18383 1964 1739 1164 575 125 18102 225 281 163
internal_count=21239 21114 19150 767 325 442 18383 1964 1739 1164 575 125 18102 225 281 163
cat_boundaries=0 1 2 3 4 5
cat_threshold=24 4 50 1 2
is_linear=0
shrinkage=0.05


Tree=147
num_leaves=14
num_cat=4
split_feature=5 11 7 12 0 0 0 1 0 1 1 0 1
split_gain=10.9705 9.84936 13.6719 9.30538 8.57921 27.18 48.2338 44.2618 27.0846 53.5383 47.3419 6.60281 4.30106
threshold=6.5000000000000009 2.5000000000000004 0.1329399766899767 1.5000000000000002 1750.0000000000002 1850.0000000000002 1950.0000000000002 0 1450.0000000000002 1 2 2050.0000000000005 3
decision_type=2 2 2 2 2 2 2 1 2 1 1 2 1
left_child=3 4 11 -1 8 7 -7 -6 10 -10 -2 12 -3
right_child=1 2 -4 -5 5 6 -8 -9 9 -11 -12 -13 -14
leaf_value=0.0012909959901922516 0.0076391373868124812 0.00081360934640199972 -0.022602633559511285 0.030115250765811653 0.021708628390102187 -0.022947932164248851 -0.00010937998957327023 0.0027392169941014757 0.0080436808817149433 -0.0069999834201210503 -0.0013728614621875291 -0.016104983747662865 -0.0042605732859790626
leaf_weight=56 2036 807 89 56 322 247 3610 4337 729 2988 5059 85 855
leaf_count=56 2036 807 89 56 322 247 3610 4337 729 2988 5059 85 855
internal_value=9.57946e-05 1.32005e-05 -0.00348651 0.0157031 0.000345644 0.0015326 -0.00157195 0.00410273 -0.000589255 -0.00404672 0.00122208 -0.00251265 -0.0018175
internal_weight=21276 21164 1836 112 19328 8516 3857 4659 10812 3717 7095 1747 1662
internal_count=21276 21164 1836 112 19328 8516 3857 4659 10812 3717 7095 1747 1662
cat_boundaries=0 1 2 3 4
cat_threshold=513 328 145 185
is_linear=0
shrinkage=0.05


Tree=148
num_leaves=28
num_cat=12
split_feature=6 0 0 1 0 0 1 3 17 4 14 12 19 1 1 15 5 5 14 10 14 0 15 6 14 3 3
split_gain=9.23512 11.6274 48.0109 15.0743 29.9446 19.4098 11.7974 9.35596 13.5564 14.5334 9.69003 11.4022 9.64702 9.53649 8.89535 10.6001 12.2264 9.03479 8.27176 14.4936 6.62729 6.42372 6.05625 5.82941 5.69431 5.11069 2.17233
threshold=0.11590909090909092 1250.0000000000002 1350.0000000000002 0 1550.0000000000002 1550.0000000000002 1 2 3 4 0.43303571428571436 3.5000000000000004 5 6 7 8 10.500000000000002 9.5000000000000018 0.34313725490196084 1.0000000180025095e-35 0.65686274509803932 1075.0000000000002 9 0.087052598817304691 0.59411764705882364 10 11
decision_type=2 2 2 1 2 2 1 9 1 1 2 2 1 1 1 9 2 2 2 2 2 2 9 2 2 9 9
left_child=1 6 -3 4 -4 -5 20 8 9 13 22 -12 -11 -2 18 16 -16 -17 25 -20 23 26 -10 -1 -23 -9 -8
right_child=7 2 3 5 -6 -7 21 14 10 12 11 -13 -14 -15 15 17 -18 -19 19 -21 -22 24 -24 -25 -26 -27 -28
leaf_value=0.0042280349188345443 -0.0016792686041926259 -0.04180224189828885 0.008740323726878765 -0.010996711796988268 -0.0024008315545740347 -0.0019045024018344557 -0.0015408506230941337 -0.00018266074943610214 0.0057679373996874306 -0.0040542229919327431 -0.014219184958626733 0.00039625266995200266 0.0040289806861631538 -0.01229738341407109 -0.0071248996757652464 0.0089157980537185304 0.0082766613069575022 -0.01214617053730453 -0.00092527714986649775 -0.033556415381010722 -0.0094571717660611801 -0.0012389188322173886 0.0024151881195788732 0.012574859871633735 -0.012028898850069133 -0.012746129338746937 0.006807419566500288
leaf_weight=845 454 76 836 799 2165 2212 104 265 1911 556 156 923 1055 407 179 65 460 235 63 74 71 1836 4734 278 131 109 315
leaf_count=845 454 76 836 799 2165 2212 104 265 1911 556 156 923 1055 407 179 65 460 235 63 74 71 1836 4734 278 131 109 315
internal_value=0.000161366 -0.000980931 -0.00231061 -0.00181138 0.000700468 -0.00430292 0.00128027 0.00110965 0.00164358 -0.00157575 0.00267461 -0.00171682 0.00123145 -0.00678208 -0.00263795 0.0002709 0.00390124 -0.00733814 -0.00788577 -0.0185509 0.00531316 -0.000756964 0.0033917 0.0062943 -0.00195752 -0.0041899 0.00486099
internal_weight=21314 9668 6088 6012 3001 3011 3580 11646 10196 2472 7724 1079 1611 861 1450 939 639 300 511 137 1194 2386 6645 1123 1967 374 419
internal_count=21314 9668 6088 6012 3001 3011 3580 11646 10196 2472 7724 1079 1611 861 1450 939 639 300 511 137 1194 2386 6645 1123 1967 374 419
cat_boundaries=0 1 2 3 4 5 6 7 8 9 10 11 12
cat_threshold=184 449 3 1 22 16 178 269 3 2 4 2
is_linear=0
shrinkage=0.05


Tree=149
num_leaves=24
num_cat=8
split_feature=0 0 1 0 8 0 0 1 1 1 2 14 12 14 17 15 7 1 7 14 7 7 5
split_gain=8.99578 163.468 21.9944 74.2894 76.6172 50.2784 33.0914 34.0364 20.9103 11.3151 9.31731 11.2949 9.18785 7.47181 9.03348 5.25393 5.12015 5.04626 5.02153 4.32037 4.11352 1.99746 1.27765
threshold=1250.0000000000002 1350.0000000000002 0 1550.0000000000002 513.75000000000011 2450.0000000000005 1550.0000000000002 1 2 3 4 0.32291666666666669 4.5000000000000009 0.06458333333333334 5 6 0.068403818403818414 7 0.076906916612798984 0.65686274509803932 0.033333333333333326 0.066550116550116584 15.500000000000002
decision_type=2 2 1 2 2 2 2 1 1 1 9 2 2 2 1 9 2 1 2 2 2 2 2
left_child=9 12 3 4 -3 -5 7 -4 -8 13 11 18 21 -1 20 22 -16 -13 -11 -17 -15 -2 -12
right_child=1 2 6 5 -6 -7 8 -9 -10 10 15 17 -14 14 16 19 -18 -19 -20 -21 -22 -23 -24
leaf_value=-0.015378422120686861 -0.059608383495360621 0.025648272582127141 0.0043675067705258759 0.00033684523363852986 -0.0038148378132056094 -0.034860582413295142 0.002333850655544601 -0.010807025472435693 -0.0025514098159514047 0.015079855551830848 -0.014563235009629881 -0.0018372787797538556 -0.029477062187041159 -0.0040930031237598414 -0.0013966586504864933 0.0019150951289172342 0.0087743562297705729 0.0059494457962026709 0.0027850047532886825 -0.0088444235689635626 -0.019780828417408178 -0.047162672428897136 -0.0041923240619597211
leaf_weight=112 80 606 478 4156 347 104 4032 1594 4772 371 62 356 50 78 584 2445 157 485 107 97 90 54 57
leaf_count=112 80 606 478 4156 347 104 4032 1594 4772 371 62 356 50 78 584 2445 157 485 107 97 90 54 57
internal_value=-0.000337432 -0.000907412 -0.000371497 0.00229629 0.0149204 -0.000522435 -0.00165079 -0.00733742 -0.000314336 0.00151725 0.00271874 0.00614383 -0.047768 -0.00316197 -0.00169153 0.00100435 0.000748236 0.00270218 0.0123277 0.00149863 -0.0117951 -0.0545929 -0.00885181
internal_weight=21274 16273 16089 5213 953 4260 10876 2072 8804 5001 3980 1319 184 1021 909 2661 741 841 478 2542 168 134 119
internal_count=21274 16273 16089 5213 953 4260 10876 2072 8804 5001 3980 1319 184 1021 909 2661 741 841 478 2542 168 134 119
cat_boundaries=0 1 2 3 4 5 6 7 8
cat_threshold=48 128 321 32 256 1 8 260
is_linear=0
shrinkage=0.05


Tree=150
num_leaves=28
num_cat=7
split_feature=11 0 1 3 19 0 7 7 9 11 2 18 6 7 14 6 5 7 6 17 8 8 2 5 0 14 7
split_gain=11.1489 15.6217 25.4015 22.6482 16.3013 15.2938 13.4489 11.2399 11.005 9.03265 8.65793 7.45052 13.5047 13.4923 10.6843 10.5765 8.7597 8.11814 7.97228 7.57974 13.5708 7.53336 11.2575 6.37132 5.73161 5.43678 5.25846
threshold=1.0000000180025095e-35 1850.0000000000002 0 1 2 1950.0000000000002 0.30786401098901106 0.1704545454545455 1.0000000180025095e-35 1.5000000000000002 3 4 0.11766191325014856 0.011111111111111122 0.06458333333333334 0.23314675520557876 16.500000000000004 0.1471224853577795 0.1121822621822622 5 355.20000000000005 278.7000000000001 6 15.500000000000002 1175.0000000000002 0.17156862745098042 0.1091585497835498
decision_type=2 2 1 9 1 2 2 2 2 2 9 1 2 2 2 2 2 2 2 1 2 2 9 2 2 2 2
left_child=11 6 3 9 -5 -4 7 10 -7 -3 -2 12 13 23 15 -14 21 -16 -15 26 -21 24 -23 -1 -13 -9 -18
right_child=1 2 5 4 -6 8 -8 25 -10 -11 -12 16 14 18 17 -17 19 -19 -20 20 -22 22 -24 -25 -26 -27 -28
leaf_value=0.013329647165976163 -0.0043019265671382133 0.011504355759558958 -0.029332865806357872 -0.022926182757752638 -0.0014343417326177835 -0.010391645135264313 0.022801869562161819 0.0038604308648601824 0.0019695592273303586 -0.00024759001140150111 0.0005327028375869872 0.010542493030501933 0.012784583399143928 -0.0038032491414084616 0.0050770889970793587 -0.014017249334147126 0.0054674948469001922 0.013502537633824561 -0.021870555281288142 -0.033815386613602179 -0.0062344075968239184 -0.0023022641015807395 0.0030920808686503609 -0.00051314874257514021 -0.0072242283441463053 -0.0094331486653516719 -0.010887193948562657
leaf_weight=173 1025 393 91 122 285 953 63 92 222 280 8786 51 52 598 1561 126 165 350 68 57 205 1396 3103 160 413 469 70
leaf_count=173 1025 393 91 122 285 953 63 92 222 280 8786 51 52 598 1561 126 165 350 68 57 205 1396 3103 160 413 469 70
internal_value=-0.000123899 -0.00105877 -0.00474543 0.000919724 -0.00827191 -0.00951041 -0.000229929 -0.000369825 -0.00805617 0.00651814 2.37652e-05 0.00127392 0.00323184 -0.00153915 0.00552889 -0.0061875 0.000160371 0.00662021 -0.00564796 -0.006168 -0.011785 0.000794424 0.00142002 0.00667845 -0.00527142 -0.0072531 0.000571564
internal_weight=21329 12781 2346 1080 407 1266 10435 10372 1175 673 9811 8548 3088 999 2089 178 5460 1911 666 497 262 4963 4499 333 464 561 235
internal_count=21329 12781 2346 1080 407 1266 10435 10372 1175 673 9811 8548 3088 999 2089 178 5460 1911 666 497 262 4963 4499 333 464 561 235
cat_boundaries=0 1 2 3 4 5 6 7
cat_threshold=417 2 1 2 10 2 144
is_linear=0
shrinkage=0.05


Tree=151
num_leaves=29
num_cat=13
split_feature=0 2 0 19 3 10 9 1 3 0 2 1 2 8 1 2 0 0 1 5 14 5 14 6 17 1 0 6
split_gain=12.2153 22.5751 38.8423 35.3795 27.5666 38.262 21.2343 12.6403 12.3424 43.4832 22.5772 22.0786 20.0836 36.1982 14.4873 14.1827 12.1123 10.8684 10.5508 10.0147 8.87784 8.83402 8.56028 8.39928 7.35174 10.4984 8.75771 6.28659
threshold=2050.0000000000005 0 2350.0000000000005 1 2 1.0000000180025095e-35 1.0000000180025095e-35 3 4 1850.0000000000002 5 6 7 319.20000000000005 8 9 1750.0000000000002 2350.0000000000005 10 7.5000000000000009 0.44949494949494956 9.5000000000000018 0.2817460317460318 0.11590909090909092 11 12 1750.0000000000002 0.13810601163542341
decision_type=2 9 2 1 9 2 2 1 9 2 9 1 9 2 1 9 2 2 1 2 2 2 2 2 1 1 2 2
left_child=8 2 4 27 23 -6 20 17 14 10 11 -10 13 -11 15 19 -17 -5 -12 -1 -4 -9 -14 -2 25 -16 -26 -3
right_child=1 3 6 7 5 -7 -8 21 9 12 18 -13 22 -15 24 16 -18 -19 -20 -21 -22 -23 -24 -25 26 -27 -28 -29
leaf_value=0.025412321836461849 -0.021319240188369386 0.018441296072076944 0.0017686502414936613 -0.0029610563112698772 -0.060738899146517124 -0.018197302011429599 -0.023195949770123153 0.020135739261027557 0.0035616644619676295 -0.026496356694171067 -0.0026537172717860705 -0.0013012357040252118 -0.029027939096489094 0.022823213730221507 0.0049499601707257302 0.0023347583534896522 -0.0092340719185064219 -0.035146937800534801 -0.021175460716920461 0.005689373907780822 0.019566459828270492 -0.0017688916307026228 -0.014219996950476233 -0.00043999966163869191 -0.0013713242461099945 -0.0080985056964085634 0.003368465059559424 0.04172451349400115
leaf_weight=66 65 59 360 54 75 179 77 58 3655 65 155 6419 169 87 207 1042 289 51 171 2594 87 223 231 186 2102 552 1817 57
leaf_count=66 65 59 360 54 75 179 77 58 3655 65 155 6419 169 87 207 1042 289 51 171 2594 87 223 231 186 2102 552 1817 57
internal_value=9.50437e-05 -0.00420644 -0.00839982 0.00446749 -0.0183769 -0.0295937 0.00105517 -0.00297722 0.000430683 -0.000685089 4.01187e-05 0.000464881 -0.0143608 0.00162566 0.00183897 0.00404889 -0.00017586 -0.0169773 -0.0127102 0.0061556 0.00523265 0.00265777 -0.0199769 -0.00562295 -5.10327e-05 -0.00452174 0.000824123 0.0275106
internal_weight=21152 1531 1029 502 505 254 524 386 19621 10952 10400 10074 552 152 8669 3991 1331 105 326 2660 447 281 400 251 4678 759 3919 116
internal_count=21152 1531 1029 502 505 254 524 386 19621 10952 10400 10074 552 152 8669 3991 1331 105 326 2660 447 281 400 251 4678 759 3919 116
cat_boundaries=0 1 2 3 4 5 6 7 8 9 10 11 12 13
cat_threshold=138 36 9 128 6 393 208 10 360 14 224 8 512
is_linear=0
shrinkage=0.05


Tree=152
num_leaves=24
num_cat=8
split_feature=5 8 4 13 8 8 7 2 19 3 7 7 17 9 7 17 8 19 7 7 6 17 12
split_gain=7.9197 10.8916 8.58317 8.82789 8.55533 8.28818 10.9806 10.8439 13.756 10.4503 8.64975 7.86478 7.7242 14.4379 7.88747 6.86943 11.5427 6.1811 6.10642 5.62833 7.37449 5.29056 4.96851
threshold=8.5000000000000018 381.20000000000005 0 8.5000000000000018 278.7000000000001 309.00000000000006 0.1167748917748918 1 2 3 0.12266622266622268 0.085645604395604411 4 1.0000000180025095e-35 0.18982371794871797 5 328.75000000000006 6 0.090860528360528395 0.11785130718954251 0.22744567523979289 7 1.5000000000000002
decision_type=2 2 1 2 2 2 2 9 1 9 2 2 1 2 2 1 2 1 2 2 2 1 2
left_child=1 4 3 19 22 6 11 8 -7 -9 -8 -4 14 -14 17 18 -17 -3 -6 21 -21 -2 -1
right_child=2 12 5 -5 15 7 10 9 -10 -11 -12 -13 13 -15 -16 16 -18 -19 -20 20 -22 -23 -24
leaf_value=-0.0093639410574443329 0.0081224709678528236 0.0080714235141000779 -0.0018724297391313626 -0.014497495484205761 0.013401592817474035 -0.0024657783434661514 -0.027066337640504715 0.0041816318196040625 0.0011851203368367989 -0.0078653052419240619 -0.0060477256078554382 0.0050275540776079999 -0.026181495226859176 0.0039672237847897616 0.02140766350077648 0.01769392847752151 -0.0095956948476952405 -0.0082686974089746634 0.030740766485197177 0.0045604999022553407 0.022016010255542368 0.00092840494199013181 0.0081488583731338573
leaf_weight=81 314 101 4472 70 153 4970 52 2156 5346 188 834 455 77 82 51 78 77 111 76 189 89 1252 81
leaf_count=81 314 101 4472 70 153 4970 52 2156 5346 188 834 455 77 82 51 78 77 111 76 189 89 1252 81
internal_value=-5.3066e-05 0.00436583 -0.000262881 0.00291573 0.00902853 -0.000593476 -0.00215676 0.000123856 -0.000574479 0.0031861 -0.00728132 -0.00123523 -0.00166696 -0.0100039 0.00361614 0.0130937 0.00388641 -0.000493323 0.0183546 0.00359256 0.0101488 0.00242869 -0.000607541
internal_weight=21355 968 20387 1914 546 18473 5813 12660 10316 2344 886 4927 422 159 263 384 155 212 229 1844 278 1566 162
internal_count=21355 968 20387 1914 546 18473 5813 12660 10316 2344 886 4927 422 159 263 384 155 212 229 1844 278 1566 162
cat_boundaries=0 1 2 3 4 5 6 7 8
cat_threshold=24 402 18 6 5 9 13 8
is_linear=0
shrinkage=0.05


Tree=153
num_leaves=28
num_cat=12
split_feature=15 1 2 7 17 2 12 13 5 13 1 1 18 13 12 7 19 7 7 4 19 5 12 4 8 5 12
split_gain=7.75234 14.0486 8.15821 6.02318 5.98455 11.0853 5.78328 5.77639 5.59804 5.52639 8.36368 5.27985 6.65041 5.81093 4.5314 3.89051 7.64843 6.51535 6.35534 5.03397 3.55661 3.44877 3.3042 3.23175 2.93766 2.53643 1.55884
threshold=0 1 2 0.027792632204396917 3 4 4.5000000000000009 5.5000000000000009 13.500000000000002 7.5000000000000009 5 6 7 5.5000000000000009 1.5000000000000002 0.18168290043290045 8 0.27877122877122884 0.16628151260504206 9 10 14.500000000000002 2.5000000000000004 11 328.75000000000006 15.500000000000002 3.5000000000000004
decision_type=9 1 9 2 1 9 2 2 2 2 1 1 1 2 2 2 1 2 2 1 1 2 2 1 2 2 2
left_child=1 4 3 25 6 23 7 -1 -8 11 24 13 -13 -4 -7 18 -17 -18 19 -3 -12 22 -5 -6 -11 -2 -23
right_child=2 15 9 21 5 14 8 -9 -10 10 20 12 -14 -15 -16 16 17 -19 -20 -21 -22 26 -24 -25 -26 -27 -28
leaf_value=0.0024399556409272403 0.023317492125375618 0.0043312038732939446 -0.0045472023607682341 0.0043631674829763744 0.0084688988719806759 -0.0016741251753222561 -0.01441298975750511 0.016321227844390603 0.00050833888755018916 0.0052928496460731903 -0.0027103125717681696 0.0058377182313766492 -0.00039197182663036791 0.0010345493101329443 -0.010147884509253887 0.0088219879872419634 -0.012053067335962422 0.0072167290160874038 0.017886089235671785 0.00082908894146623197 -0.0094251819656102562 0.014769008580629748 -0.012685206463491475 -0.00068727603378597978 -0.0042271077267027326 0.0081815334586426616 0.0025170577131211759
leaf_weight=448 62 2723 1518 60 101 217 89 90 214 254 361 438 9789 673 578 100 180 58 73 1671 514 54 54 725 119 50 50
leaf_count=448 62 2723 1518 60 101 217 89 90 214 254 361 438 9789 673 578 100 180 58 73 1671 514 54 54 725 119 50 50
internal_value=-3.90299e-05 0.00128489 -0.000726836 0.00692626 -0.00178229 -0.00355234 0.00163107 0.0047621 -0.00387449 -0.000916569 -0.00408891 -0.000598489 -0.000119726 -0.00281981 -0.00773759 0.00285691 -0.00230936 -0.00706041 0.00325421 0.00301112 -0.00671675 0.00229435 -0.00371238 0.000520215 0.00219676 0.0165604 0.00887865
internal_weight=21263 7267 13996 330 2462 1621 841 538 303 13666 1248 12418 10227 2191 795 4805 338 238 4467 4394 875 218 114 826 373 112 104
internal_count=21263 7267 13996 330 2462 1621 841 538 303 13666 1248 12418 10227 2191 795 4805 338 238 4467 4394 875 218 114 826 373 112 104
cat_boundaries=0 1 2 3 4 5 6 7 8 9 10 11 12
cat_threshold=42 142 4 4 275 643 517 2 1 25 18 8
is_linear=0
shrinkage=0.05


Tree=154
num_leaves=25
num_cat=7
split_feature=0 0 1 1 0 0 0 8 1 3 19 6 11 17 7 14 6 15 14 13 6 11 5 14
split_gain=10.602 152.44 14.2044 13.4455 36.5575 18.9464 18.662 77.1656 21.1539 12.0669 11.7571 9.01968 8.13075 6.01927 8.01979 6.51856 7.99154 5.09845 5.02271 4.34016 3.14756 1.95644 4.04312 2.44011
threshold=1250.0000000000002 1350.0000000000002 0 1 1550.0000000000002 1450.0000000000002 1550.0000000000002 487.60000000000008 2 3 4 0.076976944624003465 1.0000000180025095e-35 5 0.11785130718954251 0.060661764705882359 0.17781385281385284 6 0.19375000000000003 6.5000000000000009 0.10873228079110432 1.5000000000000002 14.500000000000002 0.44949494949494956
decision_type=2 2 1 1 2 2 2 2 1 9 1 2 2 1 2 2 2 9 2 2 2 2 2 2
left_child=2 18 9 4 5 -3 7 -5 -8 11 -6 12 -1 15 17 -4 -17 -15 -2 -13 -20 23 -23 -11
right_child=1 3 13 6 10 -7 8 -9 -10 21 -12 19 -14 14 -16 16 -18 -19 20 -21 -22 22 -24 -25
leaf_value=-0.012532088153238875 -0.058927118489518759 -0.0087045746523105542 -0.015427729718525102 -0.0035710109471611541 0.0052765516171881391 -0.02977544305801031 -0.0032532215895501254 0.015810153053646556 0.0016641957228578049 -1.4186205701549458e-05 -0.0017105047691421569 0.01501452940066899 0.0064403933270902299 0.0010837360989161703 -0.017395571311719198 0.0014439457694913897 0.016023961933814179 -0.0053112965098800332 -0.049425619474628514 0.0016803409108459685 -0.032881098269517052 -0.014227297759669669 0.00079943294821747848 0.010863639456370186
leaf_weight=64 60 764 54 1169 727 124 3632 916 5465 306 3281 476 480 738 86 1855 99 528 57 70 58 68 131 62
leaf_count=64 60 764 54 1169 727 124 3632 916 5465 306 3281 476 480 738 86 1855 99 528 57 70 58 68 131 62
internal_value=-0.000165622 -0.000785828 0.00184359 -0.000280637 -0.00246288 -0.0116469 0.00067645 0.00494369 -0.000300842 0.00561509 -0.000434245 0.00868534 0.00420834 -3.29578e-05 -0.00260122 0.00170059 0.00218265 -0.00161678 -0.0471999 0.013305 -0.0410814 -0.0003354 -0.00433533 0.00181849
internal_weight=21270 16253 5017 16078 4896 888 11182 2085 9097 1657 4008 1090 544 3360 1352 2008 1954 1266 175 546 115 567 199 368
internal_count=21270 16253 5017 16078 4896 888 11182 2085 9097 1657 4008 1090 544 3360 1352 2008 1954 1266 175 546 115 567 199 368
cat_boundaries=0 1 2 3 4 5 6 7
cat_threshold=449 263 144 1 6 6 1
is_linear=0
shrinkage=0.05


Tree=155
num_leaves=28
num_cat=6
split_feature=15 1 12 6 11 7 14 6 4 1 1 9 1 14 7 7 6 7 13 14 7 5 11 14 6 14 6
split_gain=8.74324 9.82019 11.8906 7.98095 9.18857 7.30642 7.00196 6.83523 6.79664 6.36896 5.8719 5.16581 4.37521 4.63496 3.60817 9.44556 8.94805 3.53886 3.85152 3.46795 2.6711 2.34707 2.23999 3.64413 2.18829 1.95173 3.35581
threshold=0 1 2.5000000000000004 0.020220588235294119 2.5000000000000004 0.042857142857142864 0.73030303030303034 0.16285822021116142 2 3 4 1.0000000180025095e-35 5 0.41421568627450983 0.0083333333333333367 0.028423659673659677 0.27306547619047622 0.01666666666666667 2.5000000000000004 0.59411764705882364 0.055170932009167305 15.500000000000002 1.5000000000000002 0.46410256410256417 1.0000000180025095e-35 0.19375000000000003 0.027874902874902879
decision_type=9 1 2 2 2 2 2 2 1 1 1 2 1 2 2 2 2 2 2 2 2 2 2 2 2 2 2
left_child=1 2 17 4 22 21 8 -7 9 -5 -10 20 13 -6 25 -16 -17 -1 -19 -14 -8 -4 24 -24 -2 -3 -27
right_child=3 14 5 6 12 7 11 -9 10 -11 -12 -13 19 -15 15 16 -18 18 -20 -21 -22 -23 23 -25 -26 26 -28
leaf_value=0.009634388936683537 -0.010320256250695541 -0.0019857579513507732 -0.030563563337799773 0.011953947497074532 -0.0076992021060533948 -0.0024436076039642987 -0.0087612656461582943 -0.022202565264529905 0.0028445102112332151 0.00057351409241299968 -1.6870988101799779e-05 0.0014285284309433057 -0.011037514121729698 0.007852770059449541 -0.021153958429229156 -0.0024456190267295886 0.020221156058833005 -0.012886569784446198 0.0044683694478965573 0.0036445254568631454 -0.024567333429765244 -0.017603779112448127 -0.0026373725093435498 -0.015899757349906469 -0.02387137850831178 -0.0002028479911386967 0.016757128550005811
leaf_weight=68 65 51 67 238 63 134 55 65 1998 258 16749 65 122 200 58 337 50 66 62 60 52 73 128 87 55 50 70
leaf_count=68 65 51 67 238 63 134 55 65 1998 258 16749 65 122 200 58 337 50 66 62 60 52 73 128 87 55 50 70
internal_value=-8.74379e-05 -0.00430684 -0.00921428 0.0001551 -0.00480385 -0.0150544 0.000354406 -0.00889754 0.000444178 0.00616261 0.000289441 -0.00968905 -9.5283e-05 0.00397621 3.4405e-05 -0.00233718 0.000482905 0.000416652 -0.00448027 -0.00587451 -0.0164427 -0.023806 -0.0110585 -0.00800401 -0.0165312 0.00620809 0.00969047
internal_weight=21346 1151 535 20195 780 339 19415 199 19243 496 18747 172 445 263 616 445 387 196 128 182 107 140 335 215 120 171 120
internal_count=21346 1151 535 20195 780 339 19415 199 19243 496 18747 172 445 263 616 445 387 196 128 182 107 140 335 215 120 171 120
cat_boundaries=0 1 2 3 4 5 6
cat_threshold=4 176 16 690 128 316
is_linear=0
shrinkage=0.05


Tree=156
num_leaves=24
num_cat=6
split_feature=18 17 6 15 2 6 14 5 5 19 17 6 6 6 14 5 6 11 7 6 8 7 6
split_gain=8.24402 9.962 7.79516 7.585 10.748 11.4689 9.21247 6.14378 7.8589 5.89292 8.44016 10.1407 7.52485 7.38423 5.8367 5.25626 6.13552 5.01314 6.37286 5.24331 4.18685 2.22934 1.97285
threshold=0 1 0.20493464868464872 2 3 0.13654091007032185 0.24264705882352944 12.500000000000002 14.500000000000002 4 5 0.31035076035076042 0.053455687830687833 0.28553044178044185 0.28991596638655465 12.500000000000002 0.11486661486661488 2.5000000000000004 0.1329399766899767 0.32260737628384689 592.30000000000007 0.045133053221288529 0.097873422873422877
decision_type=1 1 2 9 9 2 2 2 2 1 1 2 2 2 2 2 2 2 2 2 2 2 2
left_child=1 2 7 9 5 21 -7 22 -9 10 13 -12 14 -2 -11 16 -3 19 -19 -6 -14 -5 -1
right_child=3 15 -4 4 17 6 -8 8 -10 12 11 -13 20 -15 -16 -17 -18 18 -20 -21 -22 -23 -24
leaf_value=0.0025528697315603498 0.00024709068138901172 -0.0077460626739708858 0.024012608639895919 0.029123394965194168 -0.00028804446905943262 0.009070626508943953 -0.012892714206588596 0.021123970352402592 0.0051566099946606251 -0.012465829644472627 -0.0034004436746119578 -0.026254579410530055 0.0039260675763115411 0.010855129169826599 -0.00011609966534909693 -0.013467256683141512 0.011032010343570755 -0.0031494571385563015 -0.018288867807053532 -0.0031614658416578472 -0.0066823815820195413 0.01493325966049827 -0.011357246002612207
leaf_weight=50 1513 87 72 50 10774 138 73 103 306 116 729 52 2985 184 546 86 87 1146 74 1862 96 62 52
leaf_count=50 1513 87 72 50 10774 138 73 103 306 116 729 52 2985 184 546 86 87 1146 74 1862 96 62 52
internal_value=4.62591e-05 0.00486209 0.00846487 -0.000155055 -0.000793578 0.00808592 0.00147194 0.00643984 0.00917773 0.00129921 -0.00059203 -0.00485988 0.00254953 0.0013891 -0.0022801 -0.00323077 0.00164297 -0.00100625 -0.00406775 -0.000711463 0.00359552 0.0212681 -0.00453856
internal_weight=21243 843 583 20400 14179 323 211 511 409 6221 2478 781 3743 1697 662 260 174 13856 1220 12636 3081 112 102
internal_count=21243 843 583 20400 14179 323 211 511 409 6221 2478 781 3743 1697 662 260 174 13856 1220 12636 3081 112 102
cat_boundaries=0 1 2 3 4 5 6
cat_threshold=2 12 34 4 48 10
is_linear=0
shrinkage=0.05


Tree=157
num_leaves=25
num_cat=7
split_feature=15 19 0 8 2 14 7 8 0 0 0 8 0 0 4 2 14 6 14 4 8 17 11 7
split_gain=12.2446 10.6306 8.2602 21.5262 14.6112 9.03806 8.67572 8.2356 7.31301 7.16883 52.0331 12.354 33.8019 28.0675 6.18116 6.31163 6.12133 5.81576 5.64615 5.52278 5.01699 4.21711 2.8833 2.54821
threshold=0 1 1350.0000000000002 487.60000000000008 2 0.44949494949494956 0.035323826500297091 263.2000000000001 1175.0000000000002 1250.0000000000002 1350.0000000000002 411.60000000000008 1550.0000000000002 1750.0000000000002 3 4 0.69615384615384623 0.12813958916900095 0.24264705882352944 5 319.20000000000005 6 1.0000000180025095e-35 0.08095238095238097
decision_type=9 1 2 2 9 2 2 2 2 2 2 2 2 2 1 9 2 2 2 1 2 1 2 2
left_child=9 7 3 18 6 -6 -4 8 -2 16 17 13 -13 -12 15 -9 19 -11 -3 22 -21 -16 -1 -10
right_child=1 2 4 -5 5 -7 -8 14 23 10 11 12 -14 -15 21 -17 -18 -19 -20 20 -22 -23 -24 -25
leaf_value=0.016609607037059809 0.0083854217487387365 -0.0077886050095587397 0.0035503382490685159 -0.029564567246153708 0.0047245536490580376 -0.0018474505945828433 0.01670405017809035 -0.0044687200389071117 -0.016031516735759997 -0.025354239523350714 -0.0068224444296682884 0.010275343905304067 -0.0014775052448479855 -0.00023800947329388818 -0.00089327004893578863 0.0032205515861973184 -0.014670381546936562 -0.048273550897836692 0.0027550046603524482 -0.0012219922234471851 0.0030024700537518286 -0.0077543064468937814 0.0051138933741021906 -0.0042678501184127528
leaf_weight=75 50 151 195 61 1791 739 351 316 164 62 2488 779 2850 4631 789 1498 61 50 798 1583 1264 308 200 64
leaf_count=75 50 151 195 61 1791 739 351 316 164 62 2488 779 2850 4631 789 1498 61 50 798 1583 1264 308 200 64
internal_value=-0.000207628 0.00145614 0.00314229 -0.000773291 0.00443818 0.00279386 0.0117904 -0.00070736 -0.0089318 -0.00106982 -0.00168218 -0.00132889 0.00104536 -0.00253919 7.5643e-05 0.00186392 0.00101612 -0.0355861 0.00107736 0.00132262 0.000651281 -0.00287226 0.00795965 -0.0127294
internal_weight=21318 7275 4086 1010 3076 2530 546 3189 278 14043 10860 10748 3629 7119 2911 1814 3183 112 949 3122 2847 1097 275 228
internal_count=21318 7275 4086 1010 3076 2530 546 3189 278 14043 10860 10748 3629 7119 2911 1814 3183 112 949 3122 2847 1097 275 228
cat_boundaries=0 1 2 3 4 5 6 7
cat_threshold=5 24 128 25 20 24 2
is_linear=0
shrinkage=0.05


Tree=158
num_leaves=25
num_cat=5
split_feature=0 0 0 1 1 0 0 0 1 4 0 8 16 0 8 0 8 7 5 11 7 7 5 14
split_gain=7.74789 7.58132 19.8512 46.9018 45.0816 42.9268 22.2967 21.4526 17.7732 26.7895 23.1828 14.099 14.9371 14.7463 12.4361 5.29811 1.82135 2.46628 1.01905 0.888672 0.812054 0.54376 0.283773 0.0504176
threshold=1075.0000000000002 1750.0000000000002 1450.0000000000002 0 1 1350.0000000000002 1550.0000000000002 1350.0000000000002 2 3 1850.0000000000002 381.20000000000005 4 2150.0000000000005 592.30000000000007 1850.0000000000002 278.7000000000001 0.0047619047619047528 13.500000000000002 1.5000000000000002 0.035323826500297091 0.035323826500297091 14.500000000000002 0.44949494949494956
decision_type=2 2 2 1 1 2 2 2 1 1 2 2 9 2 2 2 2 2 2 2 2 2 2 2
left_child=16 2 3 5 14 -2 -6 -5 9 15 -11 12 -10 -13 -4 -3 17 -1 -18 20 -20 -19 -21 -23
right_child=1 8 4 7 6 -7 -8 -9 11 10 -12 13 -14 -15 -16 -17 18 21 19 22 -22 23 -24 -25
leaf_value=0.015778349590058742 -0.00067074508166047107 -0.0060696030429282571 0.0015341509906842831 4.1515733184313675e-05 -0.029547491466343802 0.011894683290420642 -0.0067212706401923589 -0.0071921495381269025 0.0068082481120524743 0.0083669546302107562 0.0010490392734986698 -0.0098010408933409815 -0.0012599731378841609 0.0036345512269058107 0.015552538335739569 -0.019764139430354474 -0.002311609170564841 0.0015004261315130351 0.01165929917027173 0.0047278955584885421 0.0036507951693298918 0.0064956495180792584 0.00044017949430681354 0.0086577569044983173
leaf_weight=89 1281 304 1362 3241 112 1448 2388 1499 717 2015 2338 762 2711 279 179 92 62 57 67 67 60 56 91 52
leaf_count=89 1281 304 1362 3241 112 1448 2388 1499 717 2015 2338 762 2711 279 179 92 62 57 67 67 60 56 91 52
internal_value=0.000256198 9.39292e-05 -0.000761816 0.000765537 -0.00358483 0.00597454 -0.00771303 -0.00224136 0.00116245 0.00328821 0.00442633 -0.00110139 0.00044376 -0.00620015 0.00314211 -0.0090233 0.00585272 0.00906991 0.00349777 0.00476157 0.00787575 0.00545142 0.00225839 0.00753666
internal_weight=21329 20728 11510 7469 4041 2729 2500 4740 9218 4749 4353 4469 3428 1041 1541 396 601 254 347 285 127 165 158 108
internal_count=21329 20728 11510 7469 4041 2729 2500 4740 9218 4749 4353 4469 3428 1041 1541 396 601 254 347 285 127 165 158 108
cat_boundaries=0 1 2 3 4 5
cat_threshold=149 364 625 4 32
is_linear=0
shrinkage=0.05


Tree=159
num_leaves=26
num_cat=7
split_feature=15 1 2 6 14 0 0 0 1 1 14 0 7 2 0 0 0 14 5 0 14 6 17 6 6
split_gain=7.66478 12.4094 10.7672 15.5462 17.0159 8.30005 7.88371 45.2367 18.0056 12.1221 7.81388 7.76608 6.95557 4.54547 30.2721 50.7503 11.5751 4.43789 7.33248 6.11789 3.8471 3.23638 2.92313 1.71944 0.797033
threshold=0 1 2 0.13738344988344989 0.19375000000000003 2150.0000000000005 1250.0000000000002 1350.0000000000002 3 4 0.65686274509803932 1175.0000000000002 0.18764140271493215 5 1350.0000000000002 1250.0000000000002 1850.0000000000002 0.56696428571428581 9.5000000000000018 2450.0000000000005 0.35504201680672276 0.11920163170163171 6 0.066702741702741722 0.37064210299504424
decision_type=9 1 9 2 2 2 2 2 1 1 2 2 2 9 2 2 2 2 2 2 2 2 1 2 2
left_child=2 5 3 20 24 11 8 21 22 -9 -10 23 -13 14 15 -3 -16 19 -19 -15 -1 -8 -4 -2 -5
right_child=1 13 6 4 -6 -7 7 9 10 -11 -12 12 -14 17 16 -17 -18 18 -20 -21 -22 -23 -24 -25 -26
leaf_value=0.031876843379189577 0.0021002523282444793 0.0073282351463355815 -0.0022915737542746578 0.016980491835962643 -0.016467701875477692 0.014994073168631515 -0.025018680280358609 0.00053816891031241865 0.0037221241229578421 -0.0028805954579517847 -0.010023873484223495 -0.004804864828100895 -0.021720526634375209 0.0022468246305086276 0.011909498634614109 -0.054604408271470166 -0.0042087708770144564 0.0088155602629499865 -0.0078681566546726072 -0.0091878086906702575 0.013569357378027317 -0.041958787804712003 -0.0090891220971521993 0.013646726039171751 0.0087429518005736773
leaf_weight=60 76 88 316 55 88 58 59 4805 2419 5622 108 934 65 4642 660 53 134 87 271 120 55 54 362 56 63
leaf_count=60 76 88 316 55 88 58 59 4805 2419 5622 108 934 65 4642 660 53 134 87 271 120 55 54 362 56 63
internal_value=-9.30834e-05 0.00122732 -0.000773414 0.00814048 0.000172695 -0.00342459 -0.000987355 -0.0016484 0.00118347 -0.0013074 0.00312229 -0.00439942 -0.00590548 0.00214494 0.00534089 -0.0159514 0.00918929 0.00155203 -0.00381373 0.00195868 0.0231211 -0.033114 -0.0060003 0.00699876 0.0125825
internal_weight=21310 7244 14066 321 206 1189 13745 10540 3205 10427 2527 1131 999 6055 935 141 794 5120 358 4762 115 113 678 132 118
internal_count=21310 7244 14066 321 206 1189 13745 10540 3205 10427 2527 1131 999 6055 935 141 794 5120 358 4762 115 113 678 132 118
cat_boundaries=0 1 2 3 4 5 6 7
cat_threshold=5 10 4 32 176 128 12
is_linear=0
shrinkage=0.05


Tree=160
num_leaves=25
num_cat=8
split_feature=4 1 17 2 6 14 5 14 10 18 5 19 17 6 6 6 5 8 5 1 5 5 5 6
split_gain=6.55219 14.9544 8.35 8.0723 8.95918 8.76686 8.96364 8.54014 7.63401 9.41425 10.0125 7.15304 6.46277 6.11396 5.18075 4.61101 3.88715 3.087 2.99553 7.66646 4.20031 2.50207 3.73728 2.2645
threshold=0 1 2 3 1.0000000180025095e-35 0.17156862745098042 8.5000000000000018 0.42261904761904767 1.0000000180025095e-35 4 15.500000000000002 5 6 0.022423328305681254 0.10343675931911228 0.036047979797979808 13.500000000000002 407.20000000000005 14.500000000000002 7 13.500000000000002 11.500000000000002 14.500000000000002 0.01150793650793651
decision_type=1 1 1 9 2 2 2 2 2 1 2 1 1 2 2 2 2 2 2 1 2 2 2 2
left_child=1 2 16 4 -2 6 -6 -7 9 14 -11 15 -13 23 -5 -10 -1 -18 20 -20 -15 -4 -23 -3
right_child=3 13 21 8 5 7 -8 -9 11 10 -12 12 -14 18 -16 -17 17 -19 19 -21 -22 22 -24 -25
leaf_value=-0.0099801736642959812 -0.017566076485330567 -0.0036949384510151896 -0.0023814019659766927 0.0051121571841221515 -0.021297408703883941 0.0016397545666952821 -0.0037073447321766227 -0.0034157254338899184 -0.006593139097094536 0.00348231954144609 -0.00036237615545770739 -8.7429936610258297e-05 -0.0039384625789728725 0.0012205176970395816 0.018248232500274863 0.0040429114182098502 -0.0007662759203746726 0.014745231286441493 0.0042236381950845692 -0.0051892772320437652 0.010697555506968168 -0.019534726961707771 -0.010032607007857689 -0.018258547498719833
leaf_weight=58 85 51 64 174 77 2586 1219 1234 112 3452 3324 4044 1483 427 132 1130 79 54 395 455 161 148 344 56
leaf_count=58 85 51 64 174 77 2586 1219 1234 112 3452 3324 4044 1483 427 132 1130 79 54 395 455 161 148 344 56
internal_value=-9.01644e-05 -0.00260982 -0.0083724 0.000214213 -0.00146361 -0.00119894 -0.00475243 6.64925e-06 0.000844831 0.00199304 0.00159393 -0.000355223 -0.00112598 0.000212287 0.0104376 0.00305915 0.000780381 0.00553163 0.00107165 -0.000826401 0.00381542 -0.0114749 -0.012891 -0.011317
internal_weight=21344 2292 747 19052 5201 5116 1296 3820 13851 7082 6776 6769 5527 1545 306 1242 191 133 1438 850 588 556 492 107
internal_count=21344 2292 747 19052 5201 5116 1296 3820 13851 7082 6776 6769 5527 1545 306 1242 191 133 1438 850 588 556 492 107
cat_boundaries=0 1 2 3 4 5 6 7 8
cat_threshold=4 98 8 18 2 10 6 532
is_linear=0
shrinkage=0.05


Tree=161
num_leaves=27
num_cat=7
split_feature=15 0 0 8 0 0 0 10 14 9 0 19 2 9 8 0 4 14 3 19 14 3 12 8 14 14
split_gain=11.24 10.7398 49.7424 9.41652 47.7779 14.0441 8.77246 13.3009 18.2856 9.01726 9.86513 9.07611 7.63743 6.9731 7.63406 5.92159 5.61097 5.04578 4.6004 5.53347 4.54071 4.36245 3.02052 2.6467 0.755917 0.406108
threshold=0 1250.0000000000002 1350.0000000000002 487.60000000000008 1550.0000000000002 1750.0000000000002 2350.0000000000005 1.0000000180025095e-35 0.44097222222222227 1.0000000180025095e-35 2050.0000000000005 1 2 1.0000000180025095e-35 340.90000000000003 1750.0000000000002 3 0.53589743589743599 4 5 0.13809523809523813 6 3.5000000000000004 443.05000000000007 0.30384615384615393 0.36038961038961043
decision_type=9 2 2 2 2 2 2 2 2 2 2 1 9 2 2 2 1 2 9 1 2 9 2 2 2 2
left_child=1 13 22 5 -5 -4 9 8 23 10 16 15 -13 18 20 -11 -2 -16 19 -1 -15 -20 -3 -8 -12 -9
right_child=6 2 3 4 -6 -7 7 25 -10 11 24 12 -14 14 17 -17 -18 -19 21 -21 -22 -23 -24 -25 -26 -27
leaf_value=0.016940486834977161 0.0047318197310754371 -0.042207253125736553 -0.0048659667288057989 0.013059841589738172 -0.0027116168458248681 -0.00057302753102643662 0.0027762606228683511 0.020301558397976417 -0.023083668288395365 0.0032423848955288447 -0.018795199383146548 0.0091981815421984161 -0.00066672042194303508 -0.013965329278827363 0.0042267327243501532 0.010230659994818413 -0.00066484826841836122 -0.0090789900816701085 0.0024351354223570943 0.004636078411587188 -0.0030388309539317788 -0.0076072394329633926 -0.025689943369477986 0.017462039833688842 -0.010687368738938843 0.026201495130546395
leaf_weight=100 548 62 3024 646 1871 5149 51 70 54 628 58 220 1331 115 592 586 3510 81 853 775 549 114 50 77 57 50
leaf_count=100 548 62 3024 646 1871 5149 51 70 54 628 58 220 1331 115 592 586 3510 81 853 775 549 114 50 77 57 50
internal_value=-0.000104864 -0.00093273 -0.00168518 -0.00133788 0.0013362 -0.00216141 0.00149304 0.00983719 0.00131675 0.00113198 -0.000335301 0.00334644 0.000782517 0.00162111 -0.00112753 0.00656159 7.39501e-05 0.0026253 0.00361618 0.00621782 -0.00493122 0.00118549 -0.0348335 0.0116107 -0.0147765 0.0227599
internal_weight=21221 13981 10802 10690 2517 8173 7240 302 182 6938 4173 2765 1551 3179 1337 1214 4058 673 1842 875 664 967 112 128 115 120
internal_count=21221 13981 10802 10690 2517 8173 7240 302 182 6938 4173 2765 1551 3179 1337 1214 4058 673 1842 875 664 967 112 128 115 120
cat_boundaries=0 1 2 3 4 5 6 7
cat_threshold=5 37 8 24 9 44 2
is_linear=0
shrinkage=0.05


Tree=162
num_leaves=14
num_cat=3
split_feature=0 0 0 1 0 2 0 1 14 12 14 14 14
split_gain=8.10454 63.6806 13.6632 24.817 14.3733 41.1297 10.1003 6.14526 5.161 5.01045 4.24287 2.69203 1.56819
threshold=2550.0000000000005 2450.0000000000005 2350.0000000000005 0 2050.0000000000005 1 1750.0000000000002 2 0.35504201680672276 1.5000000000000002 0.32291666666666669 0.2752525252525253 0.41421568627450983
decision_type=2 2 2 1 2 9 2 1 2 2 2 2 2
left_child=1 2 4 8 6 -6 -1 11 -4 -5 -9 -2 -13
right_child=7 -3 3 9 5 -7 -8 10 -10 -11 -12 12 -14
leaf_value=-0.0006600051100391144 -0.0072776367915954824 -0.041051313288985418 -0.0029206433641125584 0.004033907974252896 0.013102344633757616 -0.014306810518666913 0.0016613772753917334 0.027685479792681607 -0.024584832659456879 0.016969605308460891 0.0094529382639417531 0.01223593958969808 0.00038605533161405794
leaf_weight=12133 58 94 56 98 179 504 7634 55 54 317 76 53 59
leaf_count=12133 58 94 56 98 179 504 7634 55 54 317 76 53 59
internal_value=0.000126944 1.05597e-05 0.00019458 0.00815914 -9.88975e-06 -0.00714108 0.000236511 0.00827343 -0.0124261 0.0135875 0.0158945 0.00138433 0.00599359
internal_weight=21370 21069 20975 525 20450 683 19767 301 110 415 131 170 112
internal_count=21370 21069 20975 525 20450 683 19767 301 110 415 131 170 112
cat_boundaries=0 1 2 3
cat_threshold=136 16 772
is_linear=0
shrinkage=0.05


Tree=163
num_leaves=31
num_cat=13
split_feature=6 15 1 18 2 18 13 1 4 16 12 2 7 2 8 7 7 7 14 7 6 18 13 4 12 1 13 7 7 12
split_gain=6.89623 8.31551 10.1796 14.5924 7.95969 7.25426 9.92689 11.1087 6.5544 5.95443 11.4702 10.397 5.15518 5.03742 5.69414 11.9473 5.33863 10.7158 17.8593 7.19917 10.5148 7.07662 4.68285 6.85822 4.39971 3.0131 2.91344 2.82855 2.1524 1.96518
threshold=0.092110177404295071 0 1 2 3 4 2.5000000000000004 5 6 7 1.0000000180025095e-35 8 0.12736185383244211 9 513.75000000000011 0.061935286935286944 0.077844622697563884 0.1167748917748918 0.35504201680672276 0.0089514652014651992 0.036047979797979808 10 7.5000000000000009 11 5.5000000000000009 12 4.5000000000000009 0.088235294117647065 0.090860528360528395 4.5000000000000009
decision_type=2 9 1 1 9 1 2 1 1 9 2 9 2 9 2 2 2 2 2 2 2 1 2 1 2 1 2 2 2 2
left_child=13 2 8 24 -5 6 -3 -8 28 11 -11 -7 -10 14 22 29 19 27 -19 20 -15 -21 23 -1 -4 -24 -17 -18 -2 -16
right_child=1 5 3 4 -6 9 7 -9 12 10 -12 -13 -14 16 15 26 17 18 -20 21 -22 -23 25 -25 -26 -27 -28 -29 -30 -31
leaf_value=0.0026722127601659235 0.011581745176716188 -0.021740892834454177 -0.0023279551202296449 0.014309746664746301 0.0027577115200771748 -0.0065385392297206343 -0.015516431347182223 0.0024884760142093757 0.0058782476406262366 -0.017845266935546535 0.0037340995770230798 0.00018095666851047898 -0.00097294325015640686 -0.0017553244091592605 -0.0047880209080977459 -0.028752492933667134 0.021145922847703766 -0.026166205330394279 0.01452669921116187 0.00094994939887748427 0.0081320711201327816 -0.0073126256329470469 -0.0013543624277683407 -0.0021957271333506059 -0.013900949659397489 -0.0075121558427810667 -0.013722497586920663 0.0089850652193327156 0.023642239316726446 0.0056071451065154414
leaf_weight=979 113 84 1230 174 882 617 111 289 1274 64 1628 7031 350 618 109 56 67 56 52 510 476 519 357 2695 88 490 76 167 55 78
leaf_count=979 113 84 1230 174 882 617 111 289 1274 64 1628 7031 350 618 109 56 67 56 52 510 476 519 357 2695 88 490 76 167 55 78
internal_value=5.85638e-05 0.000708751 0.0025775 0.000422065 0.00477755 -8.62518e-05 -0.00599123 -0.00283358 0.00541477 0.000225826 0.00290072 -0.000368967 0.00437476 -0.00118663 -0.0021211 -0.00858178 0.000654155 0.00645428 -0.00657333 -0.000277122 0.00254669 -0.00327931 -0.00166993 -0.000897285 -0.00307731 -0.0050214 -0.0200989 0.012467 0.0146576 -0.000452069
internal_weight=21295 13990 4166 2374 1056 9824 484 400 1792 9340 1692 7648 1624 7305 4840 319 2465 342 108 2123 1094 1029 4521 3674 1318 847 132 234 168 187
internal_count=21295 13990 4166 2374 1056 9824 484 400 1792 9340 1692 7648 1624 7305 4840 319 2465 342 108 2123 1094 1029 4521 3674 1318 847 132 234 168 187
cat_boundaries=0 1 2 3 4 5 6 7 8 9 10 11 12 13
cat_threshold=34 561 4 128 1 608 24 9 16 386 5 25 899
is_linear=0
shrinkage=0.05


Tree=164
num_leaves=17
num_cat=2
split_feature=6 7 14 7 8 14 7 7 12 6 5 14 19 17 7 6
split_gain=9.23775 8.50702 10.7549 8.25681 8.2257 7.56412 7.33507 8.80809 6.90078 6.278 9.06265 7.789 6.52215 9.63751 7.29929 5.89073
threshold=0.15802514478985072 0.12387955182072831 0.59411764705882364 0.19754901960784316 513.75000000000011 0.060661764705882359 0.082478632478632491 0.011111111111111122 2.5000000000000004 0.16005096483037662 13.500000000000002 0.67708333333333337 0 1 0.097253645047762696 0.14762488328664802
decision_type=2 2 2 2 2 2 2 2 2 2 2 2 1 1 2 2
left_child=1 5 3 4 -3 -1 7 -7 -8 10 -2 12 13 -11 -14 -5
right_child=9 2 -4 15 -6 6 8 -9 -10 11 -12 -13 14 -15 -16 -17
leaf_value=-0.019138980950587071 0.027914920082654466 -0.0032670166568699033 -0.022604826757819149 -0.00093472544879963013 -0.017854502578657644 0.001308030014113358 -0.0031089366859730298 -0.0016913719596749113 0.0052242663296042744 0.0015248732687285138 0.0011936416788181912 -0.0178657945102224 0.0015496500175657022 -0.0043994101212562163 0.0059873968851442624 0.019713149862664363
leaf_weight=52 55 998 76 78 107 4072 321 6136 1099 2465 75 52 3377 940 1277 62
leaf_count=52 55 998 76 78 107 4072 321 6136 1099 2465 75 52 3377 940 1277 62
internal_value=0.000288403 -0.000541748 -0.00434487 -0.00323021 -0.00467956 -0.000111617 -2.65274e-05 -0.000494902 0.00334049 0.00159805 0.0124988 0.00142334 0.0015478 -0.000118705 0.00276138 0.00820933
internal_weight=21242 13001 1321 1245 1105 11680 11628 10208 1420 8241 130 8111 8059 3405 4654 140
internal_count=21242 13001 1321 1245 1105 11680 11628 10208 1420 8241 130 8111 8059 3405 4654 140
cat_boundaries=0 1 2
cat_threshold=20 10
is_linear=0
shrinkage=0.05


Tree=165
num_leaves=26
num_cat=4
split_feature=8 14 6 13 13 7 6 7 7 6 12 7 19 7 2 8 7 17 2 8 14 7 8 6 13
split_gain=5.31736 7.80207 13.7667 6.86103 6.27527 6.34377 5.14194 7.01099 8.49812 7.15701 7.10303 6.99393 11.8899 7.13345 13.5935 6.99358 6.45479 6.09464 9.3014 6.94562 5.87632 4.88282 4.57089 3.02024 1.30138
threshold=592.30000000000007 0.19375000000000003 0.13654091007032185 6.5000000000000009 3.5000000000000004 0.095038784744667107 0.11486661486661488 0.18168290043290045 0.27326839826839833 0.33338001867413636 2.5000000000000004 0.12387955182072831 0 0.08095238095238097 1 301.85000000000008 0.014285714285714285 2 3 513.75000000000011 0.46410256410256417 0.097827111613876347 829.35000000000014 0.037436868686868692 1.0000000180025095e-35
decision_type=2 2 2 2 2 2 2 2 2 2 2 2 1 2 9 2 2 1 9 2 2 2 2 2 2
left_child=6 21 3 22 -4 -6 11 17 10 -10 -9 13 20 16 -15 -14 -1 18 -8 -19 -13 24 -3 -5 -2
right_child=1 2 4 23 5 -7 7 8 9 -11 -12 12 15 14 -16 -17 -18 19 -20 -21 -22 -23 -24 -25 -26
leaf_value=0.00076374455292210677 0.012334718349156901 0.022444553446192086 -0.024575338407226331 0.006461781851806972 -0.015188476458530534 0.0094192830258980412 0.0015133790974220019 -0.0083018501528588085 0.009153161757137462 -0.0068533522613840742 -0.00020790856535768398 0.0032713596758824413 -0.0013843237151778848 0.0088737118774659795 -0.0027257613796249133 -0.019288548914576199 -0.0021332935282352534 0.00260555126787917 -0.0048187256266112423 -0.0027895483320232893 -0.013888998686258373 0.026137059116175539 0.0045881998942544069 -0.0086800836399197594 0.0022325244363186497
leaf_weight=3581 80 89 53 73 55 50 1643 576 243 98 512 296 77 551 456 187 4152 6792 884 654 60 54 60 60 53
leaf_count=3581 80 89 53 73 55 50 1643 576 243 98 512 296 77 551 456 187 4152 6792 884 654 60 54 60 60 53
internal_value=0.000365177 0.00490171 0.00126561 0.00788568 -0.01055 -0.0034705 0.000228177 0.000941106 -0.00233431 0.00455305 -0.00449294 -0.000640287 -0.00577189 -0.000276261 0.00368217 -0.0135531 -0.000791732 0.00141043 -0.000711993 0.00212883 0.000368805 0.0134572 0.0152541 -0.000369135 0.00830903
internal_weight=21389 627 440 282 158 105 20762 11402 1429 341 1088 9360 620 8740 1007 264 7733 9973 2527 7446 356 187 149 133 133
internal_count=21389 627 440 282 158 105 20762 11402 1429 341 1088 9360 620 8740 1007 264 7733 9973 2527 7446 356 187 149 133 133
cat_boundaries=0 1 2 3 4
cat_threshold=22 152 1 138
is_linear=0
shrinkage=0.05


Tree=166
num_leaves=13
num_cat=4
split_feature=0 0 1 1 17 16 0 7 7 5 13 5
split_gain=8.48006 38.4466 7.77361 7.37204 18.3868 20.5403 9.02331 8.47273 7.07751 3.8039 2.69802 2.03093
threshold=2550.0000000000005 2450.0000000000005 0 1 2 3 1650.0000000000002 0.24032217782217782 0.20933706816059761 9.5000000000000018 4.5000000000000009 13.500000000000002
decision_type=2 2 1 1 1 9 2 2 2 2 2 2
left_child=1 3 10 4 5 -1 -6 8 -5 -9 -2 -4
right_child=2 -3 11 7 6 -7 -8 9 -10 -11 -12 -13
leaf_value=0.00077748111453213736 -0.0043745239341186123 -0.03130683473205751 0.013919803954195231 0.00063936522373812148 0.0021346341983607899 -0.019873973668175008 -0.0028651709251209748 0.01403098837242947 -0.0078383447728119799 0.0043711307950039238 0.0087048536976394447 0.027368947952985764
leaf_weight=221 92 97 64 16137 1770 266 1841 142 250 361 69 50
leaf_count=221 92 97 64 16137 1770 266 1841 142 250 361 69 50
internal_value=0.000212868 9.90927e-05 0.00893634 0.000244241 -0.00165582 -0.0106753 -0.000413277 0.000705812 0.000510029 0.00709817 0.00115894 0.0182203
internal_weight=21360 21085 275 20988 4098 487 3611 16890 16387 503 161 114
internal_count=21360 21085 275 20988 4098 487 3611 16890 16387 503 161 114
cat_boundaries=0 1 2 3 4
cat_threshold=772 14 8 40
is_linear=0
shrinkage=0.05


Tree=167
num_leaves=27
num_cat=10
split_feature=16 17 12 18 15 6 14 1 18 8 15 1 6 3 7 9 14 11 17 6 8 7 6 6 8 14
split_gain=8.43689 11.9418 13.8861 9.63824 9.06545 11.5442 8.47344 8.17253 11.6666 6.67259 6.78798 14.952 7.99292 7.81442 8.4632 7.06989 6.09684 5.03868 6.3611 8.252 4.61203 4.19368 3.77055 3.03831 2.13132 1.96459
threshold=0 1 1.5000000000000002 2 3 0.070106119370825268 0.36931818181818188 4 5 411.60000000000008 6 7 0.19328367710720654 8 0.033333333333333375 1.0000000180025095e-35 0.43303571428571436 2.5000000000000004 9 0.12292522292522294 513.75000000000011 0.041666666666666685 0.13614672364672367 0.023870573870573873 381.20000000000005 0.57738095238095244
decision_type=9 1 2 1 9 2 2 1 1 2 9 1 2 9 2 2 2 2 1 2 2 2 2 2 2 2
left_child=9 2 -2 22 6 -6 -4 16 -9 10 13 12 -12 14 -1 -15 -5 18 19 -11 -20 23 24 -19 -3 -13
right_child=1 3 4 7 5 -7 -8 8 -10 17 11 25 -14 15 -16 -17 -18 21 20 -21 -22 -23 -24 -25 -26 -27
leaf_value=0.00040011132837553318 -0.028146548974849608 0.0029131103851421573 0.017426377110736999 0.0056045858294413789 -0.02614817616494396 -0.0013667071566330913 -0.0015094004419263542 0.0018431473203565467 -0.0064048085943590061 0.0086435350326441781 0.0016143970792901327 -0.0022779082920429869 0.0086155848029563359 -0.011378707473370608 -0.0029918359642187916 0.00070793603207649927 0.00054279026608759784 -0.0085219340776708334 0.001247909037925714 0.0015020809330380527 -0.0041840020744733034 -0.014894401816760793 0.022650999101019947 0.0083297336258477093 0.013706948672129652 -0.0090457195092154587
leaf_weight=3342 58 85 74 1782 79 116 293 1758 556 594 1372 1587 580 392 4089 175 893 53 1315 1268 556 85 66 54 99 115
leaf_count=3342 58 85 74 1782 79 116 293 1758 556 594 1372 1587 580 392 4089 175 893 53 1315 1268 556 85 66 54 99 115
internal_value=0.000121532 0.00173722 -0.0047769 0.00251576 -0.00245008 -0.01085 0.00224747 0.00202153 -0.000157675 -0.000486983 -0.00108791 0.000697788 0.00367584 -0.00190222 -0.00146438 -0.00751571 0.00390022 0.00129572 0.00170201 0.0037601 -0.00036433 -0.00660355 0.0119214 -1.73541e-05 0.00872066 -0.00271922
internal_weight=21436 5859 620 5239 562 195 367 4989 2314 15577 11652 3654 1952 7998 7431 567 2675 3925 3733 1862 1871 192 250 107 184 1702
internal_count=21436 5859 620 5239 562 195 367 4989 2314 15577 11652 3654 1952 7998 7431 567 2675 3925 3733 1862 1871 192 250 107 184 1702
cat_boundaries=0 1 2 3 4 5 6 7 8 9 10
cat_threshold=1 2 4 9 426 10 13 613 3 5
is_linear=0
shrinkage=0.05


Tree=168
num_leaves=22
num_cat=9
split_feature=4 1 19 5 11 1 17 18 5 1 6 6 6 14 14 19 17 14 6 6 6
split_gain=6.37227 9.09915 13.571 7.08234 6.00709 10.2743 9.35963 7.65005 7.20119 11.4029 8.96234 5.04436 9.69186 6.61199 6.36511 3.85919 3.07076 5.08501 3.0817 0.884254 0.342583
threshold=0 1 2 6.5000000000000009 1.0000000180025095e-35 3 4 5 15.500000000000002 6 0.206387403446227 0.1858780108780109 0.17426718162012281 0.36038961038961043 0.19375000000000003 7 8 0.18465909090909094 0.11590909090909092 0.092110177404295071 0.31815707440707447
decision_type=1 1 1 2 2 1 1 1 2 1 2 2 2 2 2 1 1 2 2 2 2
left_child=1 2 19 20 8 6 -6 -7 9 -5 -10 12 15 14 -13 -3 17 -4 -18 -1 -2
right_child=3 11 16 4 5 7 -8 -9 10 -11 -12 13 -14 -15 -16 -17 18 -19 -20 -21 -22
leaf_value=0.0051324731186032299 0.016347394616536375 0.0036057715625829102 0.0056116792118700689 0.0051915783595647778 0.00021410548831939707 0.0072531460385646968 -0.0039337512771044879 0.00058557846861115434 0.0019816580056597065 0.00025559447628257511 -0.0036911850153592976 -0.0077828082673264687 0.022944814633578062 -0.021384584656226693 0.0064179291296750304 -0.0021896733684162095 -0.0089001875470525443 -0.0097658409168573032 -0.021991809789539764 0.014360167288773316 0.010577754151076079
leaf_weight=50 53 517 64 2310 2679 457 2759 5539 1596 2375 1235 214 50 54 125 622 77 336 108 54 50
leaf_count=50 53 517 64 2310 2679 457 2759 5539 1596 2375 1235 214 50 54 125 622 77 336 108 54 50
internal_value=0.000172025 -0.00232572 -0.00708231 0.000470715 0.000399891 -0.000321868 -0.00189369 0.00110499 0.00149789 0.00270097 -0.000493072 -0.000222637 0.00139917 -0.00513498 -0.00254655 0.000453352 -0.0100548 -0.00712726 -0.0156945 0.00905327 0.0135466
internal_weight=21324 2271 689 19053 18950 11434 5438 5996 7516 4685 2831 1582 1189 393 339 1139 585 400 185 104 103
internal_count=21324 2271 689 19053 18950 11434 5438 5996 7516 4685 2831 1582 1189 393 339 1139 585 400 185 104 103
cat_boundaries=0 1 2 3 4 5 6 7 8 9
cat_threshold=4 42 6 340 5 1 240 52 6
is_linear=0
shrinkage=0.05


Tree=169
num_leaves=13
num_cat=2
split_feature=0 0 6 1 0 0 1 0 8 7 13 5
split_gain=7.53698 43.3985 7.78436 7.13935 14.6202 12.9852 6.9565 4.04296 3.02795 2.3368 1.03069 0.807235
threshold=2550.0000000000005 2450.0000000000005 0.020220588235294119 0 1250.0000000000002 2150.0000000000005 1 1750.0000000000002 309.00000000000006 0.053623949579831943 4.5000000000000009 14.500000000000002
decision_type=2 2 2 1 2 2 1 2 2 2 2 2
left_child=1 2 7 5 -5 -4 9 8 -1 -2 -8 -9
right_child=6 -3 3 4 -6 -7 10 11 -10 -11 -12 -13
leaf_value=-0.0068804187333629252 -0.0061674263586218546 -0.03361945607838162 0.0021183156798051618 0.0030938209498954546 -0.00050674970031260242 0.016814702818955078 0.022828731221693849 -0.0079784688744694004 -0.00016973079140028121 0.0060591485213526359 0.013549391833836572 -0.016296615132263728
leaf_weight=283 65 94 2748 3553 13654 159 63 50 414 98 57 70
leaf_count=283 65 94 2748 3553 13654 159 63 50 414 98 57 70
internal_value=0.000387364 0.000278265 0.000430497 0.000624831 0.000236579 0.00291213 0.00849272 -0.00435387 -0.00289444 0.00111511 0.017004 -0.0128307
internal_weight=21308 21025 20931 20114 17207 2907 283 817 697 163 120 120
internal_count=21308 21025 20931 20114 17207 2907 283 817 697 163 120 120
cat_boundaries=0 1 2
cat_threshold=32 772
is_linear=0
shrinkage=0.05


Tree=170
num_leaves=22
num_cat=9
split_feature=0 0 1 0 8 0 1 1 1 0 14 14 6 2 1 17 8 17 4 6 8
split_gain=7.01767 91.2389 17.1445 61.4572 82.4674 21.3413 22.8954 16.1959 14.8443 14.6553 6.68251 6.54867 6.25408 5.78832 6.2707 5.25164 4.97217 4.54373 5.24922 3.14228 1.0941
threshold=1250.0000000000002 1350.0000000000002 0 1550.0000000000002 513.75000000000011 1550.0000000000002 1 2 3 1750.0000000000002 0.65686274509803932 0.11437908496732027 0.13006005432476023 4 5 6 340.90000000000003 7 8 0.020220588235294119 301.85000000000008
decision_type=2 2 1 2 2 2 1 1 1 2 2 2 2 9 1 1 2 1 1 2 2
left_child=7 12 3 4 -3 6 -4 11 -7 -5 13 20 -2 14 -9 -15 -12 18 -13 -19 -1
right_child=1 2 5 9 -6 8 -8 10 -10 -11 16 17 -14 15 -16 -17 -18 19 -20 -21 -22
leaf_value=-0.0063274304491487592 -0.027973060394552624 0.025675668556302097 0.0037865923590024151 -0.0039970025609170267 -0.0048726749485137472 -0.0031447496462911452 -0.0086020822335308601 -0.00060178666614992677 0.0013016048175823085 0.0020604877160758902 0.00014604577953194052 -0.014730504680840971 -0.047353121716104729 -0.0029496968280920098 0.0091218017644365459 0.0038205706518414425 -0.019243970746174455 -0.0070910591775408165 -0.00020367427213067139 0.0011334261727409011 -0.013517980338728502
leaf_weight=94 88 577 485 1579 358 2691 1574 211 6144 2716 94 112 79 338 877 1716 51 130 138 1089 121
leaf_count=94 88 577 485 1579 358 2691 1574 211 6144 2716 94 112 79 338 877 1716 51 130 138 1089 121
internal_value=0.000128426 -0.000373353 7.45677e-06 0.00235791 0.0139791 -0.00112209 -0.0057073 0.00177286 -5.477e-05 -0.000166469 0.00380896 -0.00221089 -0.0371409 0.00430485 0.00724776 0.00269758 -0.00667389 -0.00103118 -0.00702794 0.000254242 -0.0103742
internal_weight=21262 16291 16124 5230 935 10894 2059 4971 8835 4295 3287 1684 167 3142 1088 2054 145 1469 250 1219 215
internal_count=21262 16291 16124 5230 935 10894 2059 4971 8835 4295 3287 1684 167 3142 1088 2054 145 1469 250 1219 215
cat_boundaries=0 1 2 3 4 5 6 7 8 9
cat_threshold=48 128 544 134 256 4 8 1 6
is_linear=0
shrinkage=0.05


Tree=171
num_leaves=14
num_cat=5
split_feature=0 0 15 1 0 0 0 1 17 19 6 6 14
split_gain=7.6412 21.2465 7.39741 10.7828 10.3679 6.29789 39.9729 7.681 5.88151 5.67124 4.21229 6.10053 1.69647
threshold=2550.0000000000005 2450.0000000000005 0 1 1650.0000000000002 1250.0000000000002 1350.0000000000002 2 3 4 0.11270604395604397 0.20370971620971626 0.35504201680672276
decision_type=2 2 9 1 2 2 2 1 1 1 2 2 2
left_child=1 2 5 8 -5 7 -7 -1 -4 12 -11 -12 -2
right_child=9 -3 3 4 -6 6 -8 -9 -10 10 11 -13 -14
leaf_value=-0.0016331612005886906 -0.0077995780799365441 -0.023886058212668506 0.0013824743265234691 0.00022081948302645773 0.0043734800676211187 -0.030911221578467769 -0.0008813646902969659 0.0033443262618846519 -0.0059917861835635973 0.025906822758798416 -0.00317032476723717 0.018724673140241066 0.0048535476080500163
leaf_weight=1297 54 93 443 3132 2890 112 10476 1903 683 52 57 72 52
leaf_count=1297 54 93 443 3132 2890 112 10476 1903 683 52 57 72 52
internal_value=7.02414e-05 -4.03521e-05 6.55731e-05 0.00136978 0.00221004 -0.000611109 -0.00119902 0.00133224 -0.00310391 0.00817362 0.0131656 0.00905014 -0.00145511
internal_weight=21316 21029 20936 7148 6022 13788 10588 3200 1126 287 181 129 106
internal_count=21316 21029 20936 7148 6022 13788 10588 3200 1126 287 181 129 106
cat_boundaries=0 1 2 3 4 5
cat_threshold=5 10 545 4 18
is_linear=0
shrinkage=0.05


Tree=172
num_leaves=27
num_cat=6
split_feature=1 5 7 14 8 10 2 5 14 7 7 12 6 11 12 7 6 2 5 7 6 19 19 1 6 6
split_gain=6.75509 9.34346 10.7948 9.90617 8.86092 7.43413 10.0112 7.23643 9.58119 7.75141 9.18573 12.489 6.67671 6.27677 5.75332 8.5126 5.6028 5.39542 6.53493 8.73536 8.04549 5.61786 4.95899 4.42316 4.32291 3.07597
threshold=0 15.500000000000002 0.057212885154061643 0.71008403361344552 513.75000000000011 1.0000000180025095e-35 1 8.5000000000000018 0.54195804195804198 0.11111111111111113 0.061935286935286944 2.5000000000000004 0.21446592623063213 1.0000000180025095e-35 6.5000000000000009 0.024603174603174616 0.206387403446227 2 17.500000000000004 0.1192550505050505 0.30622895622895624 3 4 5 0.076976944624003465 0.083074795574795593
decision_type=1 2 2 2 2 2 9 2 2 2 2 2 2 2 2 2 2 9 2 2 2 1 1 1 2 2
left_child=7 2 5 4 -4 13 -7 9 12 10 11 -1 16 -2 15 -10 -9 18 19 -3 -20 23 -14 -19 -23 -16
right_child=1 17 3 -5 -6 6 -8 8 14 -11 -12 -13 22 -15 25 -17 -18 21 20 -21 -22 24 -24 -25 -26 -27
leaf_value=-0.0026649182563862547 0.0082639173165200107 0.0069162907044689722 0.0013067211398864013 -0.020828380634027005 -0.0048822588082734503 0.014614086916697197 0.00070914553363565487 -0.00028020575249440501 -0.0035250386366958188 0.017749449388808288 -0.015282530158699032 0.027345940280848968 0.0055536834228560967 0.0028782349545231445 -0.0061136454158631252 -0.019829736569239573 0.013017652121682963 0.0035641398150341105 0.00020388140464065943 -0.0096161282762962721 -0.018338206066806435 -0.0055998042168237082 -0.0054874508706783285 -0.0014194464476784997 -0.0015389742304651489 0.0068809448806962494
leaf_weight=104 1116 712 3685 56 686 128 2145 3585 149 98 63 52 107 1050 127 173 81 832 515 90 66 863 999 938 2724 71
leaf_count=104 1116 712 3685 56 686 128 2145 3585 149 98 63 52 107 1050 127 173 81 832 515 90 66 863 999 938 2724 71
internal_value=0.00021278 0.000747533 0.00181472 6.76866e-05 0.000335401 0.00355702 0.00155959 -0.00127413 -0.00171595 0.00606146 0.000831224 0.0073387 -0.00101366 0.00565313 -0.00816089 -0.012285 1.36094e-05 -0.000655163 0.00212033 0.00506103 -0.00190245 -0.0013731 -0.00441868 0.000929983 -0.00250898 -0.00145397
internal_weight=21215 15606 8866 4427 4371 4439 2273 5609 5292 317 219 156 4772 2166 520 322 3666 6740 1383 802 581 5357 1106 1770 3587 198
internal_count=21215 15606 8866 4427 4371 4439 2273 5609 5292 317 219 156 4772 2166 520 322 3666 6740 1383 802 581 5357 1106 1770 3587 198
cat_boundaries=0 1 2 3 4 5 6
cat_threshold=262 4 13 33 38 152
is_linear=0
shrinkage=0.05


Tree=173
num_leaves=27
num_cat=9
split_feature=14 14 15 1 0 16 1 0 2 0 0 0 8 19 1 0 0 0 6 19 0 0 16 6 6 0
split_gain=6.62119 11.9521 9.05892 15.523 8.86183 8.26299 11.4697 9.22921 7.01356 16.1111 67.2427 22.7026 64.2499 19.1609 6.28762 7.89619 13.098 10.7017 5.95332 5.82691 4.90011 4.10443 3.34516 2.54871 1.80159 1.63817
threshold=0.26969696969696971 0.2817460317460318 0 1 1350.0000000000002 2 3 2350.0000000000005 4 1350.0000000000002 1250.0000000000002 1550.0000000000002 487.60000000000008 5 6 1950.0000000000002 1450.0000000000002 2250.0000000000005 0.14368178118178121 7 2450.0000000000005 1550.0000000000002 8 0.074531555046260939 0.068315018315018322 1750.0000000000002
decision_type=2 2 9 1 2 9 1 2 9 2 2 2 2 1 1 2 2 2 2 1 2 2 9 2 2 2
left_child=8 4 3 19 -2 7 -7 -4 14 10 24 12 -11 -13 15 16 -1 -17 23 -3 21 -16 -5 -6 -10 -20
right_child=1 2 5 22 18 6 -8 -9 9 11 -12 13 -14 -15 20 17 -18 -19 25 -21 -22 -23 -24 -25 -26 -27
leaf_value=0.0053897790091139257 0.0047717096312235585 -0.0059198952033773233 -0.0011591448337969035 0.0050259403675691344 -0.010197068529445321 0.0096627374131785151 0.0010149110200259549 0.0088422373090792424 9.0036560924580469e-05 -0.011541423402655467 -0.044243175477374261 -0.0039925520970148483 0.027296164986470663 0.0080637893731811839 -0.00043883793597258592 0.013337079287708007 -0.0091811650404456449 -0.0073630636984792844 0.0011452851437584119 -0.020437632473578222 -0.01089795069903674 0.0024192504922005195 -0.0048228386382106695 -0.023630587453530597 0.010802866118028762 -0.0092154341782532782
leaf_weight=207 97 164 7486 229 52 421 3549 238 52 157 86 641 331 660 2013 148 605 108 54 162 83 3341 126 110 160 130
leaf_count=207 97 164 7486 229 52 421 3549 238 52 157 86 641 331 660 2013 148 605 108 54 162 83 3341 126 110 160 130
internal_value=0.000205056 -0.000514835 -0.000225959 -0.00578877 -0.00858446 0.000102854 0.00195395 -0.000849871 0.00127903 0.00379344 -0.00695226 0.00560459 0.0148013 0.00215495 0.000465781 -0.00302434 -0.00546665 0.00460421 -0.0123288 -0.0135278 0.00115565 0.00134466 0.00149396 -0.0193186 0.00817519 -0.00617479
internal_weight=21410 12818 12375 681 443 11694 3970 7724 8592 2087 298 1789 488 1301 6505 1068 812 256 346 326 5437 5354 355 162 212 184
internal_count=21410 12818 12375 681 443 11694 3970 7724 8592 2087 298 1789 488 1301 6505 1068 812 256 346 326 5437 5354 355 162 212 184
cat_boundaries=0 1 2 3 4 5 6 7 8 9
cat_threshold=4 180 5 128 282 20 17 52 1
is_linear=0
shrinkage=0.05


Tree=174
num_leaves=27
num_cat=10
split_feature=15 1 0 0 4 12 6 5 11 17 14 5 1 0 14 15 0 0 1 5 4 1 0 0 4 6
split_gain=7.07944 13.8294 14.9252 17.8721 8.23756 8.16054 7.95068 6.92302 8.66912 8.45556 5.68888 5.47567 9.68931 18.3167 16.4177 15.2114 7.63902 32.036 8.38986 7.38249 6.67616 6.37949 5.46171 5.19037 4.15359 1.13977
threshold=0 1 1750.0000000000002 2450.0000000000005 2 4.5000000000000009 0.078441275500099036 8.5000000000000018 1.0000000180025095e-35 3 0.53137254901960795 15.500000000000002 4 2250.0000000000005 0.21825396825396828 5 1250.0000000000002 1350.0000000000002 6 6.5000000000000009 7 8 1350.0000000000002 1450.0000000000002 9 0.0417483660130719
decision_type=9 1 2 2 1 2 2 2 2 1 2 2 1 2 2 9 2 2 1 2 1 1 2 2 1 2
left_child=1 2 4 5 6 -4 -1 8 -3 10 -9 12 13 15 -15 -2 18 -18 25 -14 -21 -19 -11 -6 -20 -13
right_child=11 7 3 -5 23 -7 -8 9 -10 22 -12 16 19 14 -16 -17 17 21 24 20 -22 -23 -24 -25 -26 -27
leaf_value=-0.0021702315459852339 0.0049979919322804571 0.019929930471322119 0.0067984596635494755 -0.017101079237514309 0.0019269435651404741 0.016519516565062571 0.020822616693164625 0.0035148828139099026 -0.0036494032195251852 0.00062345399787201673 -0.0071668833051005314 -0.0082635942534780345 0.016779746718116498 -0.035903000900557695 -0.0039262039438736716 -0.0056365108071515565 -0.031692532824695502 -0.0011374564138699698 0.011658150135642954 0.0061045275145503583 -0.0017086223010457594 -0.0054724930882056903 -0.0052613728826754382 -0.0035182166874377693 0.0022555417045713832 -0.0028075953380547326
leaf_weight=61 2390 85 1032 70 1095 273 98 888 72 549 145 118 57 52 176 384 95 3108 125 279 5257 1167 1399 729 1067 507
leaf_count=61 2390 85 1032 70 1095 273 98 888 72 549 145 118 57 52 176 384 95 3108 125 279 5257 1167 1399 729 1067 507
internal_value=-0.00010241 0.00127223 0.00349828 0.00751183 0.000732958 0.00883206 0.0112913 -0.00111343 0.00911648 -0.00165594 0.00199618 -0.000706884 0.000109106 0.00239589 -0.0112192 0.00352357 -0.0018416 -0.00297449 0.000883057 -0.00112059 -0.00130692 -0.00233631 -0.00358447 -0.00024797 0.00333034 -0.00377725
internal_weight=21278 6496 3358 1375 1983 1305 159 3138 157 2981 1033 14782 8595 3002 228 2774 6187 4370 1817 5593 5536 4275 1948 1824 1192 625
internal_count=21278 6496 3358 1375 1983 1305 159 3138 157 2981 1033 14782 8595 3002 228 2774 6187 4370 1817 5593 5536 4275 1948 1824 1192 625
cat_boundaries=0 1 2 3 4 5 6 7 8 9 10
cat_threshold=34 625 8 4 176 1 35 8 824 20
is_linear=0
shrinkage=0.05


Tree=175
num_leaves=30
num_cat=11
split_feature=15 4 18 4 7 7 15 9 7 7 14 11 14 8 15 8 17 3 3 3 12 2 7 7 12 8 7 14 9
split_gain=10.5101 13.3373 6.15716 4.90047 8.81042 15.1623 10.7745 10.6046 11.9632 10.0416 7.77616 5.43181 6.96988 12.8249 8.5485 6.13317 5.95272 4.64827 5.4714 22.8956 9.22742 4.44348 4.63845 4.41182 3.11282 2.46437 2.43759 1.98142 1.81409
threshold=0 1 2 3 0.047665732959850611 0.0018939393939393994 4 1.0000000180025095e-35 0.066695804195804231 0.021638655462184884 0.21825396825396828 1.0000000180025095e-35 0.2817460317460318 357.60000000000008 5 294.35000000000008 6 7 8 9 2.5000000000000004 10 0.057142857142857155 0.20774225774225777 2.5000000000000004 328.75000000000006 0.066550116550116584 0.31009615384615391 1.0000000180025095e-35
decision_type=9 1 1 1 2 2 9 2 2 2 2 2 2 2 9 2 1 9 9 9 2 9 2 2 2 2 2 2 2
left_child=1 17 24 4 5 6 -2 10 -9 -7 -6 15 13 -13 -14 23 -17 21 20 -20 -19 22 -1 -5 -3 -4 -27 -23 -26
right_child=3 2 25 11 7 9 -8 8 -10 -11 -12 12 14 -15 -16 16 -18 18 19 -21 -22 27 -24 -25 28 26 -28 -29 -30
leaf_value=-0.019583576347767598 -0.013912193766270665 0.0062273641919287359 0.01910341344131478 -0.0019948696524424649 0.0092639729217163583 0.01418755803409392 0.0014043855839672153 -0.020096840059719696 -0.0044013858703840936 0.00066738868245923505 -0.0040173085713439494 0.0006130400242101233 0.0027587917145517581 -0.0061572887912110024 -0.00064331542820219873 0.003804248247899095 0.00060201608090157399 0.010862155453137616 -0.0058657222014222403 -0.034226292850349137 -0.012824468692549721 0.0096496003327210117 0.00048780938531359978 0.011977314055597378 -0.002574359529673876 -0.0015632729466054955 0.013749167374950253 -0.0019731497185097799 -0.014529142990324866
leaf_weight=63 196 65 58 1332 151 254 262 196 319 299 408 1620 2855 1231 5188 3069 2772 68 243 100 104 67 53 59 84 51 53 81 51
leaf_count=63 196 65 58 1332 151 254 262 196 319 299 408 1620 2855 1231 5188 3069 2772 68 243 100 104 67 53 59 84 51 53 81 51
internal_value=-1.00043e-05 -0.00465745 0.00323797 0.000254543 -0.0020353 0.00130492 -0.0054234 -0.00519853 -0.0103748 0.00687738 -0.000429699 0.000518917 -0.000186021 -0.00231024 0.000566951 0.00158152 0.00229209 -0.00832098 -0.0111315 -0.0148695 -0.00326988 -0.00263217 -0.0095866 -0.00140223 -0.00263073 0.010215 0.00624018 0.00308037 -0.00709061
internal_weight=21352 1141 362 20211 2085 1011 458 1074 515 553 559 18126 10894 2851 8043 7232 5841 779 515 343 172 264 116 1391 200 162 104 148 135
internal_count=21352 1141 362 20211 2085 1011 458 1074 515 553 559 18126 10894 2851 8043 7232 5841 779 515 343 172 264 116 1391 200 162 104 148 135
cat_boundaries=0 1 2 3 4 5 6 7 8 9 10 11
cat_threshold=4 17 5 4 10 10 6 6 8 1 18
is_linear=0
shrinkage=0.05


Tree=176
num_leaves=24
num_cat=8
split_feature=0 0 0 2 0 2 8 2 0 0 1 0 1 2 16 14 4 7 14 7 12 7 7
split_gain=6.52335 5.95453 19.675 49.7907 34.4036 25.4605 14.3888 13.6392 26.3529 60.946 37.2244 15.807 13.5771 13.4086 8.01623 6.364 2.21957 1.98549 1.59684 1.19934 0.751647 0.495059 0.295831
threshold=1075.0000000000002 1750.0000000000002 1850.0000000000002 0 1950.0000000000002 1 292.50000000000006 2 1350.0000000000002 1250.0000000000002 3 1350.0000000000002 4 5 6 0.25833333333333336 7 0.0023923992673992732 0.42261904761904767 0.025389928698752225 3.5000000000000004 0.07277820218996689 0.030952380952380971
decision_type=2 2 2 9 2 9 2 9 2 2 1 2 1 9 9 2 1 2 2 2 2 2 2
left_child=16 7 3 6 15 -5 -3 8 9 -2 -10 12 -9 -6 -13 -4 20 18 -18 -19 -1 -21 -22
right_child=1 2 4 5 13 -7 -8 11 10 -11 -12 14 -14 -15 -16 -17 17 19 -20 21 22 -23 -24
leaf_value=0.0063673435035499111 -0.00012847775770875031 0.0068217742927733117 -0.030219711089863422 -0.010049750333412169 -0.003129498855593116 0.0019116931079567068 0.019310039026677561 0.0047850680239942918 -0.0054730680821839864 -0.033106237199632259 0.0073972009351412835 1.784949949718756e-06 -0.0018597468806040751 0.002847486615342093 -0.0054421466400141399 -0.013648066985565824 0.012087032436563566 -0.0068212574523617972 0.0025630491119074195 3.992761053415316e-05 0.010483856755308808 0.0055724199797259647 0.015870335249695926
leaf_weight=69 898 439 94 496 2281 3675 486 1118 762 166 2079 864 2404 1580 3238 151 82 51 95 124 52 60 50
leaf_count=69 898 439 94 496 2281 3675 486 1118 762 166 2079 864 2404 1580 3238 151 82 51 95 124 52 60 50
internal_value=-6.33688e-05 -0.000210058 0.000738444 0.00281375 -0.00183724 0.000468648 0.01324 -0.000967115 0.00143462 -0.0052735 0.00395197 -0.00219628 0.000257844 -0.000684325 -0.00430876 -0.0200062 0.00515277 0.0029053 0.00697529 -3.65443e-05 0.00982334 0.001844 0.0131243
internal_weight=21314 20731 9202 5096 4106 4171 925 11529 3905 1064 2841 7624 3522 3861 4102 245 583 412 177 235 171 184 102
internal_count=21314 20731 9202 5096 4106 4171 925 11529 3905 1064 2841 7624 3522 3861 4102 245 583 412 177 235 171 184 102
cat_boundaries=0 1 2 3 4 5 6 7 8
cat_threshold=8 16 148 96 392 392 36 28
is_linear=0
shrinkage=0.05


Tree=177
num_leaves=31
num_cat=6
split_feature=8 0 0 0 8 0 5 14 14 0 0 0 1 2 19 0 9 2 14 2 0 9 14 5 14 14 11 11 4 12
split_gain=7.78323 12.3721 42.0019 14.9737 21.3008 14.4508 20.1781 12.4506 10.3673 9.19639 19.3204 54.795 32.8409 17.6145 21.8647 21.3001 17.6617 16.5037 12.1293 10.8144 8.90149 7.91304 7.47633 5.89757 5.42579 5.00192 4.21238 3.78218 3.10431 2.07433
threshold=309.00000000000006 1950.0000000000002 2350.0000000000005 1750.0000000000002 301.85000000000008 1075.0000000000002 12.500000000000002 0.16025641025641027 0.080128205128205135 2050.0000000000005 1950.0000000000002 1850.0000000000002 0 1 2 2350.0000000000005 1.0000000180025095e-35 3 0.38675213675213682 4 2450.0000000000005 1.0000000180025095e-35 0.5590277777777779 9.5000000000000018 0.29705882352941182 0.43303571428571436 1.5000000000000002 2.5000000000000004 5 2.5000000000000004
decision_type=2 2 2 2 2 2 2 2 2 2 2 2 1 9 1 2 2 9 2 9 2 2 2 2 2 2 2 2 1 2
left_child=1 3 8 5 27 28 -7 -6 -3 10 11 17 23 14 25 18 -17 -2 -15 -14 24 -16 -10 -12 -4 -11 -22 -5 -1 -13
right_child=9 2 20 4 7 6 -8 -9 22 13 12 29 19 15 21 16 -18 -19 -20 -21 26 -23 -24 -25 -26 -27 -28 -29 -30 -31
leaf_value=0.013394079160555697 -0.0020208214778095297 -0.035351966914755333 0.0077275765192348 0.011286309939703516 -0.012328249906903904 -0.011367516757598629 -0.001543208139430013 0.0017134185529310429 -0.010630358030405986 0.033590490359526416 0.0055774029978718402 -0.017064103374865896 -0.012741194646257691 -0.0092108450354873271 -0.014096324601107175 0.0082232157678940217 -0.018784106214003213 0.0020223340245501781 -0.026241656201678173 0.001813140058912332 0.0058837592895169648 0.0034514956378576458 -0.030512861667487484 0.015944968818929855 0.030368176089091738 0.01255533986253431 -0.0096867442595700189 -0.0017563898971334835 0.0035429973175581104 -0.026346282582156932
leaf_weight=109 3725 54 51 626 208 631 3044 655 521 65 178 98 143 345 99 259 79 7780 150 761 173 183 52 598 55 50 58 61 328 156
leaf_count=109 3725 54 51 626 208 631 3044 655 521 65 178 98 143 345 99 259 79 7780 150 761 173 183 52 598 55 50 58 61 328 156
internal_value=-9.84808e-05 -0.00152076 -0.00675693 -0.000629265 0.00355878 -0.00220793 -0.00323005 -0.0016709 -0.0144084 0.000543965 0.000922711 0.000206132 0.00593833 -0.00359422 0.00503006 -0.00767274 0.00191085 0.000713274 -0.0143717 -0.000603361 0.00747898 -0.00261614 -0.0124347 0.0133942 0.0194751 0.0224892 0.00197428 0.0101282 0.00638771 -0.022765
internal_weight=21295 6626 964 5662 1550 4112 3675 863 627 14669 13439 11759 1680 1230 397 833 338 11505 495 904 337 282 573 776 106 115 231 687 437 254
internal_count=21295 6626 964 5662 1550 4112 3675 863 627 14669 13439 11759 1680 1230 397 833 338 11505 495 904 337 282 573 776 106 115 231 687 437 254
cat_boundaries=0 1 2 3 4 5 6
cat_threshold=208 16 36 18 256 25
is_linear=0
shrinkage=0.05


Tree=178
num_leaves=28
num_cat=6
split_feature=5 18 14 6 1 15 0 0 14 17 5 6 7 4 0 0 0 7 11 0 14 6 5 4 5 7 7
split_gain=7.96889 8.64485 8.80655 7.62391 6.96801 13.8583 9.65536 30.4096 12.6141 11.3021 9.67398 8.53552 6.51613 6.03768 14.0781 12.5206 5.86718 5.04939 13.4997 7.28376 5.02001 4.75131 4.5956 4.05545 7.80331 4.76922 2.32894
threshold=15.500000000000002 0 0.11437908496732027 0.16005096483037662 1 2 2350.0000000000005 2150.0000000000005 0.36038961038961043 3 11.500000000000002 0.22021630330453865 0.024603174603174616 4 1850.0000000000002 1650.0000000000002 1350.0000000000002 0.14767316017316021 1.5000000000000002 1550.0000000000002 0.53137254901960795 0.1428804855275444 10.500000000000002 5 16.500000000000004 0.12999500499500502 0.07277820218996689
decision_type=2 1 2 2 1 9 2 2 2 1 2 2 2 1 2 2 2 2 2 2 2 2 2 1 2 2 2
left_child=4 2 26 21 5 11 7 20 -9 10 -8 12 -1 14 -7 -15 -5 23 19 -19 -6 -4 -11 24 -3 -25 -2
right_child=1 17 3 16 6 13 9 8 -10 22 -12 -13 -14 15 -16 -17 -18 18 -20 -21 -22 -23 -24 25 -26 -27 -28
leaf_value=-0.029494593253816079 -0.016074484905650506 0.0016415918672173066 0.00095956837707300568 -0.0075793372713169969 0.00035428166860200202 0.00060987592907084745 0.020876951147606987 -0.010208907967003493 -0.045205894715207466 0.0055745343697945716 0.0024416553848559197 0.0051266620563820932 -0.0088482415085202968 6.0195590176098247e-05 -0.026691068965449649 0.0056958900095757208 0.010313398306013138 0.0066344734215367162 -0.028980791066137573 -0.0086152696477103177 -0.0035642134912804825 -0.0075555152631760839 -0.011618397824382516 -0.0041442419624432864 -0.0037825294041996015 0.006279407576898691 -0.0033204332688602355
leaf_weight=53 91 1566 2801 53 6092 433 167 52 51 69 124 77 137 1589 53 2595 338 113 63 255 944 174 89 2032 1150 116 59
leaf_count=53 91 1566 2801 53 6092 433 167 52 51 69 124 77 137 1589 53 2595 338 113 63 255 944 174 89 2032 1150 116 59
internal_value=2.3255e-05 -0.00112884 0.000793713 0.00132422 0.000833724 0.00229336 -0.000118831 -0.000566283 -0.0275375 0.00699292 0.0125888 -0.00859447 -0.0146075 0.00293289 -0.00231966 0.00354709 0.00788804 -0.00240242 -0.00759394 -0.0039326 -0.000171452 0.000461543 -0.00386544 -0.00194734 -0.000652669 -0.00356473 -0.0110579
internal_weight=21336 8811 3516 3366 12525 4937 7588 7139 103 449 291 267 190 4670 486 4184 391 5295 431 368 7036 2975 158 4864 2716 2148 150
internal_count=21336 8811 3516 3366 12525 4937 7588 7139 103 449 291 267 190 4670 486 4184 391 5295 431 368 7036 2975 158 4864 2716 2148 150
cat_boundaries=0 1 2 3 4 5 6
cat_threshold=10 225 4 6 4 17
is_linear=0
shrinkage=0.05


Tree=179
num_leaves=30
num_cat=9
split_feature=0 1 0 0 0 7 1 3 5 1 6 1 0 0 0 1 17 10 19 16 0 7 6 14 6 12 7 7 6
split_gain=10.1363 16.5031 11.3326 10.0906 19.6438 11.2136 9.94043 30.3142 17.5747 8.73875 6.14535 5.44027 20.6896 13.7552 39.9592 39.6211 12.804 10.7884 8.87959 8.38754 6.0796 5.81812 5.54417 5.51379 5.24678 5.02715 4.0665 3.0293 2.90424
threshold=2050.0000000000005 0 2350.0000000000005 2450.0000000000005 2550.0000000000005 0.14545454545454545 1 2 10.500000000000002 3 0.12189303071656014 4 1950.0000000000002 1950.0000000000002 1850.0000000000002 5 6 1.0000000180025095e-35 7 8 1750.0000000000002 0.2275210084033614 0.086274509803921581 0.32291666666666669 0.26191863691863698 5.5000000000000009 0.058379120879120887 0.1192550505050505 0.27648390552802321
decision_type=2 1 2 2 2 2 1 9 2 1 2 1 2 2 2 1 1 2 1 9 2 2 2 2 2 2 2 2 2
left_child=11 3 6 5 -5 10 8 -8 -3 24 -2 12 16 14 20 25 19 -17 22 -1 -13 -18 -14 -20 -4 -15 -11 -6 -16
right_child=1 2 9 4 27 -7 7 -9 -10 26 -12 13 18 15 28 17 21 -19 23 -21 -22 -23 -24 -25 -26 -27 -28 -29 -30
leaf_value=-0.013518479562114442 0.017702585661700413 0.023242704689502718 -0.0019623193954336378 -0.023282222969433424 0.010804823509979624 0.029476422976637096 -0.0056012504101254721 -0.034883589017185933 -0.014367787170269323 -0.0026244863291226684 -0.00010457249012376582 2.4833086863018867e-05 -0.0032372247406535527 0.012343171666260542 -0.021673229949812866 0.0012746802360601983 0.00133217239825674 -0.011063489884217369 -0.010239712318677145 0.00085519938697185187 0.0023728561085216721 -0.012049885706257929 -0.021105942732778275 0.0040825128889760923 0.011024189739921886 0.026395557208784989 -0.019149810935346318 -0.0036337713710963729 -0.0082586193541064872
leaf_weight=260 67 50 232 87 111 57 256 137 82 63 175 8900 55 701 209 720 3793 235 144 169 3994 83 206 126 117 70 91 54 50
leaf_count=260 67 50 232 87 111 57 256 137 82 63 175 8900 55 701 209 720 3793 235 144 169 3994 83 206 126 117 70 91 54 50
internal_value=0.000129698 -0.00372499 -0.00742509 0.00325399 -0.00405731 0.00952485 -0.0126359 -0.0164214 -0.00011284 -0.002134 0.00482551 0.000438425 -0.00101736 0.000911657 0.000361557 0.00510898 0.000129124 -0.00174316 -0.0103314 -0.00796562 0.000752148 0.00104292 -0.0167006 -0.00342901 0.00232471 0.0134446 -0.011634 0.00607947 -0.0190835
internal_weight=21294 1579 1028 551 252 299 525 393 132 503 242 19715 4836 14879 13153 1726 4305 955 531 429 12894 3876 261 270 349 771 154 165 259
internal_count=21294 1579 1028 551 252 299 525 393 132 503 242 19715 4836 14879 13153 1726 4305 955 531 429 12894 3876 261 270 349 771 154 165 259
cat_boundaries=0 1 2 3 4 5 6 7 8 9
cat_threshold=47 384 5 272 15 208 8 41 1
is_linear=0
shrinkage=0.05


Tree=180
num_leaves=26
num_cat=9
split_feature=12 5 18 2 6 7 5 15 4 1 1 7 14 15 14 7 1 1 7 6 6 6 14 12 7
split_gain=5.77413 8.70868 8.91998 8.69241 6.61405 7.45084 5.95746 5.43997 11.5983 8.7065 7.74184 9.4661 6.98744 6.44184 5.28653 5.28234 5.10892 4.90216 4.97592 2.92696 2.57315 3.74047 2.44597 2.20494 1.90611
threshold=1.5000000000000002 15.500000000000002 0 1 0.38039321789321795 0.13336834733893563 10.500000000000002 2 3 4 5 0.24032217782217782 0.31009615384615391 6 0.087121212121212141 0.050980392156862758 7 8 0.18168290043290045 0.21311683958742786 0.12292522292522294 0.077849927849927864 0.10555555555555557 1.0000000180025095e-35 0.08095238095238097
decision_type=2 2 1 9 2 2 2 9 1 1 1 2 2 9 2 2 1 1 2 2 2 2 2 2 2
left_child=1 3 16 6 7 -6 15 8 9 -2 11 -9 -10 -12 -8 -1 23 24 -19 -18 21 -4 -22 -3 -5
right_child=4 2 20 17 5 -7 14 10 12 -11 13 -13 -14 -15 -16 -17 19 18 -20 -21 22 -23 -24 -25 -26
leaf_value=0.0081762526351480923 0.00042606934789373666 -0.0077599692589050643 -0.011346884042157196 -0.0059183131308320159 0.00067329546334324308 0.02220009945643445 -0.020780937756057338 0.0013496250178494575 0.023566428261498611 -0.01049352709823189 -0.00091321966397764744 0.014879885667610462 0.0012465098323300482 0.0049893341119950016 -0.0022114471982008425 -0.010673241910498434 0.0035615223627754075 0.0027592493827970767 -0.0051061801915980127 -0.0030088464724255751 -0.013376924139657268 -0.029045288287577971 -0.0004027578548562748 -0.020304326731711626 0.0012667552480706947
leaf_weight=78 306 117 72 331 91 72 113 6251 54 460 9168 132 100 477 58 71 215 1761 227 801 111 51 54 50 128
leaf_count=78 306 117 72 331 91 72 113 6251 54 460 9168 132 100 477 58 71 215 1761 227 801 111 51 54 50 128
internal_value=-0.000250939 -0.00190321 -0.0050118 -0.000250612 0.000158291 0.0101821 -0.00786837 6.18861e-05 -0.003656 -0.00618211 0.000277399 0.00162688 0.00851974 -0.00061644 -0.0144825 -0.000805721 -0.00299035 0.00077457 0.00185182 -0.00160269 -0.012768 -0.0186852 -0.00913083 -0.0108652 -0.00383117
internal_weight=21349 4238 1471 2767 17111 163 320 16948 920 766 16028 6383 154 9645 171 149 1183 2447 1988 1016 288 123 165 167 459
internal_count=21349 4238 1471 2767 17111 163 320 16948 920 766 16028 6383 154 9645 171 149 1183 2447 1988 1016 288 123 165 167 459
cat_boundaries=0 1 2 3 4 5 6 7 8 9
cat_threshold=6 16 4 21 778 176 3 520 65
is_linear=0
shrinkage=0.05


Tree=181
num_leaves=28
num_cat=11
split_feature=0 0 8 19 2 1 1 0 0 1 0 16 19 14 8 14 19 0 1 1 15 14 13 13 7 14 7
split_gain=6.79403 28.7844 20.5506 24.9392 15.3667 26.6062 15.369 25.5026 10.6184 12.394 10.3667 9.982 16.0286 9.17686 8.54721 7.42434 7.36052 6.26183 16.4399 11.2329 5.88683 2.86423 2.35247 5.94662 1.92895 1.62897 0.928091
threshold=1850.0000000000002 1950.0000000000002 294.35000000000008 0 1 2 3 1350.0000000000002 1350.0000000000002 4 2350.0000000000005 5 6 0.32291666666666669 592.30000000000007 0.21825396825396828 7 1550.0000000000002 8 9 10 0.36038961038961043 4.5000000000000009 3.5000000000000004 0.095038784744667107 0.31009615384615391 0.023093083387201039
decision_type=2 2 2 1 9 1 1 2 2 1 2 9 1 2 2 2 1 2 1 1 9 2 2 2 2 2 2
left_child=4 22 3 10 5 16 14 -8 9 20 -3 15 -13 -11 -7 -4 25 18 -10 -19 -6 -18 23 24 -2 -1 -5
right_child=1 2 11 26 8 6 7 -9 17 13 -12 12 -14 -15 -16 -17 21 19 -20 -21 -22 -23 -24 -25 -26 -27 -28
leaf_value=0.036816234626880322 -0.021747671361663379 -0.0081595960666730454 -0.013436436568274451 -0.034912670761696067 0.0027663196084475998 -0.0038377549601340357 -0.001756443701311932 0.0059504605838634648 -0.01181446866477838 0.010970519393719015 0.004383701339486192 0.0097910500059807445 0.00013018978480089247 0.0021532684566498905 0.0035412367610951436 -0.0011901535942927333 0.01564127160311346 0.0018235795470204538 -0.0011322424525054358 -0.0027089610039257969 -0.0039483771467049211 -0.0001890145042331292 -0.012176404211043131 -0.035776429512323092 -0.0081261873409590301 0.024878736647347421 -0.025821023019962017
leaf_weight=51 53 507 145 64 513 1572 1679 2976 521 470 244 618 1369 793 523 845 62 2128 1145 3789 865 53 101 52 51 65 50
leaf_count=51 53 507 145 64 513 1572 1679 2976 521 470 244 618 1369 793 523 845 62 2128 1145 3789 865 53 101 52 51 65 50
internal_value=-9.20328e-05 -0.00192136 -0.00083769 -0.00762168 0.000343795 0.00215035 0.00156488 0.00316388 -0.000890963 0.00183856 -0.00403061 0.00113347 0.00316891 0.00539174 -0.00198617 -0.00295396 0.0184833 -0.00184277 -0.00455055 -0.00108037 -0.00144672 0.00767793 -0.0181216 -0.0219707 -0.0150679 0.0277361 -0.0284311
internal_weight=21304 4099 3842 865 17205 6981 6750 4655 10224 2641 751 2977 1987 1263 2095 990 231 7583 1666 5917 1378 115 257 156 104 116 114
internal_count=21304 4099 3842 865 17205 6981 6750 4655 10224 2641 751 2977 1987 1263 2095 990 231 7583 1666 5917 1378 115 257 156 104 116 114
cat_boundaries=0 1 2 3 4 5 6 7 8 9 10 11
cat_threshold=19 141 32 137 100 96 42 11 256 832 10
is_linear=0
shrinkage=0.05


Tree=182
num_leaves=31
num_cat=8
split_feature=18 2 11 0 0 0 14 0 0 19 2 5 2 6 0 6 0 6 7 16 7 5 6 3 19 9 9 6 0 0
split_gain=7.84974 7.9399 9.77082 15.8036 52.1828 8.27975 9.52257 7.83381 7.30592 15.7287 11.747 17.2825 10.7866 22.7475 17.871 13.5893 12.6826 11.516 11.3047 9.4535 8.40729 8.34295 6.63925 5.53447 8.43077 8.24185 5.72246 5.69889 4.80749 4.76915
threshold=0 1 1.0000000180025095e-35 2150.0000000000005 2350.0000000000005 1950.0000000000002 0.10555555555555557 1250.0000000000002 1850.0000000000002 2 3 8.5000000000000018 4 0.18891859774212719 1350.0000000000002 0.18891859774212719 1750.0000000000002 0.18344525844525847 0.055170932009167305 5 0.01821789321789322 14.500000000000002 0.28243746993746999 6 7 1.0000000180025095e-35 1.0000000180025095e-35 0.15064731020613376 1950.0000000000002 1250.0000000000002
decision_type=1 9 2 2 2 2 2 2 2 1 9 2 9 2 2 2 2 2 2 9 2 2 2 9 1 2 2 2 2 2
left_child=8 2 5 29 -5 7 -7 -2 12 19 22 -12 13 17 -15 18 -17 -1 -14 20 -10 -21 -11 26 27 -26 28 -25 -3 -4
right_child=1 23 3 4 -6 6 -8 -9 9 10 11 -13 15 14 -16 16 -18 -19 -20 21 -22 -23 -24 24 25 -27 -28 -29 -30 -31
leaf_value=0.0020790217926303241 0.0048281260074272223 0.0012924807851907986 5.7493439150920903e-05 -0.059280824937069647 0.0052183594681024905 0.018254087674034428 0.0017980520984249026 -0.0018110110905809715 -0.011574376981075996 0.0056178390577604834 0.015191487842698543 -0.010603673374916023 0.004651785341299659 -0.0094101445097999475 0.014601941648186598 -0.0037621560252813178 -0.025813104641983414 -0.019773779239230713 -0.0045883843252153443 0.017425530620336707 0.003630784677013501 -0.003406315893516876 -0.01039172678776994 0.013079734888304127 -0.0051317679789963733 -0.029483310345625669 0.0038484523369665194 -0.0054981547177426135 -0.0038911746131222794 -0.0038010896000686134
leaf_weight=5162 545 1766 1106 52 79 129 276 2405 118 308 71 760 728 89 599 184 101 61 607 193 396 64 82 73 89 57 1604 95 599 2902
leaf_count=5162 545 1766 1106 52 79 129 276 2405 118 308 71 760 728 89 599 184 101 61 607 193 396 64 82 73 89 57 1604 95 599 2902
internal_value=0.000176576 -0.000686417 -0.0016672 -0.00329488 -0.0203844 0.000335883 0.0070396 -0.000584459 0.00124325 -0.00144824 -0.00495696 -0.00829988 0.00195681 0.00294457 0.0114957 -0.00165522 -0.0115767 0.0018238 0.00045045 0.00411925 0.000137432 0.0117795 0.00219543 0.00102955 -0.00526167 -0.0137005 0.00153924 0.00242975 -2.04197e-05 -0.00273632
internal_weight=21300 11777 7494 4139 131 3355 405 2950 9523 1992 1221 831 7531 5911 688 1620 285 5223 1335 771 514 257 390 4283 314 146 3969 168 2365 4008
internal_count=21300 11777 7494 4139 131 3355 405 2950 9523 1992 1221 831 7531 5911 688 1620 285 5223 1335 771 514 257 390 4283 314 146 3969 168 2365 4008
cat_boundaries=0 1 2 3 4 5 6 7 8
cat_threshold=10 386 34 18 396 98 6 16
is_linear=0
shrinkage=0.05


Tree=183
num_leaves=28
num_cat=9
split_feature=2 10 6 5 18 5 15 7 7 6 5 5 7 7 1 17 15 1 7 6 3 7 7 6 15 14 6
split_gain=5.40747 9.82602 8.43292 11.2497 11.9395 10.9078 10.3485 8.10729 4.43892 10.2903 9.83 17.5809 13.7819 8.49775 8.26075 10.5155 7.82186 5.51644 5.51878 3.86862 3.70909 8.36448 14.9329 7.89379 7.72315 5.84738 4.39446
threshold=0 1.0000000180025095e-35 0.26191863691863698 16.500000000000004 1 10.500000000000002 2 0.15395388924800693 0.061538461538461542 0.44333447054035297 10.500000000000002 9.5000000000000018 0.032473082473082469 0.028625541125541113 3 4 5 6 0.010256410256410256 0.22414021164021167 7 0.1167748917748918 0.090860528360528395 0.28553044178044185 8 0.24264705882352944 0.049955436720142604
decision_type=9 2 2 2 1 2 9 2 2 2 2 2 2 2 1 1 9 1 2 2 9 2 2 2 9 2 2
left_child=8 2 5 4 -4 7 -7 -2 10 14 11 12 -1 -13 15 -10 -16 18 -12 -19 21 22 -3 -23 26 -26 -22
right_child=1 20 3 -5 -6 6 -8 -9 9 -11 17 13 -14 -15 16 -17 -18 19 -20 -21 24 23 -24 -25 25 -27 -28
leaf_value=-0.006587356991828751 0.0092704320072486673 0.00083736651771966399 0.0028326619801220996 -0.023376698732110009 -0.014722031130553787 -0.0093148034949561368 0.0038241987882797861 0.030699042424273033 0.0065590833156867539 0.020824777031317354 0.0063942162354231474 0.019176961620406517 0.011837441068633485 0.0009265651123533989 0.00039006690335457441 -0.0084673186618023696 -0.0040281384701812617 -0.00044024728332124429 -0.0010934310593664375 -0.0037429523415919729 -0.0078139297122305097 -0.0022165354301796024 0.014469174338680078 -0.019397009003441781 0.0011283620986114072 -0.0042604514116148821 0.0075369892802305931
leaf_weight=323 292 2027 577 56 106 151 2399 52 517 50 524 239 148 87 1441 141 3304 3681 464 1168 55 407 223 80 708 1742 306
leaf_count=323 292 2027 577 56 106 151 2399 52 517 50 524 239 148 87 1441 141 3304 3681 464 1168 55 407 223 80 708 1742 306
internal_value=-1.83708e-06 0.000912398 0.00293478 -0.00183231 -6.58609e-05 0.00415208 0.00302463 0.0125096 -0.000696447 -0.00175389 0.000171696 0.00538034 -0.000797824 0.0143065 -0.00196283 0.00326059 -0.00268838 -0.000539507 0.00284892 -0.00123324 -0.000410273 0.000899191 0.00218843 -0.00503879 -0.00168248 -0.00269221 0.00505809
internal_weight=21268 9181 3633 739 683 2894 2550 344 12087 5453 6634 797 471 326 5403 658 4745 5837 988 4849 5548 2737 2250 487 2811 2450 361
internal_count=21268 9181 3633 739 683 2894 2550 344 12087 5453 6634 797 471 326 5403 658 4745 5837 988 4849 5548 2737 2250 487 2811 2450 361
cat_boundaries=0 1 2 3 4 5 6 7 8 9
cat_threshold=275 6 4 13 6 2 577 10 44
is_linear=0
shrinkage=0.05


Tree=184
num_leaves=13
num_cat=3
split_feature=0 0 0 2 8 0 2 0 16 5 13 12
split_gain=7.74835 25.8999 10.9374 14.2317 11.7367 11.0466 30.22 6.05787 5.66424 5.60718 3.88441 3.37175
threshold=2550.0000000000005 2450.0000000000005 2350.0000000000005 0 443.05000000000007 2050.0000000000005 1 1250.0000000000002 2 13.500000000000002 3.5000000000000004 2.5000000000000004
decision_type=2 2 2 9 2 2 9 2 9 2 2 2
left_child=1 2 5 4 -4 7 -7 -1 10 -10 -2 -5
right_child=8 -3 3 11 -6 6 -8 -9 9 -11 -12 -13
leaf_value=0.0012532698232551182 0.0093991163019090888 -0.026312145797419362 -0.011261196409392616 0.03359572369977832 0.0075788239584158677 0.01108203796710778 -0.012746234067780554 -0.00075801479613986735 0.0065422617395718896 0.025646663662185199 -0.0092653984943079568 0.016015139411514005
leaf_weight=5013 50 96 115 50 294 172 507 14787 90 67 63 60
leaf_count=5013 50 96 115 50 294 172 507 14787 90 67 63 60
internal_value=-0.000292912 -0.000400641 -0.000282178 0.00688599 0.00222706 -0.000463841 -0.00673472 -0.000248794 0.00812358 0.0138151 -0.000924913 0.0220058
internal_weight=21364 21094 20998 519 409 20479 679 19800 270 157 113 110
internal_count=21364 21094 20998 519 409 20479 679 19800 270 157 113 110
cat_boundaries=0 1 2 3
cat_threshold=18 16 1
is_linear=0
shrinkage=0.05


Tree=185
num_leaves=21
num_cat=4
split_feature=2 14 13 5 0 5 1 14 11 6 1 0 0 0 0 0 15 11 5 6
split_gain=6.09674 9.5085 18.289 5.40515 4.75453 4.31148 11.8551 6.4476 9.18811 5.88167 4.59578 13.7341 24.9703 9.12704 13.9721 7.72044 6.38149 1.92216 1.51588 0.788245
threshold=0 0.19375000000000003 3.5000000000000004 15.500000000000002 1750.0000000000002 8.5000000000000018 1 0.59411764705882364 1.0000000180025095e-35 0.11590909090909092 2 1450.0000000000002 1650.0000000000002 2450.0000000000005 2550.0000000000005 1750.0000000000002 3 1.0000000180025095e-35 12.500000000000002 0.13502331002331006
decision_type=9 2 2 2 2 2 1 2 2 2 1 2 2 2 2 2 9 2 2 2
left_child=1 4 -3 18 -1 6 17 8 -8 -9 13 16 -13 15 -15 -7 -12 -2 -4 -5
right_child=5 2 3 19 -6 10 7 9 -10 -11 11 12 -14 14 -16 -17 -18 -19 -20 -21
leaf_value=0.023706684202217023 0.010455408314929198 -0.027334051032550634 0.019262813539667564 0.0018113020747141156 0.0071910799310732909 -0.00062926070222151615 0.0028893965099959862 -0.0027372070398749941 -0.0096812470921815493 0.017322495435170518 -0.010333550918291797 -0.015884651837291004 -0.0020130758413432828 -0.027747549876978958 0.0018401865037793123 0.0018343157191998351 0.0017517979995928324 0.021493145931375829 0.0081703662579613087 -0.0069010503441095357
leaf_weight=82 76 50 55 54 93 7593 398 59 229 96 104 358 3459 73 88 5472 2734 82 70 50
leaf_count=82 76 50 55 54 93 7593 398 59 229 96 104 358 3459 73 88 5472 2734 82 70 50
internal_value=-1.70138e-07 0.00566844 6.24933e-05 0.00604427 0.0149298 -0.000126435 0.00318243 0.000548534 -0.0017018 0.00968687 -0.000282947 -0.00135349 -0.0033141 0.000256555 -0.0115754 0.000402556 0.00127869 0.0152205 0.013051 -0.00237733
internal_weight=21275 454 279 229 175 20821 940 782 627 155 19881 6655 3817 13226 161 13065 2838 158 125 104
internal_count=21275 454 279 229 175 20821 940 782 627 155 19881 6655 3817 13226 161 13065 2838 158 125 104
cat_boundaries=0 1 2 3 4
cat_threshold=4 556 880 8
is_linear=0
shrinkage=0.05


Tree=186
num_leaves=26
num_cat=12
split_feature=6 0 4 1 0 1 0 17 0 1 4 4 19 0 1 1 1 16 14 0 12 0 14 13 14
split_gain=6.34372 6.46781 22.598 30.0159 27.8085 13.0888 20.1497 14.2293 11.8168 41.5826 24.7311 23.72 11.4414 9.86163 36.6866 23.4459 3.35871 5.63091 5.19487 6.10196 2.54626 2.40956 0.928006 0.881942 0.502795
threshold=0.020220588235294119 1850.0000000000002 0 1 2150.0000000000005 2 2350.0000000000005 3 1750.0000000000002 4 5 6 7 1450.0000000000002 8 9 10 11 0.6132478632478634 1750.0000000000002 4.5000000000000009 1350.0000000000002 0.32291666666666669 6.5000000000000009 0.44949494949494956
decision_type=2 2 1 1 2 1 2 1 2 1 1 1 1 2 1 1 1 9 2 2 2 2 2 2 2
left_child=16 8 3 4 -3 7 -7 -4 13 11 -11 -10 -5 15 -15 -2 17 20 19 22 -1 24 -18 -23 -19
right_child=1 2 5 12 -6 6 -8 -9 9 10 -12 -13 -14 14 -16 -17 18 21 -20 -21 -22 23 -24 -25 -26
leaf_value=-0.0027662876930930106 0.0042650367745547344 0.00758425973357163 -0.0039228146974193429 -0.0047288724757005157 -0.0038156527226209506 -0.007865365301746181 0.026819448864374026 -0.023048917344284339 0.014038342758560376 0.0026011539454271182 -0.0066655315993456093 0.0031864401552598037 -0.019404576031483885 0.0048502764182468301 -0.0057108467877441072 -0.0015428734905252206 -0.013152983614196213 0.002363270187925082 0.0033203592357214221 -0.02568471735474049 -0.016304002069658274 0.0037394713759422299 -0.0060290155527434261 0.012632997049432663 -0.0035043096569750236
leaf_weight=68 2685 1379 180 953 874 215 52 252 868 1619 1282 1228 150 1164 2748 4883 59 64 81 57 71 50 203 63 85
leaf_count=68 2685 1379 180 953 874 215 52 252 868 1619 1282 1228 150 1164 2748 4883 59 64 81 57 71 50 203 63 85
internal_value=-0.00025947 -8.91692e-05 -0.00187803 -0.00015889 0.00314795 -0.00998673 -0.00107019 -0.0153488 0.000351071 0.00238061 -0.00150278 0.00772577 -0.00688107 -0.000532343 -0.00257063 0.000521273 -0.00462478 -0.00123955 -0.00779267 -0.0108588 -0.00903149 0.00307439 -0.00763327 0.00869781 -0.000984007
internal_weight=21333 20532 4055 3356 2253 699 267 432 16477 4997 2901 2096 1103 11480 3912 7568 801 401 400 319 139 262 262 113 149
internal_count=21333 20532 4055 3356 2253 699 267 432 16477 4997 2901 2096 1103 11480 3912 7568 801 401 400 319 139 262 262 113 149
cat_boundaries=0 1 2 3 4 5 6 7 8 9 10 11 12
cat_threshold=17 496 480 8 613 14 9 19 360 149 286 32
is_linear=0
shrinkage=0.05


Tree=187
num_leaves=29
num_cat=2
split_feature=4 8 0 0 0 8 6 0 0 0 0 14 6 14 8 14 17 6 0 5 5 0 6 7 6 0 12 6
split_gain=8.45918 6.45723 8.87435 22.7621 18.383 14.8814 12.9048 9.48666 8.74827 25.232 25.0369 10.8589 24.2027 16.1151 9.48193 8.10395 5.76478 5.82357 7.49193 11.4568 7.01933 5.63853 4.97403 3.70679 3.1672 3.15484 3.83637 1.79808
threshold=0 309.00000000000006 1950.0000000000002 2350.0000000000005 1750.0000000000002 301.85000000000008 0.21672951231774765 1450.0000000000002 2050.0000000000005 1950.0000000000002 1850.0000000000002 0.19375000000000003 0.35094165094165097 0.34313725490196084 355.20000000000005 0.53137254901960795 1 0.13438674615145207 1750.0000000000002 15.500000000000002 11.500000000000002 1550.0000000000002 0.12292522292522294 0.04443530325883268 0.095243482008187899 1750.0000000000002 2.5000000000000004 0.048005698005698004
decision_type=1 2 2 2 2 2 2 2 2 2 2 2 2 2 2 2 1 2 2 2 2 2 2 2 2 2 2 2
left_child=16 2 4 15 7 -6 -5 -2 9 10 -3 12 -10 -13 -11 -4 21 22 19 -19 -20 24 23 -18 27 -23 -27 -1
right_child=1 8 3 6 5 -7 -8 -9 11 14 -12 13 -14 -15 -16 -17 17 18 20 -21 -22 25 -24 -25 -26 26 -28 -29
leaf_value=0.0016941777585695189 -0.00091067875688875452 0.00021580338786408583 -0.0096965018237771643 -0.0039614119640977684 0.0092649323254768573 -0.00087706540137805179 0.015918943768655752 -0.0063948873544894119 -0.022376677662997165 0.0016782469332781787 -0.017602062131282851 0.0064115283489868773 0.012532460938125631 -0.0070535375645200838 0.0095368706883020484 -0.027993372638764627 0.0034392729533483006 0.017866880134994319 0.014172413781566182 0.00056727665131179141 -0.0040651085616103567 0.023851077791425538 -0.014165979429063473 -0.0034051380421866876 -0.0064427313613564232 0.021600101501954832 0.004804683838258772 0.013753156908205711
leaf_weight=69 2458 10309 550 192 696 753 142 1161 184 618 201 392 68 513 1013 68 408 207 66 178 263 61 66 384 66 51 102 56
leaf_count=69 2458 10309 550 192 696 753 142 1161 184 618 201 392 68 513 1013 68 408 207 66 178 263 61 66 384 66 51 102 56
internal_value=8.15971e-05 -0.000237853 -0.00159662 -0.00602597 -0.000764592 0.00399445 0.00449072 -0.00267005 0.000377084 0.000772977 -0.000124957 -0.00377722 -0.0129568 -0.00122116 0.00655917 -0.0117097 0.00318814 0.00178658 0.005134 0.00986862 -0.000406517 0.0084541 -0.00097821 0.000120771 0.00241809 0.0142364 0.0104032 0.0070966
internal_weight=21295 19318 6020 952 5068 1449 334 3619 13298 12141 10510 1157 252 905 1631 618 1977 1572 714 385 329 405 858 792 191 214 153 125
internal_count=21295 19318 6020 952 5068 1449 334 3619 13298 12141 10510 1157 252 905 1631 618 1977 1572 714 385 329 405 858 792 191 214 153 125
cat_boundaries=0 1 2
cat_threshold=24 8
is_linear=0
shrinkage=0.05


Tree=188
num_leaves=30
num_cat=11
split_feature=0 2 0 0 2 2 0 2 2 0 0 19 5 19 9 3 12 12 0 2 7 7 15 7 3 11 9 14 0
split_gain=5.13026 13.3245 22.8629 65.5712 27.3554 12.8927 25.3033 23.8446 21.3305 29.9064 18.8568 12.4165 10.5497 9.28235 8.7859 6.64076 8.81091 6.01342 5.67893 5.63312 6.49742 4.82599 5.67645 4.96596 3.57799 5.65267 3.43539 3.00901 2.40498
threshold=1750.0000000000002 0 1250.0000000000002 1350.0000000000002 1 2 1850.0000000000002 3 4 2150.0000000000005 1950.0000000000002 5 8.5000000000000018 6 1.0000000180025095e-35 7 3.5000000000000004 3.5000000000000004 2350.0000000000005 8 0.058379120879120887 0.030952380952380971 9 0.0091242091242091251 10 1.5000000000000002 1.0000000180025095e-35 0.12132352941176472 2350.0000000000005
decision_type=2 9 2 2 9 9 2 9 9 2 2 1 2 1 2 9 2 2 2 9 2 2 9 2 9 2 2 2 2
left_child=1 19 24 17 -5 10 7 13 9 -8 15 28 -10 -7 -9 16 -2 -4 -13 20 -1 23 -23 -21 27 -26 -17 -3 -12
right_child=5 2 3 4 -6 6 8 14 12 -11 11 18 -14 -15 -16 26 -18 -19 -20 21 -22 22 -24 -25 25 -27 -28 -29 -30
leaf_value=0.003397359264393648 -0.011159056813921779 -0.0021436256878750496 -0.042210090359116034 0.0028383069349800717 -0.0047424432287120318 -0.0017431586675012288 0.011141973261650976 -0.00102124229248322 0.0068162815260710014 -0.0055022436180990394 0.011613025050610305 0.0043325696601532399 -0.0050399598669352451 0.013219910022863178 0.0041405021811370081 -0.014180156770353653 0.0020983711401135088 -0.023212090861139987 -0.0082620536021738786 0.0031882879605556434 0.022126577531212364 0.0061968861826114463 -0.0033646817435683007 0.013672342451674672 0.00084611874933923712 -0.011431306037757038 -0.030997221073350657 0.0021537848023699836 0.025922231890091841
leaf_weight=99 380 457 97 1672 4085 124 651 1334 204 461 63 200 2337 794 2158 73 187 73 162 511 87 214 496 145 288 139 52 3748 55
leaf_count=99 380 457 97 1672 4085 124 651 1334 204 461 63 200 2337 794 2158 73 187 73 162 511 87 214 496 145 288 139 52 3748 55
internal_value=-7.69024e-05 -0.00075378 -0.00138969 -0.0034478 -0.00254408 0.000810771 0.00152324 0.0040744 -0.00155242 0.004204 -0.00406908 0.00351126 -0.00407208 0.0112018 0.00216244 -0.00938591 -0.00666906 -0.0340521 -0.00126865 0.00355866 0.0115375 0.00239628 -0.000442854 0.00550565 0.00124082 -0.00307842 -0.0196075 0.00168274 0.0168542
internal_weight=21346 12111 10559 5927 5757 9235 8063 4410 3653 1112 1172 480 2541 918 3492 692 567 170 362 1552 186 1366 710 656 4632 427 125 4205 118
internal_count=21346 12111 10559 5927 5757 9235 8063 4410 3653 1112 1172 480 2541 918 3492 692 567 170 362 1552 186 1366 710 656 4632 427 125 4205 118
cat_boundaries=0 1 2 3 4 5 6 7 8 9 10 11
cat_threshold=21 128 20 8 2 36 36 10 4 2 3
is_linear=0
shrinkage=0.05


Tree=189
num_leaves=22
num_cat=3
split_feature=6 2 10 0 0 0 0 0 0 0 0 8 0 0 12 19 1 13 8 13 5
split_gain=7.28737 6.21552 10.7949 32.0333 53.1837 23.3997 15.848 21.3073 12.0186 8.77861 9.17187 13.7127 9.02861 5.05801 2.67408 3.09555 2.88586 2.73953 2.17974 0.703978 0.0257661
threshold=0.020220588235294119 0 1.0000000180025095e-35 1350.0000000000002 1550.0000000000002 1250.0000000000002 1850.0000000000002 1550.0000000000002 2450.0000000000005 2450.0000000000005 1950.0000000000002 340.90000000000003 1850.0000000000002 1950.0000000000002 4.5000000000000009 1 2 4.5000000000000009 309.00000000000006 8.5000000000000018 15.500000000000002
decision_type=2 9 2 2 2 2 2 2 2 2 2 2 2 2 2 1 1 2 2 2 2
left_child=13 9 3 5 -5 -3 7 -4 -8 10 12 -12 -2 14 16 19 20 -18 -17 -16 -1
right_child=1 2 6 4 -6 -7 8 -9 -10 -11 11 -13 -14 -15 15 18 17 -19 -20 -21 -22
leaf_value=0.00048909878899012842 -0.00080208517029546579 -0.00022648343074537229 -0.0019786808918695847 0.015655381700183997 0.0011024218017178353 -0.024619726520322731 -0.0083382989521456549 0.0050332499569410716 0.0045129163812942293 -0.019719042313300961 0.015070341546715311 0.001336924338500493 -0.015542250691602628 -0.019636693933548836 0.011067629628814758 0.0018395726245058622 0.0016227002120153473 -0.010616428271029231 -0.0085472944213376787 0.0032075567097063101 0.0020063324132934212
leaf_weight=62 9790 255 2381 870 2255 160 843 1988 232 59 208 1441 105 52 52 92 55 271 112 63 51
leaf_count=62 9790 255 2381 870 2255 160 843 1988 232 59 208 1441 105 52 52 92 55 271 112 63 51
internal_value=0.000100413 0.000283444 0.00126995 0.00342069 0.00515397 -0.00963111 -0.000126254 0.00121192 -0.00556483 -0.000481067 -0.000383161 0.00306922 -0.000958499 -0.00455152 -0.00351665 -3.28009e-05 -0.00604819 -0.00829703 -0.00368251 0.00622074 0.00107843
internal_weight=21397 20587 8984 3540 3125 415 5444 4369 1075 11603 11544 1649 9895 810 758 319 439 326 204 115 113
internal_count=21397 20587 8984 3540 3125 415 5444 4369 1075 11603 11544 1649 9895 810 758 319 439 326 204 115 113
cat_boundaries=0 1 2 3
cat_threshold=274 48 74
is_linear=0
shrinkage=0.05


Tree=190
num_leaves=22
num_cat=6
split_feature=0 15 8 19 19 0 8 17 13 14 14 0 2 0 14 7 3 7 14 7 14
split_gain=6.94618 4.77255 7.14109 7.548 6.41273 6.61259 4.63027 10.8474 6.88825 4.42142 3.50598 3.48309 3.47258 6.37537 5.10237 3.15988 2.29409 1.20905 1.73233 0.851692 0.316312
threshold=1075.0000000000002 0 592.30000000000007 1 2 2550.0000000000005 309.00000000000006 3 8.5000000000000018 0.56696428571428581 0.19375000000000003 1750.0000000000002 4 1550.0000000000002 0.06458333333333334 0.090860528360528395 5 0.01785714285714286 0.53589743589743599 0.070550527903469093 0.40588235294117653
decision_type=2 9 2 1 1 2 2 1 2 2 2 2 9 2 2 2 9 2 2 2 2
left_child=10 2 6 15 12 9 7 -2 -8 -6 -1 -5 14 -14 -3 -4 20 18 -18 -19 -12
right_child=1 4 3 11 5 -7 8 -9 -10 -11 16 -13 13 -15 -16 -17 17 19 -20 -21 -22
leaf_value=0.017802281474566781 -0.0080887991392918478 0.015444289046662072 0.0092192385215442499 0.0060915290141257197 0.0021824702617905477 0.015335208714868015 -4.2818349112033948e-05 -0.0011106786168885935 -0.0071404463476435823 -0.0035938494976208964 -0.005683641297989251 -0.010147046943505607 0.0025179865608851498 -0.0076154524586698816 -0.00045653206879011775 0.023512365435302822 0.012204720183834434 0.0010826522358366923 0.0029528367130414531 0.0072273862550818278 -0.00011488672838929822
leaf_weight=51 671 52 143 59 4153 91 9221 3117 355 360 51 75 234 461 1694 53 125 157 85 88 51
leaf_count=51 671 52 143 59 4153 91 9221 3117 355 360 51 75 234 461 1694 53 125 157 85 88 51
internal_value=-1.31107e-05 -0.000167541 -0.000711352 0.00655418 0.000889262 0.00198646 -0.000891294 -0.00237106 -0.000305941 0.0017217 0.00525454 -0.00278909 -0.00117984 -0.00414399 1.69349e-05 0.0124491 0.00410564 0.00555391 0.00845991 0.00328974 -0.0026404
internal_weight=21347 20739 13694 330 7045 4604 13364 3788 9576 4513 608 134 2441 695 1746 196 557 455 210 245 102
internal_count=21347 20739 13694 330 7045 4604 13364 3788 9576 4513 608 134 2441 695 1746 196 557 455 210 245 102
cat_boundaries=0 1 2 3 4 5 6
cat_threshold=5 11 16 1 266 2
is_linear=0
shrinkage=0.05


Tree=191
num_leaves=24
num_cat=9
split_feature=0 2 0 1 2 1 14 14 0 0 5 8 2 17 0 2 0 17 12 14 1 7 7
split_gain=8.52265 19.0089 19.9157 15.2593 24.9675 14.4769 13.3344 12.3697 9.09047 13.1689 8.21782 7.64739 7.3287 15.3224 13.9211 13.6444 8.93614 9.02863 7.78654 7.15325 7.11222 5.35283 3.46497
threshold=1850.0000000000002 0 2250.0000000000005 1 2 3 0.16025641025641027 0.40588235294117653 2550.0000000000005 2450.0000000000005 6.5000000000000009 411.60000000000008 4 5 1750.0000000000002 6 1750.0000000000002 7 2.5000000000000004 0.36931818181818188 8 0.066550116550116584 0.1167748917748918
decision_type=2 9 2 1 9 1 2 2 2 2 2 2 9 1 2 9 2 1 2 2 1 2 2
left_child=10 2 7 4 5 -3 -4 20 9 -5 -1 -9 16 15 -15 -14 17 -12 -18 -8 -2 -6 -10
right_child=1 3 6 8 21 -7 19 11 22 -11 12 -13 13 14 -16 -17 18 -19 -20 -21 -22 -23 -24
leaf_value=0.017112816569127449 0.015211880259342831 0.015858850141116168 -0.027362281410023573 -0.0079892403301034219 -0.0042037034665214287 0.00050788589897992167 0.0037967806573030471 0.010293509201569991 0.0069521170003678315 -0.028876180248335007 0.0021811977415135586 -0.0084436069325273568 -0.0072931873886869772 0.00044032051665028886 0.0042695163136219219 0.00027745181567193067 -0.010950018804221643 -0.0034199156545382569 -0.0014604166682871363 -0.0096122642612466828 0.0049821173144164593 -0.017188678787064714 -0.0077099610858693199
leaf_weight=73 320 214 64 1331 139 503 203 77 132 80 1603 186 970 7507 3471 1522 424 1289 441 195 423 185 58
leaf_count=73 320 214 64 1331 139 503 203 77 132 80 1603 186 970 7507 3471 1522 424 1289 441 195 423 185 58
internal_value=-0.00011393 -0.00216062 0.00239813 -0.00468498 4.6344e-05 0.00524474 -0.00617929 0.0063611 -0.00774256 -0.00917348 0.000372306 -0.00295784 0.000301368 0.000845898 0.00164952 -0.00268676 -0.00164881 -0.000319571 -0.00611197 -0.00277298 0.00965973 -0.0112701 0.00247632
internal_weight=21410 4110 1468 2642 1041 717 462 1006 1601 1411 17300 263 17227 13470 10978 2492 3757 2892 865 398 743 324 190
internal_count=21410 4110 1468 2642 1041 717 462 1006 1601 1411 17300 263 17227 13470 10978 2492 3757 2892 865 398 743 324 190
cat_boundaries=0 1 2 3 4 5 6 7 8 9
cat_threshold=18 394 136 136 18 1 256 5 176
is_linear=0
shrinkage=0.05


Tree=192
num_leaves=30
num_cat=10
split_feature=0 0 1 2 14 1 0 16 14 0 19 1 17 16 10 11 0 0 2 7 12 14 14 2 12 5 7 9 14
split_gain=4.58062 15.1324 31.4658 17.8359 18.3663 14.9612 13.4134 11.1465 10.7344 8.02887 5.48433 5.32726 10.1069 13.1404 15.8211 8.71807 8.00636 25.024 16.6228 6.98102 5.79154 10.9067 5.24768 6.62561 4.89988 4.04305 5.81034 1.9819 1.91642
threshold=2050.0000000000005 2350.0000000000005 0 1 0.36038961038961043 2 2550.0000000000005 3 0.36931818181818188 2450.0000000000005 4 5 6 7 1.0000000180025095e-35 1.0000000180025095e-35 1450.0000000000002 1550.0000000000002 8 0.26369978061154536 1.5000000000000002 0.2817460317460318 0.17156862745098042 9 2.5000000000000004 10.500000000000002 0.3285014005602242 1.0000000180025095e-35 0.37980769230769235
decision_type=2 2 1 9 2 1 2 9 2 2 1 1 1 9 2 2 2 2 9 2 2 2 2 9 2 2 2 2 2
left_child=11 2 7 4 -4 22 9 27 -9 -7 -5 19 13 15 -15 -13 18 -18 -14 20 21 -1 -3 -24 -22 -21 -27 -2 -8
right_child=1 5 3 10 -6 6 28 8 -10 -11 -12 12 16 14 -16 -17 17 -19 -20 25 24 -23 23 -25 -26 26 -28 -29 -30
leaf_value=-0.0028424677850785798 -0.010766078320403513 -0.0043506434647722194 -0.017012769544825834 -0.0010827980327544509 -0.052635914340822237 -0.0072246491225556502 0.00095723175233410258 0.035390740193426605 0.0051468865657356422 -0.027152694930632909 -0.014788343740175619 0.0099184576849027286 0.0072476268659425018 -0.0040525153263813755 -0.018150472431692207 -0.0029043006967584268 -0.023217031973763371 -0.00085293063463775956 -0.00030293646912917351 0.022372556831424108 0.00428336299956345 0.016305331697162147 0.002086658216703815 0.014467884691150271 0.00072283047747897892 0.016586496483845015 -0.005705591469692687 0.0016292910043375743 0.013717708051470774
leaf_weight=1598 65 89 85 147 63 155 62 50 71 75 155 199 963 682 281 397 128 5486 2910 53 1164 78 216 237 5688 60 57 64 56
leaf_count=1598 65 89 85 147 63 155 62 50 71 75 155 199 963 682 281 397 128 5486 2910 53 1164 78 216 237 5688 60 57 64 56
internal_value=-0.000250676 -0.00283243 -0.00833254 -0.0160266 -0.0301402 0.0014935 -0.00650484 0.00592094 0.0162975 -0.0137229 -0.00836563 -4.27654e-05 -0.000771249 -0.00448906 -0.00808232 0.0013544 -0.000156217 -0.00136284 0.0015924 0.000882242 0.000683261 -0.00195134 0.00662671 0.0089297 0.00132768 0.010916 0.00572625 -0.00428432 0.00701305
internal_weight=21334 1590 700 450 148 890 348 250 121 230 302 19744 11046 1559 963 596 9487 5614 3873 8698 8528 1676 542 453 6852 170 117 129 118
internal_count=21334 1590 700 450 148 890 348 250 121 230 302 19744 11046 1559 963 596 9487 5614 3873 8698 8528 1676 542 453 6852 170 117 129 118
cat_boundaries=0 1 2 3 4 5 6 7 8 9 10
cat_threshold=168 2 285 1 18 736 8 38 128 24
is_linear=0
shrinkage=0.05


Tree=193
num_leaves=27
num_cat=9
split_feature=0 2 0 10 14 9 14 19 8 10 1 0 17 0 1 0 19 8 14 2 0 19 14 11 11 17
split_gain=6.14548 15.6393 34.5646 38.9815 10.7693 9.27567 8.77123 12.2234 20.6743 8.72251 7.61204 21.7206 12.5411 9.67498 26.0888 23.8049 13.1817 12.7119 7.51343 7.38162 6.98803 6.04073 6.35277 6.33116 4.14864 2.51621
threshold=2050.0000000000005 0 2350.0000000000005 1.0000000180025095e-35 0.38675213675213682 1.0000000180025095e-35 0.59411764705882364 1 309.00000000000006 1.0000000180025095e-35 2 1950.0000000000002 3 1950.0000000000002 4 1850.0000000000002 5 355.20000000000005 0.17156862745098042 6 1750.0000000000002 7 0.35504201680672276 1.0000000180025095e-35 1.5000000000000002 8
decision_type=2 9 2 2 2 2 2 1 2 2 1 2 1 2 1 2 1 2 2 9 2 1 2 2 2 1
left_child=10 2 3 -2 -5 18 7 9 -9 -3 11 12 24 15 16 19 -15 -16 -4 -12 -14 22 -13 -23 -1 -17
right_child=1 6 5 4 -6 -7 -8 8 -10 -11 13 21 20 14 17 25 -18 -19 -20 -21 -22 23 -24 -25 -26 -27
leaf_value=-0.0073398771409605009 -0.050057030372759874 -0.013357370567673428 -0.012044703629554104 -0.00036602961815527233 -0.02424766378153672 -0.016133232744811456 0.022647872956469656 0.036092428453266621 0.002151495269212011 0.0095951075375712708 -0.0021029180720890865 -0.014643577263000827 -0.0005366650273987872 0.00073373606976340807 -0.0050163625927491335 -0.0065393215730243058 0.015259821572945568 0.0058607124902312182 0.0051049707307829519 0.0011541586280225293 0.0065310499669581374 -0.034316566756419968 0.0031611287694326357 -0.014183835033139575 -0.023481777126846071 -0.018751235831005034
leaf_weight=96 85 189 76 122 77 79 50 50 437 53 2009 106 2066 228 680 110 560 444 400 12607 421 57 95 124 68 150
leaf_count=96 85 189 76 122 77 79 50 50 437 53 2009 106 2066 228 680 110 560 444 400 12607 421 57 95 124 68 150
internal_value=0.000210572 -0.00275234 -0.00743758 -0.0217133 -0.00960666 -0.000266549 0.00235896 0.000999757 0.00552279 -0.00800001 0.000452437 -0.00184927 -0.000249177 0.000868858 0.00421745 0.00043905 0.0111187 -0.000713378 0.00236679 0.000705817 0.000657117 -0.013002 -0.00593323 -0.0194494 -0.0132264 -0.0145574
internal_weight=21439 1618 839 284 199 555 779 729 487 242 19821 3033 2651 16788 1912 14876 788 1124 476 14616 2487 382 201 181 164 260
internal_count=21439 1618 839 284 199 555 779 729 487 242 19821 3033 2651 16788 1912 14876 788 1124 476 14616 2487 382 201 181 164 260
cat_boundaries=0 1 2 3 4 5 6 7 8 9
cat_threshold=10 1 7 8 208 5 2 22 8
is_linear=0
shrinkage=0.05


Tree=194
num_leaves=15
num_cat=4
split_feature=7 1 14 7 7 7 6 6 6 16 7 1 6 3
split_gain=9.09594 10.0966 9.45148 8.38533 8.72837 6.7363 5.62968 16.7092 4.90491 8.65023 15.0084 12.5931 7.00493 6.98165
threshold=0.18168290043290045 0 0.5590277777777779 0.35735930735930738 0.18354700854700859 0.17579087579087585 0.25009426847662147 0.18468915343915346 0.15802514478985072 1 0.017647058823529422 2 0.15692340067340069 3
decision_type=2 1 2 2 2 2 2 2 2 9 2 1 2 9
left_child=5 6 3 4 -3 8 7 -2 12 11 -11 -10 13 -1
right_child=1 2 -4 -5 -6 -7 -8 -9 9 10 -12 -13 -14 -15
leaf_value=0.0015488174770862354 0.019913723875294654 -0.020953573651399604 0.015033369218664511 -0.022057298682384978 -0.0037351178111923403 0.013974136924569279 0.018257008263734296 -0.018045176379382612 0.0035978021876714814 -0.0065911585797215873 0.0081003480491921003 -0.0011031793077671982 -0.017517629238417404 -0.00086677138893024609
leaf_weight=4810 57 79 56 76 1077 94 74 59 2398 211 987 3482 57 7874
leaf_count=4810 57 79 56 76 1077 94 74 59 2398 211 987 3482 57 7874
internal_value=0.000339916 -0.00344459 -0.00501737 -0.00596949 -0.00491181 0.000620813 0.00710718 0.000607042 0.000557479 0.00161282 0.00546714 0.000816843 -2.87913e-05 4.98009e-05
internal_weight=21391 1478 1288 1232 1156 19913 190 116 19819 7078 1198 5880 12741 12684
internal_count=21391 1478 1288 1232 1156 19913 190 116 19819 7078 1198 5880 12741 12684
cat_boundaries=0 1 2 3 4
cat_threshold=128 65 596 10
is_linear=0
shrinkage=0.05


Tree=195
num_leaves=26
num_cat=9
split_feature=4 0 1 0 17 0 2 0 0 2 0 1 0 1 5 6 6 7 18 14 6 6 17 14 0
split_gain=5.98261 16.0647 17.5892 9.22302 9.79022 8.23802 12.5323 20.1372 43.9991 10.6899 17.615 18.9869 15.7132 13.9997 8.4487 8.02414 7.46777 7.33394 5.63747 5.22523 4.8552 4.45016 4.00063 3.17737 1.89331
threshold=0 1850.0000000000002 1 1250.0000000000002 2 1750.0000000000002 3 1250.0000000000002 1350.0000000000002 4 1850.0000000000002 5 2150.0000000000005 6 16.500000000000004 0.1555911680911681 1.0000000180025095e-35 0.097253645047762696 7 0.21825396825396828 0.048005698005698004 0.13738344988344989 8 0.20714285714285716 1550.0000000000002
decision_type=1 2 1 2 1 2 9 2 2 9 2 1 2 1 2 2 2 2 1 2 2 2 1 2 2
left_child=1 2 17 20 -5 6 18 16 -9 12 11 -11 14 -12 -7 -3 -8 21 24 -14 -4 -1 -20 -19 -2
right_child=5 15 3 4 -6 9 7 8 -10 10 13 -13 19 -15 -16 -17 -18 23 22 -21 -22 -23 -24 -25 -26
leaf_value=-0.00861650824262024 0.0011706660684869916 -0.032261611608555542 0.00078310804674401884 -0.011650981083571252 0.0017406680988954863 -0.0046752540254670705 -0.0077019120741735024 -0.029596858438457441 -0.0023756985825425288 -0.002600034556094952 -0.0047216137535939767 0.0064945099819557379 -0.0055332920786564828 0.0020402062148983011 -0.018901798415370288 -0.0084936037897493637 0.0020771912712307418 -0.0094455854228528389 -0.00017973432913568976 0.0082621036910822104 0.013940846742714548 0.00083719667503222208 0.0062229785884444291 -0.025312833502465694 -0.010265131667256356
leaf_weight=354 61 60 105 148 992 632 206 153 4988 706 1126 3027 88 2337 125 87 3732 55 324 312 211 192 1067 74 89
leaf_count=354 61 60 105 148 992 632 206 153 4988 706 1126 3027 88 2337 125 87 3732 55 324 312 211 192 1067 74 89
internal_value=0.000217285 -0.00219832 -0.00110517 0.00199662 -8.48295e-05 0.000508207 -0.000415526 -0.00112365 -0.00318582 0.00168325 0.00239895 0.00478495 -0.0027649 -0.000166153 -0.00702442 -0.0181948 0.00156564 -0.00771118 0.00373948 0.00522712 0.00956881 -0.00529213 0.00474098 -0.0185477 -0.00526366
internal_weight=21251 2278 2131 1456 1140 18973 10620 9079 5141 8353 7196 3733 1157 3463 757 147 3938 675 1541 400 316 546 1391 129 150
internal_count=21251 2278 2131 1456 1140 18973 10620 9079 5141 8353 7196 3733 1157 3463 757 147 3938 675 1541 400 316 546 1391 129 150
cat_boundaries=0 1 2 3 4 5 6 7 8 9
cat_threshold=4 42 1 21 20 24 550 2 8
is_linear=0
shrinkage=0.05


Tree=196
num_leaves=16
num_cat=4
split_feature=13 7 7 1 0 0 0 1 0 0 1 18 6 14 14
split_gain=6.1524 5.45414 7.11934 10.3668 12.7058 6.7609 19.3941 9.19025 5.94129 5.69725 3.7458 8.76858 4.38679 3.1207 0.292075
threshold=11.500000000000002 0.16081173728232553 0.24032217782217782 0 1950.0000000000002 2550.0000000000005 2450.0000000000005 1 2350.0000000000005 1650.0000000000002 2 3 0.22943287649170005 0.36038961038961043 0.36038961038961043
decision_type=2 2 2 1 2 2 2 1 2 2 1 1 2 2 2
left_child=1 5 3 4 -3 6 8 14 -1 -5 12 -12 -4 -9 -7
right_child=-2 2 10 9 -6 7 -8 13 -10 -11 11 -13 -14 -15 -16
leaf_value=9.5438130671496888e-05 -0.017245053737245216 -0.0046761800622541119 -0.0038003509804125759 -0.0079073700465137932 -0.020298380589984517 -0.0060345256477594379 -0.02508671671201132 0.0098713399535468368 0.0064191313608829674 0.0023748808534849236 0.0058888267876233821 -0.0088406438084748327 0.011995712917109965 0.025025941274527994 -0.00075438548895445743
leaf_weight=18600 52 423 62 184 188 50 76 66 379 503 205 181 151 70 55
leaf_count=18600 52 423 62 184 188 50 76 66 379 503 205 181 151 70 55
internal_value=-6.76146e-05 -2.54673e-05 -0.00258368 -0.00466449 -0.00933031 0.000226032 0.000120777 0.00854816 0.000221719 -0.000373588 0.00192532 -0.00106683 0.00706606 0.0164611 -0.0029845
internal_weight=21245 21193 1897 1298 611 19296 19055 241 18979 687 599 386 213 136 105
internal_count=21245 21193 1897 1298 611 19296 19055 241 18979 687 599 386 213 136 105
cat_boundaries=0 1 2 3 4
cat_threshold=157 770 144 4
is_linear=0
shrinkage=0.05


Tree=197
num_leaves=31
num_cat=9
split_feature=12 2 7 7 7 18 0 8 0 0 0 1 1 0 6 0 6 18 11 0 12 2 7 19 6 3 2 6 0 7
split_gain=5.84403 12.2073 13.6498 13.8945 12.2164 9.70482 7.9409 17.0397 29.0253 17.8321 9.82121 13.0255 11.4934 6.22855 5.71963 9.89629 7.74637 7.34256 7.65448 7.17844 5.95186 5.76449 4.95021 4.45303 7.63537 7.21859 4.30303 3.5927 3.46681 3.25388
threshold=2.5000000000000004 0 0.061935286935286944 0.040708311296546597 0.066695804195804231 1 1750.0000000000002 487.60000000000008 1350.0000000000002 1350.0000000000002 1850.0000000000002 2 3 2150.0000000000005 0.070106119370825268 1650.0000000000002 0.063167061696473473 4 1.5000000000000002 2050.0000000000005 5.5000000000000009 5 0.011904761904761913 6 0.064723389355742303 7 8 0.037436868686868692 1750.0000000000002 0.19118708089296324
decision_type=2 9 2 2 2 1 2 2 2 2 2 1 1 2 2 2 2 1 2 2 2 9 2 1 2 9 9 2 2 2
left_child=1 2 3 13 -4 -6 7 9 -9 -3 12 -12 -8 -1 15 23 27 21 19 -19 -20 22 -16 24 -2 -25 -18 -17 -5 -23
right_child=14 6 4 28 5 -7 10 8 -10 -11 11 -13 -14 -15 17 16 26 18 20 -21 -22 29 -24 25 -26 -27 -28 -29 -30 -31
leaf_value=0.000207622679109585 -0.0078776265735267803 0.0023816364463475821 -0.02431111657516221 0.023606797095521222 0.0003325279316599586 -0.010895681855665475 0.014837879319358397 -0.021523455384736642 0.010880832094238095 -0.0070001385483105406 -0.0080818770243286063 0.0041630437753312072 0.0043631317962094388 -0.014739309944910928 0.0045461713119685282 -0.0078689762926721276 -0.019768331579478653 7.2886328611852281e-05 -0.0039387547270424376 -0.0080387656497737381 -0.015500838620320076 0.0031112787445892395 -0.0010616050929962333 0.003596630035088152 0.0098757455086099441 -0.0018860058786483733 -0.0045245410615726454 -0.0015546238681582829 0.0082323488567701796 0.013304032146839834
leaf_weight=986 412 1101 92 70 411 358 328 78 606 938 310 666 1323 75 477 383 135 3772 710 294 132 1735 2249 910 71 1718 100 547 77 82
leaf_count=986 412 1101 92 70 411 358 328 78 606 938 310 666 1323 75 477 383 135 3772 710 294 132 1735 2249 910 71 1718 100 547 77 82
internal_value=-0.000145383 0.000985264 -0.00227061 0.00114705 -0.00709203 -0.00503201 0.00224446 0.000356594 0.00718561 -0.00193426 0.00420985 0.000233624 0.00656042 -0.000848947 -0.000756462 -0.00227381 -0.00620455 -6.99527e-05 -0.00140933 -0.000513642 -0.00575134 0.00137711 -8.00534e-05 -0.00080184 -0.00516106 1.89088e-05 -0.0143154 -0.00415505 0.0155535 0.00355172
internal_weight=21146 7419 2069 1208 861 769 5350 2723 684 2039 2627 976 1651 1061 13727 4276 1165 9451 4908 4066 842 4543 2726 3111 483 2628 235 930 147 1817
internal_count=21146 7419 2069 1208 861 769 5350 2723 684 2039 2627 976 1651 1061 13727 4276 1165 9451 4908 4066 842 4543 2726 3111 483 2628 235 930 147 1817
cat_boundaries=0 1 2 3 4 5 6 7 8 9
cat_threshold=18 6 588 577 10 142 2 2 258
is_linear=0
shrinkage=0.05


Tree=198
num_leaves=16
num_cat=4
split_feature=14 7 9 4 5 5 6 6 17 19 11 14 17 14 14
split_gain=6.21552 5.66589 7.2413 4.63279 4.59534 4.117 5.585 4.00479 4.12344 9.66061 8.17234 2.61777 2.33696 2.74301 2.58592
threshold=0.70294117647058829 0.022283272283272277 1.0000000180025095e-35 0 9.5000000000000018 10.500000000000002 0.243946793946794 0.01150793650793651 1 2 1.0000000180025095e-35 0.79285714285714304 3 0.44097222222222227 0.51470588235294124
decision_type=2 2 2 1 2 2 2 2 1 1 2 2 1 2 2
left_child=3 11 -3 4 -1 -6 -7 12 10 -10 -9 -2 13 -5 -14
right_child=1 2 -4 7 5 6 -8 8 9 -11 -12 -13 14 -15 -16
leaf_value=-0.014124001381635854 0.0061127269830505704 -0.024368002418612627 -0.0027315656453169683 -0.0062258418775973439 0.0090056632816846293 -0.0012478526984048173 -0.0086517091417516821 0.0026121086333397037 0.0010363056626289553 -0.0026280874200948316 -0.00019884179189513988 -0.0072396506527504347 -0.0042657950007205089 0.0055738233149003344 -0.014524489175528288
leaf_weight=79 76 81 74 92 84 1826 296 4101 3797 3402 6998 71 215 106 86
leaf_count=79 76 81 74 92 84 1826 296 4101 3797 3402 6998 71 215 106 86
internal_value=-0.000246608 -0.00736885 -0.0140383 -0.000144581 -0.00226527 -0.00185087 -0.00228062 0.000114358 0.000234941 -0.000696604 0.000839028 -0.000336381 -0.00430502 8.67684e-05 -0.00696544
internal_weight=21384 302 155 21082 2285 2206 2122 18797 18298 7199 11099 147 499 198 301
internal_count=21384 302 155 21082 2285 2206 2122 18797 18298 7199 11099 147 499 198 301
cat_boundaries=0 1 2 3 4
cat_threshold=4 6 41 9
is_linear=0
shrinkage=0.05


Tree=199
num_leaves=27
num_cat=2
split_feature=6 5 14 6 14 7 6 8 6 6 6 14 7 7 19 6 4 8 14 7 7 7 14 14 9 8
split_gain=4.63508 6.9353 5.612 12.2193 7.49553 7.33235 5.57952 5.38874 5.1005 8.4218 6.62399 5.08587 5.01753 4.68448 4.36229 7.70944 6.53514 3.63924 3.59385 3.5818 9.6981 4.62483 2.45775 1.27198 1.0754 0.684855
threshold=0.068315018315018322 17.500000000000004 0.69615384615384623 0.097210550887021491 0.57738095238095244 0.15395388924800693 0.25263506917918688 355.20000000000005 0.063167061696473473 0.056963012477718365 0.064723389355742303 0.43303571428571436 0.080374649859943997 0.028625541125541113 0 0.054755844645550535 1 443.05000000000007 0.56696428571428581 0.054232654600301668 0.030952380952380971 0.11516522692993285 0.42261904761904767 0.44097222222222227 1.0000000180025095e-35 340.90000000000003
decision_type=2 2 2 2 2 2 2 2 2 2 2 2 2 2 1 2 1 2 2 2 2 2 2 2 2 2
left_child=8 2 4 -4 11 -6 19 -8 9 14 23 -2 -5 25 15 -1 -16 -15 22 20 -3 -21 -12 -10 -9 -11
right_child=1 6 3 12 5 -7 7 24 10 13 18 -13 -14 17 16 -17 -18 -19 -20 21 -22 -23 -24 -25 -26 -27
leaf_value=0.00018997277989036448 0.00099247903220039328 -0.00010165535085004314 0.011097388021234009 -0.0070851445684886787 0.0048137293918313973 0.024717540372736182 -0.024739676867074407 -0.00895543284837849 -0.011243757610905103 0.019424821191001685 -0.0039052036714881822 -0.0016209065599992523 -0.028254382130118057 0.0053911704005857892 0.00044424544584900329 -0.011619272745036591 -0.0081574219685881921 -0.0079428185423415509 -0.015663146756589415 0.0056952320803559282 -0.01818759702571417 -0.0049349541767664696 0.0034699044445496729 -0.021069738418984071 -0.00014849134534597398 0.011189891522129377
leaf_weight=2588 12580 258 54 55 420 52 52 113 87 50 368 2185 57 293 392 146 507 62 50 257 104 170 163 53 50 51
leaf_count=2588 12580 258 54 55 420 52 52 113 87 50 368 2185 57 293 392 146 507 62 50 257 104 170 163 53 50 51
internal_value=4.18034e-05 0.000441946 0.000704399 -0.0084393 0.000804015 0.00700652 -0.00358452 -0.0107249 -0.00132309 -0.000639394 -0.00520053 0.000605737 -0.0178588 0.00576553 -0.00144332 -0.000439054 -0.00444312 0.00306242 -0.00284798 -0.00163879 -0.00529762 0.00146307 -0.00164128 -0.0149636 -0.00625392 0.0152666
internal_weight=21217 16407 15403 166 15237 472 1004 215 4810 4089 721 14765 112 456 3633 2734 899 355 581 789 362 427 531 140 163 101
internal_count=21217 16407 15403 166 15237 472 1004 215 4810 4089 721 14765 112 456 3633 2734 899 355 581 789 362 427 531 140 163 101
cat_boundaries=0 1 2
cat_threshold=49 10
is_linear=0
shrinkage=0.05


Tree=200
num_leaves=28
num_cat=9
split_feature=0 0 1 19 6 0 2 0 1 0 1 2 19 1 4 0 14 0 8 12 14 14 14 14 14 14 6
split_gain=6.3695 25.0718 14.8736 15.4078 16.8818 7.88168 26.9126 15.4614 30.9237 27.2452 23.0723 17.2001 12.1188 10.5518 11.1375 10.1615 8.42616 6.60677 7.63096 5.89894 4.52914 5.91373 3.42311 2.65157 1.84374 3.1735 0.363378
threshold=1850.0000000000002 1950.0000000000002 0 1 0.31378205128205133 1750.0000000000002 2 1450.0000000000002 3 1350.0000000000002 4 5 6 7 8 1350.0000000000002 0.24264705882352944 2350.0000000000005 292.50000000000006 1.5000000000000002 0.55050505050505061 0.44949494949494956 0.25833333333333336 0.29705882352941182 0.32291666666666669 0.41421568627450983 0.21672951231774765
decision_type=2 2 1 1 2 2 9 2 1 2 1 9 1 1 1 2 2 2 2 2 2 2 2 2 2 2 2
left_child=5 22 17 4 -4 7 20 8 9 -1 12 -12 -9 16 -15 -10 -8 18 -3 -5 21 -7 26 -19 -24 -26 -2
right_child=1 2 3 19 -6 6 13 10 15 -11 11 -13 -14 14 -16 -17 -18 23 -20 -21 -22 -23 24 -25 25 -27 -28
leaf_value=-0.0025730606231101701 -0.026481778719104256 -0.020761736639737835 -0.0020884665167448641 0.0072174897045464955 -0.021428069489375326 -0.0074816830776552991 0.01200555852926201 0.013301344029595142 0.0005358181658084313 0.010235709306726983 -0.016201477244289386 -0.0033466006669007602 0.00043208640274119156 0.0036533213308771219 -0.0035184086864544933 -0.0042088179316759058 0.0043977854833710545 -0.0076975480906361143 -0.0062611697699296578 0.0014094499083252491 -0.0214223749994976 0.009280686109358895 -0.0039396268427371976 0.005651490649669081 -0.024077096487033284 -0.0067712311606066156 -0.020625744579808303
leaf_weight=584 52 149 814 574 131 567 534 274 4622 1436 278 2975 528 2008 732 1493 1143 62 232 1834 51 58 50 93 54 52 54
leaf_count=584 52 149 814 574 131 567 534 274 4622 1436 278 2975 528 2008 732 1493 1143 62 232 1834 51 58 50 93 54 52 54
internal_value=0.000164638 -0.00159411 -0.000585515 0.000660327 -0.00471946 0.000587052 0.00223896 -0.000103116 0.0011541 0.0065004 -0.0026253 -0.00449146 0.00493848 0.00365922 0.00173154 -0.000621586 0.00677987 -0.00823764 -0.011932 0.00278237 -0.0069918 -0.00592614 -0.0165652 0.000311875 -0.0118542 -0.0155874 -0.0234985
internal_weight=21434 4151 3889 3353 945 17283 5093 12190 8135 2020 4055 3253 802 4417 2740 6115 1677 536 381 2408 676 625 262 155 156 106 106
internal_count=21434 4151 3889 3353 945 17283 5093 12190 8135 2020 4055 3253 802 4417 2740 6115 1677 536 381 2408 676 625 262 155 156 106 106
cat_boundaries=0 1 2 3 4 5 6 7 8 9
cat_threshold=516 1 20 144 328 8 20 833 3
is_linear=0
shrinkage=0.05


Tree=201
num_leaves=13
num_cat=2
split_feature=0 0 1 7 0 0 1 8 8 0 6 12
split_gain=6.68051 19.2349 10.6104 6.79638 4.50317 43.8245 14.2096 5.12971 7.9147 3.87698 2.74553 2.44877
threshold=2550.0000000000005 2450.0000000000005 0 0.058379120879120887 1250.0000000000002 1350.0000000000002 1 328.75000000000006 340.90000000000003 1175.0000000000002 0.21672951231774765 3.5000000000000004
decision_type=2 2 1 2 2 2 1 2 2 2 2 2
left_child=1 4 10 -4 7 11 -7 9 -9 -1 -2 -6
right_child=2 -3 3 -5 5 6 -8 8 -10 -11 -12 -13
leaf_value=0.0031540262386118784 -0.010167613985935508 -0.022357026281569041 0.029333966428188547 0.0078722018970888152 -0.030871302978872944 0.0017383245309995747 -0.0014519959007574328 0.010812979194513978 0.0017415944751109254 -0.0011620863429575568 0.004952241787139107 -0.019026727016316729
leaf_weight=665 73 99 63 89 96 5203 10554 282 1632 2391 51 80
leaf_count=665 73 99 63 89 96 5203 10554 282 1632 2391 51 80
internal_value=-0.000268198 -0.00036976 0.00746012 0.0157325 -0.000265625 -0.000675503 -0.000398363 0.00104837 0.00307813 -0.00022288 -0.00365426 -0.0254874
internal_weight=21278 21002 276 152 20903 15933 15757 4970 1914 3056 124 176
internal_count=21278 21002 276 152 20903 15933 15757 4970 1914 3056 124 176
cat_boundaries=0 1 2
cat_threshold=770 48
is_linear=0
shrinkage=0.05


Tree=202
num_leaves=15
num_cat=4
split_feature=11 6 6 6 7 7 2 2 6 18 15 6 7 6
split_gain=4.78158 12.5776 9.65946 7.20051 6.37889 10.0435 5.07912 4.33265 9.02855 10.8183 8.86042 5.50909 5.30142 4.70228
threshold=1.0000000180025095e-35 0.3565781440781442 0.32763630704807184 0.022423328305681254 0.20404411764705885 0.21478174603174607 0 1 0.10716619981325866 2 3 0.31815707440707447 0.07277820218996689 0.045951107715813615
decision_type=2 2 2 2 2 2 9 9 2 1 9 2 2 2
left_child=3 2 4 -1 6 -6 -2 10 13 -10 11 -5 -12 -9
right_child=1 -3 -4 7 5 -7 -8 8 9 -11 12 -13 -14 -15
leaf_value=-0.017856121613808416 -0.0011865583756236451 0.018397519346543177 -0.017999877663613814 0.0020978187962223511 -0.024923166986333119 -0.003520992618071807 0.00097059513883183198 0.0094264221758970281 0.0064513141367159013 0.0010973181975089214 -0.0048814384992472192 -0.0024191033385068624 -0.020457749354181352 -0.0037210304486957504
leaf_weight=51 8014 86 81 1730 63 422 4127 74 1380 2981 188 1107 77 840
leaf_count=51 8014 86 81 1730 63 422 4127 74 1380 2981 188 1107 77 840
internal_value=-5.03492e-05 -0.000659534 -0.00078851 0.000874342 -0.000678094 -0.00630107 -0.000453471 0.000988375 0.00185833 0.00280885 -0.000495398 0.000334134 -0.0090653 -0.00265658
internal_weight=21221 12793 12707 8428 12626 485 12141 8377 5275 4361 3102 2837 265 914
internal_count=21221 12793 12707 8428 12626 485 12141 8377 5275 4361 3102 2837 265 914
cat_boundaries=0 1 2 3 4
cat_threshold=386 28 10 3
is_linear=0
shrinkage=0.05


Tree=203
num_leaves=20
num_cat=4
split_feature=7 0 0 0 0 1 1 7 7 11 7 1 6 17 6 6 12 6 9
split_gain=6.18102 5.6173 8.29548 5.51821 47.9676 8.56534 5.02273 6.06141 5.92573 5.82421 5.22965 4.55816 4.32134 3.93896 7.66035 5.85468 3.90882 1.82121 0.957178
threshold=0.18168290043290045 2550.0000000000005 2450.0000000000005 1250.0000000000002 1350.0000000000002 0 1 0.18982371794871797 0.18982371794871797 1.5000000000000002 0.35735930735930738 2 0.19328367710720654 3 0.30272720199190789 0.25975529100529104 2.5000000000000004 0.14989531166001757 1.0000000180025095e-35
decision_type=2 2 2 2 2 1 1 2 2 2 2 1 2 1 2 2 2 2 2
left_child=1 2 3 5 -5 -1 8 18 -2 10 -9 17 -13 15 -15 -10 -11 -3 -8
right_child=6 11 -4 4 -6 -7 7 9 13 16 -12 12 -14 14 -16 -17 -18 -19 -20
leaf_value=-0.00078523827880718584 0.01689907024913239 0.0073001532647345635 -0.015975838454394806 -0.026931802698493226 -0.00021582408182767201 0.0033951043617668434 -0.019444937941253834 -0.001064741480330082 -0.003254325243341195 -0.021425869566478975 -0.016540697244611584 0.0069100941158831116 0.026461870890110734 -0.00025978558506184853 -0.022339212101902449 0.016459945539957773 -0.0038998094959217205 -0.0040559255983680488 -0.010770910011083519
leaf_weight=2332 53 62 82 170 14383 2570 69 730 86 72 59 65 50 171 51 67 57 82 59
leaf_count=2332 53 62 82 170 14383 2570 69 730 86 72 59 65 50 171 51 67 57 82 59
internal_value=-0.000241675 -9.09318e-06 -0.00010607 -3.91808e-05 -0.000527905 0.00141174 -0.00336528 -0.00520388 0.00122117 -0.00383237 -0.00222201 0.00730607 0.014178 -0.000962077 -0.00510225 0.00504874 -0.0136818 0.000779374 -0.0154468
internal_weight=21270 19796 19537 19455 14553 4902 1474 1046 428 918 789 259 115 375 222 153 129 144 128
internal_count=21270 19796 19537 19455 14553 4902 1474 1046 428 918 789 259 115 375 222 153 129 144 128
cat_boundaries=0 1 2 3 4
cat_threshold=552 194 261 9
is_linear=0
shrinkage=0.05


Tree=204
num_leaves=17
num_cat=5
split_feature=7 1 7 11 6 7 7 4 13 7 7 6 7 1 3 16
split_gain=7.05242 6.89243 9.59852 9.57573 14.2522 8.17342 6.82405 7.27863 5.99367 5.42946 12.0409 10.1975 7.44409 6.64357 4.9867 4.60457
threshold=0.18168290043290045 0 0.18982371794871797 1.5000000000000002 0.3387459762459763 0.36972455648926245 0.19118708089296324 1 11.500000000000002 0.077023629964806453 0.10836247086247087 0.35094165094165097 0.10600649350649349 2 3 4
decision_type=2 1 2 2 2 2 2 1 2 2 2 2 2 1 9 9
left_child=8 5 -3 4 -4 6 -2 -8 9 13 12 -12 -11 14 -1 -15
right_child=1 2 3 -5 -6 -7 7 -9 -10 10 11 -13 -14 15 -16 -17
leaf_value=-0.0010866956233823624 0.010582489495146832 -0.023396194082253227 0.001756315974549192 -0.021196284861146632 -0.023818605081760327 0.017388823487951111 0.0080208580180381739 -0.0055124519997454364 -0.015871622861493708 0.0042014478949196866 -0.000824307309081478 0.015844405784124608 0.018930103002219565 -0.0082838026560946472 -0.0062904133030835495 0.00072182311566336226
leaf_weight=4106 99 82 366 77 64 60 110 612 57 1833 2686 95 90 134 511 10358
leaf_count=4106 99 82 366 77 64 60 110 612 57 1833 2686 95 90 134 511 10358
internal_value=7.14542e-05 -0.00327036 -0.0073993 -0.00495797 -0.00205018 -0.000421152 -0.00172786 -0.00341585 0.000318684 0.000365262 0.00184866 -0.000254898 0.00489078 -9.65749e-05 -0.00167498 0.000599028
internal_weight=21340 1470 589 507 430 881 821 722 19870 19813 4704 2781 1923 15109 4617 10492
internal_count=21340 1470 589 507 430 881 821 722 19870 19813 4704 2781 1923 15109 4617 10492
cat_boundaries=0 1 2 3 4 5
cat_threshold=464 12 23 3 64
is_linear=0
shrinkage=0.05


Tree=205
num_leaves=15
num_cat=3
split_feature=5 8 0 16 14 6 0 0 1 6 14 6 7 1
split_gain=4.80408 8.17387 4.15694 3.8516 8.2219 10.0767 4.71648 43.1382 12.5675 1.76353 1.55924 1.27795 0.964929 0.64742
threshold=6.5000000000000009 328.75000000000006 1175.0000000000002 0 0.06458333333333334 0.38039321789321795 1250.0000000000002 1350.0000000000002 1 0.18468915343915346 0.48529411764705888 0.098746079628432584 0.030790777849601384 2
decision_type=2 2 2 9 2 2 2 2 1 2 2 2 2 1
left_child=1 -1 9 6 12 -6 8 -8 -4 10 11 -2 -5 -12
right_child=2 -3 3 4 5 -7 7 -9 -10 -11 13 -13 -14 -15
leaf_value=-0.0032803464359764398 -0.00063884863171571665 0.023380958244792725 0.0043942204791467361 -0.018313916493207218 0.00075673125181916021 0.022670050539990078 -0.026779755236717259 -0.00095912622620969174 -0.0019497342325256288 0.012065635506923383 0.0014160240150216086 0.0058407573148845891 -0.0085857478310712252 0.0067351542138827172
leaf_weight=58 367 57 1391 50 5166 53 164 11838 1755 52 104 96 52 214
leaf_count=58 367 57 1391 50 5166 53 164 11838 1755 52 104 96 52 214
internal_value=-0.000257559 0.00993439 -0.000312581 -0.000453484 0.000703176 0.000979265 -0.000859678 -0.00131195 0.000863008 0.00314978 0.00255615 0.000704655 -0.0133545 0.00525189
internal_weight=21417 115 21302 20469 5321 5219 15148 12002 3146 833 781 463 102 318
internal_count=21417 115 21302 20469 5321 5219 15148 12002 3146 833 781 463 102 318
cat_boundaries=0 1 2 3
cat_threshold=67 453 10
is_linear=0
shrinkage=0.05


Tree=206
num_leaves=21
num_cat=3
split_feature=0 6 1 17 14 14 14 6 6 7 14 8 7 5 5 7 8 5 7 19
split_gain=11.075 15.2218 14.217 23.2708 10.4349 22.9341 8.27546 7.86634 6.64367 10.0521 6.6774 5.80693 8.37592 8.49019 8.20016 8.51184 5.84391 4.3711 6.85103 4.12769
threshold=2050.0000000000005 0.33338001867413636 0 1 0.56696428571428581 0.45804195804195807 0.39444444444444454 0.23399859943977591 0.34438339438339438 0.28599439775910368 0.29705882352941182 513.75000000000011 0.27326839826839833 14.500000000000002 8.5000000000000018 0.16666666666666674 309.00000000000006 9.5000000000000018 0.079334554334554344 2
decision_type=2 2 1 1 2 2 2 2 2 2 2 2 2 2 2 2 2 2 2 1
left_child=8 2 3 6 5 -4 -2 -5 11 10 19 12 16 -14 -13 -16 -1 -3 -19 -10
right_child=1 17 4 7 -6 -7 -8 -9 9 -11 -12 14 13 -15 15 -17 -18 18 -20 -21
leaf_value=-0.00052026052892986327 0.025293563690036536 0.018735968426841759 -0.0075636831446504798 -0.017129596213271727 0.0083421113535384599 -0.030985440422858425 0.0037182409211527559 0.0054801503179425547 -0.00040811383307960052 -0.024179359081694309 -0.016519353714318494 -0.017326661124825476 0.018615918156258234 -0.0053697415927532492 -0.0025045113820970416 0.010528176576307002 0.001498722570582874 -0.0080613275674883949 0.013923439844133887 -0.006676368676792329
leaf_weight=5608 100 69 810 128 79 120 80 55 1964 51 74 85 127 52 1465 137 9931 68 74 294
leaf_count=5608 100 69 810 128 79 120 80 55 1964 51 74 85 127 52 1465 137 9931 68 74 294
internal_value=-6.61816e-05 -0.00409048 -0.00601325 0.00250841 -0.00901453 -0.0105858 0.014878 -0.00979886 0.000255754 -0.00222023 -0.00173999 0.000594753 0.000893955 0.011648 -0.00219296 -0.00138998 0.000770075 0.00841207 0.00339552 -0.00125564
internal_weight=21371 1583 1372 363 1009 930 180 183 19788 2383 2332 17405 15718 179 1687 1602 15539 211 142 2258
internal_count=21371 1583 1372 363 1009 930 180 183 19788 2383 2332 17405 15718 179 1687 1602 15539 211 142 2258
cat_boundaries=0 1 2 3
cat_threshold=141 4 9
is_linear=0
shrinkage=0.05


Tree=207
num_leaves=28
num_cat=9
split_feature=2 0 0 14 7 6 14 14 5 16 1 14 0 0 2 1 0 0 1 0 0 2 4 1 5 8 14
split_gain=6.50144 5.90442 15.5096 13.1857 10.4069 10.0033 8.15606 16.8399 11.2342 7.06887 6.70713 5.77438 5.41085 15.2807 22.3398 19.4884 13.6517 11.5292 29.7264 25.9397 19.9707 12.9272 16.3079 9.23687 7.64063 3.61076 2.81643
threshold=0 2250.0000000000005 1950.0000000000002 0.40588235294117653 0.028625541125541113 0.16191678691678693 0.55050505050505061 0.44949494949494956 12.500000000000002 1 2 0.087121212121212141 1750.0000000000002 1850.0000000000002 3 4 1950.0000000000002 1450.0000000000002 5 1350.0000000000002 1350.0000000000002 6 7 8 9.5000000000000018 319.20000000000005 0.24264705882352944
decision_type=9 2 2 2 2 2 2 2 2 9 1 2 2 2 9 1 2 2 1 2 2 9 1 1 2 2 2
left_child=1 2 4 10 9 -5 7 8 -3 -1 -4 -6 17 14 24 -16 26 18 19 -2 -20 25 -23 -18 -14 -19 -15
right_child=12 6 3 5 11 -7 -8 -9 -10 -11 -12 -13 13 16 15 -17 23 21 20 -21 -22 22 -24 -25 -26 -27 -28
leaf_value=0.0013140638734917053 -0.0015473610311880362 -0.014615287721652343 0.0039870771086880424 -0.012976013690177585 -0.016342271890383786 0.0075307664922193472 0.010695233633905128 -0.035778836800523524 0.0032768151937366537 -0.0108593118602641 0.014145939274945044 -0.0042623115999499599 -0.00032510812735368668 -0.020011367363131506 0.0062157306088996538 -0.0016419335508955841 0.0064602436790524888 -0.020137104185320619 0.00056560841388576734 0.012115920486813689 -0.0069766839678742105 0.0051547720030538516 -0.0045443774059262211 -0.001733501458396292 0.012294758809624853 -0.0086055393004789964 -0.0088280386115823489
leaf_weight=1572 557 173 466 159 104 95 57 53 178 119 265 2028 142 83 1281 2024 406 124 3967 923 1127 582 1619 1977 772 150 175
leaf_count=1572 557 173 466 159 104 95 57 53 178 119 265 2028 142 83 1281 2024 406 124 3967 923 1127 582 1619 1977 772 150 175
internal_value=-8.15308e-05 -0.00160204 -0.0010868 0.00450784 -0.00252827 -0.00530615 -0.00701046 -0.00950854 -0.0055418 0.000400945 0.0079179 -0.00485158 0.000422797 0.00148212 0.00334918 0.00141322 -0.00150051 -0.000379803 0.000715266 0.00692692 -0.00110089 -0.00328848 -0.00196796 -0.000317669 0.0102223 -0.0133374 -0.0124258
internal_weight=21178 5269 4808 985 3823 254 461 404 351 1691 731 2132 15909 6860 4219 3305 2641 9049 6574 1480 5094 2475 2201 2383 914 274 258
internal_count=21178 5269 4808 985 3823 254 461 404 351 1691 731 2132 15909 6860 4219 3305 2641 9049 6574 1480 5094 2475 2201 2383 914 274 258
cat_boundaries=0 1 2 3 4 5 6 7 8 9
cat_threshold=19 97 200 8 320 144 8 25 129
is_linear=0
shrinkage=0.05


Tree=208
num_leaves=27
num_cat=4
split_feature=3 6 6 5 12 7 7 14 9 11 18 5 7 5 19 6 7 8 8 8 15 8 13 14 6 6
split_gain=4.15794 6.00043 12.4645 9.54405 7.56777 10.1397 7.70005 5.94123 8.96777 7.57616 8.58787 8.54285 6.33851 8.8763 12.3577 9.24211 6.14761 8.26998 5.67536 4.81646 9.2209 8.96728 3.88947 6.80197 2.98394 4.24027
threshold=0 0.28553044178044185 0.27648390552802321 14.500000000000002 1.5000000000000002 0.10247252747252748 0.077023629964806453 0.32291666666666669 1.0000000180025095e-35 1.0000000180025095e-35 1 12.500000000000002 0.071478174603174627 10.500000000000002 2 0.12628294907706675 0.0054210495386965993 309.00000000000006 301.85000000000008 487.60000000000008 3 443.05000000000007 3.5000000000000004 0.12916666666666668 0.0417483660130719 0.059274821039526922
decision_type=9 2 2 2 2 2 2 2 2 2 1 2 2 2 1 2 2 2 2 2 9 2 2 2 2 2
left_child=7 2 19 4 5 -3 -6 8 9 10 -1 -11 16 15 -15 -14 18 -18 -9 21 -21 -2 23 -5 -10 -26
right_child=1 3 -4 22 6 -7 -8 12 24 11 -12 -13 13 14 -16 -17 17 -19 -20 20 -22 -23 -24 -25 25 -27
leaf_value=0.00087510098456503027 -0.0011876340221431624 0.0057366222654140738 -0.021353759900977216 -0.002168283228586363 0.0030898233462125068 -0.012426090337573848 0.019478387393644967 -0.0017875358578411705 -0.0087931521419834877 -0.01367594090829889 -0.012551479275862221 -0.0030493296699677561 -0.011330549724118637 0.01320049129638572 0.0012007125985124482 0.0037969421188354616 0.0043222239368369596 -0.003034124138186229 0.0064025984581269034 0.0028211620178409044 -0.0083054328766730533 -0.015361997084609703 -0.013224673465910284 0.013514868520176063 0.016854366215543367 0.0024663643541252885
leaf_weight=1702 8891 421 75 677 125 94 168 302 56 238 118 921 139 484 397 369 538 1318 706 1545 202 113 66 77 53 1514
leaf_count=1702 8891 421 75 677 125 94 168 302 56 238 118 921 139 484 397 369 538 1318 706 1545 202 113 66 77 53 1514
internal_value=-2.62392e-05 -0.00061497 -0.00104106 0.00221471 0.00607136 0.00242149 0.0124867 0.000801563 -0.000442586 -0.00207174 -5.95695e-05 -0.0052315 0.00214969 0.00492142 0.00795656 -0.000342273 0.00080544 -0.000901734 0.00394881 -0.000899359 0.00150324 -0.00136552 -0.0015855 -0.000566688 0.00254771 0.002953
internal_weight=21309 12454 10826 1628 808 515 293 8855 4602 2979 1820 1159 4253 1389 881 508 2864 1856 1008 10751 1747 9004 820 754 1623 1567
internal_count=21309 12454 10826 1628 808 515 293 8855 4602 2979 1820 1159 4253 1389 881 508 2864 1856 1008 10751 1747 9004 820 754 1623 1567
cat_boundaries=0 1 2 3 4
cat_threshold=10 12 22 3
is_linear=0
shrinkage=0.05


Tree=209
num_leaves=23
num_cat=3
split_feature=5 0 7 6 8 7 7 5 4 6 15 0 0 0 0 8 6 5 19 6 12 14
split_gain=8.38733 7.80796 9.47151 6.93226 6.13638 5.61521 12.6181 10.1492 7.97842 14.3782 8.52411 4.58697 18.0171 7.4878 9.95881 15.1551 5.12674 5.12275 4.82703 12.1011 4.34681 2.95134
threshold=10.500000000000002 2350.0000000000005 0.03644480519480521 0.19577811893988367 381.20000000000005 0.024242424242424256 0.01930232757438639 9.5000000000000018 0 0.27859547859547862 1 2450.0000000000005 2550.0000000000005 2350.0000000000005 2050.0000000000005 355.20000000000005 0.11114824717765896 11.500000000000002 2 0.24764059469941826 3.5000000000000004 0.32291666666666669
decision_type=2 2 2 2 2 2 2 2 1 2 9 2 2 2 2 2 2 2 1 2 2 2
left_child=1 5 -3 -4 -5 6 7 -1 9 -7 -10 13 -13 14 17 -16 -14 -2 20 -20 -15 -18
right_child=11 2 3 4 -6 8 -8 -9 10 -11 -12 12 16 18 15 -17 21 -19 19 -21 -22 -23
leaf_value=-0.00056823087546917553 -0.0027575347035550942 0.029954683002843346 -0.0070764853425610529 0.026300098884922379 0.0046356766447636557 0.0024345695670075318 0.027367602404756625 0.01039062132637969 0.010085557005215996 0.027472525310348456 -0.0023979124264358028 -0.027954679080875407 0.01346664493593077 0.0092847823673351242 0.012242214783198304 -0.010209117202114279 0.0023184240724031745 0.00058975908902665587 0.0040522654137263702 0.030839091112586453 -0.0087280269808081134 -0.011283085319462796
leaf_weight=524 1231 54 65 52 88 298 61 354 143 71 1291 71 60 66 90 456 91 15994 120 65 68 71
leaf_count=524 1231 54 65 52 88 298 61 354 143 71 1291 71 60 66 90 456 91 15994 120 65 68 71
internal_value=0.000575676 0.0030265 0.0113248 0.00641743 0.0126825 0.00224267 0.00537801 0.00385026 0.000609793 0.00706082 -0.00109182 0.000175582 -0.0060304 0.000276099 0.000139808 -0.00650835 0.000981424 0.000350542 0.00786866 0.0127734 0.000133957 -0.00364273
internal_weight=21384 3001 259 205 140 2742 939 878 1803 369 1434 18383 293 18090 17771 546 222 17225 319 185 134 162
internal_count=21384 3001 259 205 140 2742 939 878 1803 369 1434 18383 293 18090 17771 546 222 17225 319 185 134 162
cat_boundaries=0 1 2 3
cat_threshold=10 12 33
is_linear=0
shrinkage=0.05


Tree=210
num_leaves=16
num_cat=5
split_feature=7 1 7 7 6 6 6 16 14 14 17 1 1 6 7
split_gain=6.5592 9.35317 9.26882 9.23776 8.60128 6.21091 6.42329 5.60919 9.46231 8.13586 6.40129 14.6226 6.15079 4.01771 3.1139
threshold=0.24032217782217782 0 0.35735930735930738 0.22222222222222227 0.31815707440707447 0.27306547619047622 0.32260737628384689 1 0.06458333333333334 0.11437908496732027 2 3 4 0.20884532134532141 0.2502976190476191
decision_type=2 1 2 2 2 2 2 9 2 2 1 1 1 2 2
left_child=3 5 4 7 14 -2 -7 10 -9 -10 12 -12 -1 -5 -3
right_child=1 2 -4 13 -6 6 -8 8 9 -11 11 -13 -14 -15 -16
leaf_value=0.0018151177135476281 0.0042866534947120045 0.010220401883916052 -0.018599808305901074 -0.0028850675397552551 0.02017105247563919 0.033062871899140082 0.0099236618696910434 -0.014903371272545853 0.016036668406113199 0.0012709206623554305 0.00054910875676987103 -0.0044263358821656704 -0.00082374078051645214 -0.019783955598797868 -0.0033826330545422274
leaf_weight=3601 97 53 56 60 62 59 61 89 95 5181 2995 2905 5675 85 204
leaf_count=3601 97 53 56 60 62 59 61 89 95 5181 2995 2905 5675 85 204
internal_value=-6.68198e-05 0.00512246 0.000157507 -0.000215329 0.00345526 0.0130919 0.0213004 -0.000126554 0.00126172 0.00153679 -0.000617758 -0.00190401 0.000201532 -0.0127913 -0.000577338
internal_weight=21278 592 375 20686 319 217 120 20541 5365 5276 15176 5900 9276 145 257
internal_count=21278 592 375 20686 319 217 120 20541 5365 5276 15176 5900 9276 145 257
cat_boundaries=0 1 2 3 4 5
cat_threshold=705 65 6 624 325
is_linear=0
shrinkage=0.05


Tree=211
num_leaves=23
num_cat=5
split_feature=1 0 0 0 0 8 14 16 15 0 7 7 6 14 14 14 4 0 1 13 8 0
split_gain=5.54854 10.4662 54.3366 10.5179 13.0413 11.371 7.0842 6.66693 9.03055 7.89151 6.79774 23.7033 13.5216 6.14155 6.45885 5.99823 5.88628 10.9141 7.44794 4.90209 7.30265 3.36528
threshold=0 2350.0000000000005 2150.0000000000005 1450.0000000000002 1550.0000000000002 355.20000000000005 0.17156862745098042 1 2 1750.0000000000002 0.10836247086247087 0.071478174603174627 0.11920163170163171 0.37980769230769235 0.30384615384615393 0.43303571428571436 3 1850.0000000000002 4 8.5000000000000018 319.20000000000005 2150.0000000000005
decision_type=1 2 2 2 2 2 2 9 9 2 2 2 2 2 2 2 1 2 1 2 2 2
left_child=1 2 3 5 -5 -1 -3 16 9 -9 11 -10 -12 14 -8 -15 17 18 -2 21 -21 -18
right_child=7 6 -4 4 -6 -7 13 8 10 -11 12 -13 -14 15 -16 -17 19 -19 -20 20 -22 -23
leaf_value=-0.0015991581773668034 0.0084483946746946505 -0.0077316355785425703 -0.040570140088146384 -0.018836351225403052 -0.002092198587359546 0.0042924125395532083 0.0074123911113057233 0.0043038256109381714 0.0011254934114185054 0.030283268951206355 -0.016291670981752784 0.01514375994892031 0.0014631923583929415 -0.012115324083292349 0.024442048030646726 0.0076991040252149109 0.00038428096441767883 -0.024583145100944517 -0.0038187738315660909 0.017204688207294688 -0.00038793154193886688 -0.0044439913732563395
leaf_weight=1765 132 79 88 119 5103 1528 146 60 2104 57 142 352 438 55 90 125 7177 58 997 106 133 380
leaf_count=1765 132 79 88 119 5103 1528 146 60 2104 57 142 352 438 55 90 125 7177 58 997 106 133 380
internal_value=-0.000141493 -0.00107429 -0.00148226 -0.0010783 -0.00247377 0.00113462 0.00599442 0.000558224 0.00253256 0.015625 0.00197837 0.00313463 -0.00288369 0.00860105 0.0139068 0.0016447 -0.000136805 -0.00340155 -0.00234352 0.000363998 0.00741465 0.000141494
internal_weight=21234 9098 8603 8515 5222 3293 495 12136 3153 117 3036 2456 580 416 236 180 8983 1187 1129 7796 239 7557
internal_count=21234 9098 8603 8515 5222 3293 495 12136 3153 117 3036 2456 580 416 236 180 8983 1187 1129 7796 239 7557
cat_boundaries=0 1 2 3 4 5
cat_threshold=277 65 8 4 512
is_linear=0
shrinkage=0.05


Tree=212
num_leaves=22
num_cat=5
split_feature=0 0 8 0 0 6 19 14 6 1 4 6 0 11 6 1 4 14 5 9 8
split_gain=4.61837 28.2416 12.1817 15.1693 9.07839 7.63328 7.92457 7.8921 6.01123 5.82541 8.15987 5.3201 2.91735 3.40692 2.76906 2.73789 3.95508 2.67739 1.32066 0.964359 0.7793
threshold=1250.0000000000002 1350.0000000000002 292.50000000000006 1650.0000000000002 1950.0000000000002 0.11486661486661488 0 0.12916666666666668 1.0000000180025095e-35 1 2 0.11920163170163171 1175.0000000000002 2.5000000000000004 0.044503862150920982 3 4 0.2817460317460318 13.500000000000002 1.0000000180025095e-35 328.75000000000006
decision_type=2 2 2 2 2 2 1 2 2 1 1 2 2 2 2 1 1 2 2 2 2
left_child=8 11 3 18 -5 7 -7 -4 12 10 14 -2 -1 -14 -10 16 -11 -17 -3 -15 -12
right_child=1 2 5 4 -6 6 -8 -9 9 15 20 -13 13 19 -16 17 -18 -19 -20 -21 -22
leaf_value=0.0014604076968680602 -0.012311618500794083 -0.016324226016638011 -0.013752661524631549 -0.00074135629624491476 -0.0082159228149799885 0.0029725734431169937 -0.00015185209521890314 -0.0011795817361995235 0.0038752511851489545 0.0066550388937872467 -0.003431224379214812 -0.029715765071921942 -0.017513975325824792 -0.00032445964057438285 0.01728815214675684 0.0041428270101005688 -0.0015177541334355565 0.00079662668305641041 -0.026583770491521469 -0.0088689095836865621 0.003886883215152852
leaf_weight=96 92 73 128 1367 578 3084 5903 5008 50 155 116 84 76 72 167 905 1443 1761 55 61 53
leaf_count=96 92 73 128 1367 578 3084 5903 5008 50 155 116 84 76 72 167 905 1443 1761 55 61 53
internal_value=-0.000292339 -0.00069712 -0.000480641 -0.00405982 -0.00296259 4.47182e-05 0.000923472 -0.00149293 0.00104511 0.00149113 0.00729512 -0.0206181 -0.00575484 -0.00906903 0.0135722 0.000946397 -0.000688567 0.00192531 -0.0207326 -0.00424334 -0.00107272
internal_weight=21327 16372 16196 2073 1945 14123 8987 5136 4955 4650 386 176 305 209 217 4264 1598 2666 128 133 169
internal_count=21327 16372 16196 2073 1945 14123 8987 5136 4955 4650 386 176 305 209 217 4264 1598 2666 128 133 169
cat_boundaries=0 1 2 3 4 5
cat_threshold=37 128 6 544 24
is_linear=0
shrinkage=0.05


Tree=213
num_leaves=24
num_cat=7
split_feature=6 1 0 0 1 19 0 1 4 14 12 6 5 19 8 14 6 14 15 12 0 14 13
split_gain=4.17686 5.26936 5.06644 45.0403 8.16625 9.97367 9.76007 6.97996 5.60607 4.6927 3.77857 3.7267 2.71641 3.08119 2.42898 2.42224 3.27211 2.06468 1.88498 1.84187 1.78893 0.259993 0.210277
threshold=0.020220588235294119 0 1250.0000000000002 1350.0000000000002 1 2 1550.0000000000002 3 4 0.65686274509803932 4.5000000000000009 0.12189303071656014 11.500000000000002 5 353.30000000000001 0.44097222222222227 0.046081349206349216 0.41421568627450983 6 3.5000000000000004 1175.0000000000002 0.5590277777777779 5.5000000000000009
decision_type=2 1 2 2 1 1 2 1 1 2 2 2 2 1 2 2 2 2 9 2 2 2 2
left_child=1 10 7 11 6 -6 -5 15 9 -9 19 -4 -3 18 -15 16 -2 -10 -14 22 -17 -12 -1
right_child=2 12 3 4 5 -7 -8 8 17 -11 21 -13 13 14 -16 20 -18 -19 -20 -21 -22 -23 -24
leaf_value=-0.011938003545590476 0.0050499395368802137 -0.011367589053966535 -0.017932002149740209 0.0047259025992591602 0.0057234099020491746 -0.0016141662964588997 0.00012676107529444578 0.0025204560550223225 0.0060944011443494588 -0.011891191192613594 -0.0047881161026133781 -0.032751764289243646 0.0073535042041433327 0.002664264631457627 -0.0093372583632546323 0.0023249076936059654 -0.0010413910447584884 0.013788098789811833 -0.0010821345825304377 -0.020188351386082423 -0.0061632600970609169 -7.2582190235455837e-05 -0.0073749415697529908
leaf_weight=51 267 52 78 1455 481 8316 5568 2163 234 58 57 93 160 70 106 78 1265 139 111 71 304 60 50
leaf_count=51 267 52 78 1455 481 8316 5568 2163 234 58 57 93 160 70 106 78 1265 139 111 71 304 60 50
internal_value=-0.000188474 -0.00376072 -5.11533e-05 -0.000468512 -0.000192627 -0.00120692 0.00107806 0.00142932 0.0031124 0.00213449 -0.00899076 -0.0259919 -0.000540684 0.000706726 -0.00431855 -0.000863469 2.02181e-05 0.00872751 0.00398277 -0.0140172 -0.00443007 -0.00236989 -0.00967906
internal_weight=21287 788 20499 15991 15820 8797 7023 4508 2594 2221 289 171 499 447 176 1914 1532 373 271 172 382 117 101
internal_count=21287 788 20499 15991 15820 8797 7023 4508 2594 2221 289 171 499 447 176 1914 1532 373 271 172 382 117 101
cat_boundaries=0 1 2 3 4 5 6 7
cat_threshold=672 112 4 42 11 17 1
is_linear=0
shrinkage=0.05


Tree=214
num_leaves=25
num_cat=7
split_feature=14 16 2 1 5 14 7 2 16 5 6 1 5 14 14 14 6 14 1 6 5 7 5 6
split_gain=4.2522 6.89385 5.4581 5.69845 7.67532 4.97576 4.82753 6.75205 10.7012 10.6713 7.85946 7.29678 6.09842 8.9562 20.0825 5.50971 10.6544 5.47951 5.24923 5.12367 3.81593 3.72724 9.57901 4.50549
threshold=0.24264705882352944 0 1 2 12.500000000000002 0.18465909090909094 0.025389928698752225 3 4 15.500000000000002 0.13071911748382339 5 8.5000000000000018 0.71008403361344552 0.56696428571428581 0.2817460317460318 0.16373811373811378 0.34313725490196084 6 0.069864612511671351 9.5000000000000018 0.0023923992673992732 16.500000000000004 0.10570940497411087
decision_type=2 9 9 1 2 2 2 9 9 2 2 1 2 2 2 2 2 2 1 2 2 2 2 2
left_child=1 5 21 4 -4 -1 7 9 11 10 -2 -9 13 14 -8 16 -14 -11 -10 -17 -5 22 -3 -23
right_child=6 2 3 20 -6 -7 12 8 18 17 -12 -13 15 -15 -16 19 -18 -19 -20 -21 -22 23 -24 -25
leaf_value=0.0032491200388624119 0.017175968789240773 0.0018508995810164177 0.018722581786901824 -0.0067258201139738559 0.0017834830655440938 0.024728214938243454 0.00092890718471608138 -0.018597082416009571 0.0024726720285673928 -0.013460035816145442 0.0010834773666346851 -0.00010923006369905399 -0.00079243005639568175 -0.014119573238259945 0.024966889661778739 -0.0028867509711296923 -0.0093194768424960002 0.0033090608469177069 -0.00097823349594355208 5.8837770631504932e-05 -0.0005419942982902385 0.0099199333505634642 -0.013480879870047303 0.0029121931128046992
leaf_weight=52 223 958 84 273 328 56 400 116 2263 75 115 103 961 61 111 2049 592 139 2133 5282 2895 268 114 1591
leaf_count=52 223 958 84 273 328 56 400 116 2263 75 115 103 961 61 111 2049 592 139 2133 5282 2895 268 114 1591
internal_value=0.000132139 0.00118362 0.000963141 -0.000347505 0.00511298 0.0131672 -0.000343806 0.000885185 0.000252639 0.00605925 0.0117007 -0.0102864 -0.00101536 0.0039888 0.00615047 -0.00133755 -0.00404292 -0.00256796 0.000799825 -0.000764448 -0.0010715 0.00255974 0.000220468 0.00392245
internal_weight=21242 6619 6511 3580 412 108 14623 5167 4615 552 338 219 9456 572 511 8884 1553 214 4396 7331 3168 2931 1072 1859
internal_count=21242 6619 6511 3580 412 108 14623 5167 4615 552 338 219 9456 572 511 8884 1553 214 4396 7331 3168 2931 1072 1859
cat_boundaries=0 1 2 3 4 5 6 7
cat_threshold=12 141 526 20 14 113 368
is_linear=0
shrinkage=0.05


Tree=215
num_leaves=17
num_cat=3
split_feature=8 0 6 5 14 6 6 6 5 17 2 3 0 8 6 12
split_gain=3.6864 7.52629 4.11384 3.97737 3.54397 9.09963 10.3046 5.30916 3.52548 4.53266 18.403 12.7928 4.17587 3.5433 1.19462 0.650795
threshold=261.2000000000001 1650.0000000000002 0.070106119370825268 12.500000000000002 0.73030303030303034 0.097210550887021491 0.055574123588829481 0.015909090909090911 7.5000000000000009 0 1 2 1550.0000000000002 411.60000000000008 0.13654091007032185 4.5000000000000009
decision_type=2 2 2 2 2 2 2 2 2 1 9 9 2 2 2 2
left_child=1 15 -3 -4 8 6 7 -6 12 10 -10 -11 -2 -14 -5 -1
right_child=4 2 3 14 5 -7 -8 -9 9 11 -12 -13 13 -15 -16 -17
leaf_value=0.0080398243461811056 0.017953425085310032 -0.022464247822063046 -0.014265662528854865 -0.0058230894468724731 0.0033188453484326603 -0.022899431490028901 0.018746685814112426 -0.018826638938764396 -0.0061521340669082342 0.00085092073796977797 0.0010646384624266824 -0.0035916116608789815 -0.0018471238237213004 0.0099023706510308254 0.0047231373264743342 0.00074088172449801983
leaf_weight=74 54 52 93 50 50 60 50 59 1375 14717 2436 1811 165 105 58 52
leaf_count=74 54 52 93 50 50 60 50 59 1375 14717 2436 1811 165 105 58 52
internal_value=-6.96583e-05 -0.00495669 -0.00992909 -0.00668616 1.90395e-05 -0.00630804 -4.71392e-05 -0.00866816 8.6098e-05 3.66709e-06 -0.00154844 0.000362268 0.00526067 0.00272212 -0.000159375 0.00502756
internal_weight=21261 379 253 201 20882 219 159 109 20663 20339 3811 16528 324 270 108 126
internal_count=21261 379 253 201 20882 219 159 109 20663 20339 3811 16528 324 270 108 126
cat_boundaries=0 1 2 3
cat_threshold=1 384 3
is_linear=0
shrinkage=0.05


Tree=216
num_leaves=22
num_cat=4
split_feature=8 0 14 2 1 0 5 14 19 7 5 6 7 6 7 1 6 14 0 8 7
split_gain=4.35965 4.23707 3.26887 9.58239 11.2914 10.9279 6.99478 6.67212 9.36914 6.19422 10.4772 6.1016 5.27679 4.5644 6.78001 4.21349 2.96621 5.7534 3.76627 1.35503 1.31433
threshold=263.2000000000001 1175.0000000000002 0.13809523809523813 0 1 1350.0000000000002 14.500000000000002 0.16025641025641027 2 0.011111111111111122 10.500000000000002 0.39230363862716805 0.090860528360528395 0.12556818181818183 0.066550116550116584 3 0.3387459762459763 0.20714285714285716 1950.0000000000002 357.60000000000008 0.0036858974358974302
decision_type=2 2 2 9 1 2 2 2 1 2 2 2 2 2 2 1 2 2 2 2 2
left_child=1 20 3 4 6 -6 -2 8 19 10 -9 -11 -10 14 -5 -15 17 -3 -19 -4 -1
right_child=2 16 7 13 5 -7 -8 9 12 11 -12 -13 -14 15 -16 -17 -18 18 -20 -21 -22
leaf_value=0.010019490909912894 0.0023703744317713181 0.0083440441508434889 -0.010311795602767515 -0.0017132255518318791 -0.0089120859509044942 0.0075106866074692042 -0.008318187206133594 0.0103874943589326 0.0069780368636588033 -0.00022679449327858475 0.0013517976615385653 0.011056268038920875 0.023657936866364474 -0.00017274017738436897 -0.023445500322508025 -0.0049773674438902474 -0.013567212846349267 -0.003499839528113557 -0.013727580158560126 0.001102737529660002 0.00049241524104071761
leaf_weight=62 284 87 52 76 116 799 332 350 99 12287 3848 121 91 869 68 967 85 476 111 52 87
leaf_count=62 284 87 52 76 116 799 332 350 99 12287 3848 121 91 869 68 967 85 476 111 52 87
internal_value=0.000137905 -0.00325211 0.000288713 -0.00109953 0.00186813 0.00536999 -0.00333619 0.000577121 0.00804363 0.000444931 0.00210513 -0.000116765 0.0142185 -0.00338655 -0.0119757 -0.00273133 -0.00476544 -0.00365542 -0.00543388 -0.00420062 0.0044567
internal_weight=21319 908 20411 3511 1531 915 616 16900 294 16606 4198 12408 190 1980 144 1836 759 674 587 104 149
internal_count=21319 908 20411 3511 1531 915 616 16900 294 16606 4198 12408 190 1980 144 1836 759 674 587 104 149
cat_boundaries=0 1 2 3 4
cat_threshold=140 708 5 452
is_linear=0
shrinkage=0.05


Tree=217
num_leaves=23
num_cat=5
split_feature=0 0 8 16 13 7 8 7 19 9 8 11 6 6 4 0 18 7 11 19 6 7
split_gain=11.6197 7.9795 44.137 13.3349 10.6467 7.30712 10.4689 7.46903 6.85741 15.2155 7.00751 6.40113 6.26319 6.31553 6.08658 20.9949 9.32872 7.33599 5.84418 5.00663 8.47537 4.90746
threshold=2350.0000000000005 2150.0000000000005 411.60000000000008 0 4.5000000000000009 0.18168290043290045 443.05000000000007 0.21478174603174607 1 1.0000000180025095e-35 309.00000000000006 1.0000000180025095e-35 0.26988795518207287 0.13335667600373485 2 1850.0000000000002 3 0.010256410256410256 1.0000000180025095e-35 4 0.20884532134532141 0.24032217782217782
decision_type=2 2 2 9 2 2 2 2 1 2 2 2 2 2 1 2 1 2 2 1 2 2
left_child=1 14 3 11 -5 6 8 -7 10 -10 -2 -3 13 -8 19 16 -16 -17 -4 20 -1 -21
right_child=5 2 18 4 -6 7 12 -9 9 -11 -12 -13 -14 -15 15 17 -18 -19 -20 21 -22 -23
leaf_value=-0.00060888562701217979 0.016285091281925151 0.0034688234011991878 -0.01770398602913326 0.031220330792616626 0.0039755749890859103 -0.018471225815150757 0.02392160319723189 0.0043918708379390428 0.0038504511801957411 -0.027385443847626447 -0.00046545941192932706 -0.016660755654970088 0.029084646632648349 0.0039668190750208774 -0.0021539541622998225 0.003478865827566598 0.0012363613784105063 -0.013106799385386614 -0.037798745464533573 0.00090201827790256791 -0.011828565721875652 0.0076098371134719614
leaf_weight=1608 148 80 63 61 87 58 62 93 177 50 108 78 68 110 4119 78 3981 459 85 9196 188 281
leaf_count=1608 148 80 63 61 87 58 62 93 177 50 108 78 68 110 4119 78 3981 459 85 9196 188 281
internal_value=-3.14052e-05 -0.000273695 -0.00682811 0.00401399 0.0142425 0.00561389 0.00770322 -0.00438998 0.00346207 -0.00290187 0.00887189 -0.00608353 0.0162385 0.0111598 -0.000124237 -0.00112224 -0.00048881 -0.0106977 -0.0292449 0.000640828 -0.00177345 0.00109975
internal_weight=21238 20364 454 306 148 874 723 151 483 227 256 158 240 172 19910 8637 8100 537 148 11273 1796 9477
internal_count=21238 20364 454 306 148 874 723 151 483 227 256 158 240 172 19910 8637 8100 537 148 11273 1796 9477
cat_boundaries=0 1 2 3 4 5
cat_threshold=1 50 25 4 36
is_linear=0
shrinkage=0.05


Tree=218
num_leaves=31
num_cat=13
split_feature=15 1 19 17 6 7 6 0 6 2 4 7 19 0 0 1 1 7 15 0 7 0 19 0 12 18 14 19 7 7
split_gain=5.16628 12.0756 6.75438 9.3759 10.5099 7.76358 9.12302 5.87314 7.66686 9.64962 4.92405 7.89181 4.52951 4.50533 4.14665 24.2656 15.0948 14.7255 14.082 10.2891 9.02237 8.25282 8.21104 8.20215 7.28571 6.15603 5.84439 4.80435 4.78297 3.38908
threshold=0 1 2 3 0.068315018315018322 0.038095238095238119 0.10343675931911228 1750.0000000000002 0.033076563958916907 4 5 0.10014297385620918 6 1350.0000000000002 1450.0000000000002 7 8 0.023809523809523826 9 1350.0000000000002 0.08095238095238097 1650.0000000000002 10 1350.0000000000002 6.5000000000000009 11 0.23303167420814483 12 0.0091242091242091251 0.0047619047619047528
decision_type=9 1 1 1 2 2 2 2 2 9 1 2 1 2 2 1 1 2 9 2 2 2 1 2 2 1 2 1 2 2
left_child=1 7 5 4 -4 29 -7 10 -9 -10 11 -1 -12 -5 15 18 17 26 19 -2 -19 25 -23 28 -25 -18 -16 -20 -17 -3
right_child=14 2 3 13 -6 6 -8 8 9 -11 12 -13 -14 -15 16 23 21 20 27 -21 -22 22 -24 24 -26 -27 -28 -29 -30 -31
leaf_value=0.0034082759046782807 0.0024526610440224702 0.0029813325064431909 -0.023903563250094018 0.0025874186744651115 -0.004536992932331156 0.0006738474012218822 0.021353650852559813 -0.012996017341860212 0.011050083782911432 0.0024044490935233634 -0.0018759464628801165 0.021777451351018891 0.0036084812692052577 -0.0021933087573544549 0.0011661870050235078 -0.0031963063337268993 -0.0023147802571913015 -0.0039355727833124523 0.0018251194619575148 0.0097903587352454417 0.0011807145821312462 -0.0054577696120412132 -9.841880154591435e-05 -0.0047999592226265772 -0.022262101134401746 -0.010497963778896903 0.0071201778391443539 -0.010296604405829614 0.0013012556471256381 -0.010747494849644296
leaf_weight=355 909 117 94 710 275 101 113 52 622 699 956 70 607 1611 728 991 402 1593 146 1007 1877 1132 1922 896 64 598 950 177 1465 73
leaf_count=355 909 117 94 710 275 101 113 52 622 699 956 70 607 1611 728 991 402 1593 146 1007 1877 1132 1922 896 64 598 950 177 1465 73
internal_value=5.99214e-05 0.00123984 -0.00101343 -0.00192258 -0.0092206 0.00494027 0.0115936 0.00331096 0.00583584 0.00657714 0.00158382 0.00628588 0.000263362 -0.000727736 -0.000453253 0.000612003 -0.00110839 0.000690187 0.00464545 0.00627641 -0.00116806 -0.00338567 -0.00210312 -0.00203933 -0.0059641 -0.00733645 0.00453704 -0.00492717 -0.000513518 -0.00229343
internal_weight=21312 6455 3094 2690 369 404 214 3361 1373 1321 1988 425 1563 2321 14857 5655 9202 5148 2239 1916 3470 4054 3054 3416 960 1000 1678 323 2456 190
internal_count=21312 6455 3094 2690 369 404 214 3361 1373 1321 1988 425 1563 2321 14857 5655 9202 5148 2239 1916 3470 4054 3054 3416 960 1000 1678 323 2456 190
cat_boundaries=0 1 2 3 4 5 6 7 8 9 10 11 12 13
cat_threshold=2 625 36 8 136 12 17 154 361 1 5 10 52
is_linear=0
shrinkage=0.05


Tree=219
num_leaves=24
num_cat=6
split_feature=16 17 1 6 6 11 7 6 7 14 6 7 2 2 6 17 8 14 7 6 12 5 6
split_gain=3.7877 9.32917 9.64398 8.79486 9.54112 6.51001 5.94325 12.7839 5.81459 5.3747 5.36388 5.12445 4.96611 4.77822 6.51417 4.70153 7.96426 4.60065 4.54305 5.86445 4.29968 3.2489 1.45442
threshold=0 1 2 0.20493464868464872 0.13502331002331006 2.5000000000000004 0.2556277056277057 0.3387459762459763 0.21402257872846109 0.57738095238095244 0.025717338217338223 0.14185606060606062 3 4 0.26469721727074674 5 340.90000000000003 0.60555555555555574 0.17928921568627457 0.1515771265771266 2.5000000000000004 9.5000000000000018 0.26469721727074674
decision_type=9 1 1 2 2 2 2 2 2 2 2 2 9 9 2 1 2 2 2 2 2 2 2
left_child=1 3 5 4 10 11 8 13 9 12 -1 -3 -2 22 -15 20 -17 -11 19 -4 -10 -20 -8
right_child=6 2 18 -5 -6 -7 7 -9 15 17 -12 -13 -14 14 -16 16 -18 -19 21 -21 -22 -23 -24
leaf_value=0.0060967811994487421 -0.0013947894652625791 0.0081434175270220874 0.00026143960297621819 -0.019679014601823169 0.012530734556087528 -0.0076733011569428662 0.0078059318796044504 -0.010459397805591478 -0.0073798469429754701 -0.011390685137798146 -0.010292250684684036 0.023270434725352312 0.00045591936607231851 0.0077965796751858192 0.027887553933971122 -0.016497731371782721 0.0071394638258165544 -0.0023441952507995416 0.0026070618361700329 0.0046910746177389294 -0.026027507481921931 -0.0085046100730976557 -0.0033536852665877505
leaf_weight=64 6501 369 3135 92 83 56 61 92 69 194 227 66 8171 86 76 56 98 510 96 981 56 209 56
leaf_count=64 6501 369 3135 92 83 56 61 92 69 194 227 66 8171 86 76 56 98 510 96 981 56 209 56
internal_value=-0.000165528 0.000981602 0.00162646 -0.00570707 -0.00242272 0.00820572 -0.00055075 0.00570364 -0.000699322 -0.000569519 -0.00668779 0.0104386 -0.000364749 0.0110334 0.0162207 -0.00785289 -0.00136711 -0.00483712 0.000878892 0.00131719 -0.0145685 -0.00500717 0.00227052
internal_weight=21404 5378 4912 466 374 491 16026 371 15655 15376 291 435 14672 279 162 279 154 704 4421 4116 125 305 117
internal_count=21404 5378 4912 466 374 491 16026 371 15655 15376 291 435 14672 279 162 279 154 704 4421 4116 125 305 117
cat_boundaries=0 1 2 3 4 5 6
cat_threshold=42 2 128 272 136 2
is_linear=0
shrinkage=0.05


Tree=220
num_leaves=16
num_cat=3
split_feature=5 6 6 11 0 11 0 0 2 0 1 1 5 0 12
split_gain=3.61423 5.66058 3.05902 5.41649 6.55751 3.39238 5.98243 4.90959 9.63065 8.15485 3.15483 3.11412 2.4361 2.37282 1.78402
threshold=6.5000000000000009 0.30272720199190789 0.020220588235294119 2.5000000000000004 1750.0000000000002 2.5000000000000004 2050.0000000000005 2350.0000000000005 0 2150.0000000000005 1 2 14.500000000000002 1350.0000000000002 4.5000000000000009
decision_type=2 2 2 2 2 2 2 2 9 2 1 1 2 2 2
left_child=1 -1 3 4 12 7 10 9 -9 -4 -7 13 -2 -5 -13
right_child=2 -3 5 11 -6 6 -8 8 -10 -11 -12 14 -14 -15 -16
leaf_value=0.021538409799337389 0.0012943127678366952 -0.0014184949919581415 0.00032720072706943448 0.00079223608409883085 -0.024446756120771171 0.0024015630897887223 -0.015085882894338069 0.0016375964027120855 0.01629667340509032 -0.0067056356735860764 -0.0029719046564106954 -0.0069141094380639652 -0.0081986215758171176 0.011047581558147175 0.003066956507973373
leaf_weight=50 104 58 17727 154 50 381 85 680 126 422 911 149 193 89 64
leaf_count=50 104 58 17727 154 50 381 85 680 126 422 911 149 193 89 64
internal_value=8.62539e-05 0.0092097 3.9633e-05 -0.00298722 -0.00769471 0.000159177 -0.00223705 0.000333252 0.00415172 0.000163673 -0.00139173 0.000595004 -0.0048745 0.00436853 -0.00373954
internal_weight=21243 108 21135 803 347 20332 1377 18955 806 18149 1292 456 297 243 213
internal_count=21243 108 21135 803 347 20332 1377 18955 806 18149 1292 456 297 243 213
cat_boundaries=0 1 2 3
cat_threshold=26 579 300
is_linear=0
shrinkage=0.05


Tree=221
num_leaves=28
num_cat=10
split_feature=7 7 0 1 4 7 1 3 2 1 0 12 10 16 2 1 12 1 5 12 5 0 9 5 8 0 7
split_gain=6.80131 7.93942 8.72046 12.4365 8.45352 6.995 6.87587 6.84103 10.8022 12.0461 11.815 6.71507 5.65894 5.59211 4.90478 6.91372 5.10317 4.57728 8.12426 4.55091 4.39691 4.02679 3.93673 3.70022 2.22522 0.490632 0.216908
threshold=0.010336538461538461 0.0091242091242091251 1950.0000000000002 0 1 0.0157796451914099 2 3 4 5 1750.0000000000002 3.5000000000000004 1.0000000180025095e-35 6 7 8 1.0000000180025095e-35 9 13.500000000000002 1.5000000000000002 15.500000000000002 1750.0000000000002 1.0000000180025095e-35 12.500000000000002 411.60000000000008 1550.0000000000002 0.012605042016806728
decision_type=2 2 2 1 1 2 1 9 9 1 2 2 2 9 9 1 2 1 2 2 2 2 2 2 2 2 2
left_child=1 2 17 23 21 6 11 14 9 -9 -10 26 25 -5 15 -7 -16 19 -19 -1 24 -3 -13 -4 -8 -6 -2
right_child=5 4 3 13 12 7 20 8 10 -11 -12 22 -14 -15 16 -17 -18 18 -20 -21 -22 -23 -24 -25 -26 -27 -28
leaf_value=-0.0049211108080916286 -0.01251562116530669 0.0077098669988018556 -0.018996551795979033 0.0016921211253058646 0.020237680109217764 -0.002823104638186697 -0.024881162758295737 0.0054324555026798067 -0.0016815146828146402 -0.0047586111239839701 -0.01819525166956576 -0.0018756948038935663 0.0059404075841108968 0.012391025947811716 0.010367185593192541 0.00037555902185149932 0.00095051505139625485 0.0053126265586680536 -8.3373455664913732e-06 0.00026719522441005154 -0.0051373594111817729 -0.011174099067033365 0.014271196374963775 -0.0015280608385430904 -0.011783321151288891 0.027023737246922239 -0.0079887928398834039
leaf_weight=694 51 55 50 192 50 2642 72 457 208 756 226 75 75 411 148 4653 5162 955 2883 1081 102 58 76 77 59 57 55
leaf_count=694 51 55 50 192 50 2642 72 457 208 756 226 75 75 411 148 4653 5162 955 2883 1081 102 58 76 77 59 57 55
internal_value=5.51256e-05 0.00138412 0.0010112 0.00615198 0.00940242 -0.00054329 -0.00641718 -0.000341339 -0.00336151 -0.000906083 -0.0100493 -0.000500923 0.0156134 0.00906759 5.59065e-05 -0.000785167 0.0012107 0.000342617 0.00131225 -0.00175149 -0.0123896 -0.00182159 0.00625122 -0.00779189 -0.0189821 0.0238527 -0.0101668
internal_weight=21380 6638 6343 730 295 14742 490 14252 1647 1213 434 257 182 603 12605 7295 5310 5613 3838 1775 233 113 151 127 131 107 106
internal_count=21380 6638 6343 730 295 14742 490 14252 1647 1213 434 257 182 603 12605 7295 5310 5613 3838 1775 233 113 151 127 131 107 106
cat_boundaries=0 1 2 3 4 5 6 7 8 9 10
cat_threshold=521 9 426 3 11 832 36 275 50 386
is_linear=0
shrinkage=0.05


Tree=222
num_leaves=27
num_cat=5
split_feature=4 17 0 6 5 7 13 0 6 18 1 7 14 7 7 14 1 0 14 0 7 7 10 6 7 7
split_gain=4.37304 8.36377 8.39977 5.62256 5.95887 6.92858 5.24802 4.98331 3.74384 3.22759 8.26804 7.83746 8.01223 6.46055 7.43564 7.41903 3.14417 4.63613 14.6128 7.51355 4.38333 4.96327 3.07469 2.65532 3.01894 1.51197
threshold=0 1 1550.0000000000002 0.17781385281385284 15.500000000000002 0.11785130718954251 2.5000000000000004 1175.0000000000002 0.16191678691678693 2 3 0.11785130718954251 0.31009615384615391 0.010336538461538461 0.079334554334554344 0.46862745098039221 4 2050.0000000000005 0.19375000000000003 1950.0000000000002 0.30786401098901106 0.26369978061154536 1.0000000180025095e-35 0.14890896140896145 0.027777777777777773 0.041666666666666685
decision_type=1 1 2 2 2 2 2 2 2 1 1 2 2 2 2 2 1 2 2 2 2 2 2 2 2 2
left_child=1 2 22 7 5 -5 -6 -3 -9 10 11 12 -2 15 -15 -12 20 19 -19 -18 21 -11 25 24 -4 -1
right_child=9 3 23 4 6 -7 -8 8 -10 16 13 -13 -14 14 -16 -17 17 18 -20 -21 -22 -23 -24 -25 -26 -27
leaf_value=0.012457248041406275 0.02038734445954303 0.0095276939017774984 0.011220676509233621 0.0044242888677284908 -0.010302616538778555 0.020843736534353664 0.0062052816705833571 -0.0015500570740295822 -0.014244387114060023 -0.00093611016506339468 -0.0037541447984795386 -0.013973603830855413 0.0019348842969007494 -0.012565252996824643 -0.0016081495848656807 0.015874785084777805 0.00027472763403484909 -0.015003210217053742 0.00044655905177466487 0.0041774937573704754 -0.015655049927532673 0.013400229411657716 -0.0079524521328524136 0.0085540897806162305 0.02685551751454018 0.00049494470336607522
leaf_weight=50 83 97 52 203 92 94 101 919 62 5859 171 51 202 363 270 67 9885 197 686 1409 50 61 61 73 76 56
leaf_count=50 83 97 52 203 92 94 101 919 62 5859 171 51 202 363 270 67 9885 197 686 1409 50 61 61 73 76 56
internal_value=8.7664e-05 0.00234701 0.00903286 0.000730587 0.00517619 0.00962102 -0.00166377 -0.00128337 -0.00235235 -0.000139482 -0.0026322 0.00396053 0.00730876 -0.00519153 -0.00789161 0.00177165 2.76737e-05 0.000488429 -0.00300033 0.000761623 -0.000911373 -0.000788388 0.000990897 0.0161639 0.0205039 0.00613754
internal_weight=21290 1936 368 1568 490 297 193 1078 981 19354 1207 336 285 871 633 238 18147 12177 883 11294 5970 5920 167 201 128 106
internal_count=21290 1936 368 1568 490 297 193 1078 981 19354 1207 336 285 871 633 238 18147 12177 883 11294 5970 5920 167 201 128 106
cat_boundaries=0 1 2 3 4 5
cat_threshold=24 8 1 42 43
is_linear=0
shrinkage=0.05


Tree=223
num_leaves=23
num_cat=7
split_feature=4 0 1 12 19 6 0 12 6 3 16 5 1 6 0 0 6 0 2 6 12 5
split_gain=5.38127 8.97394 7.7455 16.081 6.23619 10.2032 7.80728 5.43494 3.48535 8.83862 7.45421 7.175 12.1197 8.52752 5.62932 5.21696 3.54276 7.74994 5.25377 3.36323 3.06262 2.5254
threshold=0 1850.0000000000002 1 1.0000000180025095e-35 2 0.057802287581699356 1350.0000000000002 5.5000000000000009 0.16584249084249086 3 4 9.5000000000000018 5 0.23119119442648856 2250.0000000000005 2550.0000000000005 0.13654091007032185 1450.0000000000002 6 0.22231379731379733 2.5000000000000004 13.500000000000002
decision_type=1 2 1 2 1 2 2 2 2 9 9 2 1 2 2 2 2 2 9 2 2 2
left_child=1 2 3 -1 5 -4 -6 -5 15 11 19 12 -10 -13 -12 16 18 -18 -2 -11 -3 -17
right_child=8 20 4 7 6 -7 -8 -9 9 10 14 13 -14 -15 -16 21 17 -19 -20 -21 -22 -23
leaf_value=-0.018266397290458175 0.0084545078769696688 -0.0051795066909107847 -0.011742009907582049 0.0052817030345258054 -0.0003635497561516617 0.014334576901554772 -0.0097190825068700082 -0.0050959118923346982 -0.0021395768714755512 0.022500361473514485 -2.8864929047470425e-05 0.0055879743682288457 0.020505902672591968 -5.774103357447688e-05 -0.0060577113231360122 0.0021851130471122067 0.0029672855462766256 -0.0044641789048362303 -0.00014155348308157384 0.0044294355254547264 -0.01927088944927895 0.016056762848206809
leaf_weight=92 171 64 59 794 371 103 559 150 103 52 3660 1235 137 1459 433 61 484 1275 9893 51 97 71
leaf_count=92 171 64 59 794 371 103 559 150 103 52 3660 1235 137 1459 433 61 484 1275 9893 51 97 71
internal_value=7.8019e-06 -0.00227758 -0.0014264 0.00167187 -0.00434134 0.0045563 -0.00592324 0.00363272 0.000282949 0.00115803 -0.00031686 0.0032573 0.0115525 0.0025304 -0.000665034 -0.000238718 -0.000349082 -0.00241936 1.27645e-05 0.0123533 -0.0136693 0.00964638
internal_weight=21374 2289 2128 1036 1092 162 930 944 19085 7130 4196 2934 240 2694 4093 11955 11823 1759 10064 103 161 132
internal_count=21374 2289 2128 1036 1092 162 930 944 19085 7130 4196 2934 240 2694 4093 11955 11823 1759 10064 103 161 132
cat_boundaries=0 1 2 3 4 5 6 7
cat_threshold=4 848 6 9 70 769 4
is_linear=0
shrinkage=0.05


Tree=224
num_leaves=25
num_cat=5
split_feature=6 1 7 2 5 6 0 6 14 5 0 7 17 14 14 5 1 7 14 6 17 0 6 14
split_gain=5.05189 6.44453 8.11926 10.7274 9.2131 7.67902 7.16402 6.50514 5.62745 8.10849 6.58657 6.00444 5.37979 5.31068 6.91707 20.547 12.1384 5.73856 4.8956 12.8113 5.837 4.46851 3.96529 3.53978
threshold=0.092110177404295071 0 0.0047619047619047667 1 10.500000000000002 0.088339438339438345 1350.0000000000002 0.039283769063180839 0.40588235294117653 10.500000000000002 1850.0000000000002 0.077844622697563884 2 0.69615384615384623 0.5590277777777779 8.5000000000000018 3 0.066550116550116584 0.44097222222222227 0.1082286449933509 4 2050.0000000000005 0.18344525844525847 0.46410256410256417
decision_type=2 1 2 9 2 2 2 2 2 2 2 2 1 2 2 2 1 2 2 2 1 2 2 2
left_child=1 2 3 7 -5 12 -7 -1 9 -3 -11 21 -4 14 18 22 -17 -15 20 -20 -2 -10 -16 -13
right_child=13 8 5 4 -6 6 -8 -9 11 10 -12 23 -14 17 15 16 -18 -19 19 -21 -22 -23 -24 -25
leaf_value=0.0073338558140676469 0.0017615180503311714 0.011761559729839301 0.0015149126373161384 0.022603959769010543 0.0006876551855835081 0.00051889851030598329 -0.018789445306575892 0.025333287999217892 -0.00081854265242365515 -0.0039051886509319806 -0.014248688224082193 0.017356631322155723 -0.0039943328945556402 0.0012032648674764877 0.035573276215129429 0.014108687772765818 -0.0054596084896929385 -0.020757282848159475 0.0071903958645171927 -0.0047459600045544267 -0.0004879500226847496 -0.016028138061054052 0.016228576860605522 0.0030727993732893736
leaf_weight=132 7165 77 1236 50 1171 82 116 81 1413 1835 168 67 678 59 54 107 236 60 283 1093 4820 50 52 123
leaf_count=132 7165 77 1236 50 1171 82 116 81 1413 1835 168 67 678 59 54 107 236 60 283 1093 4820 50 52 123
internal_value=9.02647e-05 -0.000977244 0.000550608 0.00345572 0.00157225 -0.00141929 -0.0107931 0.0135429 -0.00242354 -0.00416065 -0.00477274 -0.000252365 -0.000449592 0.000648122 0.00073875 0.00684297 0.000896947 -0.00986928 0.000533616 -0.00229103 0.000857914 -0.00133835 0.0260834 0.00810973
internal_weight=21208 7279 3546 1434 1221 2112 198 213 3733 2080 2003 1653 1914 13929 13810 449 343 119 13361 1376 11985 1463 106 190
internal_count=21208 7279 3546 1434 1221 2112 198 213 3733 2080 2003 1653 1914 13929 13810 449 343 119 13361 1376 11985 1463 106 190
cat_boundaries=0 1 2 3 4 5
cat_threshold=174 20 6 540 6
is_linear=0
shrinkage=0.05


Tree=225
num_leaves=28
num_cat=7
split_feature=0 0 1 19 5 6 7 0 2 0 8 1 7 17 0 0 0 1 0 1 5 7 5 7 7 7 6
split_gain=4.44219 10.1558 11.1388 11.7263 11.762 8.07046 7.63224 9.69846 5.69857 12.0342 12.8415 10.886 9.96221 9.92807 9.3274 9.07076 18.6267 38.3534 31.7931 14.3615 9.78783 7.03243 4.257 3.46205 3.19247 2.41839 2.10625
threshold=1850.0000000000002 1950.0000000000002 0 1 11.500000000000002 0.34438339438339438 0.20774225774225777 2150.0000000000005 2 1750.0000000000002 592.30000000000007 3 0.21478174603174607 4 1350.0000000000002 1550.0000000000002 1350.0000000000002 5 1250.0000000000002 6 14.500000000000002 0.023809523809523826 16.500000000000004 0.04443530325883268 0.14185606060606062 0.26698717948717959 0.18891859774212719
decision_type=2 2 1 1 2 2 2 2 9 2 2 1 2 1 2 2 2 1 2 1 2 2 2 2 2 2 2
left_child=8 23 6 4 -4 -5 7 -3 9 10 14 13 -13 -11 -1 16 18 -18 -10 21 -21 -17 -12 -2 26 -8 -25
right_child=1 2 3 5 -6 -7 25 -9 15 11 22 12 -14 -15 -16 19 17 -19 -20 20 -22 -23 -24 24 -26 -27 -28
leaf_value=0.0013698365615881106 -0.0023542831820668655 0.0090475128199687116 -0.003082754698916688 -0.0031525778777336793 0.010516673626206504 -0.014082860590801952 -0.016071262579810407 -0.0014701367867303034 1.8235829597414051e-05 -0.00093670910149266885 0.019532223252211559 0.00092644211834203526 0.018021303835963266 0.010192102037683464 -0.0024783510615149222 0.0077597728285662363 0.010948367117057331 -0.0041618940321138708 -0.022840159973346218 -0.0010087448992620685 -0.0067476437063553676 -0.00031298922414802025 0.0043912521018305934 -0.025063058405316304 -0.0048252697689113791 -0.0010209446553798283 -0.011626713838893922
leaf_weight=3719 80 598 320 1938 316 185 56 346 1316 263 107 2009 89 899 2731 430 1051 691 172 1476 1496 724 82 70 54 51 50
leaf_count=3719 80 598 320 1938 316 185 56 346 1316 263 107 2009 89 899 2731 430 1051 691 172 1476 1496 724 82 70 54 51 50
internal_value=0.00020441 -0.00128278 -0.000637415 -0.00230344 0.00361732 -0.00408581 0.00372261 0.00519253 0.000554682 0.00133718 0.000116897 0.00382639 0.00164379 0.00768677 -0.000259528 -0.000499466 0.00148428 0.00499353 -0.002624 -0.00205363 -0.00388443 0.00267191 0.0129631 -0.0109632 -0.0149213 -0.00889775 -0.0194646
internal_weight=21319 4064 3810 2759 636 2123 1051 944 17255 9899 6639 3260 2098 1162 6450 7356 3230 1742 1488 4126 2972 1154 189 254 174 107 120
internal_count=21319 4064 3810 2759 636 2123 1051 944 17255 9899 6639 3260 2098 1162 6450 7356 3230 1742 1488 4126 2972 1154 189 254 174 107 120
cat_boundaries=0 1 2 3 4 5 6 7
cat_threshold=200 10 268 769 1 144 96
is_linear=0
shrinkage=0.05


Tree=226
num_leaves=24
num_cat=7
split_feature=15 4 1 14 14 0 0 19 12 0 0 1 8 2 7 8 1 7 14 6 6 0 14
split_gain=3.05684 18.8812 7.23175 9.0081 10.9511 7.11929 5.32223 5.27865 4.76094 3.54544 10.1146 38.4235 20.9535 9.51709 11.4604 7.90614 7.78744 10.7621 9.29286 4.42642 6.33714 5.66567 2.72108
threshold=0 1 2 0.26969696969696971 0.35504201680672276 1650.0000000000002 1850.0000000000002 3 3.5000000000000004 2350.0000000000005 2150.0000000000005 4 357.60000000000008 5 0.092232277526395193 411.60000000000008 6 0.032473082473082469 0.46410256410256417 0.12556818181818183 0.13006005432476023 1850.0000000000002 0.29705882352941182
decision_type=9 1 1 2 2 2 2 1 2 2 2 1 2 9 2 2 1 2 2 2 2 2 2
left_child=1 5 3 6 -5 -1 -3 8 -4 10 19 15 -13 16 -15 -12 18 -18 -11 21 -21 -2 -9
right_child=9 2 7 4 -6 -7 -8 22 -10 13 11 12 -14 14 -16 -17 17 -19 -20 20 -22 -23 -24
leaf_value=0.0056488113800784757 0.00010781275748940223 -0.0044306744825971045 -0.0015404110794643995 -0.024788656403992592 -0.0064964219055179025 0.030243394078154653 0.012604305642058276 0.0019242437988303712 0.01387310809307647 -0.0096794948745996534 0.01090248792196433 -0.010978693730430679 -0.051438443257939073 0.0035578631468721339 0.033242147488134179 -0.0062088084536283707 -0.0084789952708353451 0.010171885669406038 0.01169105313718319 0.0082437952628928671 0.0010165270284271568 -0.0041631989713860435 -0.011180606388276624
leaf_weight=62 8760 253 92 127 230 56 56 69 110 234 156 64 64 74 58 119 102 320 65 314 8908 852 93
leaf_count=62 8760 253 92 127 230 56 56 69 110 234 156 64 64 74 58 119 102 320 65 314 8908 852 93
internal_value=0.000308339 -0.00219024 -0.004404 -0.00748144 -0.0130037 0.0159676 -0.00134343 0.0012762 0.00652983 0.00045198 0.000312336 -0.00752545 -0.0289471 0.00360655 0.0154319 0.00337523 0.00121076 0.00553275 -0.00487082 0.000480045 0.00126261 -0.000270766 -0.00527339
internal_weight=21238 1148 1030 666 357 118 309 364 202 20090 19237 403 128 853 132 275 721 422 299 18834 9222 9612 162
internal_count=21238 1148 1030 666 357 118 309 364 202 20090 19237 403 128 853 132 275 721 422 299 18834 9222 9612 162
cat_boundaries=0 1 2 3 4 5 6 7
cat_threshold=4 8 248 22 224 26 173
is_linear=0
shrinkage=0.05


Tree=227
num_leaves=26
num_cat=6
split_feature=7 11 6 14 7 7 11 16 6 0 1 12 7 1 1 3 1 0 0 0 7 14 0 14 14
split_gain=4.10168 5.86117 13.1461 8.18357 7.90089 5.32419 8.92096 7.76855 8.64273 7.63351 15.7758 13.7376 10.96 7.43188 7.09407 5.85142 10.2748 6.67326 4.86291 4.07178 7.88449 4.84327 3.30229 2.58533 0.684891
threshold=0.18168290043290045 1.0000000180025095e-35 0.17781385281385284 0.12132352941176472 0.2001838235294118 0.079334554334554344 2.5000000000000004 0 0.16823646125116715 1850.0000000000002 1 2.5000000000000004 0.0078431372549019763 2 3 4 5 1750.0000000000002 1750.0000000000002 2250.0000000000005 0.29784798534798546 0.19375000000000003 1850.0000000000002 0.21825396825396828 0.45804195804195807
decision_type=2 2 2 2 2 2 2 9 2 2 1 2 2 1 1 9 1 2 2 2 2 2 2 2 2
left_child=5 2 -2 22 -5 9 7 8 -7 15 12 -12 -11 18 -9 17 -17 -1 -8 20 21 -3 -4 -22 -15
right_child=1 19 3 4 -6 6 13 14 -10 10 11 -13 -14 24 -16 16 -18 -19 -20 -21 23 -23 -24 -25 -26
leaf_value=-0.00011669161507458686 0.025383604477302958 0.0019147581968861982 -0.018125375258241549 -0.0091509744338691239 0.0068343355890153673 0.0057948945162934256 -0.0094698216973079577 0.0075819577100185095 0.030599034876562653 -4.0281253119169833e-05 0.0060307054747624897 -0.0035271735731010629 -0.013773275300700811 -0.022858064200622988 0.0010373708637797211 0.0015522896158368963 -0.0074951450858424312 0.0026039151857062529 0.011295300615572577 -0.015536111689704871 -0.0013182357099710727 -0.0083405428715997345 -0.001940170184780772 0.013196287596864359 -0.014703280550356097
leaf_weight=8549 52 147 80 105 293 118 54 456 50 213 575 1086 457 51 3824 622 622 3061 59 84 51 531 52 77 52
leaf_count=8549 52 147 80 105 293 118 54 456 50 213 575 1086 457 51 3824 622 622 3061 59 84 51 531 52 77 52
internal_value=3.78665e-05 -0.00250874 0.00139285 -0.000960964 0.00261711 0.000226723 0.00170432 0.0021862 0.0124368 -0.000227113 -0.00285964 -0.000217148 -0.00926907 -0.00821889 0.00175069 0.00025028 -0.00299512 0.000600085 0.00126059 -0.00506012 -0.00396833 -0.00611705 -0.0117494 0.00741316 -0.0170826
internal_weight=21321 1472 582 530 398 19849 4664 4448 168 15185 2331 1661 670 216 4280 12854 1244 11610 113 890 806 678 132 128 103
internal_count=21321 1472 582 530 398 19849 4664 4448 168 15185 2331 1661 670 216 4280 12854 1244 11610 113 890 806 678 132 128 103
cat_boundaries=0 1 2 3 4 5 6
cat_threshold=76 772 913 5 3 618
is_linear=0
shrinkage=0.05


Tree=228
num_leaves=31
num_cat=5
split_feature=12 6 15 6 5 6 6 0 2 0 0 11 9 8 0 3 0 9 6 0 6 9 3 0 12 3 0 0 6 0
split_gain=4.89824 6.39516 5.19694 7.00008 8.31065 5.18601 10.0847 7.51576 4.90694 7.57445 7.64594 7.22891 6.95249 5.95472 7.02466 6.50996 7.36422 5.48272 6.70114 5.28016 5.25503 5.25263 4.86282 4.40865 5.88848 4.29069 6.802 5.16896 4.01103 2.2863
threshold=3.5000000000000004 0.066702741702741722 0 0.26469721727074674 14.500000000000002 0.14368178118178121 0.14762488328664802 1550.0000000000002 1 1750.0000000000002 2150.0000000000005 1.5000000000000002 1.0000000180025095e-35 309.00000000000006 2350.0000000000005 2 1250.0000000000002 1.0000000180025095e-35 0.080917366946778729 1950.0000000000002 0.21672951231774765 1.0000000180025095e-35 3 1950.0000000000002 5.5000000000000009 4 1250.0000000000002 1750.0000000000002 0.033415032679738568 1550.0000000000002
decision_type=2 2 9 2 2 2 2 2 9 2 2 2 2 2 2 9 2 2 2 2 2 2 9 2 2 9 2 2 2 2
left_child=8 23 5 22 -5 7 -7 -3 9 17 11 -11 -12 14 19 21 -17 29 -19 -10 -16 -15 -4 25 28 27 -27 -2 -25 -1
right_child=1 2 3 4 -6 6 -8 -9 13 10 12 -13 -14 15 20 16 -18 18 -20 -21 -22 -23 -24 24 -26 26 -28 -29 -30 -31
leaf_value=0.017866969829425216 0.00088449240360138339 0.0016126751850037103 0.00081235941858297939 0.018021935667292995 -0.0026372395432841633 -0.019704184336424398 0.0021688931757290007 0.0094489470006583337 -0.0020548887920782723 -0.0095402299478324765 -0.011513694187548634 -0.029454121493768914 0.0058098174775121358 0.0013747473786982786 -0.0018412277711746851 0.0045765097120345349 -0.00070727294768772257 0.0085696000409753708 -0.0050925219870697688 -0.0087301956174727757 0.013282571272594074 0.010389370845770964 -0.0048923185812614553 -0.0033814617091203606 0.0024865291123701769 0.00081105631244146126 -0.0051529723372081507 0.012671189930822169 -0.020424964945866833 0.0036924455568871717
leaf_weight=50 815 575 4000 122 81 57 698 654 2821 292 96 54 146 384 107 748 5570 114 422 331 124 279 402 56 88 1037 887 105 90 66
leaf_count=50 815 575 4000 122 81 57 698 654 2821 292 96 54 146 384 107 748 5570 114 422 331 124 279 402 56 88 1037 887 105 90 66
internal_value=-8.26058e-05 0.000748687 0.00162766 0.000699239 0.00977862 0.0037601 0.000517548 0.00578267 -0.000775135 -0.00373473 -0.00787985 -0.0126482 -0.00106232 -0.000417028 -0.00213908 0.000416882 -8.15868e-05 -5.3773e-05 -0.00218677 -0.00275588 0.00627718 0.00509144 0.000282128 -0.0011329 -0.00772989 -0.000590114 -0.00192845 0.00220574 -0.0138877 0.00980215
internal_weight=21271 9667 6589 4605 203 1984 755 1229 11604 1240 588 346 242 10364 3383 6981 6318 652 536 3152 231 663 4402 3078 234 2844 1924 920 146 116
internal_count=21271 9667 6589 4605 203 1984 755 1229 11604 1240 588 346 242 10364 3383 6981 6318 652 536 3152 231 663 4402 3078 234 2844 1924 920 146 116
cat_boundaries=0 1 2 3 4 5
cat_threshold=2 16 12 3 2
is_linear=0
shrinkage=0.05


Tree=229
num_leaves=17
num_cat=3
split_feature=13 7 1 7 0 0 0 6 6 8 15 19 0 0 12 7
split_gain=7.78341 4.1527 5.64596 11.7571 9.57913 15.5948 11.7713 6.97245 6.03151 5.39298 10.2951 6.64776 6.57148 6.48933 4.92095 4.46234
threshold=11.500000000000002 0.023809523809523826 0 0.02676184110007639 1450.0000000000002 1350.0000000000002 1550.0000000000002 0.42228327228327234 0.11388888888888891 309.00000000000006 1 2 1075.0000000000002 1750.0000000000002 2.5000000000000004 0.021638655462184884
decision_type=2 2 1 2 2 2 2 2 2 2 9 1 2 2 2 2
left_child=1 9 4 8 5 -3 -6 -5 -4 11 14 13 -13 -1 -11 -12
right_child=-2 2 3 7 6 -7 -8 -9 -10 10 15 12 -14 -15 -16 -17
leaf_value=-0.00077042865793553643 -0.018958783474835483 -0.00061760457407433267 -0.005176447536796332 -0.0014474259159931737 -0.021531625494004832 0.0084347942557988064 -0.00055253210365568115 0.014191202265727851 -0.024012435871888612 0.00052955464816817615 0.0019444441980871392 0.0084704968694240615 -0.0044231132679248492 0.0072628376020845466 -0.01318919271941143 0.010642866184475441
leaf_weight=828 55 1079 85 7064 68 851 4002 72 85 107 4917 107 1293 361 168 152
leaf_count=828 55 1079 85 7064 68 851 4002 72 85 107 4917 107 1293 361 168 152
internal_value=-0.000173746 -0.000125101 -0.000664939 -0.00159703 0.000471919 0.00337389 -0.000903043 -0.00128964 -0.0145944 0.000780367 0.00168777 -0.00109261 -0.00341329 0.00165469 -0.00757587 0.00220093
internal_weight=21294 21239 13306 7306 6000 1930 4070 7136 170 7933 5344 2589 1400 1189 275 5069
internal_count=21294 21239 13306 7306 6000 1930 4070 7136 170 7933 5344 2589 1400 1189 275 5069
cat_boundaries=0 1 2 3
cat_threshold=661 4 35
is_linear=0
shrinkage=0.05


Tree=230
num_leaves=22
num_cat=5
split_feature=7 7 6 5 1 3 7 19 6 7 6 7 7 2 1 6 6 5 6 14 14
split_gain=3.72524 10.2539 8.44628 7.03411 5.32884 9.80998 5.44121 5.28438 5.64307 5.4042 4.724 4.59048 3.92445 8.52021 7.20461 6.77894 4.72455 7.31666 4.78326 3.70532 1.39685
threshold=0.12387955182072831 0.12266622266622268 0.12556818181818183 10.500000000000002 0 1 0.17928921568627457 2 0.11853054353054356 0.14767316017316021 0.13335667600373485 0.12862394957983198 0.079334554334554344 3 4 0.15692340067340069 0.091450216450216476 10.500000000000002 0.097873422873422877 0.32291666666666669 0.29705882352941182
decision_type=2 2 2 2 1 9 2 1 2 2 2 2 2 9 1 2 2 2 2 2 2
left_child=1 12 3 -2 5 6 -4 8 -5 -9 19 -12 16 15 -15 -14 17 -1 -18 -6 -7
right_child=2 -3 4 7 10 20 -8 9 -10 -11 11 -13 13 14 -16 -17 18 -19 -20 -21 -22
leaf_value=0.0056445500497309883 -0.01843711212324449 0.020347768481587994 0.014765228991330202 0.002884588651780989 0.017883732311448138 -0.023714807713083152 -0.0070853119242358306 -0.01163893922573022 -0.01511437152055841 0.005129823236372965 -0.0099704445494336741 0.00053079304676793989 0.0025028844279739518 -7.3059058287632641e-06 0.0082178437958616967 -0.0045017885403140457 0.0054932205009746377 -0.0014859827692176213 0.00045338495360205977 0.001437585047054766 -0.012877060356931608
leaf_weight=383 99 64 56 298 68 58 58 280 51 58 109 2300 798 423 739 609 499 5928 8329 69 61
leaf_count=383 99 64 56 298 68 58 58 280 51 58 109 2300 798 423 739 609 499 5928 8329 69 61
internal_value=7.43635e-05 0.000370262 -0.00140073 -0.00597694 -0.000106413 -0.0071813 0.00335407 -0.00418137 0.000247283 -0.00850969 0.000567032 5.56436e-05 0.000298059 0.00210499 0.00524915 -0.000525256 -8.56615e-06 -0.00105325 0.00073826 0.00960064 -0.0167516
internal_weight=21337 17772 3565 786 2779 233 114 687 349 338 2546 2409 17708 2569 1162 1407 15139 6311 8828 137 119
internal_count=21337 17772 3565 786 2779 233 114 687 349 338 2546 2409 17708 2569 1162 1407 15139 6311 8828 137 119
cat_boundaries=0 1 2 3 4 5
cat_threshold=5 5 18 274 76
is_linear=0
shrinkage=0.05


Tree=231
num_leaves=15
num_cat=6
split_feature=15 1 19 6 6 6 5 6 13 5 8 15 3 1
split_gain=3.72021 6.12366 11.3436 6.17524 5.75583 6.92794 5.26228 3.95273 3.75551 3.01742 4.14324 2.51218 10.7616 3.08958
threshold=0 1 2 0.11429126429126431 0.23399859943977591 0.16584249084249086 12.500000000000002 0.10297521786492377 11.500000000000002 6.5000000000000009 328.75000000000006 3 4 5
decision_type=9 1 1 2 2 2 2 2 2 2 2 9 9 1
left_child=1 3 7 -1 5 -4 -5 -3 9 10 -2 12 -11 -13
right_child=8 2 4 6 -6 -7 -8 -9 -10 11 -12 13 -14 -15
leaf_value=0.020019144970182409 -0.0022707790209382187 0.0062118565342389048 -0.0035668482070894177 0.014178102661210758 -0.014144322959327838 0.015788793357621348 -0.0051415412202961263 0.026093336562626065 -0.013734202377498152 0.0010432828959415993 0.017113097598776224 0.0019129118633096544 -0.0091634032592900171 -0.00014210651113549374
leaf_weight=98 51 50 265 65 96 56 77 50 50 784 60 2039 375 17025
leaf_count=98 51 50 265 65 96 56 77 50 50 784 60 2039 375 17025
internal_value=8.0763e-05 0.00349924 0.000372604 0.00995022 -0.00332294 -0.000190163 0.00370196 0.0146842 -4.7882e-05 -1.42518e-05 0.00820699 -5.93765e-05 -0.00230928 7.85767e-05
internal_weight=21141 757 517 240 417 321 142 100 20384 20334 111 20223 1159 19064
internal_count=21141 757 517 240 417 321 142 100 20384 20334 111 20223 1159 19064
cat_boundaries=0 1 2 3 4 5 6
cat_threshold=8 320 34 36 9 128
is_linear=0
shrinkage=0.05


Tree=232
num_leaves=25
num_cat=6
split_feature=11 8 6 6 6 6 2 15 6 17 8 7 5 7 19 6 6 6 17 17 7 6 8 5
split_gain=3.78749 7.03707 12.4065 9.69615 8.66641 7.95703 6.02144 8.59229 6.17611 12.484 7.93235 5.77803 5.38559 9.13358 5.8214 4.7809 10.9775 4.67587 4.90835 3.84783 4.77969 4.52754 2.76932 1.50213
threshold=1.0000000180025095e-35 513.75000000000011 0.37064210299504424 0.20000000000000004 0.18344525844525847 0.16823646125116715 0 1 0.12556818181818183 2 513.75000000000011 0.10718662464985995 11.500000000000002 0.13098421186656484 3 0.29995791245791253 0.16670856376738732 0.047502334267040154 4 5 0.14767316017316021 0.12225829725829727 513.75000000000011 15.500000000000002
decision_type=2 2 2 2 2 2 9 9 2 1 2 2 2 2 1 2 2 2 1 1 2 2 2 2
left_child=6 2 19 4 5 -3 7 15 17 10 -10 -5 13 -9 -14 16 -1 23 -19 21 -21 -2 -11 -8
right_child=1 3 -4 11 -6 -7 8 12 9 22 -12 -13 14 -15 -16 -17 -18 18 -20 20 -22 -23 -24 -25
leaf_value=-0.0043583649892321571 -7.0413570920041106e-05 -0.0021264786422581332 0.023736824179758077 -0.023784093571205936 0.018034640062600374 -0.02110364406637974 0.013332364099868944 -0.0055120680730785113 -0.0041409342645008481 0.0052358575341226558 0.0042649125571205589 -0.0062794960677774268 0.010644924858403423 0.0069861280245176105 0.0005721924463645611 -0.00060899812148097136 -0.030674338830051141 -0.0073600912794595727 -0.00020949276017483175 -0.00049874965658462135 -0.00449928328860273 0.0037090304110245446 0.0012865512828658908 0.0027257590649754442
leaf_weight=97 2814 866 54 90 50 59 63 778 867 2412 415 99 149 180 1506 87 67 318 909 6915 837 1103 544 71
leaf_count=97 2814 866 54 90 50 59 63 778 867 2412 415 99 149 180 1506 87 67 318 909 6915 837 1103 544 71
internal_value=-2.51381e-06 -0.00054219 -0.000174021 -0.00425013 -0.00224094 -0.00333691 0.000819276 -0.00104448 0.00177132 0.00271555 -0.00140886 -0.014615 -0.000179527 -0.00316376 0.00154682 -0.00969703 -0.0151094 -0.00115589 -0.0021244 -0.000284672 -0.000929497 0.000991321 0.00449385 0.00771245
internal_weight=21350 12887 11723 1164 975 925 8463 2864 5599 4238 1282 189 2613 958 1655 251 164 1361 1227 11669 7752 3917 2956 134
internal_count=21350 12887 11723 1164 975 925 8463 2864 5599 4238 1282 189 2613 958 1655 251 164 1361 1227 11669 7752 3917 2956 134
cat_boundaries=0 1 2 3 4 5 6
cat_threshold=24 12 1 2 8 4
is_linear=0
shrinkage=0.05


Tree=233
num_leaves=23
num_cat=2
split_feature=6 3 0 9 7 7 7 14 6 5 6 17 8 7 14 5 14 7 12 10 6 7
split_gain=5.31716 7.55148 16.576 8.15087 10.539 14.0515 10.216 6.68463 6.56034 6.70517 5.71872 8.37189 8.1294 7.18261 16.4891 12.0641 6.24066 5.33945 5.30359 4.90476 4.82336 3.93101
threshold=0.32763630704807184 0 2450.0000000000005 1.0000000180025095e-35 0.16236541236541241 0.18193473193473197 0.16628151260504206 0.2752525252525253 0.29283380018674143 9.5000000000000018 0.3565781440781442 1 381.20000000000005 0.14767316017316021 0.29705882352941182 8.5000000000000018 0.14835164835164838 0.13816526610644261 7.5000000000000009 1.0000000180025095e-35 0.39230363862716805 0.090860528360528395
decision_type=2 9 2 2 2 2 2 2 2 2 2 1 2 2 2 2 2 2 2 2 2 2
left_child=1 3 8 4 18 -6 7 -5 9 -3 11 21 -13 14 16 -15 -12 -10 -1 -8 -17 -2
right_child=10 2 -4 6 5 -7 19 -9 17 -11 13 12 -14 15 -16 20 -18 -19 -20 -21 -22 -23
leaf_value=0.00050814431588837642 0.012598956380970777 -0.0063999756686443816 -0.023195983542174829 0.0069289663831008531 -0.021712869236896921 -0.0017671651127316749 0.018476148138321356 0.00090473921203952754 0.012461399616783157 -0.00055534770497274249 -0.0022544467960573119 -0.0054735860105470891 -0.027342880058892849 0.027733198387755287 -0.027823262766844804 -0.0095992885345100049 0.010590540315671308 -0.0020536221499989353 0.01223493026042677 0.0015957544289403045 0.009449163408090289 -0.0063837308778117094
leaf_weight=3695 50 514 82 638 123 313 159 1655 170 10836 2108 84 86 54 62 68 99 101 99 59 65 60
leaf_count=3695 50 514 82 638 123 313 159 1655 170 10836 2108 84 86 54 62 68 99 101 99 59 65 60
internal_value=-0.000331337 -2.62122e-05 -0.000793852 0.00130572 -3.19041e-05 -0.00739405 0.00356427 0.00258091 -0.000636461 -0.00082003 -0.00238825 -0.00915837 -0.0156182 -0.00161642 -0.00239266 0.00780234 -0.00167826 0.00705174 0.000814141 0.0139076 -0.000289895 0.0020577
internal_weight=21180 18444 11703 6741 4230 436 2511 2293 11621 11350 2736 280 170 2456 2269 187 2207 271 3794 218 133 110
internal_count=21180 18444 11703 6741 4230 436 2511 2293 11621 11350 2736 280 170 2456 2269 187 2207 271 3794 218 133 110
cat_boundaries=0 1 2
cat_threshold=2 5
is_linear=0
shrinkage=0.05


Tree=234
num_leaves=19
num_cat=2
split_feature=0 13 6 6 14 0 8 14 7 7 1 11 14 7 6 11 11 3
split_gain=4.8954 10.2499 9.36003 10.9491 9.46462 6.66961 22.2778 9.88132 6.54738 5.57694 5.33967 4.67223 4.55999 3.55284 3.44511 4.82622 3.32777 3.01612
threshold=2350.0000000000005 1.5000000000000002 0.26469721727074674 0.1858780108780109 0.25833333333333336 2150.0000000000005 411.60000000000008 0.36038961038961043 0.1329399766899767 0.063082750582750605 0 1.0000000180025095e-35 0.30384615384615393 0.36972455648926245 0.020220588235294119 2.5000000000000004 1.0000000180025095e-35 1
decision_type=2 2 2 2 2 2 2 2 2 2 1 2 2 2 2 2 2 9
left_child=5 -2 3 10 -4 13 9 -8 -5 12 -3 -11 -7 14 15 -1 -6 -16
right_child=1 2 4 8 16 6 7 -9 -10 11 -12 -13 -14 -15 17 -17 -18 -19
leaf_value=-0.0079487226027523585 -0.012346893556976832 0.011042163880537609 0.027045349200624364 -0.0013969278743964917 -0.0026059669752915701 0.0054719448429532353 -0.010521126581246362 -0.036092805793262364 -0.020409656112037957 0.018192589177291784 -0.0013592920664527363 0.00119924242814294 -0.013776407367549837 0.011032555497118407 0.0036020718498774892 -8.2962821967656668e-05 0.013992007739103302 -0.0002233275604688109
leaf_weight=343 93 260 86 161 63 50 85 68 63 63 132 113 80 70 520 452 58 18554
leaf_count=343 93 260 86 161 63 50 85 68 63 63 132 113 80 70 520 452 58 18554
internal_value=-0.000188665 0.00338717 0.00516514 0.00207411 0.0143636 -0.000349243 -0.00630822 -0.0218863 -0.00674426 0.00148082 0.00711318 0.00728209 -0.00637319 -0.000212066 -0.000251682 -0.00347662 0.00535009 -0.000117267
internal_weight=21314 916 823 616 207 20398 459 153 224 306 392 176 130 19939 19869 795 121 19074
internal_count=21314 916 823 616 207 20398 459 153 224 306 392 176 130 19939 19869 795 121 19074
cat_boundaries=0 1 2
cat_threshold=405 8
is_linear=0
shrinkage=0.05


Tree=235
num_leaves=18
num_cat=2
split_feature=5 11 7 6 16 11 7 13 17 6 7 7 6 10 8 8 13
split_gain=3.93542 3.17131 7.44239 6.22498 4.76693 4.43859 3.23853 3.23761 2.98103 8.04111 4.24715 2.9497 2.85135 2.63836 1.76523 1.3405 1.29038
threshold=7.5000000000000009 2.5000000000000004 0.1329399766899767 0.020220588235294119 0 1.5000000000000002 0.38006535947712422 4.5000000000000009 1 0.23970658970658973 0.082478632478632491 0.0075757575757575907 0.023870573870573873 1.0000000180025095e-35 294.35000000000008 309.00000000000006 2.5000000000000004
decision_type=2 2 2 2 9 2 2 2 1 2 2 2 2 2 2 2 2
left_child=8 3 7 4 14 -6 12 13 9 -1 -10 -9 -5 -3 -2 -11 -12
right_child=1 2 -4 6 5 -7 -8 11 10 15 16 -13 -14 -15 -16 -17 -18
leaf_value=0.021550212982332423 0.0066736505030550904 0.012595800655583543 -0.0156859226403353 0.004755863893502789 -0.025186171981126621 -0.0068963118181103664 -0.010343517382642713 0.00022254543882389778 -0.0097293023105997304 -0.0050938448384404179 0.012135969095218642 -0.0040649812730512089 0.00041894088210733338 -0.0016051749875447875 -0.0038782106449940061 0.0061230615042803587 0.00094262146409235757
leaf_weight=84 54 75 92 387 54 86 69 889 65 50 52 731 18308 58 149 57 51
leaf_count=84 54 75 92 387 54 86 69 889 65 50 52 731 18308 58 149 57 51
internal_value=0.000244581 0.000155641 -0.00182394 0.000346793 -0.00632832 -0.0130209 0.000468812 -0.00109645 0.00543532 0.00947532 0.000262581 -0.00171213 0.000508718 0.00640289 -0.00102102 0.000881516 0.00659363
internal_weight=21311 20952 1845 19107 343 140 18764 1753 359 191 168 1620 18695 133 203 107 103
internal_count=21311 20952 1845 19107 343 140 18764 1753 359 191 168 1620 18695 133 203 107 103
cat_boundaries=0 1 2
cat_threshold=9 1
is_linear=0
shrinkage=0.05


Tree=236
num_leaves=20
num_cat=7
split_feature=0 0 1 19 6 19 18 1 7 14 4 1 14 13 7 7 13 0 6
split_gain=4.39373 15.4501 12.7382 11.95 10.0878 8.58321 8.64125 7.26243 7.16211 4.67504 3.9863 4.48731 4.41355 3.97394 3.89154 3.56555 2.85396 2.61629 0.192109
threshold=1850.0000000000002 1950.0000000000002 0 1 0.098746079628432584 2 3 4 0.34569597069597074 0.73030303030303034 5 6 0.67708333333333337 4.5000000000000009 0.12520396270396275 0.055555555555555566 4.5000000000000009 1350.0000000000002 0.16932631638513992
decision_type=2 2 1 1 2 1 1 1 2 2 1 1 2 2 2 2 2 2 2
left_child=8 14 5 7 -5 13 -7 -4 9 10 11 -1 -12 -3 16 17 18 -11 -2
right_child=1 2 3 4 -6 6 -8 -9 -10 15 12 -13 -14 -15 -16 -17 -18 -19 -20
leaf_value=-0.00043788870530973574 -0.020383391924202444 0.026161332945499955 0.0082647509842517942 -0.011919731189564166 -0.0028609066347770108 0.0057731979892799018 -0.0023209301955355406 -0.0048449318711955361 0.017750305150067276 -0.010254427969742281 0.00010232595898715734 0.006030869738692944 0.0087200398075704781 0.007652376969505487 -0.0022561294861651701 -0.017944590938522628 -0.010265740247662454 0.0036763011571019893 -0.024684487753957339
leaf_weight=468 50 58 328 382 1572 669 635 148 59 65 15633 628 150 58 58 57 85 70 54
leaf_count=468 50 58 328 382 1572 669 635 148 59 65 15633 628 150 58 58 57 85 70 54
internal_value=7.87708e-06 -0.00146304 -0.000685324 -0.00287815 -0.00460829 0.00306587 0.00184399 0.00417281 0.000359678 0.000299573 0.000387822 0.00328968 0.000184111 0.015565 -0.0135853 -0.00745853 -0.017062 -0.00303109 -0.0226167
internal_weight=21227 4097 3850 2430 1954 1420 1304 476 17130 17071 16879 1096 15783 116 247 192 189 135 104
internal_count=21227 4097 3850 2430 1954 1420 1304 476 17130 17071 16879 1096 15783 116 247 192 189 135 104
cat_boundaries=0 1 2 3 4 5 6 7
cat_threshold=448 10 4 6 50 8 298
is_linear=0
shrinkage=0.05


Tree=237
num_leaves=23
num_cat=6
split_feature=7 7 2 7 14 8 1 6 11 14 8 6 7 7 1 19 17 11 13 16 6 7
split_gain=5.20783 7.54468 9.38421 12.2403 12.9102 10.2384 10.2316 11.1124 6.62464 9.99222 10.5112 8.12646 14.4262 13.067 5.99206 8.1147 5.06213 4.95307 3.33455 3.26593 13.6579 4.8292
threshold=0.18168290043290045 0.082478632478632491 0 0.10836247086247087 0.32291666666666669 355.20000000000005 1 0.38039321789321795 1.5000000000000002 0.29705882352941182 340.90000000000003 0.30272720199190789 0.2001838235294118 0.29784798534798546 2 3 4 1.5000000000000002 11.500000000000002 5 0.29995791245791253 0.07622655122655124
decision_type=2 2 9 2 2 2 1 2 2 2 2 2 2 2 1 1 1 2 2 9 2 2
left_child=1 18 6 4 -4 -5 17 -8 11 -10 -11 14 -13 -14 16 -16 -2 -3 19 20 -1 -21
right_child=8 2 3 5 -6 -7 7 -9 9 10 -12 12 13 -15 15 -17 -18 -19 -20 21 -22 -23
leaf_value=0.001477211827294157 0.012741362327840121 0.0037303575939642121 0.0031865734089389628 -0.0029221663125871549 0.016083752164358391 0.0062066091254416918 -0.0022862805320181079 0.020698561981596329 -0.025703072256261585 -0.019576165457501224 0.0084495069056657376 -0.030514251084647101 0.0076862206497025909 -0.015483418147978857 -0.0058749163791908601 0.0051594462112909602 -0.00085674403577714285 0.016005147531289947 -0.012646400589229806 -0.00063021090237119542 -0.016190574851620579 -0.0061466547797622111
leaf_weight=3420 149 325 408 662 370 573 2007 54 76 57 81 61 128 116 449 253 126 110 56 11428 113 411
leaf_count=3420 149 325 408 662 370 573 2007 54 76 57 81 61 128 116 449 253 126 110 56 11428 113 411
internal_value=-0.000155258 5.82394e-05 0.00185742 0.00438607 0.00932019 0.00131329 -0.000198687 -0.00167593 -0.00300051 -0.0111442 -0.00312631 -0.00164111 -0.00876593 -0.00332885 0.000583119 -0.00188153 0.00669951 0.00668075 -0.000467591 -0.000423224 0.000909548 -0.000821025
internal_weight=21433 19937 4509 2013 778 1235 2496 2061 1496 214 138 1282 305 244 977 702 275 435 15428 15372 3533 11839
internal_count=21433 19937 4509 2013 778 1235 2496 2061 1496 214 138 1282 305 244 977 702 275 435 15428 15372 3533 11839
cat_boundaries=0 1 2 3 4 5 6
cat_threshold=274 69 161 22 6 36
is_linear=0
shrinkage=0.05


Tree=238
num_leaves=16
num_cat=7
split_feature=12 7 14 0 13 17 5 12 0 19 1 1 2 3 17
split_gain=2.46691 5.21973 2.64419 7.33248 8.33241 5.26868 13.1816 10.0099 3.56225 12.5548 11.2579 10.9871 6.02813 5.39153 4.5998
threshold=8.5000000000000018 0.028625541125541113 0.55050505050505061 2050.0000000000005 6.5000000000000009 0 7.5000000000000009 3.5000000000000004 1850.0000000000002 1 2 3 4 5 6
decision_type=2 2 2 2 2 1 2 2 2 1 1 1 9 9 1
left_child=2 -2 8 5 -5 6 -4 -7 12 11 -11 -10 13 -1 -14
right_child=1 -3 3 4 -6 7 -8 -9 9 10 -12 -13 14 -15 -16
leaf_value=0.0030456680322772469 0.0038267501942547306 -0.014610724066767623 0.029035731651029496 0.02253959669528165 -0.0012284881318919362 -0.016540971475633534 0.0023651097836630908 0.00052569490110802766 -0.010697005529837912 -0.0087467265631980106 0.0015828305652046378 -0.00064930386780577716 -0.0012835848274917417 -0.0036242424908709174 0.0010278754998215348
leaf_weight=367 70 85 53 87 64 94 368 999 576 288 2289 523 2661 1601 11107
leaf_count=367 70 85 53 87 64 94 368 999 576 288 2289 523 2661 1601 11107
internal_value=6.46784e-07 -0.00628412 4.68649e-05 0.0019591 0.0124657 0.00091121 0.00558992 -0.000933529 -0.00011715 -0.00151853 0.000399073 -0.0059644 0.000210219 -0.0023713 0.000580522
internal_weight=21232 155 21077 1665 151 1514 421 1093 19412 3676 2577 1099 15736 1968 13768
internal_count=21232 155 21077 1665 151 1514 421 1093 19412 3676 2577 1099 15736 1968 13768
cat_boundaries=0 1 2 3 4 5 6 7
cat_threshold=1 1 516 944 3 12 1
is_linear=0
shrinkage=0.05


Tree=239
num_leaves=18
num_cat=2
split_feature=5 11 8 8 7 7 6 6 7 6 6 6 14 14 2 7 16
split_gain=5.35441 6.4098 5.74915 4.63562 6.60884 3.12708 8.56665 4.88634 9.3507 6.1623 3.38068 9.49695 8.70659 7.50183 3.99347 10.267 6.0617
threshold=7.5000000000000009 1.0000000180025095e-35 407.20000000000005 328.75000000000006 0.055170932009167305 0.12387955182072831 0.39230363862716805 0.3387459762459763 0.18764140271493215 0.19328367710720654 0.090486964016375807 0.097873422873422877 0.69615384615384623 0.36038961038961043 0 0.068403818403818414 1
decision_type=2 2 2 2 2 2 2 2 2 2 2 2 2 2 9 2 9
left_child=1 3 -3 -1 -5 10 7 9 -9 -7 14 13 -13 -12 16 -16 -2
right_child=5 2 -4 4 -6 6 -8 8 -10 -11 11 12 -14 -15 15 -17 -18
leaf_value=0.002483642205507273 -0.001214825357584731 0.005365716731373934 -0.015227718068778796 0.0308545648465278 0.0076452958777966642 -0.0035487962772161835 0.013005169742193418 0.0067712929278898708 -0.019074934412873237 0.00095035292826233485 0.0011540497955879112 0.00031718093438663487 -0.019631300825964322 0.012007239331479428 -0.00071524338370510638 0.0084356281534627622 -0.010090108517011795
leaf_weight=84 4846 94 53 54 71 1790 97 52 107 1324 323 9949 55 314 1535 383 191
leaf_count=84 4846 94 53 54 71 1790 97 52 107 1324 323 9949 55 314 1535 383 191
internal_value=-0.000139856 0.00594072 -0.00205913 0.0115674 0.0176717 -0.000243103 -0.00163842 -0.00207241 -0.0106221 -0.00163586 2.41297e-05 0.000584432 0.000207508 0.00650397 -0.000833121 0.0011063 -0.0015707
internal_weight=21322 356 147 209 125 20966 3370 3273 159 3114 17596 10641 10004 637 6955 1918 5037
internal_count=21322 356 147 209 125 20966 3370 3273 159 3114 17596 10641 10004 637 6955 1918 5037
cat_boundaries=0 1 2
cat_threshold=267 41
is_linear=0
shrinkage=0.05


Tree=240
num_leaves=31
num_cat=11
split_feature=1 0 0 2 0 12 0 0 2 19 3 12 19 7 6 5 7 13 19 18 8 2 7 6 15 8 15 8 7 7
split_gain=3.29322 8.72311 26.8619 45.2489 32.1961 10.2998 9.98951 41.0972 7.23538 7.02762 5.40217 5.2774 6.21959 11.227 10.7532 6.03562 5.51642 6.07476 8.23686 6.0048 9.04991 6.45679 4.39868 4.36007 4.23501 3.00826 6.62694 4.87665 2.95223 0.869166
threshold=0 1550.0000000000002 1350.0000000000002 1 1250.0000000000002 5.5000000000000009 2350.0000000000005 2150.0000000000005 2 3 4 1.5000000000000002 5 0.15560583207642034 0.31035076035076042 12.500000000000002 0.066695804195804231 2.5000000000000004 6 7 355.20000000000005 8 0.1329399766899767 0.11920163170163171 9 309.00000000000006 10 340.90000000000003 0.18354700854700859 0.08095238095238097
decision_type=1 2 2 9 2 2 2 2 9 1 9 2 1 2 2 2 2 2 1 1 2 9 2 2 9 2 9 2 2 2
left_child=1 2 4 5 24 -4 7 8 -3 -5 28 12 13 14 -2 -15 19 22 -19 21 -21 -13 -18 -6 -1 26 -14 -27 -8 -12
right_child=11 6 3 9 23 -7 10 -9 -10 -11 29 16 25 15 -16 -17 17 18 -20 20 -22 -23 -24 -25 -26 27 -28 -29 -30 -31
leaf_value=-0.0032840418450502552 -0.0061389071824744252 0.0003225147699215693 0.018874908953851927 0.0058203388339591105 -0.014469650111693358 -0.0024805125440396959 0.0038280846607019977 -0.03965114301784585 -0.0039432892409797657 -0.007142854283715222 0.011473269542773903 0.0064604877471908743 -0.0070060325376017354 0.012546389314149498 -0.025445181997963306 -0.0071998905964816605 0.002644681458078123 0.0073518338924370933 0.00072810465672697904 5.5763772300754985e-05 -0.010514347221742581 0.00012055399251652583 0.013799442613260852 -0.030145205875878479 0.0018425664418585304 0.0050121283534762112 0.004069912762373412 -0.001095875476475792 -0.0094532302042067643 0.020433589681982996
leaf_weight=693 447 1617 544 136 84 63 233 75 2584 379 59 422 378 109 86 60 166 544 3121 540 324 5728 189 94 934 505 201 926 51 50
leaf_count=693 447 1617 544 136 84 63 233 75 2584 379 59 422 378 109 86 60 166 544 3121 540 324 5728 189 94 934 505 201 926 51 50
internal_value=-8.61816e-05 -0.000920995 0.00121779 0.00729312 -0.00255867 0.0163885 -0.00226377 -0.00296492 -0.00230996 -0.00367391 0.00536497 0.000375531 -0.00160032 -0.0056135 -0.00925399 0.00553588 0.000861506 0.00233824 0.00173332 1.51317e-05 -0.00386331 0.000565368 0.00858341 -0.0227478 -0.000349907 -0.000169923 -0.00321173 0.00105964 0.00139398 0.014274
internal_weight=21342 7596 2927 1122 1805 607 4669 4276 4201 515 393 13746 2712 702 533 169 11034 4020 3665 7014 864 6150 355 178 1627 2010 579 1431 284 109
internal_count=21342 7596 2927 1122 1805 607 4669 4276 4201 515 393 13746 2712 702 533 169 11034 4020 3665 7014 864 6150 355 178 1627 2010 579 1431 284 109
cat_boundaries=0 1 2 3 4 5 6 7 8 9 10 11
cat_threshold=30 128 6 40 2 3 36 12 2 10 9
is_linear=0
shrinkage=0.05


Tree=241
num_leaves=26
num_cat=7
split_feature=2 3 19 16 7 6 19 12 11 12 6 7 11 7 14 6 16 6 6 7 14 1 14 6 12
split_gain=4.66355 11.983 10.2015 5.52014 9.94321 8.9622 5.31262 7.48838 5.0727 4.56365 5.73207 3.77159 3.06788 10.2042 8.10621 8.00563 6.4584 6.08996 6.20199 5.61915 5.52493 4.10866 3.75777 3.00652 1.36193
threshold=0 1 2 3 0.17579087579087585 0.14368178118178121 4 2.5000000000000004 1.0000000180025095e-35 2.5000000000000004 0.17548143577555345 0.033333333333333375 1.0000000180025095e-35 0.14767316017316021 0.5590277777777779 0.35094165094165097 5 0.10570940497411087 0.11106083459024638 0.28599439775910368 0.60555555555555574 6 0.12916666666666668 0.25975529100529104 3.5000000000000004
decision_type=9 9 1 9 2 2 1 2 2 2 2 2 2 2 2 2 9 2 2 2 2 1 2 2 2
left_child=1 2 9 4 -4 -5 7 -3 -8 10 -1 -11 14 15 17 16 -14 21 -19 22 -16 -2 -15 -21 -10
right_child=12 6 3 5 -6 -7 8 -9 24 11 -12 -13 13 19 20 -17 -18 18 -20 23 -22 -23 -24 -25 -26
leaf_value=-0.026417411081492904 -0.0081213907058165172 -0.030823782329181478 0.0085990930217743171 0.0039544474255553512 -0.01400024921717969 -0.006771346799269962 -0.014195964322425425 -0.0087981771829343126 0.0069531512469602902 0.0072268903339136161 -0.0077310412370815351 -0.0068603927281518018 -0.0091936532945654011 0.0042862199163937482 0.022843575341668091 0.017817919235861315 0.00010968364217230889 0.013705296654786384 0.0010276098111445683 0.014129602807169817 0.0038203075678012836 -0.0010470112064388689 -0.006997365016960526 -0.0015158526165640518 -0.0037016895860117875
leaf_weight=50 261 70 423 430 55 356 86 86 61 80 229 117 180 80 68 63 10256 98 6178 53 87 888 950 73 59
leaf_count=50 261 70 423 430 55 356 86 86 61 80 229 117 180 80 68 63 10256 98 6178 53 87 888 950 73 59
internal_value=-0.00017886 -0.00240909 -0.000662045 0.00169326 0.00587583 -0.000892195 -0.010563 -0.0175561 -0.00469959 -0.00682262 -0.0110799 -0.00113967 6.60779e-05 -0.000443127 0.000849117 4.779e-05 -5.94847e-05 0.000612873 0.00122557 -0.00490172 0.012166 -0.00273378 -0.00612097 0.00506517 0.00171452
internal_weight=21337 2102 1740 1264 478 786 362 156 206 476 279 197 19235 11655 7580 10499 10436 7425 6276 1156 155 1149 1030 126 120
internal_count=21337 2102 1740 1264 478 786 362 156 206 476 279 197 19235 11655 7580 10499 10436 7425 6276 1156 155 1149 1030 126 120
cat_boundaries=0 1 2 3 4 5 6 7
cat_threshold=16 10 10 38 41 6 35
is_linear=0
shrinkage=0.05


Tree=242
num_leaves=29
num_cat=11
split_feature=14 14 7 5 17 1 7 6 17 1 1 6 4 11 1 11 14 17 14 6 1 19 14 0 1 0 7 9
split_gain=3.84709 10.8688 9.00059 5.72785 9.56702 9.92897 10.0447 9.29329 5.29611 12.2999 9.16907 8.46139 6.61862 6.45095 5.25878 6.45454 5.37567 4.15451 9.32577 11.3252 7.36185 4.7605 6.45629 4.23223 3.95994 3.38056 3.3704 2.2426
threshold=0.26969696969696971 0.2817460317460318 0.16412198912198916 16.500000000000004 0 1 0.011904761904761913 0.26988795518207287 2 3 4 0.050036075036075052 5 1.0000000180025095e-35 6 1.0000000180025095e-35 0.11437908496732027 7 0.18465909090909094 0.16584249084249086 8 9 0.22649572649572652 2350.0000000000005 10 1350.0000000000002 0.057212885154061643 1.0000000180025095e-35
decision_type=2 2 2 2 1 1 2 2 1 1 1 2 1 2 1 2 2 1 2 2 1 1 2 2 1 2 2 2
left_child=3 2 24 17 14 6 -6 -7 10 11 26 -10 -12 -11 16 -16 -5 18 19 -1 -20 22 -19 -23 27 -26 -3 -2
right_child=1 8 -4 4 5 7 -8 -9 9 13 12 -13 -14 -15 15 -17 -18 21 20 -21 -22 23 -24 -25 25 -27 -28 -29
leaf_value=-0.010667389438225656 -0.0053972099167188224 -0.0024862904141493211 -0.026830962779266495 0.010161773815694877 0.0095387248756167928 -0.0047211145730837005 -0.017158759560645973 -0.029539322016879602 -0.004276624942370663 -0.0060016974063479408 -0.0086729825445218019 0.0045812465592015182 0.0016507163531160494 -0.0015054806861508375 0.017671875996618635 -0.00049677096017871367 -0.0070796619471526004 -0.016775900487684542 -0.004208714715674404 0.0043109801243881732 0.0091398406417624277 0.00078873036342026802 0.0036374551610445938 0.0082898687907331393 0.0014115403099114903 -0.012799189663842643 -0.011866993564966156 0.0067070471717560866
leaf_weight=200 71 216 56 58 95 63 56 94 346 1030 150 1221 5653 3538 90 107 205 90 119 342 695 6123 68 194 54 186 172 83
leaf_count=200 71 216 56 58 95 63 56 94 346 1030 150 1221 5653 3538 90 107 205 90 119 342 695 6123 68 194 54 186 172 83
internal_value=0.000108433 -0.00044188 -0.00807439 0.000926063 -0.00319462 -0.00983911 -0.000339824 -0.0184079 -0.000163231 -0.00120328 0.000867952 0.00260874 0.0013694 -0.00251379 0.00143695 0.00742664 -0.00315732 0.00133019 0.00383715 -0.00121609 0.00724897 0.000798018 -0.00751479 0.00101749 -0.00540848 -0.0092177 -0.00647779 0.00105782
internal_weight=21375 12776 450 8599 768 308 151 157 12326 6135 6191 1567 5803 4568 460 197 263 7831 1356 542 814 6475 158 6317 394 240 388 154
internal_count=21375 12776 450 8599 768 308 151 157 12326 6135 6191 1567 5803 4568 460 197 263 7831 1356 542 814 6475 158 6317 394 240 388 154
cat_boundaries=0 1 2 3 4 5 6 7 8 9 10 11
cat_threshold=6 336 5 768 512 16 624 8 12 4 105
is_linear=0
shrinkage=0.05


Tree=243
num_leaves=18
num_cat=4
split_feature=5 5 4 6 19 7 16 6 6 16 14 8 6 6 14 7 14
split_gain=3.67265 2.91266 7.60486 9.30103 9.84017 5.30825 6.42307 8.07227 5.26092 4.97707 5.21887 4.73577 4.02182 6.43781 5.10396 2.12168 1.82613
threshold=6.5000000000000009 11.500000000000002 0 0.20493464868464872 1 0.07612044817927173 2 0.15403545256486437 0.091450216450216476 3 0.55050505050505061 328.75000000000006 0.22744567523979289 0.23399859943977591 0.2752525252525253 0.076906916612798984 0.48529411764705888
decision_type=2 2 1 2 1 2 9 2 2 9 2 2 2 2 2 2 2
left_child=15 2 9 8 -5 12 11 -8 -4 10 -2 -7 14 -14 -3 -1 -11
right_child=1 5 3 4 -6 6 7 -9 -10 16 -12 -13 13 -15 -16 -17 -18
leaf_value=0.015729364576664837 -0.0031462008253865647 0.0016698405296478329 0.005111655014234797 0.00099224795670649867 0.016591791163153829 0.0029932704042604096 0.0042044664995877874 0.025326700659743587 -0.0047578459450077007 -0.019848246379466406 0.0022979271881777646 -0.0003240017959119849 -0.016432939956430345 -0.0019828292134800051 -0.00085177422087874847 0.0021870719207847705 -0.0071314064993269061
leaf_weight=55 2673 2790 199 236 177 1762 175 61 420 58 527 2763 80 2111 7148 61 55
leaf_count=55 2673 2790 199 236 177 1762 175 61 420 58 527 2763 80 2111 7148 61 55
internal_value=-0.000264549 -0.000313017 -0.00146756 0.00227033 0.00810353 -1.60082e-05 0.00139879 0.00927118 -0.00158494 -0.00263082 -0.00224261 0.000965584 -0.000571359 -0.00251045 -0.000143855 0.00860799 -0.0125482
internal_weight=21351 21235 4345 1032 413 16890 4761 236 619 3313 3200 4525 12129 2191 9938 116 113
internal_count=21351 21235 4345 1032 413 16890 4761 236 619 3313 3200 4525 12129 2191 9938 116 113
cat_boundaries=0 1 2 3 4
cat_threshold=5 26 33 97
is_linear=0
shrinkage=0.05


Tree=244
num_leaves=27
num_cat=9
split_feature=16 17 18 6 6 15 5 1 10 0 0 1 0 19 1 8 5 4 13 6 12 6 0 5 6 6
split_gain=4.15668 8.2764 10.6859 8.36864 9.14654 8.78287 6.56412 7.17798 6.69125 6.19362 12.8681 13.2986 10.4315 7.91093 5.74353 5.32093 5.04142 3.60558 3.35533 3.32366 2.83929 2.83916 2.20836 3.05522 1.42196 0.991745
threshold=0 1 2 0.23622904872904874 0.11429126429126431 3 17.500000000000004 4 1.0000000180025095e-35 1250.0000000000002 1350.0000000000002 5 2450.0000000000005 6 7 381.20000000000005 10.500000000000002 8 4.5000000000000009 0.16285822021116142 3.5000000000000004 0.11106083459024638 1175.0000000000002 13.500000000000002 0.096959794018617554 0.068315018315018322
decision_type=9 1 1 2 2 9 2 1 2 2 2 1 2 1 1 2 2 1 2 2 2 2 2 2 2 2
left_child=1 3 15 4 5 -1 7 -4 -8 14 20 12 -12 -13 17 16 -3 18 -2 -6 -11 -19 24 -24 -16 -17
right_child=9 2 6 -5 19 -7 8 -9 -10 10 11 13 -14 -15 22 25 -18 21 -20 -21 -22 -23 23 -25 -26 -27
leaf_value=5.3559506936422127e-05 0.0054726387989678564 0.015486246503156718 0.0052679768394834053 -0.020372938478055103 0.015657885984556984 -0.018197688927645225 -0.017686692629566139 0.00062684827520830119 -0.00072006443435592316 -0.021672625137101179 0.00061716822021114595 0.0056147326703697327 -0.014615551368415095 -0.0037980070131409778 0.0014643663135364988 0.026032082408666612 -0.0051953966949919335 0.011845228782999264 0.00046916023737617903 0.00046399980273148793 -0.008014704813708513 0.0019234397377041299 -0.0061032388146178658 -0.0002420913062819829 0.008793180144446737 0.016384034228037327
leaf_weight=166 543 61 1103 75 71 104 87 3350 175 82 7963 231 114 3505 299 50 57 213 875 73 71 109 260 1535 85 57
leaf_count=166 543 61 1103 75 71 104 87 3350 175 82 7963 231 114 3505 299 50 57 213 875 73 71 109 260 1535 85 57
internal_value=4.63634e-05 0.00123943 0.00185631 -0.00490481 -0.00222108 -0.00764856 0.00133433 0.00178969 -0.00635402 -0.000361941 -0.000927186 -0.000740583 0.000401674 -0.00320257 0.00136302 0.0122724 0.00549596 0.0034942 0.00236846 0.00795543 -0.0153346 0.00823099 -0.000353214 -0.00109106 0.00308663 0.0208925
internal_weight=21314 5429 4940 489 414 270 4715 4453 262 15885 11966 11813 8077 3736 3919 225 118 1740 1418 144 153 322 2179 1795 384 107
internal_count=21314 5429 4940 489 414 270 4715 4453 262 15885 11966 11813 8077 3736 3919 225 118 1740 1418 144 153 322 2179 1795 384 107
cat_boundaries=0 1 2 3 4 5 6 7 8 9
cat_threshold=104 2 4 1 138 880 34 453 11
is_linear=0
shrinkage=0.05


Tree=245
num_leaves=28
num_cat=8
split_feature=12 1 6 17 14 13 6 7 10 1 15 14 14 12 14 15 4 6 19 14 19 9 6 10 6 6 6
split_gain=3.68323 10.0996 6.75028 4.51241 4.40589 3.81256 8.4767 7.80202 4.51395 3.1005 5.77768 4.675 3.71321 8.3915 3.6199 3.32986 2.7772 2.97844 2.72836 3.41107 2.5128 2.50951 2.46115 3.31069 1.42284 1.25495 0.755628
threshold=6.5000000000000009 0 0.039283769063180839 1 0.63068181818181823 7.5000000000000009 0.069563279857397506 0.059523809523809534 1.0000000180025095e-35 2 3 0.46410256410256417 0.44097222222222227 3.5000000000000004 0.24264705882352944 4 5 0.054755844645550535 6 0.55050505050505061 7 1.0000000180025095e-35 0.10570940497411087 1.0000000180025095e-35 0.063167061696473473 0.1082286449933509 0.022423328305681254
decision_type=2 1 2 1 2 2 2 2 2 1 9 2 2 2 2 9 1 2 1 2 1 2 2 2 2 2 2
left_child=5 3 4 21 -3 9 18 8 -8 10 14 -12 15 -14 -1 -11 20 -18 26 -20 -4 24 23 -5 -2 -9 -7
right_child=1 2 16 22 -6 6 7 25 -10 12 11 -13 13 -15 -16 -17 17 -19 19 -21 -22 -23 -24 -25 -26 -27 -28
leaf_value=-9.2357547321128412e-05 0.002491438216603701 -0.010592147805360393 0.0038100496759665586 0.0033969027136324667 0.0056802896150337486 -0.0035850332347008422 -0.028930424109323699 0.0042149298600852488 -0.01036277757222024 -0.0026641554150257413 -2.5484812066241392e-06 0.0064433854187361033 -0.0082082023857400401 -0.00074169405204337763 0.01579095445586964 1.6505818906943747e-05 -0.0061806468851864343 0.0062691822894404481 -0.002847010694781325 0.0052208329963324375 0.013521556276477931 0.0090338225166002924 -0.019141046591103078 -0.012986033858182148 -0.0079379540152491671 -0.0068278632282701163 -0.011746603625322708
leaf_weight=53 63 95 126 51 74 53 67 50 64 1266 2700 314 491 1611 111 12584 60 241 279 247 256 66 55 78 68 53 61
leaf_count=53 63 95 126 51 74 53 67 50 64 1266 2700 314 491 1611 111 12584 60 241 279 247 256 66 55 78 68 53 61
internal_value=-0.000227266 0.00242499 0.0054165 -0.00429415 -0.00346694 -0.000390744 -0.00362014 -0.0117636 -0.0198592 -0.000243201 0.00118075 0.00066678 -0.000527295 -0.00248577 0.0100454 -0.00023044 0.0076939 0.0036657 -0.000642687 0.000923936 0.0104972 0.00103098 -0.00975477 -0.00650906 -0.00292229 -0.00146728 -0.00731088
internal_weight=21237 1233 852 381 169 20004 874 234 131 19130 3178 3014 15952 2102 164 13850 683 301 640 526 382 197 184 129 131 103 114
internal_count=21237 1233 852 381 169 20004 874 234 131 19130 3178 3014 15952 2102 164 13850 683 301 640 526 382 197 184 129 131 103 114
cat_boundaries=0 1 2 3 4 5 6 7 8
cat_threshold=200 5 68 8 12 17 2 36
is_linear=0
shrinkage=0.05


Tree=246
num_leaves=23
num_cat=3
split_feature=11 6 0 0 13 6 5 1 0 0 0 6 6 5 19 6 6 6 1 6 12 6
split_gain=5.65375 9.91956 6.79426 10.0065 7.32634 4.42199 4.37935 3.98001 15.3863 20.9278 7.49207 6.21761 8.17621 6.79868 4.95372 4.60515 4.3332 5.24326 3.74055 2.83587 2.72886 0.105201
threshold=1.0000000180025095e-35 0.36379823879823886 1250.0000000000002 1350.0000000000002 4.5000000000000009 0.17781385281385284 10.500000000000002 0 1350.0000000000002 1250.0000000000002 1350.0000000000002 0.34438339438339438 0.36379823879823886 7.5000000000000009 1 0.12292522292522294 0.067465704230410123 0.077849927849927864 2 0.054755844645550535 5.5000000000000009 0.20248811645870476
decision_type=2 2 2 2 2 2 2 1 2 2 2 2 2 2 1 2 2 2 1 2 2 2
left_child=7 2 5 -4 -5 6 -2 8 9 20 14 13 -13 -12 18 -16 19 -18 -9 -10 -1 -7
right_child=1 -3 3 4 -6 21 -8 10 16 -11 11 12 -14 -15 15 -17 17 -19 -20 -21 -22 -23
leaf_value=-0.00030114531978867829 -0.0078780146225591579 0.016043743885360486 -0.01908569124913434 -0.0032511737228284655 -0.0003814513415992472 0.012807165903459287 0.00097687679457881594 0.00096078202246228255 0.004131886717532912 -0.028633427502950882 0.017369416152575503 -0.024592504442176401 -0.0039466818926535818 -0.00059380752124849685 0.0021984464046545327 -0.016698972533534594 -0.011428284543944756 0.0030098644359702613 0.0081539793138702722 0.01876760110321363 -0.0086468426053761521 0.0095796364396810545
leaf_weight=533 146 86 82 3734 5500 51 3201 322 62 82 54 51 803 2145 80 54 64 3596 440 71 120 50
leaf_count=533 146 86 82 3734 5500 51 3201 322 62 82 54 51 803 2145 80 54 64 3596 440 71 120 50
internal_value=-0.000219266 -0.000880482 -0.000994512 -0.00169632 -0.0015419 0.000901665 0.000590616 0.000783048 0.00179257 -0.00482459 -0.000378068 -0.00155885 -0.00517963 -0.000152692 0.00364107 -0.00504076 0.00307955 0.00275739 0.00516615 0.0119449 -0.00183481 0.0112094
internal_weight=21327 12850 12764 9316 9234 3448 3347 8477 4528 735 3949 3053 854 2199 896 134 3793 3660 762 133 653 101
internal_count=21327 12850 12764 9316 9234 3448 3347 8477 4528 735 3949 3053 854 2199 896 134 3793 3660 762 133 653 101
cat_boundaries=0 1 2 3
cat_threshold=120 25 514
is_linear=0
shrinkage=0.05


Tree=247
num_leaves=25
num_cat=13
split_feature=4 0 1 19 12 1 6 18 12 6 0 1 0 2 2 0 2 1 2 19 6 2 6 14
split_gain=3.4777 8.87327 9.90824 6.19929 6.42611 4.4199 3.37987 3.17722 3.79321 3.48289 3.05175 9.4262 15.9173 9.42308 8.3456 10.4996 19.8762 10.6677 7.30495 12.7533 9.16909 7.05543 4.5338 0.305964
threshold=0 1850.0000000000002 1 2 4.5000000000000009 3 0.21672951231774765 4 2.5000000000000004 0.1121822621822622 1750.0000000000002 5 1850.0000000000002 6 7 1450.0000000000002 8 9 10 11 0.050036075036075052 12 0.18095297948239128 0.35504201680672276
decision_type=1 2 1 1 2 1 2 1 2 2 2 1 2 9 9 2 9 1 9 1 2 9 2 2
left_child=1 2 7 5 -5 -4 23 9 -9 -1 14 12 13 -12 22 17 -17 -16 19 -13 -20 -14 -2 -3
right_child=10 6 3 4 -6 -7 -8 8 -10 -11 11 18 21 -15 15 16 -18 -19 20 -21 -22 -23 -24 -25
leaf_value=-0.0064067677941195486 0.018021860284194269 -0.016180301413617353 -0.0041793239905928209 -0.00082134213200318418 -0.016709835235372016 0.0041933788224824834 -0.0035432113035182866 -0.0030089732350554702 -0.012878243868849618 0.0050697966683826865 0.0092254321885165465 0.0067913138376956995 -0.0033989169994273032 0.0013978768319447693 0.0025870974192231523 0.0003292727541437754 -0.0072939336746308415 -0.0013538359922631057 0.0086996214309623503 -0.0085351425671744471 -0.00051952661375594599 0.0033354485526441548 0.0022815887391526295 -0.021584531135857107
leaf_weight=168 92 55 182 237 87 946 56 156 259 109 995 168 988 646 2918 1915 1539 4143 289 604 4039 628 91 50
leaf_count=168 92 55 182 237 87 946 56 156 259 109 995 168 988 646 2918 1915 1539 4143 289 604 4039 628 91 50
internal_value=-0.000303176 -0.0021331 -0.00129224 0.00106568 -0.00493537 0.00281761 -0.0134631 -0.00616609 -0.00895262 -0.00182484 -8.06564e-05 0.000635223 0.0027317 0.00620875 -0.000639959 -0.000827735 -0.00308757 0.000276525 -0.000707613 -0.00515566 9.58558e-05 -0.000782242 0.00966651 -0.0187537
internal_weight=21360 2305 2144 1452 324 1128 161 692 415 277 19055 8357 3257 1641 10698 10515 3454 7061 5100 772 4328 1616 183 105
internal_count=21360 2305 2144 1452 324 1128 161 692 415 277 19055 8357 3257 1641 10698 10515 3454 7061 5100 772 4328 1616 183 105
cat_boundaries=0 1 2 3 4 5 6 7 8 9 10 11 12 13
cat_threshold=4 42 21 128 8 609 136 4 272 151 16 36 136
is_linear=0
shrinkage=0.05


Tree=248
num_leaves=29
num_cat=10
split_feature=5 1 16 2 12 7 12 7 7 19 6 14 1 2 19 2 8 7 14 14 7 7 6 7 8 17 2 7
split_gain=4.38639 5.85208 10.8706 9.09731 8.23368 14.0541 12.089 7.34079 8.13845 6.46723 5.89328 7.28747 5.73972 9.82341 8.74454 9.3041 6.63123 5.41032 5.1593 4.92232 4.45601 6.90998 3.63418 4.18783 3.24763 3.86868 2.59522 1.35324
threshold=11.500000000000002 0 1 2 1.5000000000000002 0.082478632478632491 2.5000000000000004 0.0047619047619047667 0.0083333333333333367 3 0.020220588235294119 0.19375000000000003 4 5 6 7 292.50000000000006 0.069106873518638243 0.36931818181818188 0.57738095238095244 0.29784798534798546 0.2334087481146305 0.076976944624003465 0.055555555555555566 294.35000000000008 8 9 0.0047619047619047528
decision_type=2 1 9 9 2 2 2 2 2 1 2 2 1 9 1 9 2 2 2 2 2 2 2 2 2 1 9 2
left_child=1 2 4 17 5 -1 -6 10 -9 -10 -3 -12 13 20 15 -15 -16 -4 -5 24 21 -2 27 -24 25 -14 -26 -21
right_child=12 7 3 18 6 -7 -8 8 9 -11 11 -13 19 14 16 -17 -18 -19 -20 22 -22 -23 23 -25 26 -27 -28 -29
leaf_value=-0.00021094916796190501 0.00026610992975891498 -0.012648575858888672 0.009470323013456565 -0.026410231478912857 0.020074787159370239 -0.028555454250614523 -0.0013016016511287233 -0.020730794046751478 0.0074597501181712274 -0.00199330250262498 0.00079237596740311085 0.010882861965578727 -0.0011878393655009067 0.013269529695127097 -0.0043400783306593227 -0.00052919258706663787 0.0034806571514048625 -0.011641475545980459 -0.011850828907005383 -0.0061058587695728868 0.014771043041792626 -0.013760857504342548 -0.0072677149463602365 0.011408377496095804 0.0019208554250911441 -0.0081671474603186734 -0.00047932940544221834 -0.013663917718443649
leaf_weight=169 6506 51 71 93 93 59 229 55 186 2408 437 303 879 411 323 180 1685 53 176 116 52 89 71 52 1470 251 4702 121
leaf_count=169 6506 51 71 93 93 59 229 55 186 2408 437 303 879 411 323 180 1685 53 176 116 52 89 71 52 1470 251 4702 121
internal_value=9.33331e-06 -0.00140023 -0.00486677 -0.0111328 -0.000270596 -0.00754571 0.00487232 -0.000434548 -0.00169796 -0.00129441 0.00379102 0.00492402 0.00037473 0.00121258 0.00381333 0.009128 0.00221163 0.000413394 -0.0162792 -0.000637087 0.000191481 7.6815e-05 -0.00634552 0.000627869 -0.000356525 -0.0028209 9.46639e-05 -0.00996461
internal_weight=21291 4383 943 393 550 228 322 3440 2649 2594 791 740 16908 9246 2599 591 2008 124 269 7662 6647 6595 360 123 7302 1130 6172 237
internal_count=21291 4383 943 393 550 228 322 3440 2649 2594 791 740 16908 9246 2599 591 2008 124 269 7662 6647 6595 360 123 7302 1130 6172 237
cat_boundaries=0 1 2 3 4 5 6 7 8 9 10
cat_threshold=545 1 272 4 569 387 10 12 6 10
is_linear=0
shrinkage=0.05


Tree=249
num_leaves=25
num_cat=9
split_feature=5 19 0 8 6 13 12 0 17 6 7 7 1 0 0 5 4 17 1 1 1 7 17 8
split_gain=4.2402 5.72289 5.64943 8.46803 4.45815 3.98603 6.10069 7.3326 6.55511 8.07217 5.77288 5.55039 4.66786 18.4219 22.9542 7.61751 5.85079 12.0038 4.31839 4.08737 2.91957 4.84475 3.54088 1.78916
threshold=17.500000000000004 0 1350.0000000000002 443.05000000000007 0.21136548636548638 7.5000000000000009 6.5000000000000009 1450.0000000000002 1 0.049955436720142604 0.01100921137685844 0.061935286935286944 2 1550.0000000000002 1350.0000000000002 14.500000000000002 3 4 5 6 7 0.054232654600301668 8 443.05000000000007
decision_type=2 1 2 2 2 2 2 2 1 2 2 2 1 2 2 2 1 1 1 1 1 2 1 2
left_child=5 4 -3 -4 20 12 7 11 9 -8 -9 -7 13 14 -1 -15 18 -18 -14 -10 21 -2 -22 -6
right_child=1 2 3 -5 23 6 8 10 19 -11 -12 -13 16 15 -16 -17 17 -19 -20 -21 22 -23 -24 -25
leaf_value=-0.0045362296798062401 -0.0010117802900286058 0.0027060956247150899 -0.025285532088614567 -0.0046927282586693769 -0.015391060665472231 -0.0037841541889832141 -0.0051580692243473813 -0.0024191114616437552 0.0012589589954842746 0.012723553279850317 -0.015505167728685454 0.0098128508264683969 0.0038800126780778447 -0.0012004283347828609 0.009123486922991272 -0.0068504668844464574 -0.0051036037152891265 0.00079463697658616733 0.0012034173601382164 -0.0074320526552598999 -0.0040158446913895508 0.017886505425752451 0.0022011001643928219 -0.0031603000971868085
leaf_weight=502 78 75 86 119 67 344 92 137 331 201 219 96 2089 1445 794 1016 1000 5901 5468 218 440 60 458 54
leaf_count=502 78 75 86 119 67 344 92 137 331 201 219 96 2089 1445 794 1016 1000 5901 5468 218 440 60 458 54
internal_value=0.000176956 -0.00244581 -0.00872425 -0.0133317 -0.000843703 0.000366797 -0.00199577 -0.00513413 0.000971127 0.00687423 -0.0104692 -0.000817535 0.000579253 -0.000989602 0.00383245 -0.00353299 0.000986932 -6.62047e-05 0.00194746 -0.00226333 0.000209707 0.00671805 -0.000855744 -0.0099327
internal_weight=21290 1437 280 205 1157 19853 1638 796 842 293 356 440 18215 3757 1296 2461 14458 6901 7557 549 1036 138 898 121
internal_count=21290 1437 280 205 1157 19853 1638 796 842 293 356 440 18215 3757 1296 2461 14458 6901 7557 549 1036 138 898 121
cat_boundaries=0 1 2 3 4 5 6 7 8 9
cat_threshold=49 4 18 9 1 40 818 160 2
is_linear=0
shrinkage=0.05


Tree=250
num_leaves=13
num_cat=3
split_feature=0 0 16 5 0 1 12 1 0 0 14 6
split_gain=3.49795 9.95411 4.36365 6.10327 3.72674 9.14827 8.01718 4.01166 20.2033 5.43382 2.11271 1.6028
threshold=2550.0000000000005 2450.0000000000005 0 13.500000000000002 2350.0000000000005 1 1.5000000000000002 2 1950.0000000000002 2150.0000000000005 0.36038961038961043 0.20248811645870476
decision_type=2 2 9 2 2 1 2 1 2 2 2 2
left_child=1 4 11 -4 7 10 -7 8 -1 -9 -6 -2
right_child=2 -3 3 -5 5 6 -8 9 -10 -11 -12 -13
leaf_value=-0.00020558184000942523 -0.009031473081924167 -0.01665167681169399 0.0027359785615570019 0.022933614148496418 -0.0027442132342945448 -0.0050966138685724204 0.011221628278274399 -0.00056807573492870082 0.014515587307341433 -0.0065419963347919498 -0.016801420035055623 0.002770271267967694
leaf_weight=1934 51 94 90 64 55 99 314 17734 265 389 52 66
leaf_count=1934 51 94 90 64 55 99 314 17734 265 389 52 66
internal_value=-0.000344446 -0.000417505 0.00529971 0.0104512 -0.000344287 0.00383542 0.00713718 -0.000451238 0.00156136 -0.000695919 -0.00875731 -0.00218714
internal_weight=21207 20936 271 154 20842 520 413 20322 2199 18123 107 117
internal_count=21207 20936 271 154 20842 520 413 20322 2199 18123 107 117
cat_boundaries=0 1 2 3
cat_threshold=1 136 128
is_linear=0
shrinkage=0.05


Tree=251
num_leaves=25
num_cat=7
split_feature=4 8 0 0 14 7 7 18 7 14 10 17 7 11 7 7 3 17 5 16 17 7 5 5
split_gain=4.15778 4.57642 4.62794 4.49529 4.03597 2.75758 6.71213 5.82812 6.00045 5.71873 4.39248 3.85889 3.17573 2.58657 9.42894 5.14142 2.95141 7.77103 3.72594 2.25994 5.56658 4.47254 2.68105 2.19928
threshold=0 328.75000000000006 2050.0000000000005 1850.0000000000002 0.20714285714285716 0.20774225774225777 0.24032217782217782 1 0.21903235653235656 0.31009615384615391 1.0000000180025095e-35 2 0.26369978061154536 2.5000000000000004 0.1329399766899767 0.0075757575757575907 3 4 7.5000000000000009 5 6 0.07612044817927173 14.500000000000002 13.500000000000002
decision_type=1 2 2 2 2 2 2 1 2 2 2 1 2 2 2 2 9 1 2 9 1 2 2 2
left_child=1 19 3 4 -3 13 7 8 -7 -9 11 -8 -12 16 15 -15 17 -2 -18 20 21 -1 -21 -22
right_child=5 2 -4 -5 -6 6 10 9 -10 -11 12 -13 -14 14 -16 -17 18 -19 -20 22 23 -23 -24 -25
leaf_value=0.0044446674284727089 0.0076221584010268814 0.0053003474182375795 0.014435129715450879 -0.012920466803188903 -0.0011414114820607125 -0.0043681549818183367 0.010356515968400662 -0.010365116968750955 -0.024169397393181441 0.0096723839473813328 -0.015719071754978765 -0.00040081753733974072 -0.0017070338667966195 0.0015841891607312514 -0.019158118949582179 -0.0040951796255957679 -0.0063853770892449511 0.0002814858688586725 8.3855738766848317e-05 0.0056713229845362636 0.0038211072860679161 0.016709839176495097 0.021506801732063582 -0.007427473314497288
leaf_weight=267 465 339 58 64 860 65 128 76 93 67 54 217 161 869 75 736 226 1513 14674 55 71 103 52 112
leaf_count=267 465 339 58 64 860 65 128 76 93 67 54 217 161 869 75 736 226 1513 14674 55 71 103 52 112
internal_value=0.000135917 0.00231194 0.000624929 -9.26839e-06 0.000679903 -8.72124e-05 -0.00285346 -0.00887503 -0.0150695 -0.000913066 0.000383127 0.00387888 -0.00522634 4.1081e-05 -0.00182991 -0.00102018 0.000227316 0.00203684 -1.42586e-05 0.00572354 0.0041692 0.00765221 0.0122246 -0.00290455
internal_weight=21400 1981 1321 1263 1199 19419 861 301 158 143 560 345 215 18558 1680 1605 16878 1978 14900 660 553 370 107 183
internal_count=21400 1981 1321 1263 1199 19419 861 301 158 143 560 345 215 18558 1680 1605 16878 1978 14900 660 553 370 107 183
cat_boundaries=0 1 2 3 4 5 6 7
cat_threshold=24 4 5 12 1 1 10
is_linear=0
shrinkage=0.05


Tree=252
num_leaves=28
num_cat=9
split_feature=19 1 7 7 7 12 8 7 1 7 6 2 3 6 16 7 12 7 18 6 12 13 7 7 18 6 16
split_gain=4.11722 6.72531 6.89661 6.32544 6.2527 11.5942 7.3796 5.90911 5.8306 8.50212 10.2459 7.51749 5.98267 6.68218 6.06753 6.9887 5.63062 5.10881 4.47168 6.94313 5.42988 4.41135 3.82271 3.64534 3.32873 6.42222 4.32782
threshold=0 1 0.35735930735930738 0.048102632661456181 0.24032217782217782 1.5000000000000002 381.20000000000005 0.04443530325883268 2 0.07612044817927173 0.11388888888888891 3 4 0.16823646125116715 5 0.022283272283272277 3.5000000000000004 0.099563671622495159 6 0.059274821039526922 5.5000000000000009 2.5000000000000004 0.033333333333333375 0.054232654600301668 7 0.033076563958916907 8
decision_type=1 1 2 2 2 2 2 2 1 2 2 9 9 2 9 2 2 2 1 2 2 2 2 2 1 2 9
left_child=8 3 18 7 6 -6 -5 22 9 24 11 -11 13 16 23 -16 -10 -15 20 -20 -3 -12 -2 -14 25 -1 -26
right_child=1 2 -4 4 5 -7 -8 -9 12 10 21 -13 14 17 15 -17 -18 -19 19 -21 -22 -23 -24 -25 26 -27 -28
leaf_value=-0.011393352561968972 0.00024376180769399589 0.00090879448455795917 -0.017324313960437262 -0.0037093709361831111 -0.0097711012192201203 0.020701856598716931 -0.014640725434138746 0.015850268173636051 -0.0052663077140421306 -0.0083790204560391154 0.0029272497425753079 0.0092036085277088977 -0.0011791803923838079 0.0040504012542375688 -0.012250507143016877 -0.0024421519765479025 0.0023648710302785524 0.016667026897986478 -0.02049621932711157 -0.0019953544278933596 -0.00242003976348558 0.016072028038615828 -0.0076817758784662668 0.0058947386584832246 0.0079486727872006106 0.00071621578483410013 0.0012815426692317636
leaf_weight=132 1612 8922 56 2045 57 69 167 57 397 123 82 102 834 548 256 625 618 94 63 260 1420 288 168 233 303 642 1155
leaf_count=132 1612 8922 56 2045 57 69 167 57 397 123 82 102 834 548 256 625 618 94 63 260 1420 288 168 233 303 642 1155
internal_value=-3.07147e-05 -0.000487168 0.000176274 -0.00218717 -0.00391753 0.00691647 -0.00453466 3.19596e-06 0.00102556 0.00272189 0.00804231 -0.00037158 -0.000308534 0.00189387 -0.00218204 -0.00523286 -0.000619935 0.0058977 0.000268331 -0.0054356 0.000451295 0.0131589 -0.000504266 0.000362152 0.00131578 -0.00133178 0.00271181
internal_weight=21328 14896 10721 4175 2338 126 2212 1837 6432 2827 595 225 3605 1657 1948 881 1015 642 10665 323 10342 370 1780 1067 2232 774 1458
internal_count=21328 14896 10721 4175 2338 126 2212 1837 6432 2827 595 225 3605 1657 1948 881 1015 642 10665 323 10342 370 1780 1067 2232 774 1458
cat_boundaries=0 1 2 3 4 5 6 7 8 9
cat_threshold=42 162 171 24 5 73 12 8 34
is_linear=0
shrinkage=0.05


Tree=253
num_leaves=29
num_cat=15
split_feature=6 1 15 14 5 16 1 5 6 7 7 1 2 19 15 14 2 6 2 1 17 4 5 4 12 17 14 5
split_gain=3.15081 7.17854 6.72007 10.352 6.4345 8.56618 14.7522 25.5045 6.38464 10.088 7.17137 6.28506 6.25262 10.554 5.74312 10.3269 8.55606 16.3997 8.24894 5.18692 6.04636 5.47814 4.67548 4.21621 3.95173 5.3263 3.67632 3.66851
threshold=0.24170951597422188 0 1 0.19375000000000003 15.500000000000002 2 3 8.5000000000000018 0.1272772366522367 0.14767316017316021 0.03413228927934811 4 5 6 7 0.59411764705882364 8 0.13502331002331006 9 10 11 12 9.5000000000000018 13 1.5000000000000002 14 0.069047619047619066 16.500000000000004
decision_type=2 1 9 2 2 9 1 2 2 2 2 1 9 1 9 2 9 2 9 1 1 1 2 1 2 1 2 2
left_child=1 2 8 -4 5 19 7 -7 9 -1 -10 24 13 -13 15 18 17 -16 -3 21 -21 -2 -8 -5 25 -6 -18 -14
right_child=4 14 3 23 11 6 22 -9 10 -11 -12 12 27 -15 16 -17 26 -19 -20 20 -22 -23 -24 -25 -26 -27 -28 -29
leaf_value=0.0015637492783104287 -0.0062688134027614213 0.011691448163754982 0.014528640344574609 0.0026193235797638244 0.001588820438773837 -0.040374145256420996 0.0097469901475004672 -0.0038396891308565663 0.00011679690455309628 -0.017114426290405587 0.0064774679991968362 -0.0063602632256753167 -0.0057671843968720004 0.011855300530751652 0.020786070781414985 -0.016627045863567561 0.0072024486216527607 -0.0034306705036553846 0.001654423437512561 0.0040453857411717952 -0.0028616443849536475 0.0050799450188279182 -0.0032874136979128433 -0.0090845896830997752 -0.019209398670553615 -0.012225824783992216 -0.00087382179665380509 0.0061294035692635472
leaf_weight=3128 111 280 68 100 120 71 117 146 622 74 1541 131 577 178 135 61 143 145 735 469 927 1067 167 325 82 163 9626 73
leaf_count=3128 111 280 68 100 120 71 117 146 622 74 1541 131 577 178 135 61 143 145 735 469 927 1067 167 325 82 163 9626 73
internal_value=0.000306305 0.000615211 0.00203001 -0.00351345 -0.000886273 0.000368518 -0.00554943 -0.0150976 0.002545 0.00113209 0.00464837 -0.00380054 -0.00159775 0.00417555 -0.000131475 0.00332303 -0.000504303 0.00796094 0.00455474 0.00153597 -0.000528891 0.00396681 0.00201156 -0.00648285 -0.00928984 -0.00674389 -0.000754828 -0.00436397
internal_weight=21382 16983 5858 493 4399 3075 501 217 5365 3202 2163 1324 959 309 11125 1076 10049 280 1015 2574 1396 1178 284 425 365 283 9769 650
internal_count=21382 16983 5858 493 4399 3075 501 217 5365 3202 2163 1324 959 309 11125 1076 10049 280 1015 2574 1396 1178 284 425 365 283 9769 650
cat_boundaries=0 1 2 3 4 5 6 7 8 9 10 11 12 13 14 15
cat_threshold=147 3 13 147 200 24 17 44 4 131 184 10 4 6 2
is_linear=0
shrinkage=0.05


Tree=254
num_leaves=17
num_cat=2
split_feature=5 8 5 0 3 6 13 14 14 1 5 8 14 14 6 8
split_gain=4.48078 3.58066 12.6858 12.2151 7.98064 14.1887 6.96573 6.14985 2.96978 9.1635 3.76641 3.47534 5.20941 3.25599 2.62224 1.32205
threshold=6.5000000000000009 513.75000000000011 9.5000000000000018 1750.0000000000002 0 0.14989531166001757 3.5000000000000004 0.5590277777777779 0.73030303030303034 1 10.500000000000002 263.2000000000001 0.20714285714285716 0.71008403361344552 0.042068531958237849 340.90000000000003
decision_type=2 2 2 2 9 2 2 2 2 1 2 2 2 2 2 2
left_child=15 8 3 -3 5 -4 -5 -6 11 10 -10 12 -2 -13 -11 -1
right_child=1 2 4 6 7 -7 -8 -9 9 14 -12 13 -14 -15 -16 -17
leaf_value=0.0042251157231699187 0.0052106362796955925 0.0062107283262802029 -0.0044943704237084608 -0.010860534278779393 -0.0021505063989219809 0.019336116903656123 -0.030106307272876928 0.011641879514517154 0.015084035428999751 -0.0070142421256750827 -0.0035055245673786639 0.00065712881062310422 -0.0044564714490136666 0.012044130638241769 -0.022244716948614671 0.014902357169557946
leaf_weight=53 174 70 117 126 1644 134 75 85 54 50 55 17772 700 63 65 64
leaf_count=53 174 70 117 126 1644 134 75 85 54 50 55 17772 700 63 65 64
internal_value=0.000307726 0.000253832 -0.00163142 -0.0117773 -0.000242765 0.00791264 -0.0180418 -0.00146399 0.000477975 -0.00524502 0.00522466 0.000546496 -0.0025319 0.000697352 -0.0143729 0.0100657
internal_weight=21301 21184 2251 271 1980 251 201 1729 18933 224 109 18709 874 17835 115 117
internal_count=21301 21184 2251 271 1980 251 201 1729 18933 224 109 18709 874 17835 115 117
cat_boundaries=0 1 2
cat_threshold=4 354
is_linear=0
shrinkage=0.05


Tree=255
num_leaves=25
num_cat=13
split_feature=16 14 2 7 7 18 1 14 1 0 1 0 17 0 0 0 1 17 1 4 2 2 0 14
split_gain=4.43781 13.9712 5.08525 8.09145 12.4905 5.78893 8.55405 5.03195 3.94804 3.44257 12.6424 19.8853 12.0791 9.58762 9.41676 8.36684 15.3305 11.8256 9.22475 8.04443 7.39459 5.55526 4.72581 3.80273
threshold=0 0.06458333333333334 1 0.071478174603174627 0.1167748917748918 2 3 0.56696428571428581 4 1750.0000000000002 5 2450.0000000000005 6 1950.0000000000002 2350.0000000000005 1450.0000000000002 7 8 9 10 11 12 1350.0000000000002 0.36038961038961043
decision_type=9 2 9 2 2 1 1 2 1 2 1 2 1 2 2 2 1 1 1 1 9 9 2 2
left_child=1 -1 3 8 -5 6 -4 -7 -3 15 12 20 13 -11 -14 18 17 -17 22 -18 -12 -20 -2 -13
right_child=9 2 5 4 -6 7 -8 -9 -10 10 11 23 14 -15 -16 16 19 -19 21 -21 -22 -23 -24 -25
leaf_value=-0.017434520921285852 -0.00048720255090620905 -0.0061955749742207853 0.0036331902476826913 0.011101728449882307 -0.0017952005144474597 0.0034225847367006681 -0.0081071485909111948 0.010368702703685019 -0.00052971631678875176 -0.0075570489920210098 -0.0051694726204224578 -0.028152073390389745 -0.0021641186248100167 -0.029368958415893411 0.01224794991249524 -0.00036383057745820147 -0.0060469817994492116 -0.0093216044682907662 -0.0032902277593356137 0.0027336132787898447 0.0030031524761227942 0.002830760878547809 -0.0046755908037553742 -0.0092596622705459607
leaf_weight=97 2111 412 378 353 401 1869 249 303 1159 224 288 57 1597 65 122 564 329 1100 421 1124 4273 2753 989 50
leaf_count=97 2111 412 378 353 401 1869 249 303 1159 224 288 57 1597 65 122 564 329 1100 421 1124 4273 2753 989 50
internal_value=9.66807e-05 0.00136161 0.00172009 -1.48763e-05 0.00424275 0.00315004 -0.00108332 0.00437146 -0.00205842 -0.000315011 0.000552837 0.00197827 -0.00275699 -0.012046 -0.00113467 -0.000932294 -0.00304967 -0.00630575 0.000119646 0.000717697 0.00248235 0.00201109 -0.00181757 -0.0193238
internal_weight=21288 5221 5124 2325 754 2799 627 2172 1571 16067 6676 4668 2008 289 1719 9391 3117 1664 6274 1453 4561 3174 3100 107
internal_count=21288 5221 5124 2325 754 2799 627 2172 1571 16067 6676 4668 2008 289 1719 9391 3117 1664 6274 1453 4561 3174 3100 107
cat_boundaries=0 1 2 3 4 5 6 7 8 9 10 11 12 13
cat_threshold=100 141 1 420 289 142 8 147 12 864 2 16 2
is_linear=0
shrinkage=0.05


Tree=256
num_leaves=28
num_cat=7
split_feature=8 5 6 14 7 3 19 6 7 0 5 17 2 11 11 13 1 14 6 6 0 6 14 5 1 1 7
split_gain=4.986 12.5982 10.7434 7.32056 10.1302 7.1223 6.08292 7.82486 7.35669 6.07417 6.58801 4.97673 13.4253 7.44713 7.19654 6.36841 8.04747 6.14922 5.85467 4.60092 6.06546 5.84853 6.93462 5.60435 5.26747 3.26286 1.45414
threshold=513.75000000000011 9.5000000000000018 0.29995791245791253 0.32291666666666669 0.038095238095238119 0 1 0.28892973856209159 0.064786010558069387 2350.0000000000005 12.500000000000002 2 3 1.0000000180025095e-35 1.5000000000000002 3.5000000000000004 4 0.57738095238095244 0.1555911680911681 0.11670274170274171 1250.0000000000002 0.13071911748382339 0.63068181818181823 8.5000000000000018 5 6 0.080374649859943997
decision_type=2 2 2 2 2 9 1 2 2 2 2 1 9 2 2 2 1 2 2 2 2 2 2 2 1 1 2
left_child=11 2 3 -2 -5 6 7 -3 -8 10 -7 12 13 18 -15 16 -14 -17 -1 20 25 24 -23 -22 -21 -13 -11
right_child=1 5 -4 4 -6 9 8 -9 -10 26 -12 19 15 14 -16 17 -18 -19 -20 21 23 22 -24 -25 -26 -27 -28
leaf_value=0.010600675866774083 -0.02053927707997643 0.0060311654944298345 -0.025245654478323522 0.018983925046289669 -0.0092033892586101396 0.0027482268506909668 0.010988545466177897 0.029824419317950601 -0.015612871181505365 0.0033330036210827531 -0.0045064856178127031 0.0046917789403578053 -0.0072172152373032889 -0.01605624115279412 -0.0036513950869378354 0.0057071049273917842 0.00098872758840914564 -0.0033038471208992185 -0.0042220588317688776 0.00024941116613127399 0.012859922078658 0.0014952315228118893 -0.012633180677552114 -0.0011943001256796285 0.0082057435154509282 0.00089582297174012392 0.013423223997317796
leaf_weight=79 53 103 97 51 85 428 51 52 53 74 1164 757 409 267 208 845 1038 244 425 325 72 6653 88 4789 610 2224 69
leaf_count=79 53 103 97 51 85 428 51 52 53 74 1164 757 409 267 208 845 1038 244 425 325 72 6653 88 4789 610 2224 69
internal_value=0.000304771 -0.00190481 -0.0117186 -0.00477614 0.00136685 -0.000497217 0.00708183 0.0131641 -0.00234269 -0.00165986 -0.0025561 0.000569461 -0.00112763 -0.0060702 -0.0106242 0.000796755 -0.00137376 0.00368812 -0.00189865 0.000953983 0.000102815 0.0018248 0.00131079 -0.000986132 0.0055306 0.00187852 0.00820171
internal_weight=21313 2280 286 189 136 1994 259 155 104 1735 1592 19033 3515 979 475 2536 1447 1089 504 15518 7842 7676 6741 4861 935 2981 143
internal_count=21313 2280 286 189 136 1994 259 155 104 1735 1592 19033 3515 979 475 2536 1447 1089 504 15518 7842 7676 6741 4861 935 2981 143
cat_boundaries=0 1 2 3 4 5 6 7
cat_threshold=4 56 1 256 194 586 385
is_linear=0
shrinkage=0.05


Tree=257
num_leaves=29
num_cat=7
split_feature=15 2 6 14 6 9 0 0 9 9 5 3 0 2 2 14 6 0 6 13 6 4 0 0 17 5 6 8
split_gain=4.45754 5.28261 8.67899 6.43943 6.97418 4.74857 4.65327 4.52873 24.0331 8.8665 10.7582 9.69035 7.10042 6.65328 4.09766 8.05767 7.08585 4.54334 4.5253 9.62963 5.14494 3.90319 7.58105 5.57608 3.68081 3.548 2.08266 1.24858
threshold=0 1 0.084663158192569962 0.19375000000000003 0.28892973856209159 1.0000000180025095e-35 2350.0000000000005 1450.0000000000002 1.0000000180025095e-35 1.0000000180025095e-35 7.5000000000000009 2 1350.0000000000002 3 4 0.18465909090909094 0.17130677057147645 2150.0000000000005 0.092110177404295071 7.5000000000000009 0.13502331002331006 5 1350.0000000000002 2050.0000000000005 6 12.500000000000002 0.16471224853577796 294.35000000000008
decision_type=9 9 2 2 2 2 2 2 2 2 2 9 2 9 9 2 2 2 2 2 2 1 2 2 1 2 2 2
left_child=5 2 -2 4 -4 6 21 8 13 10 -9 -11 -10 -3 15 16 -7 -17 19 -16 -20 22 -1 -23 27 -26 -5 -8
right_child=1 7 3 26 -6 14 24 9 12 11 -12 -13 -14 -15 18 17 -18 -19 20 -21 -22 23 -24 -25 25 -27 -28 -29
leaf_value=-0.0095235628394392449 0.024276394857980239 0.0052165391172808752 0.023435101091828465 -0.011456976778319349 -0.00016398816566232227 -0.021846167130335686 0.01963844159442299 -0.02043856094533112 -0.0014020546226894597 0.0030822306840636885 -0.0027912732740411205 -0.0020978995582155153 -0.0070765372591267807 0.00052645393791235495 -0.003309095875786928 0.0029771692555104353 -0.0029246342458705207 -0.01199308656120919 0.012295478610376238 0.016277547640186785 0.0039671581856767979 -0.00071559205997005965 0.012792042519345329 -0.0122852007373754 -0.0090981238453902973 0.0088614150238308046 0.00046824119382131939 0.008679433945822072
leaf_weight=53 52 1647 56 69 71 62 53 88 1358 1590 4641 2062 928 1410 360 1159 245 53 257 76 666 3901 135 107 55 55 78 51
leaf_count=53 52 1647 56 69 71 62 53 88 1358 1590 4641 2062 928 1410 360 1159 245 53 257 76 666 3901 135 107 55 55 78 51
internal_value=-0.000293389 -0.000813566 0.00538419 0.00199531 0.0102419 0.000709564 -0.000320498 -0.0009646 0.000172254 -0.00169051 -0.00311966 0.00016011 -0.00370561 0.00307209 0.00229041 0.000486532 -0.00674592 0.00232253 0.00427165 0.00010509 0.00628609 -0.000687289 0.00617261 -0.00102191 0.00687135 -0.000108492 -0.00512931 0.0130131
internal_weight=21338 14050 326 274 127 7288 4410 13724 5343 8381 4729 3652 2286 3057 2878 1519 307 1212 1359 436 923 4196 188 4008 214 110 147 104
internal_count=21338 14050 326 274 127 7288 4410 13724 5343 8381 4729 3652 2286 3057 2878 1519 307 1212 1359 436 923 4196 188 4008 214 110 147 104
cat_boundaries=0 1 2 3 4 5 6 7
cat_threshold=42 4 2 400 258 16 4
is_linear=0
shrinkage=0.05


Tree=258
num_leaves=26
num_cat=11
split_feature=3 1 7 7 16 14 14 14 1 19 15 4 5 7 2 14 1 19 5 7 5 4 14 14 12
split_gain=2.92289 10.1241 11.4536 10.2115 10.6211 9.19415 4.8723 7.32955 4.07063 7.83674 4.96365 5.07834 3.94964 5.14935 3.85877 16.1378 3.85544 3.72115 3.43114 3.19431 3.10319 2.55822 2.39553 1.98294 1.19678
threshold=0 1 0.11516522692993285 0.095038784744667107 2 0.35504201680672276 0.40588235294117653 0.25833333333333336 3 4 5 6 7.5000000000000009 0.13896316102198458 7 0.5590277777777779 8 9 12.500000000000002 0.030790777849601384 12.500000000000002 10 0.39444444444444454 0.42261904761904767 1.5000000000000002
decision_type=9 1 2 2 9 2 2 2 1 1 9 1 2 2 9 2 1 1 2 2 2 1 2 2 2
left_child=1 5 3 4 -3 24 7 -4 12 10 20 -12 13 22 15 -14 21 -16 -5 -18 -10 -11 -2 -7 -1
right_child=8 2 6 18 -6 23 -8 -9 9 16 11 -13 14 -15 17 -17 19 -19 -20 -21 -22 -23 -24 -25 -26
leaf_value=-0.0042545348046380176 -0.0058399355970323091 0.0051455062124196177 -0.00064400443364359932 0.010580842185765505 -0.010223311967697116 -0.024590125300136267 0.0060044203813488959 -0.015825274423696103 -0.0005542857472651771 -1.9806793176403118e-05 0.01008328357491437 -4.0168933742234532e-05 -0.0029305551320714766 0.0045728403077061686 0.0038840670318790829 0.020621593430481078 -0.0063879131259885081 0.00077777647713174892 0.028678287072107195 -0.0024516449129678092 0.013778007157540335 -0.0042225902746596362 -0.020599601860158148 -0.011973880000878127 0.0050454536556075753
leaf_weight=57 54 1359 184 50 114 51 89 140 56 1831 117 5048 1312 63 1129 77 778 6409 55 1527 116 442 56 80 88
leaf_count=57 54 1359 184 50 114 51 89 140 56 1831 117 5048 1312 63 1129 77 778 6409 55 1527 116 442 56 80 88
internal_value=9.57337e-05 0.00178862 0.00304009 0.00499547 0.00392159 -0.00702977 -0.00435749 -0.00720381 -0.00010698 -0.000807448 0.000494597 0.000208194 0.000656271 -0.0068257 0.000802002 -0.00161331 -0.00232313 0.00124755 0.0200605 -0.00376391 0.00861104 -0.000851982 -0.0133539 -0.0168855 0.0013896
internal_weight=21282 2267 1991 1578 1473 276 413 324 19015 9915 5337 5165 9100 173 8927 1389 4578 7538 105 2305 172 2273 110 131 145
internal_count=21282 2267 1991 1578 1473 276 413 324 19015 9915 5337 5165 9100 173 8927 1389 4578 7538 105 2305 172 2273 110 131 145
cat_boundaries=0 1 2 3 4 5 6 7 8 9 10 11
cat_threshold=12 5 33 401 11 4 16 2 38 36 19
is_linear=0
shrinkage=0.05


Tree=259
num_leaves=20
num_cat=4
split_feature=6 18 6 7 7 1 6 14 7 1 5 0 0 19 6 14 14 14 6
split_gain=6.05037 5.5113 10.3614 7.03031 6.03118 13.3008 8.42202 5.5083 9.56515 5.08226 5.59066 5.4691 4.56498 6.59415 4.42696 2.69061 4.86925 3.11379 1.17163
threshold=0.092110177404295071 0 0.20755772005772008 0.064102564102564152 0.040708311296546597 1 0.10873228079110432 0.69615384615384623 0.080374649859943997 2 8.5000000000000018 2050.0000000000005 2050.0000000000005 3 0.067465704230410123 0.080128205128205135 0.13809523809523813 0.18465909090909094 0.057802287581699356
decision_type=2 1 2 2 2 1 2 2 2 1 2 2 2 1 2 2 2 2 2
left_child=12 2 4 -4 6 -6 -2 9 -9 11 -11 -3 15 18 -15 -1 -17 -18 -14
right_child=1 7 3 -5 5 -7 -8 8 -10 10 -12 -13 13 14 -16 16 17 -19 -20
leaf_value=-0.011873335310003974 0.021668961443125259 0.0023394962983897135 -0.028411880299090184 -0.0063753643680070889 0.010196896303898178 -0.010851501440144301 -0.00084302185301775821 0.0045188312765722183 -0.026256766580045221 0.0070248680767374784 -0.00040374287040609416 -0.0023585955232139459 -0.005135216819191421 -0.027841137678108432 -0.0072845386490225789 0.012350078137325389 -0.0097989911395941209 -0.00077730087522289587 0.0046370311522148022
leaf_weight=55 63 6565 61 89 101 230 122 51 50 265 5723 684 54 55 50 70 97 6837 71
leaf_count=55 63 6565 61 89 101 230 122 51 50 265 5723 684 54 55 50 70 97 6837 71
internal_value=8.48338e-05 0.000692899 -0.00371411 -0.0153369 -0.000407382 -0.00444866 0.00682322 0.000915051 -0.0107166 0.00100449 -7.48634e-05 0.00189358 -0.00108341 -0.00801549 -0.0164825 -0.000857549 -0.000771046 -0.000903506 0.000384648
internal_weight=21293 14004 666 150 516 331 185 13338 101 13237 5988 7249 7289 230 105 7059 7004 6934 125
internal_count=21293 14004 666 150 516 331 185 13338 101 13237 5988 7249 7289 230 105 7059 7004 6934 125
cat_boundaries=0 1 2 3 4
cat_threshold=1 653 339 34
is_linear=0
shrinkage=0.05


Tree=260
num_leaves=30
num_cat=13
split_feature=15 1 12 14 4 6 6 1 1 17 2 6 2 17 5 9 6 6 6 1 14 17 11 17 3 8 6 6 6
split_gain=5.09019 7.90274 6.31652 12.7118 10.5701 8.23926 5.08304 4.7715 4.75662 4.15721 5.43851 4.24926 3.75761 4.45021 11.5954 13.7837 8.04199 7.35894 6.05528 4.27194 4.94092 7.7087 4.82058 3.94311 7.1521 4.9897 2.88639 5.20773 2.66041
threshold=0 1 3.5000000000000004 0.43303571428571436 2 0.10570940497411087 0.10210475798711095 3 4 5 6 0.15692340067340069 7 8 8.5000000000000018 1.0000000180025095e-35 0.12292522292522294 1.0000000180025095e-35 0.097873422873422877 9 0.42261904761904767 10 2.5000000000000004 11 12 301.85000000000008 0.3387459762459763 0.17781385281385284 0.13502331002331006
decision_type=9 1 2 2 1 2 2 1 1 1 9 2 9 1 2 2 2 2 2 1 2 1 2 1 9 2 2 2 2
left_child=1 9 3 8 5 -4 -5 -6 -3 26 11 -11 13 17 15 -15 -16 -2 -19 20 21 -14 -22 25 -25 -21 27 -1 -12
right_child=12 2 4 6 7 -7 -8 -9 -10 10 28 -13 19 14 16 -17 -18 18 -20 23 22 -23 -24 24 -26 -27 -28 -29 -30
leaf_value=-0.0014664019501219403 -0.018517430121395388 -0.0010991697944248095 0.0049101714372449144 -0.0043298190292578352 0.0065899951562050337 0.017018670749688602 -0.021090127065191779 0.00049990409520336127 0.00300311034300604 -0.0084184907474555079 -0.0063865426483687721 -0.025249532225231332 -0.0014530267863127808 -0.035473585311636524 -0.0048733980240090596 -0.0031989800804234172 -2.0966854205789902e-05 0.0035687061084575993 -0.00131973395774932 0.0084292005641658629 0.0041827192238072615 -0.011277213846667076 -0.0064822476119506395 0.00621501912801143 -0.00054189187866648242 0.0013893899969048302 -0.0083487107183196057 0.01089383279840048 0.0042755731611978263
leaf_weight=404 53 1317 361 92 402 230 89 1494 1508 100 141 60 660 58 1510 77 1965 943 1930 321 409 283 143 415 4978 1166 95 108 100
leaf_count=404 53 1317 361 92 402 230 89 1494 1508 100 141 60 660 58 1510 77 1965 943 1930 321 409 283 143 415 4978 1166 95 108 100
internal_value=-0.000100739 0.00106585 0.00181329 0.000274371 0.00368066 0.00946234 -0.0125711 0.00181896 0.00109739 -0.00298506 -0.00688508 -0.0138637 -0.000609664 -0.00150734 -0.00268061 -0.0170651 -0.00212951 -5.55928e-05 0.000284791 9.18602e-05 -0.00232158 -0.00453632 0.00141987 0.000618901 -1.13962e-05 0.00288965 -0.000338768 0.00114084 -0.00188424
internal_weight=21412 6501 5493 3006 2487 591 181 1896 2825 1008 401 160 14911 6536 3610 135 3475 2926 2873 8375 1495 943 552 6880 5393 1487 607 512 241
internal_count=21412 6501 5493 3006 2487 591 181 1896 2825 1008 401 160 14911 6536 3610 135 3475 2926 2873 8375 1495 943 552 6880 5393 1487 607 512 241
cat_boundaries=0 1 2 3 4 5 6 7 8 9 10 11 12 13
cat_threshold=34 10 28 32 416 5 132 146 5 5 6 8 12
is_linear=0
shrinkage=0.05


Tree=261
num_leaves=31
num_cat=17
split_feature=0 4 1 1 19 0 2 2 19 13 1 14 0 5 0 1 18 16 17 2 0 2 1 1 19 6 5 6 6 14
split_gain=3.50237 13.1375 12.8238 9.37911 10.9451 8.14537 18.9508 12.0364 9.70581 10.8787 9.61449 8.02253 7.21501 7.13098 6.87829 14.0985 8.09633 6.63155 6.56648 6.22284 10.3847 17.3844 10.2991 6.6045 6.37706 5.53379 4.41053 5.42602 4.27807 3.41494
threshold=1850.0000000000002 0 1 2 3 1750.0000000000002 4 5 6 5.5000000000000009 7 0.37980769230769235 2350.0000000000005 16.500000000000004 2150.0000000000005 8 9 10 11 12 1450.0000000000002 13 14 15 16 0.092595585242644093 13.500000000000002 0.19328367710720654 0.10132668257668258 0.39444444444444454
decision_type=2 1 1 1 1 2 9 9 1 2 1 2 2 2 2 1 1 9 1 9 2 9 1 1 1 2 2 2 2 2
left_child=5 2 17 26 12 19 8 13 9 -7 -10 -6 -5 -8 15 -4 -16 29 -9 23 22 -22 -21 28 -25 -19 -3 -28 -1 -2
right_child=1 3 14 4 11 6 7 18 10 -11 -12 -13 -14 -15 16 -17 -18 25 -20 20 21 -23 -24 24 -26 -27 27 -29 -30 -31
leaf_value=0.0029675421892267884 0.0071985136718770567 0.0094649758969628534 0.008218883610720552 -0.014507502240955768 -0.0098594262825270895 -0.01970630512646054 -0.0042482534753083478 -0.0031256383255457649 0.017830713138810347 0.011145072971593659 0.0060634085181805152 0.012791752408716887 -0.03479977457059754 -0.020619248319417239 -0.0080718430784393353 -0.000749723141843833 0.0010926040665154861 -0.025875474298456019 0.0024606758661048981 0.0039917820498433874 -0.015182498236375047 -0.0021036331590643794 -0.00073717804371530851 0.010161791013822126 0.00096202729646680191 -0.0087072102748487826 0.0035317404752539605 -0.014181437544361986 -0.0053193915122215756 -0.006003925331868231
leaf_weight=314 96 86 775 232 103 62 421 628 282 53 526 63 54 79 342 995 762 56 3035 1395 272 2696 6368 396 370 290 97 78 309 100
leaf_count=314 96 86 775 232 103 62 421 628 282 53 526 63 54 79 342 995 762 56 3035 1395 272 2696 6368 396 370 290 97 78 309 100
internal_value=-4.5382e-05 -0.00135313 -5.33857e-05 -0.00747463 -0.0118064 0.000268443 0.00194782 0.000498722 0.00838741 -0.00504882 0.0103381 -0.00119114 -0.0177194 -0.00670085 0.00128313 0.00321941 -0.0018096 -0.00703524 0.00149703 -0.000436286 -0.000844164 -0.00336048 0.000116802 0.00270148 0.0057877 -0.0111633 0.000186032 -0.00436328 -0.00112462 0.00044012
internal_weight=21335 4129 3416 713 452 17206 5086 4163 923 115 808 166 286 500 2874 1770 1104 542 3663 12120 10731 2968 7763 1389 766 346 261 175 623 196
internal_count=21335 4129 3416 713 452 17206 5086 4163 923 115 808 166 286 500 2874 1770 1104 542 3663 12120 10731 2968 7763 1389 766 346 261 175 623 196
cat_boundaries=0 1 2 3 4 5 6 7 8 9 10 11 12 13 14 15 16 17
cat_threshold=17 7 29 17 8 16 36 33 208 4 32 1 20 8 17 32 21
is_linear=0
shrinkage=0.05


Tree=262
num_leaves=24
num_cat=5
split_feature=0 17 14 7 6 6 7 0 8 3 6 19 14 7 5 7 6 5 6 1 3 0 7
split_gain=6.3276 9.66775 26.1744 11.7348 9.68677 8.28987 7.91869 6.21373 16.9631 20.1352 14.3992 6.66838 7.21194 5.45598 5.07438 9.83722 3.76 3.47703 3.08074 2.42295 5.79283 5.78247 1.06598
threshold=2350.0000000000005 0 0.19375000000000003 0.14104853479853482 0.26191863691863698 0.20121336996336997 0.079334554334554344 2050.0000000000005 411.60000000000008 1 0.16191678691678693 2 0.44949494949494956 0.12387955182072831 15.500000000000002 0.031795634920634926 0.32763630704807184 6.5000000000000009 0.16373811373811378 3 4 1550.0000000000002 0.058379120879120887
decision_type=2 1 2 2 2 2 2 2 2 9 2 1 2 2 2 2 2 2 2 1 9 2 2
left_child=7 4 -3 5 14 -4 -6 17 11 13 -11 12 -9 -10 15 -2 -8 -1 -13 20 -19 -21 -16
right_child=1 2 3 -5 6 -7 16 8 9 10 -12 18 -14 -15 22 -17 -18 19 -20 21 -22 -23 -24
leaf_value=0.0095503075781131277 0.021544298915951342 -0.036473644500598312 0.0022698014148420866 -0.016666150814853609 0.0045881509505975322 0.025307282380629004 0.033829268386009435 0.019168773316778243 0.0010931394046556262 -0.0094944570552219047 -0.0431765748768424 0.0044718768131934991 -0.0020620057144417211 -0.014808626251760871 -0.01062426588318327 0.0012118591287227382 0.016316858048622426 0.0039164935936650096 -0.010472457728058335 -0.0021405474292520679 7.7408653603141934e-05 0.0004271240587652994 -0.00086686325259506709
leaf_weight=95 81 50 124 56 83 57 58 104 199 55 75 59 65 74 57 224 65 1086 83 3754 9515 5272 55
leaf_count=95 81 50 124 56 83 57 58 104 199 55 75 59 65 74 57 224 65 1086 83 3754 9515 5272 55
internal_value=2.3538e-05 0.00410305 -0.00347817 0.00333614 0.00753048 0.0095247 0.0165219 -0.00015812 -0.00474033 -0.0115105 -0.0268603 0.00403263 0.0103884 -0.00310355 0.00326927 0.00661162 0.0245747 7.77085e-06 -0.00398272 -3.84176e-05 0.000474017 -0.000640086 -0.00583268
internal_weight=21346 910 287 237 623 181 206 20436 714 403 130 311 169 273 417 305 123 19722 142 19627 10601 9026 112
internal_count=21346 910 287 237 623 181 206 20436 714 403 130 311 169 273 417 305 123 19722 142 19627 10601 9026 112
cat_boundaries=0 1 2 3 4 5
cat_threshold=6 5 7 914 12
is_linear=0
shrinkage=0.05


Tree=263
num_leaves=17
num_cat=2
split_feature=7 8 5 8 17 12 14 14 0 2 5 12 7 12 7 5
split_gain=5.37338 11.7081 4.79659 3.25273 9.0069 9.70924 6.71815 8.5374 6.20886 2.81892 6.71029 7.74427 5.55606 4.46732 4.43855 2.5206
threshold=0.3285014005602242 319.20000000000005 11.500000000000002 513.75000000000011 0 1.0000000180025095e-35 0.31009615384615391 0.21825396825396828 2350.0000000000005 1 9.5000000000000018 1.5000000000000002 0.29289215686274517 3.5000000000000004 0.2502976190476191 14.500000000000002
decision_type=2 2 2 2 1 2 2 2 2 9 2 2 2 2 2 2
left_child=3 -2 -3 9 6 -6 7 -5 -7 12 11 -11 13 -1 -12 -8
right_child=1 2 -4 4 5 8 15 -9 -10 10 14 -13 -14 -15 -16 -17
leaf_value=-0.0016559035166871688 -0.010597861943028447 0.027228418171721242 0.0065272698636559372 0.0029940850123882936 -0.020881591512488182 -0.0043243562393537206 0.0073034548029526428 -0.015392235536924809 0.0052416769596243988 -0.0012684518464492046 1.5360397244424135e-05 0.008326246077814712 -0.017298786415718494 0.00060403387928405347 0.0095778116360079601 0.020202520083902137
leaf_weight=4610 53 62 51 373 81 1350 117 76 194 339 9050 554 50 4160 123 56
leaf_count=4610 53 62 51 373 81 1350 117 76 194 339 9050 554 50 4160 123 56
internal_value=-0.000169316 0.00879136 0.0178854 -0.000239702 -0.00203808 -0.00398312 0.00305827 -0.000118076 -0.00312241 -2.57363e-05 0.000545833 0.00468391 -0.000677902 -0.000583915 0.000143583 0.0114789
internal_weight=21299 166 113 21133 2247 1625 622 449 1544 18886 10066 893 8820 8770 9173 173
internal_count=21299 166 113 21133 2247 1625 622 449 1544 18886 10066 893 8820 8770 9173 173
cat_boundaries=0 1 2
cat_threshold=1 272
is_linear=0
shrinkage=0.05


Tree=264
num_leaves=23
num_cat=10
split_feature=0 0 2 3 15 0 2 5 17 0 2 18 0 8 0 1 5 14 15 1 14 8
split_gain=2.64645 3.05126 7.5127 13.1671 10.0224 8.01116 6.18536 10.9429 8.15272 5.64369 11.5637 8.23573 5.51494 5.49804 5.3513 5.1001 1.22684 0.600835 0.585426 1.83472 0.348644 0.273799
threshold=1075.0000000000002 1750.0000000000002 0 1 2 2150.0000000000005 3 14.500000000000002 4 1850.0000000000002 5 6 1350.0000000000002 328.75000000000006 1350.0000000000002 7 11.500000000000002 0.53589743589743599 8 9 0.64495798319327746 278.7000000000001
decision_type=2 2 9 9 9 2 9 2 1 2 9 1 2 2 2 1 2 2 9 1 2 2
left_child=16 6 3 5 -5 -3 7 8 -2 10 -4 -11 13 -8 -9 -14 -1 18 19 -18 -19 -20
right_child=1 2 9 4 -6 -7 12 14 -10 11 -12 -13 15 -15 -16 -17 17 20 21 -21 -22 -23
leaf_value=0.0099352551665266645 0.0092289135892807649 -0.0031467806971575453 0.0075792961601477034 -0.0024864202387586327 -0.02121680770686131 0.0069598704806971131 -0.0010719367630075633 -0.0037115123248300875 0.00047850089383392054 0.012028007463360316 0.0012858516360143154 -0.00051468607816221486 0.00036077596789806625 0.0031854537630035501 0.001048882999496083 -0.0035646011916230591 0.0065007618993420061 -0.0018032146345712649 0.0091396143776364628 -0.0023988846496213229 0.0033839084240607914 0.0048015665598954496
leaf_weight=68 618 577 921 157 141 297 2422 845 476 126 3445 3464 1164 1104 1959 2884 101 92 62 115 50 88
leaf_count=68 618 577 921 157 141 297 2422 845 476 126 3445 3464 1164 1104 1959 2884 101 92 62 115 50 88
internal_value=0.000285413 0.000191947 0.00087414 -0.00284905 -0.0117499 0.000284377 -0.000350859 0.00126582 0.00551034 0.0014244 0.00263375 -4.23984e-05 -0.001183 0.000261064 -0.000385687 -0.00244378 0.00362815 0.00278389 0.00385497 0.00186604 2.32371e-05 0.00618246
internal_weight=21176 20600 9128 1172 298 874 11472 3898 1094 7956 4366 3590 7574 3526 2804 4048 576 508 366 216 142 150
internal_count=21176 20600 9128 1172 298 874 11472 3898 1094 7956 4366 3590 7574 3526 2804 4048 576 508 366 216 142 150
cat_boundaries=0 1 2 3 4 5 6 7 8 9 10
cat_threshold=20 2 5 148 5 8 2 580 1 514
is_linear=0
shrinkage=0.05


Tree=265
num_leaves=14
num_cat=2
split_feature=0 0 19 13 0 1 7 0 8 7 7 7 6
split_gain=3.46461 7.72657 5.01347 4.51905 3.426 11.2112 6.08388 5.80616 11.4094 3.4276 3.0954 2.17221 0.971365
threshold=2550.0000000000005 2450.0000000000005 0 3.5000000000000004 2350.0000000000005 1 0.1704545454545455 2050.0000000000005 411.60000000000008 0.096342627960275026 0.07085084033613448 0.064786010558069387 0.1858780108780109
decision_type=2 2 1 2 2 1 2 2 2 2 2 2 2
left_child=1 4 12 -4 7 11 -7 9 -9 -1 -5 -6 -2
right_child=2 -3 3 10 5 6 -8 8 -10 -11 -12 -13 -14
leaf_value=-8.208918179376058e-05 0.0016566734322203465 -0.014232911213591534 0.023124593177979644 0.014235255812361305 -0.0018564610693709187 0.011601562241750775 -0.0028982224631460109 0.0027326906983782154 -0.010079955303180212 0.0015158107254196855 -0.0020450385898107388 -0.015316242111873799 -0.0079178139713972258
leaf_weight=15339 52 93 55 56 53 314 94 314 389 4296 61 69 54
leaf_count=15339 52 93 55 56 53 314 94 314 389 4296 61 69 54
internal_value=0.000220546 0.000147002 0.0057657 0.0106829 0.000211087 0.00417971 0.0080633 0.000107666 -0.00435709 0.00026752 0.00574724 -0.00875161 -0.00294323
internal_weight=21239 20961 278 172 20868 530 408 20338 703 19635 117 122 106
internal_count=21239 20961 278 172 20868 530 408 20338 703 19635 117 122 106
cat_boundaries=0 1 2
cat_threshold=18 136
is_linear=0
shrinkage=0.05


Tree=266
num_leaves=24
num_cat=5
split_feature=1 14 14 5 0 5 14 5 11 16 12 7 7 0 5 8 14 17 3 4 7 7 0
split_gain=3.96608 6.73549 5.07355 9.35603 6.71718 13.8327 4.49255 4.47218 4.45444 4.14938 6.93682 10.7205 6.87191 5.92523 7.00063 10.1779 6.37507 5.27933 7.36926 5.01702 4.50728 6.94946 0.474507
threshold=0 0.70294117647058829 0.5590277777777779 8.5000000000000018 2250.0000000000005 12.500000000000002 0.57738095238095244 14.500000000000002 2.5000000000000004 1 1.5000000000000002 0.2308608058608059 0.066695804195804231 1950.0000000000002 13.500000000000002 353.30000000000001 0.10555555555555557 2 3 4 0.025641025641025623 0.07085084033613448 1750.0000000000002
decision_type=1 2 2 2 2 2 2 2 2 9 2 2 2 2 2 2 2 1 9 1 2 2 2
left_child=9 2 4 -4 7 -6 -5 -2 22 13 20 12 -12 17 16 -16 -15 19 -19 -1 -11 -22 -3
right_child=1 8 3 6 5 -7 -8 -9 -10 10 11 -13 -14 14 15 -17 -18 18 -20 -21 21 -23 -24
leaf_value=-0.0018841929733813337 0.00171235890463969 -0.012792003125536675 0.019614560793813195 0.00866859898104279 -0.013432886577282144 0.0023888252674733189 1.6997017497433126e-05 -0.00027378432690454587 -0.00022031694874409346 -0.0029329480484805324 -0.0015454928732169749 -0.022935664761811497 0.0049940809661852756 0.002259238062172451 -0.009289177070507082 0.0071040864707207054 -0.012733253376966675 -0.0013796106243324868 0.0037734345669527564 -0.0089343076286075469 0.029106524828821423 0.0065928756750675797 -0.019646599728614093
leaf_weight=958 4684 51 89 209 263 291 532 7177 77 55 1268 50 588 88 179 201 365 2775 914 342 50 109 50
leaf_count=958 4684 51 89 209 263 291 532 7177 77 55 1268 50 588 88 179 201 365 2775 914 342 50 109 50
internal_value=-0.000141937 0.000382106 0.000512232 0.00429696 0.000259206 -0.0051222 0.00245719 0.000510559 -0.00927914 -0.00102683 0.000865112 -8.91651e-05 0.000526312 -0.00171605 -0.00562265 -0.000618003 -0.0098208 -0.00106722 -9.61238e-05 -0.00379296 0.00940485 0.0136726 -0.0161854
internal_weight=21365 13423 13245 830 12415 554 741 11861 178 7942 2120 1906 1856 5822 833 380 453 4989 3689 1300 214 159 101
internal_count=21365 13423 13245 830 12415 554 741 11861 178 7942 2120 1906 1856 5822 833 380 453 4989 3689 1300 214 159 101
cat_boundaries=0 1 2 3 4 5
cat_threshold=778 3 1 5 13
is_linear=0
shrinkage=0.05


Tree=267
num_leaves=21
num_cat=5
split_feature=14 12 6 19 7 13 17 7 6 1 5 5 6 5 14 19 6 11 16 5
split_gain=5.62671 4.7048 6.84251 5.16004 6.51641 7.90961 4.63361 7.04771 8.91832 7.60259 8.4431 5.31274 4.14456 4.55517 3.9515 11.4502 3.39661 2.90968 3.04073 0.00575906
threshold=0.24264705882352944 3.5000000000000004 0.3387459762459763 0 0.11111111111111109 3.5000000000000004 1 0.15915854978354979 0.26988795518207287 2 16.500000000000004 8.5000000000000018 0.38039321789321795 13.500000000000002 0.06458333333333334 3 0.3565781440781442 4.5000000000000009 4 11.500000000000002
decision_type=2 2 2 1 2 2 1 2 2 1 2 2 2 2 2 1 2 2 9 2
left_child=6 3 17 4 5 -2 7 9 -9 19 -11 -8 13 -5 15 -13 -16 18 -3 -1
right_child=1 2 -4 12 -6 -7 11 8 -10 10 -12 14 -14 -15 16 -17 -18 -19 -20 -21
leaf_value=-0.011962240484232705 0.022619798830287023 -0.0043697012647626208 -0.015105447674309231 -0.0042180487682250958 -0.0091407451552112367 0.0025415657093036548 -0.010831884219008218 -0.001517195920718627 -0.029005006052553656 0.0016834342583990402 -0.0087893638498183994 -0.011920132155501051 0.009158967469340645 -0.0010654427698192717 0.002276096318010045 0.0020089751869090833 0.0093504451930027828 -0.010224163272536137 0.00012283892189168482 -0.012621424634110284
leaf_weight=60 66 383 77 2492 74 191 83 72 50 1642 218 182 74 2121 3627 630 178 71 9044 74
leaf_count=60 66 383 77 2492 74 191 83 72 50 1642 218 182 74 2121 3627 630 178 71 9044 74
internal_value=-0.000356435 -0.000910411 -0.000260485 -0.00215056 0.00381798 0.00769784 0.000829625 -0.00111152 -0.0127827 -0.00040301 0.000453539 0.0017023 -0.00257471 -0.00276852 0.00193131 -0.00123512 0.00260704 -0.000140137 -6.41889e-05 -0.0114703
internal_weight=21409 14593 9575 5018 331 257 6816 2116 122 1994 1860 4700 4687 4613 4617 812 3805 9498 9427 134
internal_count=21409 14593 9575 5018 331 257 6816 2116 122 1994 1860 4700 4687 4613 4617 812 3805 9498 9427 134
cat_boundaries=0 1 2 3 4 5
cat_threshold=4 1 64 3 72
is_linear=0
shrinkage=0.05


Tree=268
num_leaves=29
num_cat=14
split_feature=3 3 3 7 0 1 0 19 17 6 1 1 0 19 1 19 5 7 6 6 7 19 6 6 7 15 1 7
split_gain=4.24886 14.8791 37.9603 7.01706 6.96153 9.26004 12.0535 8.07292 5.62932 10.8427 6.55453 5.57936 6.82972 4.31103 3.11026 5.10291 6.56553 10.034 6.66827 6.13245 6.31836 3.7723 11.6737 10.2269 3.51304 3.30034 6.74255 3.14564
threshold=0 1 2 0.049689893439893461 1850.0000000000002 3 2350.0000000000005 4 5 0.1555911680911681 6 7 1950.0000000000002 8 9 10 17.500000000000004 0.020220057720057725 0.18244301994302001 0.12189303071656014 0.049689893439893461 11 0.29616910866910873 0.22021630330453865 0.061935286935286944 12 13 0.14104853479853482
decision_type=9 9 9 2 2 1 2 1 1 2 1 1 2 1 1 1 2 2 2 2 2 1 2 2 2 9 1 2
left_child=14 4 11 -4 8 7 -7 -6 10 -10 -2 12 -3 -13 15 19 17 -17 -18 24 -21 22 23 -16 -1 27 -27 -23
right_child=1 2 3 -5 5 6 -8 -9 9 -11 -12 13 -14 -15 21 16 18 -19 -20 20 -22 25 -24 -25 -26 26 -28 -29
leaf_value=0.0003109780359371621 -0.0052922531077748709 -0.00094811343403836319 -0.018421299425122072 -0.038631833804129712 -0.00035489977542412188 -0.0029296236302500138 0.021665634918544029 -0.014245092506234562 -0.00039852000130243442 0.0035569140761289074 0.001540344966054122 -0.0022802842455765223 -0.016359497355814611 0.0090323723577382751 -0.0028392602347577477 0.010744324308756929 0.0019300986227851051 0.0016844599455200498 -0.01883984253529394 -0.013090911205707982 -0.00042278741883788391 0.00093695934786457158 -0.019241430150206261 0.011722482464471277 0.010755446482562547 -0.0045584278926665816 0.009612782136622422 -0.0024211506397745566
leaf_weight=217 886 215 83 89 174 238 63 284 6012 2434 575 169 108 155 869 531 120 720 57 149 290 5345 94 140 128 117 263 802
leaf_count=217 886 215 83 89 174 238 63 284 6012 2434 575 169 108 155 869 531 120 720 57 149 290 5345 94 140 128 117 263 802
internal_value=4.23453e-05 -0.000610744 -0.00706357 -0.0272923 -0.000109105 -0.00472421 0.0021469 -0.00908837 0.00024436 0.000740495 -0.00261098 -0.00135236 -0.00591793 0.00324003 0.000804263 0.00245131 0.00422517 0.00553001 -0.00475853 -0.00079216 -0.00472245 0.000324187 -0.00236735 -0.0008188 0.00418603 0.000781957 0.00524454 0.000498016
internal_weight=21327 11485 819 172 10666 759 301 458 9907 8446 1461 647 323 324 9842 2212 1428 1251 177 784 439 7630 1103 1009 345 6527 380 6147
internal_count=21327 11485 819 172 10666 759 301 458 9907 8446 1461 647 323 324 9842 2212 1428 1251 177 784 439 7630 1103 1009 345 6527 380 6147
cat_boundaries=0 1 2 3 4 5 6 7 8 9 10 11 12 13 14
cat_threshold=6 1 8 480 38 1 357 805 50 40 20 2 3 515
is_linear=0
shrinkage=0.05


Tree=269
num_leaves=23
num_cat=8
split_feature=0 19 4 17 0 16 7 7 18 6 10 11 11 2 6 8 7 3 4 11 6 6
split_gain=2.6001 2.26501 9.94962 7.84441 6.59047 4.9094 3.42853 3.11458 2.8083 4.94349 13.4973 8.03377 3.11536 2.18279 2.08898 1.84506 1.55726 0.384626 0.931818 0.574268 0.314973 0.0807532
threshold=1075.0000000000002 0 1 2 1950.0000000000002 3 0.066550116550116584 0.0047619047619047667 4 0.13896316102198458 1.0000000180025095e-35 1.0000000180025095e-35 4.5000000000000009 5 0.092110177404295071 263.2000000000001 0.0047619047619047528 6 7 1.5000000000000002 0.054755844645550535 0.023870573870573873
decision_type=2 1 1 1 2 9 2 2 1 2 2 2 2 9 2 2 2 9 1 2 2 2
left_child=15 2 3 5 -5 -2 7 -4 12 11 -11 -10 13 -3 -8 16 -1 21 19 -19 -20 -17
right_child=1 8 6 4 -6 -7 14 -9 9 10 -12 -13 -14 -15 -16 17 -18 18 20 -21 -22 -23
leaf_value=0.014976662099361422 0.011871728474934456 -0.0018058902759021155 0.011014108711249944 -0.0072292978475161362 0.0024414664943961588 0.0012139149528674999 0.010449167867570164 -0.0024542110572968213 0.011647932013300688 -0.0023449790510112201 -0.027209377102553847 -0.0031695603586373287 -0.010593617684873088 0.00014350235381219913 0.022605102512364587 -0.0021400170374380532 0.0038683620904496801 0.0024723846337292347 0.0037154244271126423 -0.0033605757749907367 0.0081258051395083648 0.00046343781398129928
leaf_weight=55 148 1562 97 464 284 369 86 77 114 236 71 463 70 16588 60 53 74 100 96 73 70 68
leaf_count=55 148 1562 97 464 284 369 86 77 114 236 71 463 70 16588 60 53 74 100 96 73 70 68
internal_value=4.42291e-05 -4.90292e-05 0.0017612 -0.000255067 -0.00351058 0.00443227 0.00949797 0.00505399 -0.000200036 -0.00293616 -0.00809538 -0.000242014 -6.57466e-05 -2.51795e-05 0.0154448 0.00331999 0.00860446 0.00183804 0.00265732 1.04723e-05 0.00525845 -0.000625245
internal_weight=21278 20689 1585 1265 748 517 320 174 19104 884 307 577 18220 18150 146 589 129 460 339 173 166 121
internal_count=21278 20689 1585 1265 748 517 320 174 19104 884 307 577 18220 18150 146 589 129 460 339 173 166 121
cat_boundaries=0 1 2 3 4 5 6 7 8
cat_threshold=32 5 9 8 12 16 2 2
is_linear=0
shrinkage=0.05


Tree=270
num_leaves=16
num_cat=1
split_feature=6 0 7 1 14 7 8 7 14 6 7 14 14 8 5
split_gain=5.32948 6.4398 6.17188 8.54053 10.3011 5.64902 4.97716 4.37946 4.08774 3.99183 3.27195 7.21246 4.69433 2.5759 1.54258
threshold=0.12508641277023633 2450.0000000000005 0.1329399766899767 0 0.46410256410256417 0.4010822510822511 301.85000000000008 0.3285014005602242 0.69615384615384623 0.25739723239723239 0.079334554334554344 0.44949494949494956 0.12916666666666668 381.20000000000005 14.500000000000002
decision_type=2 2 2 1 2 2 2 2 2 2 2 2 2 2 2
left_child=1 2 10 14 -5 7 -3 8 9 -2 12 -12 -1 -9 -4
right_child=5 6 3 4 -6 -7 -8 13 -10 -11 11 -13 -14 -15 -16
leaf_value=-0.0087518257483963809 0.0016749008253172694 -0.0029069814085960388 -0.012522816003897702 0.00091598850862747668 -0.017478917619483846 -0.015390832471784275 -0.024152209211652186 0.0034856284647935727 -0.010686920636554104 -0.00033916503542623898 -0.00013857040838713221 0.0085229041907845197 -0.00042922391810237473 0.018337058808953904 -0.02422910283242042
leaf_weight=173 6837 60 53 419 93 53 51 61 76 3843 907 327 8215 56 60
leaf_count=173 6837 60 53 419 93 53 51 61 76 3843 907 327 8215 56 60
internal_value=0.000122874 -0.000689729 -0.000559972 -0.00537471 -0.00237881 0.000893233 -0.0126683 0.000972609 0.000867951 0.000950177 -0.000247229 0.00215665 -0.000600875 0.010594 -0.0172151
internal_weight=21284 10358 10247 625 512 10926 111 10873 10756 10680 9622 1234 8388 117 113
internal_count=21284 10358 10247 625 512 10926 111 10873 10756 10680 9622 1234 8388 117 113
cat_boundaries=0 1
cat_threshold=522
is_linear=0
shrinkage=0.05


Tree=271
num_leaves=17
num_cat=6
split_feature=7 14 3 0 4 7 7 1 7 5 7 12 4 14 3 1
split_gain=5.27352 3.76384 5.81661 7.80357 6.50407 6.32826 15.8772 5.76395 11.3628 9.24145 8.94687 6.42523 9.56678 5.62575 4.73533 4.31926
threshold=0.4010822510822511 0.25833333333333336 0 1250.0000000000002 1 0.10984701572936868 0.096342627960275026 2 0.21478174603174607 15.500000000000002 0.1167748917748918 3.5000000000000004 3 0.41421568627450983 4 5
decision_type=2 2 9 2 1 2 2 1 2 2 2 2 1 2 9 1
left_child=1 7 5 15 -5 6 -3 11 10 -10 -9 14 -13 -7 -1 -4
right_child=-2 2 3 4 -6 13 -8 8 9 -11 -12 12 -14 -15 -16 -17
leaf_value=0.0077616161499630479 -0.016059687959634177 0.00095048608581655087 -0.0011184391965117092 -0.00095728294302414104 -0.0046807501516649896 -0.0052612520389635079 0.013526705176923143 5.6548527662799964e-05 0.019613580098833707 -0.0050732525742866776 -0.0067895836472301428 0.017766183793580363 -0.00066918792235183306 0.001686973932794192 0.0012783789387631301 0.003312500688206892
leaf_weight=295 50 4440 1047 3113 1889 708 266 2986 122 55 568 147 135 495 3933 1143
leaf_count=295 50 4440 1047 3113 1889 708 266 2986 122 55 568 147 135 495 3933 1143
internal_value=0.000159431 0.000197429 -0.000329201 -0.00128315 -0.00237472 0.000832632 0.00166134 0.00103463 -0.00042069 0.0119425 -0.0010376 0.00223456 0.00954702 -0.00240226 0.00175211 0.00120417
internal_weight=21392 21342 13101 7192 5002 5909 4706 8241 3731 177 3554 4510 282 1203 4228 2190
internal_count=21392 21342 13101 7192 5002 5909 4706 8241 3731 177 3554 4510 282 1203 4228 2190
cat_boundaries=0 1 2 3 4 5 6
cat_threshold=6 18 344 5 4 44
is_linear=0
shrinkage=0.05


Tree=272
num_leaves=28
num_cat=10
split_feature=7 7 4 10 0 2 16 6 7 19 1 6 0 15 6 7 10 1 4 1 7 5 0 0 7 5 2
split_gain=3.89239 5.87031 6.15627 7.21886 5.43214 6.03593 10.2754 6.93681 5.20589 9.90786 13.3979 12.9241 10.5658 6.2078 6.29001 4.86634 9.2804 4.82819 4.2294 8.0097 4.26366 4.17411 3.85062 2.94729 2.67765 7.56723 2.97191
threshold=0.010336538461538461 0.0091242091242091251 0 1.0000000180025095e-35 1750.0000000000002 1 2 0.13071911748382339 0.033333333333333326 3 4 0.15887396916808685 1950.0000000000002 5 0.22744567523979289 0.0047619047619047528 1.0000000180025095e-35 6 7 8 0.068403818403818414 8.5000000000000018 1550.0000000000002 1750.0000000000002 0.038095238095238119 9.5000000000000018 9
decision_type=2 2 1 2 2 9 9 2 2 1 1 2 2 9 2 2 2 1 1 1 2 2 2 2 2 2 9
left_child=1 4 3 -3 15 7 -7 -6 9 13 11 -11 -12 14 -2 21 -17 -15 19 20 -10 -1 -21 -4 25 -20 -26
right_child=8 2 23 -5 5 6 -8 -9 18 10 12 -13 -14 17 -16 16 -18 -19 24 22 -22 -23 -24 -25 26 -27 -28
leaf_value=0.010446137636783533 -0.0030668607465922835 0.02322203169642675 0.0064189449001008014 0.0021543534054164438 0.0066681994597287218 0.0056735713439941098 -0.0032499905548954212 -0.01273021202608943 -0.0095687511270701481 -0.0096527773972887258 0.0009211393179109703 -0.042585068456828599 -0.018881633440346532 0.0044060788661680174 -0.01797146339695679 -0.011263243299011121 0.0017164820566124815 -0.0017925994787262479 0.02143178249946532 0.0079265574917978185 -0.0024179762162435635 8.9483868139900093e-05 -0.001056695699845145 -0.0099525036790442684 -0.0011757498336868741 0.00181529100114049 0.0006621025115412368
leaf_weight=100 450 99 56 69 73 1460 409 125 384 65 277 55 89 576 84 271 280 670 53 192 456 3589 315 54 3142 679 7271
leaf_count=100 450 99 56 69 73 1460 409 125 384 65 277 55 89 576 84 271 280 670 53 192 456 3589 315 54 3142 679 7271
internal_value=4.26983e-05 0.00105355 0.00816423 0.0137507 0.000740123 0.00284175 0.00371389 -0.00531009 -0.000408341 -0.00261325 -0.00886072 -0.0228431 -0.00379072 -0.000852903 -0.00531193 -0.000284423 -0.00466738 0.00108519 -8.38022e-06 -0.00264404 -0.00562 0.000370228 0.00229988 -0.00148312 0.000312261 0.00323561 0.000107059
internal_weight=21343 6585 278 168 6307 2067 1869 198 14758 2266 486 120 366 1780 534 4240 551 1246 12492 1347 840 3689 507 110 11145 732 10413
internal_count=21343 6585 278 168 6307 2067 1869 198 14758 2266 486 120 366 1780 534 4240 551 1246 12492 1347 840 3689 507 110 11145 732 10413
cat_boundaries=0 1 2 3 4 5 6 7 8 9 10
cat_threshold=6 16 73 21 528 2 568 4 482 22
is_linear=0
shrinkage=0.05


Tree=273
num_leaves=25
num_cat=5
split_feature=3 2 3 0 0 0 0 12 0 6 12 7 0 7 6 7 8 5 12 19 0 14 0 19
split_gain=3.463 7.1689 29.0928 6.73819 5.3765 8.9027 8.40204 5.27271 4.97953 4.39434 11.8055 6.22115 6.07405 5.31271 13.8229 7.56251 4.83179 4.49904 4.16092 7.15066 5.87651 4.02319 3.40442 3.10342
threshold=0 1 2 1750.0000000000002 2450.0000000000005 2350.0000000000005 1850.0000000000002 2.5000000000000004 2250.0000000000005 0.29995791245791253 1.5000000000000002 0.0064102564102564092 1350.0000000000002 0.021638655462184884 0.16285822021116142 0.025389928698752225 513.75000000000011 10.500000000000002 1.0000000180025095e-35 3 1950.0000000000002 0.36038961038961043 1950.0000000000002 4
decision_type=9 9 9 2 2 2 2 2 2 2 2 2 2 2 2 2 2 2 2 1 2 2 2 1
left_child=9 2 8 -4 5 6 -3 -7 22 11 18 12 23 14 -13 -15 21 -14 19 -11 -20 -12 -2 -1
right_child=1 4 3 -5 -6 7 -8 -9 -10 10 16 13 17 15 -16 -17 -18 -19 20 -21 -22 -23 -24 -25
leaf_value=0.0034200235602688724 -0.0012506706749094477 0.00014837460801500407 -0.039531026504074154 -0.016294873765282322 -0.013446917152032258 0.023685512894795077 -0.004861696823694763 0.0031414091303304304 -0.013274420679176916 0.00091902613179584928 -0.010867255492808505 0.00071147174569059237 0.01428541584532524 0.01122301467616732 -0.014923711267450322 0.00078302111872463652 -0.019517397425908557 0.005097026647006472 -0.0052077477090060713 -0.012098122543344896 0.016008185594035509 0.0023651721950076268 0.0080991811215062638 -0.0040977126221168805
leaf_weight=293 516 10540 65 60 76 61 909 64 73 1065 162 536 162 180 192 4776 93 750 50 107 94 89 120 241
leaf_count=293 516 10540 65 60 76 61 909 64 73 1065 162 536 162 180 192 4776 93 750 50 107 94 89 120 241
internal_value=2.12061e-05 -0.000513943 -0.00496408 -0.0262756 -0.000191382 -0.000104506 -0.000249403 0.0131669 -0.00089357 0.000780948 -0.0015351 0.00132126 0.00424948 0.000576328 -0.00341209 0.0011622 -0.00978231 0.00672917 0.00062071 -0.000364784 0.00864154 -0.00617528 0.000513452 1.44968e-05
internal_weight=21274 12484 834 125 11650 11574 11449 125 709 8790 1660 7130 1446 5684 728 4956 344 912 1316 1172 144 251 636 534
internal_count=21274 12484 834 125 11650 11574 11449 125 709 8790 1660 7130 1446 5684 728 4956 344 912 1316 1172 144 251 636 534
cat_boundaries=0 1 2 3 4 5
cat_threshold=10 18 4 8 52
is_linear=0
shrinkage=0.05


Tree=274
num_leaves=29
num_cat=9
split_feature=3 2 3 7 1 6 15 7 6 6 0 1 7 6 6 14 7 1 1 1 0 13 0 0 0 7 14 7
split_gain=4.11764 7.7585 29.3224 8.71809 8.33181 12.7333 8.82339 8.24823 6.52663 13.7008 8.69621 6.03043 6.02583 5.58113 5.32449 13.3408 8.47327 8.00446 7.64366 6.22124 7.77387 9.13798 6.76952 8.64102 7.10851 4.3041 2.68109 2.15049
threshold=0 1 2 0.055555555555555566 3 0.27859547859547862 4 0.12736185383244211 0.13810601163542341 0.24170951597422188 1550.0000000000002 5 0.1167748917748918 0.23622904872904874 0.29995791245791253 0.25833333333333336 0.26698717948717959 6 7 8 1350.0000000000002 9.5000000000000018 1750.0000000000002 1950.0000000000002 1450.0000000000002 0.1091585497835498 0.39444444444444454 0.0047619047619047528
decision_type=9 9 9 2 1 2 9 2 2 2 2 1 2 2 2 2 2 1 1 1 2 2 2 2 2 2 2 2
left_child=14 4 11 -4 5 6 -2 -7 10 -10 -6 13 -13 -3 19 16 18 26 -16 20 27 -22 24 -24 -21 -19 -17 -1
right_child=1 2 3 -5 8 7 -8 -9 9 -11 -12 12 -14 -15 15 17 -18 25 -20 22 21 -23 23 -25 -26 -27 -28 -29
leaf_value=0.001888686916220609 0.0043191905100124009 -0.0095458187373319223 -0.013721626268678837 -0.036542204564107186 0.0020355989839448536 0.0023294652110005002 -0.0034631441130443686 0.01772072518705926 0.0060973469931779531 -0.0013167415611849448 -0.0028035508815933401 0.0079232040233824172 -0.007927117618889392 0.008237274599793766 -0.010200712410037144 -0.010091768751758188 0.018367602505156254 -0.034740204155883372 0.00064502495213771037 -0.00046116223331118698 0.0040308231112289586 -0.015025539600173943 0.0060043698639934591 -0.00099033892659896564 -0.0080115013539477295 -0.014485601297821161 0.0061240683533251294 -0.0038349823728165686
leaf_weight=247 399 208 89 79 1993 379 3522 113 1518 1057 1738 271 77 56 174 52 61 51 1382 1262 3689 64 790 1001 414 54 50 489
leaf_count=247 399 208 89 79 1993 379 3522 113 1518 1057 1738 271 77 56 174 52 61 51 1382 1262 3689 64 790 1001 414 54 50 489
internal_value=0.000239408 -0.000402043 -0.00518418 -0.023079 -4.95491e-05 -0.00171376 -0.00266903 0.00586445 0.00111595 0.00305397 -0.000218607 2.01886e-05 0.00429274 -0.00556293 0.000993 -0.00144253 8.74257e-05 -0.0133939 -0.000629214 0.00155262 0.00277823 0.00370585 -4.21701e-05 0.00209499 -0.00232622 -0.0222085 -0.0019515 -0.00191413
internal_weight=21279 11499 780 168 10719 4413 3921 492 6306 2575 3731 612 348 264 9780 1824 1617 207 1556 7956 4489 3753 3467 1791 1676 105 102 736
internal_count=21279 11499 780 168 10719 4413 3921 492 6306 2575 3731 612 348 264 9780 1824 1617 207 1556 7956 4489 3753 3467 1791 1676 105 102 736
cat_boundaries=0 1 2 3 4 5 6 7 8 9
cat_threshold=6 385 8 330 44 301 837 128 488
is_linear=0
shrinkage=0.05


Tree=275
num_leaves=26
num_cat=10
split_feature=18 13 14 1 2 15 12 11 6 1 0 19 6 0 2 0 6 0 0 0 6 17 3 1 14
split_gain=5.10452 13.6539 7.95342 5.44382 4.23041 4.87493 3.8232 3.58123 3.58635 2.26702 5.95997 13.2472 15.1152 10.6645 11.3109 8.6858 8.3931 2.52569 12.9023 8.90629 5.93463 3.00663 2.99973 2.00713 1.58805
threshold=0 2.5000000000000004 0.12916666666666668 1 2 3 3.5000000000000004 1.0000000180025095e-35 0.13335667600373485 4 2250.0000000000005 5 0.14989531166001757 1950.0000000000002 6 1850.0000000000002 0.14368178118178121 1350.0000000000002 1550.0000000000002 1450.0000000000002 0.036047979797979808 7 8 9 0.30384615384615393
decision_type=1 2 2 1 9 9 2 2 2 1 2 1 2 2 9 2 2 2 2 2 2 1 9 1 2
left_child=1 2 -1 7 5 -5 -6 24 -9 10 13 16 -13 15 -15 -2 -12 21 19 -19 -20 23 -23 -11 -3
right_child=9 3 -4 4 6 -7 -8 8 -10 17 11 12 -14 14 -16 -17 -18 18 20 -21 -22 22 -24 -25 -26
leaf_value=-0.0068397262169376267 0.00047714604187042435 -0.0052356957475531776 -0.032103829379430258 0.012837054208268537 0.0058657524333550377 0.00099436176150179611 -0.0089482602943793278 -0.0048518908570203021 -0.016123072633312807 9.8178578903978879e-05 0.020650790006132617 -0.036537830879525196 -0.0061583044628302254 0.010423706585861003 0.0011250964851232544 -0.015056126334085283 -0.0033673707776787605 -0.0039308050864445944 -0.0069769075252523599 -0.018289413954372027 0.000560066052040015 -0.00043944119025254624 0.0031783395259756889 -0.0067764125031692587 0.0055270606603895879
leaf_weight=66 8158 53 59 124 65 268 132 327 90 251 62 53 180 564 783 91 88 1274 274 118 5582 990 1355 179 97
leaf_count=66 8158 53 59 124 65 268 132 327 90 251 62 53 180 564 783 91 88 1274 274 118 5582 990 1355 179 97
internal_value=4.7698e-06 -0.00304249 -0.0187644 -0.00136878 0.00199783 0.00496666 -0.00386423 -0.00481631 -0.00728452 0.000201348 0.000734496 -0.00538115 -0.0125309 0.000979352 0.00510424 0.000305789 0.00615013 -0.000329663 -0.000821107 -0.00514799 0.000207414 0.000952748 0.00165562 -0.00285254 0.00172422
internal_weight=21283 1281 125 1156 589 392 197 567 417 20002 9979 383 233 9596 1347 8249 150 10023 7248 1392 5856 2775 2345 430 150
internal_count=21283 1281 125 1156 589 392 197 567 417 20002 9979 383 233 9596 1347 8249 150 10023 7248 1392 5856 2775 2345 430 150
cat_boundaries=0 1 2 3 4 5 6 7 8 9 10
cat_threshold=1 340 153 2 184 34 18 8 2 576
is_linear=0
shrinkage=0.05


Tree=276
num_leaves=21
num_cat=7
split_feature=7 7 1 7 5 5 2 3 14 0 6 1 7 2 5 6 2 6 7 3
split_gain=2.50593 12.6984 4.66544 6.6021 11.141 4.96988 6.33192 5.60722 3.81979 12.2223 10.4771 8.99637 6.63205 5.1474 7.59536 4.68195 5.7336 4.86859 4.44807 3.73561
threshold=0.023809523809523826 0.023093083387201039 0 0.011111111111111122 11.500000000000002 12.500000000000002 1 2 0.19375000000000003 2050.0000000000005 0.35094165094165097 3 0.3285014005602242 4 10.500000000000002 0.098746079628432584 5 0.21136548636548638 0.030790777849601384 6
decision_type=2 2 1 2 2 2 9 9 2 2 2 1 2 9 2 2 9 2 2 9
left_child=1 2 3 19 -5 7 -7 -4 9 15 11 -11 13 14 -10 16 -2 -17 -15 -1
right_child=8 -3 5 4 -6 6 -8 -9 12 10 -12 -13 -14 18 -16 17 -18 -19 -20 -21
leaf_value=0.00071062913599044932 0.0054640794073098475 0.021700999721522549 0.013636095634932425 -0.025056920843330069 -0.0031633983721076221 0.0057092614886308434 -0.00014708358805866383 0.0029419491930959265 -0.010120963176047165 -0.022683277523251083 0.00881921111296779 -0.0016280129059720952 0.013979464565942946 -0.0051903654332670713 -0.0014551646603462025 0.0056509169400616767 -0.0091835813597349377 0.00080190462945634608 -0.00018980379801581659 -0.005565317819149292
leaf_weight=1886 102 72 131 71 320 519 3623 1138 350 113 67 102 76 468 911 1101 163 977 8935 261
leaf_count=1886 102 72 131 71 320 519 3623 1138 350 113 67 102 76 468 911 1101 163 977 8935 261
internal_value=9.87791e-05 0.00079743 0.000608091 -0.00115863 -0.00713895 0.00143625 0.000600156 0.00417655 -0.000320516 0.00138927 -0.00844501 -0.013825 -0.000738412 -0.000843303 -0.00383005 0.00257291 -0.00368597 0.00337109 -0.000438222 -7.49177e-05
internal_weight=21386 8021 7949 2538 391 5411 4142 1269 13365 2625 282 215 10740 10664 1261 2343 265 2078 9403 2147
internal_count=21386 8021 7949 2538 391 5411 4142 1269 13365 2625 282 215 10740 10664 1261 2343 265 2078 9403 2147
cat_boundaries=0 1 2 3 4 5 6 7
cat_threshold=531 6 4 400 20 136 3
is_linear=0
shrinkage=0.05


Tree=277
num_leaves=27
num_cat=3
split_feature=7 12 0 13 7 0 7 0 7 14 14 17 16 14 19 5 5 8 0 5 5 8 5 8 8 8
split_gain=3.35399 5.66781 8.1632 8.37309 6.62913 8.29794 13.5219 6.5039 6.56486 6.2554 6.07189 7.34408 6.02315 5.00485 3.29194 4.83431 4.63479 4.46474 3.67033 7.03252 5.22077 5.09659 4.67447 2.73806 1.67538 1.46807
threshold=0.010336538461538461 1.5000000000000002 2250.0000000000005 1.5000000000000002 0.082478632478632491 1850.0000000000002 0.014919108669108673 2350.0000000000005 0.090996503496503525 0.37980769230769235 0.11437908496732027 0 1 0.35504201680672276 2 9.5000000000000018 15.500000000000002 411.60000000000008 1350.0000000000002 8.5000000000000018 11.500000000000002 487.60000000000008 10.500000000000002 357.60000000000008 355.20000000000005 263.2000000000001
decision_type=2 2 2 2 2 2 2 2 2 2 2 1 9 2 1 2 2 2 2 2 2 2 2 2 2 2
left_child=14 2 10 -4 5 13 -7 8 -6 -9 11 -2 -12 -3 15 -1 17 -17 20 24 25 -22 -21 -18 -20 -16
right_child=1 4 3 -5 7 6 -8 9 -10 -11 12 -13 -14 -15 18 16 23 -19 19 22 21 -23 -24 -25 -26 -27
leaf_value=-0.016207675291225316 0.0046839173059173419 0.0012225529337357142 -0.024110790714886126 -0.0011193952756002547 0.0052572722097804937 -0.024246276294622848 -0.0031961524532318169 0.013863842672583303 0.00010411488466253974 6.9107446845964338e-05 0.0029140738872428466 -0.0058129920685266864 -0.0066209238626613364 -0.0015345232871983054 0.00020200382058437055 0.00084672325175223881 -0.00080741790161597778 0.011460496452597217 -0.013423744438898186 0.0081948778804537738 -0.00075618239076550501 -0.012738154056872494 0.002360785119786447 -0.0064098245002405909 -0.0030731094744184924 0.0090891197606624095
leaf_weight=50 519 3253 88 72 735 81 1312 197 3884 141 209 234 753 3332 65 647 632 117 71 392 1175 96 2766 333 87 163
leaf_count=50 519 3253 88 72 735 81 1312 197 3884 141 209 234 753 3332 65 647 632 117 71 392 1175 96 2766 333 87 163
internal_value=2.32782e-05 -0.00039436 -0.00296347 -0.0137647 -2.19535e-05 -0.000914185 -0.00442017 0.00141404 0.000924113 0.00810923 -0.00195578 0.00140694 -0.00458792 -0.000172523 0.000961286 -0.000875593 -0.000437277 0.00247213 0.00163837 0.00256993 -0.000411421 -0.00166119 0.00308497 -0.00274068 -0.00772434 0.00655551
internal_weight=21404 14810 1875 160 12935 7978 1393 4957 4619 338 1715 753 962 6585 6594 1779 1729 764 4815 3316 1499 1271 3158 965 158 228
internal_count=21404 14810 1875 160 12935 7978 1393 4957 4619 338 1715 753 962 6585 6594 1779 1729 764 4815 3316 1499 1271 3158 965 158 228
cat_boundaries=0 1 2 3
cat_threshold=10 40 20
is_linear=0
shrinkage=0.05


Tree=278
num_leaves=22
num_cat=6
split_feature=0 0 1 6 1 0 8 0 2 3 1 6 8 6 8 6 6 6 1 6 7
split_gain=3.37089 13.9953 5.53417 6.22252 4.24239 25.5979 23.1051 8.93423 13.1413 8.49574 4.70702 4.17819 3.72402 2.98914 2.46582 2.37717 3.89974 2.95442 2.0918 1.53877 1.41956
threshold=1250.0000000000002 1350.0000000000002 0 0.47689698645580997 1 1550.0000000000002 513.75000000000011 1550.0000000000002 2 3 4 0.13006005432476023 328.75000000000006 0.044503862150920982 319.20000000000005 0.10132668257668258 0.10508516537928304 0.089622414622414645 5 0.072658128908128922 0.041666666666666657
decision_type=2 2 1 2 1 2 2 2 9 9 1 2 2 2 2 2 2 2 1 2 2
left_child=2 11 3 12 5 6 -3 8 -6 -7 -9 -2 14 -14 -1 17 -17 19 -18 -4 -19
right_child=1 4 15 -5 7 9 -8 10 -10 -11 -12 -13 13 -15 -16 16 18 20 -20 -21 -22
leaf_value=0.0031817933389065157 -0.0072284278375181286 0.01395932749541149 0.0011063856697054719 0.020653914002764784 0.012658799324283557 0.0010668320722028812 -0.0023471294798937865 0.00083511608421206213 -0.0049594647797425806 -0.0026440902523232825 -0.001786557092651078 -0.022866444998835944 0.00069951529833762094 0.012217486773416802 -0.0057073068236355232 -0.01397420325458555 -0.0032025049773561163 0.0030070520774595913 0.00067122283841898264 -0.00214727011800278 0.010156031443480531
leaf_weight=252 88 608 2087 59 103 3235 338 3943 1965 2932 3011 83 85 167 113 59 565 173 881 440 116
leaf_count=252 88 608 2087 59 103 3235 338 3943 1965 2932 3011 83 85 167 113 59 565 173 881 440 116
internal_value=-0.00024164 -0.000589819 0.000894524 0.00506596 -0.000439019 0.000474084 0.00813313 -0.00115816 -0.00404473 -0.000700023 -0.000301406 -0.0148188 0.00365748 0.00833246 0.000429825 0.000229667 -0.00137399 0.00108755 -0.000859876 0.000539861 0.00587654
internal_weight=21303 16306 4997 676 16135 7113 946 9022 2068 6167 6954 171 617 252 365 4321 1505 2816 1446 2527 289
internal_count=21303 16306 4997 676 16135 7113 946 9022 2068 6167 6954 171 617 252 365 4321 1505 2816 1446 2527 289
cat_boundaries=0 1 2 3 4 5 6
cat_threshold=129 564 16 6 321 544
is_linear=0
shrinkage=0.05


Tree=279
num_leaves=23
num_cat=5
split_feature=16 2 13 1 14 7 6 1 7 13 7 5 8 7 14 1 7 6 7 6 14 7
split_gain=6.1406 7.89489 7.86336 7.72583 10.2767 7.91509 7.6171 14.0316 6.49331 5.86987 5.67139 3.99706 5.27146 4.42207 3.96253 4.32341 6.11148 4.26191 3.99998 3.13059 2.43271 2.19801
threshold=0 1 1.0000000180025095e-35 2 0.19375000000000003 0.076906916612798984 0.14681013431013434 3 0.12134552538964306 3.5000000000000004 0.11516522692993285 7.5000000000000009 301.85000000000008 0.07085084033613448 0.57738095238095244 4 0.047665732959850611 0.093666355431061318 0.31373626373626379 0.32763630704807184 0.45804195804195807 0.027792632204396917
decision_type=9 9 2 1 2 2 2 1 2 2 2 2 2 2 2 1 2 2 2 2 2 2
left_child=11 3 -3 5 -5 21 10 -8 -7 -6 -4 12 -1 -14 18 16 -16 -17 20 -20 -13 -2
right_child=1 2 6 4 9 8 7 -9 -10 -11 -12 14 13 -15 15 17 -18 -19 19 -21 -22 -23
leaf_value=-0.0031759434097330085 0.0071638692573002044 -0.016326792667741362 -2.4247253552289733e-05 0.030056270618957506 -0.0071676805053674996 -0.020192074374822174 0.0091126144466092407 -0.00088099091703322931 0.0008019610075280071 0.0091059991269139585 -0.0072724855344810605 -0.00057987339104831424 0.0044654929552410466 0.024310686066746714 -0.0023813901329662076 -0.0035433120515471965 -0.01588035519479921 0.010235158115770523 -0.002809959205957811 -0.018314142394121047 0.0014682037438219328 0.00064126866867704208
leaf_weight=80 277 69 2610 54 63 69 638 770 79 460 301 12994 61 52 187 207 152 77 82 54 1632 242
leaf_count=80 277 69 2610 54 63 69 638 770 79 460 301 12994 61 52 187 207 152 77 82 54 1632 242
internal_value=6.0679e-06 0.00141951 0.000418133 0.00492019 0.00913157 0.00119598 0.000686617 0.00370582 -0.0089858 0.00714569 -0.000773722 -0.000505528 0.00664495 0.0135978 -0.000595557 -0.00450159 -0.00819236 0.000185856 -0.00043071 -0.00896603 -0.000351345 0.0041225
internal_weight=21210 5632 4388 1244 577 667 4319 1408 148 523 2911 15578 193 113 15385 623 339 284 14762 136 14626 519
internal_count=21210 5632 4388 1244 577 667 4319 1408 148 523 2911 15578 193 113 15385 623 339 284 14762 136 14626 519
cat_boundaries=0 1 2 3 4 5
cat_threshold=3 260 800 842 460
is_linear=0
shrinkage=0.05


Tree=280
num_leaves=23
num_cat=5
split_feature=0 14 17 14 5 5 12 0 2 18 0 14 5 8 0 11 5 19 4 0 10 14
split_gain=4.97072 8.15477 5.93626 7.08118 7.65775 6.82751 4.67751 3.51226 18.1078 12.1974 16.3603 9.074 6.95665 3.39682 13.156 10.4125 6.46618 8.35325 6.31983 4.56851 2.99544 1.62788
threshold=2350.0000000000005 0.5590277777777779 0 0.18465909090909094 9.5000000000000018 13.500000000000002 3.5000000000000004 2050.0000000000005 1 2 2150.0000000000005 0.43303571428571436 11.500000000000002 309.00000000000006 1950.0000000000002 1.5000000000000002 14.500000000000002 3 4 1250.0000000000002 1.0000000180025095e-35 0.28991596638655465
decision_type=2 2 1 2 2 2 2 2 9 1 2 2 2 2 2 2 2 1 1 2 2 2
left_child=7 2 5 -4 -5 6 -2 13 12 11 -11 -10 -9 14 18 -16 17 -15 -1 -18 -7 -14
right_child=1 -3 3 4 -6 20 -8 8 9 10 -12 -13 21 16 15 -17 19 -19 -20 -21 -22 -23
leaf_value=0.0048454741275464784 0.013642254459902629 0.020739575536615814 -0.02005445841126717 -0.016258076146104427 0.0054354996633316794 0.0037536287870467973 -0.0012468852575367956 0.024751764790465435 0.0050422356270948534 -0.0045312374767880626 -0.032211059341937597 -0.013703555864349163 -0.0027358358884054536 1.6702293169861913e-06 -0.011328429083971123 0.0039419573547990151 0.0020628609806785246 0.0037983722820637516 -0.00051396128131264175 -0.00087901856416124774 -0.0078280186447638855 0.009543455537747254
leaf_weight=607 248 67 52 53 175 142 67 60 193 112 102 97 53 2786 464 147 1694 3020 5060 5972 92 55
leaf_count=607 248 67 52 53 175 142 67 60 193 112 102 97 53 2786 464 147 1694 3020 5060 5972 92 55
internal_value=0.000315714 0.00396075 0.00260468 -0.00328723 0.000392695 0.00556811 0.0104754 0.00015579 -0.00339899 -0.00807222 -0.0169332 -0.00118698 0.0104775 0.000276743 -0.000683824 -0.00765454 0.000724371 0.00198308 6.77385e-05 -0.000228935 -0.000799839 0.00351751
internal_weight=21318 896 829 280 228 549 315 20422 672 504 214 290 168 19750 6278 611 13472 5806 5667 7666 234 108
internal_count=21318 896 829 280 228 549 315 20422 672 504 214 290 168 19750 6278 611 13472 5806 5667 7666 234 108
cat_boundaries=0 1 2 3 4 5
cat_threshold=6 16 10 3 24
is_linear=0
shrinkage=0.05


Tree=281
num_leaves=19
num_cat=4
split_feature=0 7 6 7 12 6 3 5 0 6 19 7 18 5 18 6 6 5
split_gain=4.45299 9.6914 12.2804 9.35179 6.68573 10.0852 2.83677 6.26383 7.82178 8.62419 5.55573 4.75514 4.47943 4.44127 2.30202 5.39223 2.6791 2.20781
threshold=2350.0000000000005 0.18168290043290045 0.25739723239723239 0.14545454545454545 1.5000000000000002 0.26469721727074674 0 11.500000000000002 1550.0000000000002 0.036047979797979808 1 0.22222222222222227 2 6.5000000000000009 3 0.20755772005772008 0.065690164954870858 11.500000000000002
decision_type=2 2 2 2 2 2 9 2 2 2 1 2 1 2 1 2 2 2
left_child=6 3 -3 4 17 -6 7 11 10 -10 -9 12 -1 -8 15 -15 -16 -2
right_child=1 2 -4 -5 5 -7 13 8 9 -11 -12 -13 -14 14 16 -17 -18 -19
leaf_value=0.0002145264690017202 -0.014555367753254595 -0.024905481391275922 0.0044495654269689471 0.022811211438926116 0.0030438883369692908 0.01999702972803857 -0.011949560143175405 -0.0069107555482287161 -0.013406057304774338 0.0075614554940941943 0.0026812207960572386 0.011824644620243747 -0.0088676227772012065 -0.0013333188469948772 -0.0012291944931303641 -0.014166085167218829 0.00030929808274916251 -0.00032270330597053876
leaf_weight=301 54 63 82 73 487 107 80 229 52 862 401 52 243 905 3564 90 13734 55
leaf_count=301 54 63 82 73 487 107 80 229 52 862 401 52 243 905 3564 90 13734 55
internal_value=0.000159471 0.00356065 -0.0083047 0.00577775 0.00400899 0.00609774 6.76382e-06 0.00172524 0.00341397 0.00636856 -0.000872522 -0.00262065 -0.00400145 -0.000194229 -0.000142926 -0.00246925 -7.68138e-06 -0.00737375
internal_weight=21434 921 145 776 703 594 20513 2140 1544 914 630 596 544 18373 18293 995 17298 109
internal_count=21434 921 145 776 703 594 20513 2140 1544 914 630 596 544 18373 18293 995 17298 109
cat_boundaries=0 1 2 3 4
cat_threshold=12 5 5 1
is_linear=0
shrinkage=0.05


Tree=282
num_leaves=28
num_cat=9
split_feature=14 12 1 7 7 0 16 1 0 7 1 15 11 18 7 6 6 12 6 4 6 1 7 19 5 14 7
split_gain=2.75075 7.8572 10.7307 9.12348 6.97309 6.86966 4.52365 3.14605 4.30902 4.07614 2.69299 5.9884 5.69438 4.58904 4.45026 3.58376 3.53929 3.31414 8.86862 10.4795 7.20653 4.67729 6.57986 5.02906 3.1083 2.01348 1.06787
threshold=0.44097222222222227 3.5000000000000004 0 0.016666666666666639 0.070550527903469093 2150.0000000000005 1 2 1550.0000000000002 0.14185606060606062 3 4 1.0000000180025095e-35 5 0.061935286935286944 0.12556818181818183 0.19328367710720654 1.5000000000000002 0.28243746993746999 6 0.18344525844525847 7 0.07612044817927173 8 14.500000000000002 0.55050505050505061 0.022283272283272277
decision_type=2 2 1 2 2 2 9 1 2 2 1 9 2 1 2 2 2 2 2 1 2 1 2 1 2 2 2
left_child=10 2 4 25 -2 -5 26 8 -8 -9 17 12 16 14 -13 -15 -12 21 20 -20 -19 22 -1 -23 -14 -4 -3
right_child=1 6 3 5 -6 -7 7 9 -10 -11 11 13 24 15 -16 -17 -18 18 19 -21 -22 23 -24 -25 -26 -27 -28
leaf_value=0.0096034904518405573 -0.0039358051861961224 -0.015290925370529293 0.0030105073265060114 -0.012037556857394521 0.017579215668565806 -0.032410130038857461 -0.0012726560645138438 -0.0019521965952589407 0.0033397987029273645 0.0095347194610462521 -0.026646162502869383 0.00018254550277670644 0.0077621990322785566 -0.0012130552705894198 -0.011123110024294119 0.0012746904685711638 -0.0079256177898496382 0.0017642724255280005 0.019111996880086253 0.003028616540472112 -0.0022040479443893972 -0.0055965727351023611 -0.0054327674793795558 -0.00011363412120517491 -0.0078897048448082763 -0.0084845685416126051 -0.0060821405118879155
leaf_weight=232 86 50 111 240 67 50 853 1659 1246 81 51 166 53 2486 183 3466 50 5754 137 368 1428 549 106 1674 79 58 85
leaf_count=232 86 50 111 240 67 50 853 1659 1246 81 51 166 53 2486 183 3466 50 5754 137 368 1428 549 106 1674 79 58 85
internal_value=0.000103925 -0.000981297 -0.00625512 -0.00995194 0.00514925 -0.0155501 -0.000169123 0.000158335 0.00145842 -0.00140936 0.000400482 -0.000392715 -0.00809517 -9.55165e-05 -0.00558559 0.000235227 -0.0173786 0.000905714 0.00142559 0.00783026 0.00097525 -0.000651194 0.00474752 -0.00148672 -0.00160523 -0.000934548 -0.00883813
internal_weight=21368 4586 612 459 153 290 3974 3839 2099 1740 16782 6534 233 6301 349 5952 101 10248 7687 505 7182 2561 338 2223 132 169 135
internal_count=21368 4586 612 459 153 290 3974 3839 2099 1740 16782 6534 233 6301 349 5952 101 10248 7687 505 7182 2561 338 2223 132 169 135
cat_boundaries=0 1 2 3 4 5 6 7 8 9
cat_threshold=73 6 465 488 8 1 2 8 3
is_linear=0
shrinkage=0.05


Tree=283
num_leaves=25
num_cat=7
split_feature=2 3 6 6 6 6 14 7 5 6 16 6 6 18 7 14 1 14 16 7 3 13 13 14
split_gain=5.06197 5.87239 6.46356 8.96638 10.0623 7.35393 5.80565 5.34593 6.85555 10.0175 4.55599 5.30669 4.83171 4.02441 11.3615 6.34517 5.10003 3.8959 3.19885 15.6565 2.9932 2.69515 1.63263 1.33578
threshold=0 1 0.045951107715813615 0.10297521786492377 0.092110177404295071 0.11106083459024638 0.36038961038961043 0.023093083387201039 13.500000000000002 0.16191678691678693 2 0.14551042639277936 0.042068531958237849 3 0.10718662464985995 0.29705882352941182 4 0.2817460317460318 5 0.032473082473082469 6 6.5000000000000009 7.5000000000000009 0.46410256410256417
decision_type=9 9 2 2 2 2 2 2 2 2 9 2 2 1 2 2 1 2 9 2 9 2 2 2
left_child=1 2 6 4 -4 -5 -1 17 9 -9 11 12 22 14 16 -16 -12 -3 19 -15 -20 -8 -2 -14
right_child=10 7 3 5 -6 -7 21 8 -10 -11 13 -13 23 18 15 -17 -18 -19 20 -21 -22 -23 -24 -25
leaf_value=-0.022076639062946754 0.0061151691188570112 -0.0093814185425891723 0.0026107901360341154 -0.019339855934182804 0.022549723057898804 -0.0013497422786207824 0.0048256309719925576 -0.033655903674662112 -0.0023471790409530513 -0.0068817632247323863 0.0076567973164510146 0.019941488973869895 0.0017579381693697844 -0.021655884580386264 -0.024131059068964705 -0.0058813241403549918 -0.0023313742070722337 0.0081181837266068087 0.0024627254045491956 0.0039974711338679001 0.00024133416952167302 -0.0095162780288560889 0.018545662794262171 -0.0067863775603473194
leaf_weight=63 56 59 355 60 77 1067 55 67 96 73 153 57 132 93 84 110 582 69 1665 165 16102 81 50 70
leaf_count=63 56 59 355 60 77 1067 55 67 96 73 153 57 132 93 84 110 582 69 1665 165 16102 81 50 70
internal_value=5.62809e-05 -0.00225593 -0.00103713 4.01493e-05 0.00616472 -0.00230751 -0.00952883 -0.0079572 -0.0126383 -0.0196951 0.000311261 0.00576906 0.00333355 0.000203172 -0.00298836 -0.0137833 -0.000179749 5.19608e-05 0.000369228 -0.00505379 0.000450776 -0.00371624 0.0119786 -0.00120296
internal_weight=21441 2122 1758 1559 432 1127 199 364 236 140 19319 365 308 18954 929 194 735 128 18025 258 17767 136 106 202
internal_count=21441 2122 1758 1559 432 1127 199 364 236 140 19319 365 308 18954 929 194 735 128 18025 258 17767 136 106 202
cat_boundaries=0 1 2 3 4 5 6 7
cat_threshold=16 10 8 1 40 6 12
is_linear=0
shrinkage=0.05


Tree=284
num_leaves=19
num_cat=3
split_feature=12 1 5 6 2 14 13 7 7 7 6 7 6 18 7 7 10 13
split_gain=2.96581 5.3908 7.1821 5.13627 2.63709 4.28409 10.586 5.71649 3.6548 3.59631 6.28947 5.35071 4.47923 3.01707 2.39923 2.27655 1.28201 0.759421
threshold=7.5000000000000009 0 15.500000000000002 0.077849927849927864 1 0.19375000000000003 3.5000000000000004 0.041666666666666657 0.064102564102564152 0.24032217782217782 0.19049210593328245 0.22222222222222227 0.20884532134532141 2 0.28599439775910368 0.024603174603174616 1.0000000180025095e-35 9.5000000000000018
decision_type=2 1 2 2 9 2 2 2 2 2 2 2 2 1 2 2 2 2
left_child=4 17 15 16 5 8 -7 -8 -1 11 -11 13 -13 -6 -12 -3 -4 -2
right_child=1 2 3 -5 9 6 7 -9 -10 10 14 12 -14 -15 -16 -17 -18 -19
leaf_value=0.0039747094837948678 0.010198693900284442 -0.0095289735775440938 0.0082576970402628951 -0.011656154294143475 0.0029824442666901451 -0.018128633529188171 0.015450646807165708 -0.00083895566343443896 0.018748762601980062 -0.0091386507041280787 0.0099581491871902801 -2.4919622180769683e-05 -0.0183817555706897 -0.00012824151525948197 0.0029325244346575562 -0.023817672190951215 -0.0016580906056333335 0.00168457923270762
leaf_weight=100 55 50 78 84 803 62 85 147 72 79 219 61 73 18904 273 63 56 50
leaf_count=100 55 50 78 84 803 62 85 147 72 79 219 61 73 18904 273 63 56 50
internal_value=4.54607e-05 -0.00403595 -0.00705229 -0.0019627 0.000130694 0.00380963 0.000224501 0.00512922 0.0101592 4.48163e-05 0.00395702 -6.77497e-05 -0.0100253 -4.22607e-08 0.00605978 -0.0174952 0.00411379 0.00561006
internal_weight=21314 436 331 218 20878 466 294 232 172 20412 571 19841 134 19707 492 113 134 105
internal_count=21314 436 331 218 20878 466 294 232 172 20412 571 19841 134 19707 492 113 134 105
cat_boundaries=0 1 2 3
cat_threshold=530 4 2
is_linear=0
shrinkage=0.05


Tree=285
num_leaves=23
num_cat=6
split_feature=16 14 2 13 6 6 6 8 6 6 12 4 14 15 6 3 2 12 6 11 6 8
split_gain=2.45761 6.80112 5.20795 7.79345 7.74958 9.19316 6.06453 4.84118 2.27496 5.95762 5.86065 5.45403 5.32973 5.29519 4.78966 4.52547 4.08473 5.42193 4.29308 3.5033 3.12199 2.70413
threshold=0 0.06458333333333334 1 1.5000000000000002 0.26469721727074674 0.24170951597422188 0.27859547859547862 411.60000000000008 0.091450216450216476 0.095243482008187899 1.5000000000000002 2 0.63068181818181823 3 0.080917366946778729 4 5 2.5000000000000004 0.033076563958916907 2.5000000000000004 0.093666355431061318 319.20000000000005
decision_type=9 2 9 2 2 2 2 2 2 2 2 1 2 9 2 9 9 2 2 2 2 2
left_child=1 -1 3 -3 5 -4 -5 -6 10 15 14 13 -13 -11 19 20 18 -18 -12 -2 -10 -17
right_child=8 2 4 6 7 -7 -8 -9 9 11 16 12 -14 -15 -16 21 17 -19 -20 -21 -22 -23
leaf_value=-0.011970801307602556 -0.0009299278253563708 0.019190995499491693 0.0026151862786452517 -0.00020334348414536796 0.023704604168851225 -0.015505415966941251 -0.012501872869297154 0.0071212653258866448 -0.0023357189951741636 0.0095377534713543058 -0.0035476192920024479 -7.9972782566312803e-05 -0.011796921122895212 0.00036478533444267528 -0.021850849260968686 0.0071499870736794237 0.0037519293548218136 -0.002221749518107833 0.0034467638329290628 -0.014371008639885247 0.010220628807713327 0.021896426028697125
leaf_weight=97 163 50 2512 2210 63 72 105 146 142 284 283 10061 98 352 51 58 435 2996 976 69 76 67
leaf_count=97 163 50 2512 2210 63 72 105 146 142 284 283 10061 98 352 51 58 435 2996 976 69 76 67
internal_value=0.000206069 0.00114385 0.00139269 -0.00033791 0.00284911 0.00211028 -0.00076116 0.0121201 -0.000100457 0.00029649 -0.0009897 9.0361e-05 -0.000192812 0.00454513 -0.00797728 0.00678384 -0.000568061 -0.00146012 0.00185978 -0.00492749 0.00195217 0.013939
internal_weight=21366 5255 5158 2365 2793 2584 2315 209 16111 11138 4973 10795 10159 636 283 343 4690 3431 1259 232 218 125
internal_count=21366 5255 5158 2365 2793 2584 2315 209 16111 11138 4973 10795 10159 636 283 343 4690 3431 1259 232 218 125
cat_boundaries=0 1 2 3 4 5 6
cat_threshold=100 141 8 6 5 28
is_linear=0
shrinkage=0.05


Tree=286
num_leaves=25
num_cat=8
split_feature=5 8 11 14 0 12 19 14 0 2 0 11 19 7 1 14 3 7 1 17 19 8 14 8
split_gain=3.40102 4.77512 11.235 6.03376 5.26753 3.60429 7.81476 4.68368 2.55846 16.5906 13.7671 9.9868 9.04255 9.0175 7.8206 4.71211 3.09326 4.61058 7.53554 7.01962 4.5399 7.60052 6.50002 1.34461
threshold=8.5000000000000018 513.75000000000011 1.0000000180025095e-35 0.16025641025641027 1850.0000000000002 2.5000000000000004 0 0.56696428571428581 1850.0000000000002 1 2250.0000000000005 1.5000000000000002 2 0.12736185383244211 3 0.40588235294117653 4 0.07612044817927173 5 6 7 443.05000000000007 0.26969696969696971 309.00000000000006
decision_type=2 2 2 2 2 2 1 2 2 9 2 2 1 2 1 2 9 2 1 1 1 2 2 2
left_child=1 3 -3 4 23 6 -5 -7 16 10 15 14 -13 -12 -11 -10 17 18 -2 -19 21 -18 -22 -1
right_child=8 2 -4 5 -6 7 -8 -9 9 11 13 12 -14 -15 -16 -17 20 19 -20 -21 22 -23 -24 -25
leaf_value=0.0072068215256005947 0.0064053715155835099 0.0071391113644644413 -0.021805394397327496 -0.0011466277389055384 -0.014079243185619515 -0.0029110292045346755 0.016372049528811324 0.0086270750826224676 0.0083684916919268375 0.0034336736205954192 -0.0002209157829492034 0.012906860305092244 -0.001724219840606655 -0.017178588465699082 -0.0069826053519510892 -4.0977187666364691e-05 -0.00060862726702347455 -0.003571778352306865 -0.0025264133485555945 0.010908607429888193 0.0015975121827242892 -0.0060068540247435152 -0.00083486077661446424 -0.003375737419208655
leaf_weight=71 336 73 62 102 75 172 180 180 686 200 286 126 467 108 1657 220 2454 118 734 269 4308 888 7578 52
leaf_count=71 336 73 62 102 75 172 180 180 686 200 286 126 467 108 1657 220 2454 118 734 269 4308 888 7578 52
internal_value=-0.000328853 0.00256863 -0.00615392 0.00398395 -0.00363534 0.00636348 0.0105754 0.00298914 -0.000465964 -0.00164607 0.00291092 -0.00405937 0.00157315 -0.00486921 -0.00587988 0.00632646 -0.000200733 0.00199245 0.000314586 0.00668298 -0.000411612 -0.00203689 4.6697e-05 0.00273289
internal_weight=21402 967 135 832 198 634 282 352 20435 3750 1300 2450 593 394 1857 906 16685 1457 1070 387 15228 3342 11886 123
internal_count=21402 967 135 832 198 634 282 352 20435 3750 1300 2450 593 394 1857 906 16685 1457 1070 387 15228 3342 11886 123
cat_boundaries=0 1 2 3 4 5 6 7 8
cat_threshold=48 18 2 128 12 608 2 10
is_linear=0
shrinkage=0.05


Tree=287
num_leaves=25
num_cat=7
split_feature=0 1 14 6 12 14 14 6 14 0 0 1 2 14 2 17 0 2 19 8 6 6 12 13
split_gain=6.03754 9.96053 7.40827 12.747 16.6045 7.40882 6.88718 11.0021 5.86851 5.35284 11.2593 11.3064 8.69565 6.79911 4.74201 9.48133 7.14641 10.7634 6.39286 5.41408 4.80427 4.41218 2.57383 5.634
threshold=2350.0000000000005 0 0.12916666666666668 0.23119119442648856 2.5000000000000004 0.48529411764705888 0.37980769230769235 0.13654091007032185 0.16025641025641027 1850.0000000000002 1950.0000000000002 1 2 0.36038961038961043 3 4 1750.0000000000002 5 6 487.60000000000008 0.32763630704807184 0.1428804855275444 2.5000000000000004 4.5000000000000009
decision_type=2 1 2 2 2 2 2 2 2 2 2 1 9 2 9 1 2 9 1 2 2 2 2 2
left_child=9 2 -2 5 -5 -4 8 -8 -3 14 22 13 -13 -12 15 18 19 -18 -1 -16 -17 -10 -11 -24
right_child=1 6 3 4 -6 -7 7 -9 21 10 11 12 -14 -15 16 20 17 -19 -20 -21 -22 -23 23 -25
leaf_value=0.0042853172141744684 -0.0077323747108337185 -0.010621533896131762 0.00048915295784408873 0.045760486255704357 0.011318571083073582 0.020087562757919755 0.0055147900040644939 -0.021008030667334147 -0.0050294341141674317 -0.0053806219415198416 0.00061004191073794466 0.0044829434433739249 -0.0040220084092240337 0.010666771537436696 -0.00055301607488465558 -0.0032254207629534323 0.0072441984830045741 0.0011659280549348638 -0.0013860041806655809 0.0024955088670427007 -0.013375393471991024 0.011724383746714969 -0.027170839514941553 -0.0080257975709367001
leaf_weight=880 58 58 217 52 107 62 68 92 53 93 425 349 1914 278 7524 1560 927 3330 1119 1806 126 152 65 94
leaf_count=880 58 58 217 52 107 62 68 92 53 93 425 349 1914 278 7524 1560 927 3330 1119 1806 126 152 65 94
internal_value=0.00020881 0.00417355 0.00888089 0.0112836 0.0225826 0.00484436 -0.00152017 -0.00973583 0.00342014 3.0987e-05 -0.00184129 -0.00097921 -0.00269642 0.00452262 0.000379816 -0.00120915 0.000811062 0.00250928 0.00111953 3.70843e-05 -0.00396047 0.00739291 -0.0119878 -0.0158524
internal_weight=21409 919 496 438 159 279 423 160 263 20490 3218 2966 2263 703 17272 3685 13587 4257 1999 9330 1686 205 252 159
internal_count=21409 919 496 438 159 279 423 160 263 20490 3218 2966 2263 703 17272 3685 13587 4257 1999 9330 1686 205 252 159
cat_boundaries=0 1 2 3 4 5 6 7
cat_threshold=541 192 144 18 5 8 9
is_linear=0
shrinkage=0.05


Tree=288
num_leaves=12
num_cat=2
split_feature=7 7 14 1 14 7 0 0 1 6 14
split_gain=4.33769 3.29326 5.73192 8.40065 9.7116 4.52699 3.96528 9.47365 5.54184 1.99494 1.77219
threshold=0.38006535947712422 0.24032217782217782 0.16025641025641027 0 0.30384615384615393 0.2334087481146305 2550.0000000000005 2450.0000000000005 1 0.26672608437314327 0.25833333333333336
decision_type=2 2 2 1 2 2 2 2 1 2 2
left_child=1 5 9 4 -4 6 7 -1 -8 -3 -5
right_child=-2 2 3 10 -6 -7 8 -9 -10 -11 -12
leaf_value=6.7896881128605858e-05 -0.011387804861566644 0.021097241398791655 -0.0015986181960725193 -0.0012064316417448797 0.018541977379041223 -0.014990699828602376 -0.0013614539493370307 -0.015676303625029201 0.012986276825623852 0.0081343975796980758 -0.012710106120187234
leaf_weight=20239 82 51 141 52 104 50 133 96 130 71 94
leaf_count=20239 82 51 141 52 104 50 133 96 130 71 94
internal_value=8.98307e-05 0.000134307 0.00409157 0.00113932 0.00667828 3.59887e-05 7.24648e-05 -6.4303e-06 0.00617259 0.0135533 -0.0080608
internal_weight=21243 21161 513 391 245 20648 20598 20335 263 122 146
internal_count=21243 21161 513 391 245 20648 20598 20335 263 122 146
cat_boundaries=0 1 2
cat_threshold=728 769
is_linear=0
shrinkage=0.05


Tree=289
num_leaves=27
num_cat=5
split_feature=19 6 2 0 8 6 7 2 7 0 1 0 8 0 0 5 3 12 8 12 0 12 6 11 9 9
split_gain=3.6879 6.50783 6.16358 4.50435 7.53262 12.9755 6.1477 4.24963 3.62852 3.37048 9.21833 10.1677 18.6662 7.9851 5.83318 4.64127 6.61647 6.24278 3.30995 3.27821 4.85438 3.16372 2.04529 1.83717 1.47934 0.0363123
threshold=0 0.037436868686868692 1 1650.0000000000002 357.60000000000008 0.39230363862716805 0.045133053221288529 2 0.013369473663591315 1450.0000000000002 3 1350.0000000000002 513.75000000000011 1550.0000000000002 1250.0000000000002 15.500000000000002 4 7.5000000000000009 381.20000000000005 5.5000000000000009 1350.0000000000002 4.5000000000000009 0.023870573870573873 1.5000000000000002 1.0000000180025095e-35 1.0000000180025095e-35
decision_type=1 2 9 2 2 2 2 9 2 2 1 2 2 2 2 2 9 2 2 2 2 2 2 2 2 2
left_child=1 2 24 7 5 -5 -6 18 -9 10 11 14 -13 -11 -2 17 -17 -15 -3 21 -21 -12 23 -4 -1 -24
right_child=9 3 22 4 6 -7 -8 8 -10 13 19 12 -14 15 -16 16 -18 -19 -20 20 -22 -23 25 -25 -26 -27
leaf_value=-0.020451965334796113 0.0026480370638593278 0.0011644684505628664 -0.0053481067689389395 0.0083492167235213535 0.0038297145981286383 -0.0013736385026814027 -0.0040155979587449021 0.0014362431393259618 -0.0024660533377961254 -0.016278789693742624 -0.00033080559296330881 0.015265684472290115 -0.0038742194953121489 0.00043608764277417822 -0.0089708277113878954 0.00023797446011059511 -0.0042820054403035152 -0.01679792475814158 0.010069616691267888 -0.0007446573801961335 -0.0091495410092534753 0.0033559905800603566 -0.0079466995728366529 0.0036154834105345973 -0.0088694079103423095 -0.0060598956585368692
leaf_weight=60 639 230 78 1156 506 488 493 1333 1077 81 2737 414 184 6144 130 1608 1627 53 191 654 233 739 51 214 51 51
leaf_count=60 639 230 78 1156 506 488 493 1333 1077 81 2737 414 184 6144 130 1608 1627 53 191 654 233 739 51 214 51 51
internal_value=0.000343354 0.00139455 -0.00403412 0.00189792 0.00338233 0.00546311 -4.18961e-05 0.00051208 -0.000306375 -6.98428e-05 0.000888104 0.0044539 0.00937648 -0.00064692 0.00068386 -0.000512677 -0.00204779 0.000288693 0.00508382 -0.00023878 -0.00295248 0.00045301 -0.000885582 0.0012211 -0.0138798 -0.0070033
internal_weight=21222 5979 505 5474 2643 1644 999 2831 2410 15243 5730 1367 598 9513 769 9432 3235 6197 421 4363 887 3476 394 292 111 102
internal_count=21222 5979 505 5474 2643 1644 999 2831 2410 15243 5730 1367 598 9513 769 9432 3235 6197 421 4363 887 3476 394 292 111 102
cat_boundaries=0 1 2 3 4 5
cat_threshold=14 144 16 21 10
is_linear=0
shrinkage=0.05


Tree=290
num_leaves=26
num_cat=7
split_feature=6 19 3 1 14 1 5 13 6 5 10 0 5 11 0 6 14 1 3 5 0 0 6 13 17
split_gain=3.59953 9.99778 9.5712 8.23118 8.14196 5.95207 5.69705 5.26067 9.10304 5.17015 5.44184 4.87022 4.65674 4.4669 4.44486 10.4567 6.78704 3.24919 4.1834 9.6435 4.83541 3.93052 4.62082 4.50997 2.77469
threshold=0.15802514478985072 0 1 2 0.55050505050505061 3 16.500000000000004 1.5000000000000002 0.11670274170274171 11.500000000000002 1.0000000180025095e-35 1750.0000000000002 13.500000000000002 1.0000000180025095e-35 2150.0000000000005 0.26191863691863698 0.32291666666666669 4 5 11.500000000000002 1750.0000000000002 1250.0000000000002 0.14989531166001757 6.5000000000000009 6
decision_type=2 1 9 1 2 1 2 2 2 2 2 2 2 2 2 2 2 1 9 2 2 2 2 2 1
left_child=7 2 3 11 -5 14 13 8 -1 10 -4 -2 -11 -7 16 -16 -3 18 20 -20 -9 22 -19 -23 -8
right_child=1 5 9 4 -6 6 24 17 -10 12 -12 -13 -14 -15 15 -17 -18 21 19 -21 -22 23 -24 -25 -26
leaf_value=0.0016535627272807889 0.0075484498979045403 0.00074209600119754633 -0.019122416686869283 0.0068048359097157562 0.024288955143928318 0.00028261147170146456 -0.0033242036575904573 -0.0029044856056170917 -0.021604401311731039 0.01394530330851142 -0.0010679423434250966 -0.0021288466666003728 -0.0043421789634284442 -0.0042016724562383449 -0.016612234268616015 0.0055977574008561314 0.0068902528817729918 0.0011949947471656616 -0.025138495540103091 -0.0031220852811131533 0.0051014147186380305 -0.0013028194739557483 0.014765457818430151 0.0015532144294119091 -0.013466775623881926
leaf_weight=90 183 2422 85 1071 71 1953 175 419 79 56 82 449 92 776 107 105 551 3159 52 1143 343 5777 64 1817 130
leaf_count=90 183 2422 85 1071 71 1953 175 419 79 56 82 449 92 776 107 105 551 3159 52 1143 343 5777 64 1817 130
internal_value=6.66632e-05 0.000878881 0.00386207 0.00529036 0.00782335 -0.000129193 -0.0017112 -0.000454693 -0.0092185 -0.00409699 -0.0102573 0.000662795 0.00257741 -0.000992509 0.00137845 -0.005612 0.00188156 -0.000338747 -0.0022079 -0.00404626 0.000690163 1.45749e-06 0.00146447 -0.000619462 -0.00819779
internal_weight=21251 8308 2089 1774 1142 6219 3034 12943 169 315 167 632 148 2729 3185 212 2973 12774 1957 1195 762 10817 3223 7594 305
internal_count=21251 8308 2089 1774 1142 6219 3034 12943 169 315 167 632 148 2729 3185 212 2973 12774 1957 1195 762 10817 3223 7594 305
cat_boundaries=0 1 2 3 4 5 6 7
cat_threshold=33 3 389 279 32 6 2
is_linear=0
shrinkage=0.05


Tree=291
num_leaves=23
num_cat=1
split_feature=6 13 6 7 0 6 8 14 8 14 7 7 8 4 7 6 14 12 14 6 7 0
split_gain=2.84447 10.8902 5.37825 8.48618 6.38353 4.04766 3.56313 3.51396 5.99537 4.05288 3.28554 8.95541 10.6261 5.25587 6.9826 4.76026 6.72027 10.5102 6.53881 5.28936 4.5947 1.54721
threshold=0.1555911680911681 1.5000000000000002 0.15282356532356536 0.077844622697563884 1650.0000000000002 0.13438674615145207 381.20000000000005 0.26969696969696971 407.20000000000005 0.2817460317460318 0.18764140271493215 0.17579087579087585 381.20000000000005 0 0.15765692640692644 0.19874014874014875 0.19375000000000003 2.5000000000000004 0.06458333333333334 0.28243746993746999 0.15915854978354979 1750.0000000000002
decision_type=2 2 2 2 2 2 2 2 2 2 2 2 2 1 2 2 2 2 2 2 2 2
left_child=1 5 7 4 -4 6 -1 8 -3 -9 11 13 -13 14 -2 16 -12 -18 -17 -20 -15 -5
right_child=10 2 3 21 -6 -7 -8 9 -10 -11 15 12 -14 20 -16 18 17 -19 19 -21 -22 -23
leaf_value=-0.00036270847472433861 0.0022529576976422602 -0.00043759849708200005 -0.0051966637869167035 0.0083309677532977522 -0.027716437758734593 -0.02491279495521807 -0.018017927361834867 -0.0072334492851708404 0.0045022790300256179 -0.00065325542434827586 0.0057028622300901886 0.0015913664268933842 0.030608531057157301 5.2027608164191792e-05 0.018657920773683199 -0.014842183718990001 -0.026801784355919085 -0.0036214809810895645 0.0045146749386626378 -0.0035263964669520749 -0.0089199278334972966 -0.0038129243817107347
leaf_weight=65 2035 1848 61 54 65 52 51 240 920 9369 71 74 55 4878 67 70 77 134 477 358 147 51
leaf_count=65 2035 1848 61 54 65 52 51 240 920 9369 71 74 55 4878 67 70 77 134 477 358 147 51
internal_value=-0.000204413 -0.000675021 -0.000506513 -0.00806559 -0.016814 -0.0133212 -0.00812492 -0.000365433 0.00120427 -0.000817606 0.000507714 0.000906648 0.013963 0.000670326 0.00276271 -0.00193093 -0.00760324 -0.0120806 -0.000163429 0.00106713 -0.000210018 0.00243251
internal_weight=21219 12776 12608 231 126 168 116 12377 2768 9609 8443 7256 129 7127 2102 1187 282 211 905 835 5025 105
internal_count=21219 12776 12608 231 126 168 116 12377 2768 9609 8443 7256 129 7127 2102 1187 282 211 905 835 5025 105
cat_boundaries=0 1
cat_threshold=18
is_linear=0
shrinkage=0.05


Tree=292
num_leaves=31
num_cat=8
split_feature=1 0 0 3 12 11 6 0 0 2 0 6 16 6 6 7 19 0 1 5 11 8 5 7 7 6 6 1 16 13
split_gain=2.91965 6.28087 9.5326 8.39868 6.89693 6.62182 5.41787 4.9734 14.744 29.7551 18.6054 7.5852 7.16758 10.9125 10.4922 8.01455 6.5184 5.99978 7.74393 4.96547 4.52254 4.12122 3.94043 10.3264 7.04752 3.5165 3.38241 2.95013 2.91807 2.52476
threshold=0 1550.0000000000002 1350.0000000000002 1 6.5000000000000009 1.0000000180025095e-35 0.094459298871063593 1550.0000000000002 1350.0000000000002 2 1250.0000000000002 0.16285822021116142 3 0.29995791245791253 0.15802514478985072 0.057212885154061643 4 1650.0000000000002 5 15.500000000000002 1.5000000000000002 592.30000000000007 14.500000000000002 0.079334554334554344 0.04443530325883268 0.22414021164021167 0.092110177404295071 6 7 6.5000000000000009
decision_type=1 2 2 9 2 2 2 2 2 9 2 2 9 2 2 2 1 2 1 2 2 2 2 2 2 2 2 1 9 2
left_child=1 2 20 6 22 -6 -4 8 10 26 27 -12 13 14 -9 -15 -11 21 -19 -7 29 -14 23 -3 -24 -5 -10 -2 -22 -1
right_child=7 4 3 25 5 19 -8 12 9 16 11 -13 17 15 -16 -17 -18 18 -20 -21 28 -23 24 -25 -26 -27 -28 -29 -30 -31
leaf_value=0.0055729731756342903 0.0038491220000514549 -0.002090216003256872 0.0088396556821934303 -0.0050657690056809326 0.024252730188891292 0.016229707485064866 -0.0024219034115604233 -0.00025748419616379445 0.0081338527929727678 0.0062207977887416312 -0.0099642087306295122 -0.032509551274607772 -0.0056132572700344358 -0.025455474997648882 0.0069765805467878559 -0.00230759396723917 -0.0037808247791830899 0.00064182584894897704 -0.0032381866619856578 -0.0047286585406758471 0.00049580753903221884 0.0037706204198457273 0.0084792977050001783 0.0043351277715829332 0.00074286742923348884 -0.013608087167745163 0.015252056684945997 -0.00062941258907861682 -0.0087147407859949205 -0.0020213898985933228
leaf_weight=692 403 1529 178 904 66 50 267 1619 270 205 126 53 1362 63 726 92 669 2704 2441 65 335 128 508 1058 700 139 437 3345 106 130
leaf_count=692 403 1529 178 904 66 50 267 1619 270 205 126 53 1362 63 726 92 669 2704 2441 65 335 128 508 1058 700 139 437 3345 106 130
internal_value=-4.03209e-05 0.000821228 -0.00101429 -0.00372592 0.00209329 0.0116287 0.00203695 -0.000436379 0.000750017 0.00482706 -0.00089139 -0.0166396 -0.0011522 0.00112834 0.00198215 -0.0117161 -0.00139107 -0.00201016 -0.00120406 0.00438367 0.00218041 -0.00480713 0.0016385 0.000537543 0.00399627 -0.00614528 0.0123588 -0.000139272 -0.00190444 0.00437192
internal_weight=21370 6727 2751 1488 3976 181 445 14643 5508 1581 3927 179 9135 2500 2345 155 874 6635 5145 115 1263 1490 3795 2587 1208 1043 707 3748 441 822
internal_count=21370 6727 2751 1488 3976 181 445 14643 5508 1581 3927 179 9135 2500 2345 155 874 6635 5145 115 1263 1490 3795 2587 1208 1043 707 3748 441 822
cat_boundaries=0 1 2 3 4 5 6 7 8
cat_threshold=321 2 144 42 40 560 128 1
is_linear=0
shrinkage=0.05


Tree=293
num_leaves=22
num_cat=5
split_feature=16 2 14 5 12 15 6 0 0 6 12 6 14 0 12 15 5 4 14 14 14
split_gain=3.20829 5.57801 7.56669 5.80963 5.92206 4.80235 4.69697 4.54329 20.7042 7.44864 12.9231 6.0068 5.48902 3.87989 3.72133 2.87549 3.3419 1.93911 2.43765 2.16859 0.674162
threshold=0 1 0.07417582417582419 9.5000000000000018 1.5000000000000002 2 0.26469721727074674 1250.0000000000002 1350.0000000000002 0.092595585242644093 1.5000000000000002 0.14077186430127608 0.19375000000000003 1750.0000000000002 5.5000000000000009 3 15.500000000000002 4 0.41421568627450983 0.63961038961038974 0.35504201680672276
decision_type=9 9 2 2 2 9 2 2 2 2 2 2 2 2 2 9 2 1 2 2 2
left_child=1 3 -3 -1 -5 13 -7 15 12 10 -10 -11 -9 -4 -6 16 -2 18 -17 -19 -14
right_child=7 2 5 4 14 6 -8 8 9 11 -12 -13 20 -15 -16 17 -18 19 -20 -21 -22
leaf_value=-0.012059870369180485 -0.01273596297371735 -0.014519623017860859 0.00057158810503558433 0.018305002051095167 0.0020610148430228402 -0.0004703181348924394 0.0062830055413915092 -0.030500241491913063 -0.015081021336692514 0.002081355936619391 -0.0020076451095833109 -0.0007861661518621145 -0.0074749730271743801 0.016790744817883865 0.008827783508305027 0.0013805088238231838 0.0018180055963488196 0.00089002913711897424 0.0066018588253124724 -0.006757588148563325 -0.015604816041156358
leaf_weight=54 82 87 67 75 803 3486 278 61 204 2495 2576 6814 51 82 272 625 76 2694 348 96 51
leaf_count=54 82 87 67 75 803 3486 278 61 204 2495 2576 6814 51 82 272 625 76 2694 348 96 51
internal_value=-0.000112728 0.000966028 6.46077e-05 0.00393558 0.00472089 0.000389032 2.83907e-05 -0.000460154 -0.000934522 -0.000695854 -0.00296699 -1.76123e-05 -0.0186355 0.00890024 0.00377316 0.00102094 -0.00539393 0.00130116 0.00321492 0.000624646 -0.0115399
internal_weight=21377 5204 4000 1204 1150 3913 3764 16173 12252 12089 2780 9309 163 149 1075 3921 158 3763 973 2790 102
internal_count=21377 5204 4000 1204 1150 3913 3764 16173 12252 12089 2780 9309 163 149 1075 3921 158 3763 973 2790 102
cat_boundaries=0 1 2 3 4 5
cat_threshold=40 260 8 8 28
is_linear=0
shrinkage=0.05


Tree=294
num_leaves=26
num_cat=10
split_feature=5 1 7 12 19 19 5 7 1 5 7 6 19 19 17 1 1 12 6 15 14 14 5 11 7
split_gain=3.94264 7.57573 6.93566 10.5498 10.6263 4.43854 5.39854 5.23845 3.44667 5.33723 6.38 9.60827 6.23103 4.50871 4.68222 11.3227 11.0167 4.22785 4.22639 3.66736 4.18169 3.92145 3.23819 2.85831 0.833745
threshold=8.5000000000000018 0 0.090860528360528395 3.5000000000000004 1 2 7.5000000000000009 0.15765692640692644 3 14.500000000000002 0.014044289044289048 0.069864612511671351 4 5 6 7 8 1.0000000180025095e-35 0.27306547619047622 9 0.31009615384615391 0.67708333333333337 13.500000000000002 1.0000000180025095e-35 0.038482106129164965
decision_type=2 1 2 2 1 1 2 2 1 2 2 2 1 1 1 1 1 2 2 9 2 2 2 2 2
left_child=1 23 3 4 -3 6 -4 -7 9 10 12 -12 -2 14 16 -16 -10 22 -19 21 -21 -11 -15 -1 -5
right_child=8 2 5 24 -6 7 -8 -9 13 19 11 -13 -14 17 15 -17 -18 18 -20 20 -22 -23 -24 -25 -26
leaf_value=0.0085704217884032177 -0.0062366795908470139 0.0026037328273934481 0.0010608443603170722 0.015600698670771504 -0.014179779490741838 0.010386438669531414 0.016548122537133645 -0.010515609869490499 -0.0066898077111314409 -0.00017935067095536047 -0.007939120778610231 0.0016944933477734488 0.0063450044360650109 0.018087686356483845 0.0023939626172983222 -0.0062935471191777493 0.0017636884849171004 0.00026542955140082856 -0.0052516844241586175 -0.00014265261027264777 -0.011159945483717799 0.013742117839408855 0.00065395562909543515 0.025310384422796324 0.0067638093633600061
leaf_weight=51 103 177 89 56 192 53 153 69 509 6207 288 2555 1011 57 515 1354 1488 5394 371 179 166 51 50 51 51
leaf_count=51 103 177 89 56 192 53 153 69 509 6207 288 2555 1011 57 515 1354 1488 5394 371 179 166 51 50 51 51
internal_value=4.40563e-05 0.00320624 0.00152042 -0.0024345 -0.00644287 0.00673402 0.0104217 -0.00132648 -0.000102696 0.0005228 0.00197535 0.000718594 0.00518268 -0.000780727 -0.00210464 -0.00389972 -0.000413555 9.30037e-05 -8.9618e-05 -0.000346883 -0.00529038 -6.57916e-05 0.00994108 0.0154279 0.0113887
internal_weight=21240 942 840 476 369 364 242 122 20298 10560 3957 2843 1114 9738 3866 1869 1997 5872 5765 6603 345 6258 107 102 107
internal_count=21240 942 840 476 369 364 242 122 20298 10560 3957 2843 1114 9738 3866 1869 1997 5872 5765 6603 345 6258 107 102 107
cat_boundaries=0 1 2 3 4 5 6 7 8 9 10
cat_threshold=44 44 7 240 32 9 4 513 513 11
is_linear=0
shrinkage=0.05


Tree=295
num_leaves=20
num_cat=3
split_feature=0 14 3 9 14 6 6 0 14 6 14 13 14 14 4 8 6 2 14
split_gain=6.24226 7.87433 6.80957 5.70854 4.67614 5.73273 4.5588 5.8417 5.23276 5.2143 9.6116 4.54398 7.74758 5.30424 4.01471 3.87773 3.83873 3.5476 2.17251
threshold=2350.0000000000005 0.59411764705882364 0 1.0000000180025095e-35 0.41421568627450983 0.13314102156013924 0.24170951597422188 2150.0000000000005 0.55050505050505061 0.16584249084249086 0.060661764705882359 5.5000000000000009 0.43303571428571436 0.42261904761904767 1 411.60000000000008 0.16285822021116142 2 0.31009615384615391
decision_type=2 2 9 2 2 2 2 2 2 2 2 2 2 2 1 2 2 9 2
left_child=6 2 4 18 17 -6 9 8 14 10 -1 13 -13 -11 -8 -9 -12 -2 -4
right_child=1 -3 3 -5 5 -7 7 15 -10 11 16 12 -14 -15 -16 -17 -18 -19 -20
leaf_value=-0.019197919011227232 0.0035784465318470732 0.022334007847715512 -0.0067764433795365238 -0.019731073802190455 0.0094060913779802861 -0.010098984439779695 -0.0063514813384685084 -0.0050399688442643639 -0.017002401801423647 0.00058138828375561044 -0.00011209626766831802 0.014988922520284678 0.00096196097759369381 0.008692997256740418 -0.00067910365986980758 -0.022567033500603909 -0.0075255388597889388 0.012294971743453993 0.0069108162369383016
leaf_weight=67 313 55 59 54 62 96 333 78 53 2527 12972 171 232 219 3543 53 177 209 57
leaf_count=67 313 55 59 54 62 96 333 78 53 2527 12972 171 232 219 3543 53 177 209 57
internal_value=-6.44997e-05 0.00399902 0.00281264 -0.00595206 0.00501755 -0.00244509 -0.000244548 -0.00174426 -0.00139795 0.000127517 -0.000308141 0.00195593 0.00691385 0.00122831 -0.00118458 -0.0121311 -0.000211889 0.00737248 -5.08072e-05
internal_weight=21330 905 850 170 680 158 20425 4060 3929 16365 13216 3149 403 2746 3876 131 13149 522 116
internal_count=21330 905 850 170 680 158 20425 4060 3929 16365 13216 3149 403 2746 3876 131 13149 522 116
cat_boundaries=0 1 2 3
cat_threshold=3 4 10
is_linear=0
shrinkage=0.05


Tree=296
num_leaves=24
num_cat=8
split_feature=0 0 6 6 19 4 15 14 3 1 6 14 6 6 6 6 6 19 14 6 1 13 3
split_gain=3.46059 20.8207 5.28283 9.36381 6.39938 5.58715 5.29444 4.86959 3.91812 5.81573 3.8401 3.71537 3.46089 3.08218 11.1001 2.586 3.51178 4.04871 2.70565 2.11793 2.06654 2.61967 2.03913
threshold=1250.0000000000002 1350.0000000000002 0.10023252890899952 0.10570940497411087 0 1 2 0.69615384615384623 3 4 0.31378205128205133 0.19375000000000003 0.068315018315018322 0.34438339438339438 0.20000000000000004 0.075040849673202625 0.053455687830687833 5 0.25833333333333336 0.16005096483037662 6 6.5000000000000009 7
decision_type=2 2 2 2 1 1 9 2 9 1 2 2 2 2 2 2 2 1 2 2 1 2 9
left_child=8 11 6 5 -5 -4 12 -8 9 13 19 -2 -3 14 -1 16 17 -10 -18 -11 21 -17 -22
right_child=1 2 3 4 -6 -7 7 -9 15 10 -12 -13 -14 -15 -16 20 18 -19 -20 -21 22 -23 -24
leaf_value=-0.00041746130499416474 -0.028735046117598639 0.014602038720849812 -0.0009703651947133682 0.0025641848825022138 -0.00061985404834548233 0.012084574598364185 -0.0023684648329349001 0.0065604492367681445 0.001310763053360384 0.0042244646741141654 0.014258032171362704 -0.012798678750851937 -0.00065423434408491156 -0.0079851111945102062 0.022934638632391143 -0.0011278715423265501 -0.0046959683597790746 -0.0078181072230442128 0.0077324910411363593 -0.0030012468773533002 -0.0027338660420499574 0.011016274299472571 -0.01000794325636889
leaf_weight=1277 58 82 126 1903 9003 248 4551 158 488 1299 91 99 68 116 53 397 53 151 252 110 519 50 118
leaf_count=1277 58 82 126 1903 9003 248 4551 158 488 1299 91 99 68 116 53 397 53 151 252 110 519 50 118
internal_value=-0.000213357 -0.000565707 -0.000389433 0.00020429 -6.24848e-05 0.00798356 -0.00176774 -0.00206449 0.000941024 0.00210118 0.00427478 -0.018686 0.0072055 -0.000167469 0.000513111 -0.00075095 0.00115863 -0.000948287 0.00557279 0.00366036 -0.00242083 0.00022549 -0.0042152
internal_weight=21270 16296 16139 11280 10906 374 4859 4709 4974 2946 1500 157 150 1446 1330 2028 944 639 305 1409 1084 447 637
internal_count=21270 16296 16139 11280 10906 374 4859 4709 4974 2946 1500 157 150 1446 1330 2028 944 639 305 1409 1084 447 637
cat_boundaries=0 1 2 3 4 5 6 7 8
cat_threshold=34 2 8 9 44 49 14 2
is_linear=0
shrinkage=0.05


Tree=297
num_leaves=24
num_cat=5
split_feature=12 6 2 6 6 17 0 7 2 0 17 12 7 6 5 17 7 0 7 8 6 6 7
split_gain=4.36403 8.36086 4.01166 8.78494 8.53796 7.43397 5.36467 5.22977 3.66349 8.38961 7.1193 7.30669 6.80796 7.49325 3.50703 3.28605 5.66757 5.94813 5.94043 4.67553 8.92424 4.141 2.92932
threshold=3.5000000000000004 0.33338001867413636 0 0.206387403446227 0.20493464868464872 1 2050.0000000000005 0.1167748917748918 2 1750.0000000000002 3 2.5000000000000004 0.16666666666666674 0.13071911748382339 9.5000000000000018 4 0.070550527903469093 1950.0000000000002 0.035323826500297091 513.75000000000011 0.32260737628384689 0.17321682946682945 0.10836247086247087
decision_type=2 2 9 2 2 1 2 2 9 2 1 2 2 2 2 1 2 2 2 2 2 2 2
left_child=8 2 4 7 6 -5 -2 -4 9 12 11 -11 13 -1 -12 16 18 -18 -10 21 -21 -17 -6
right_child=1 -3 3 5 22 -7 -8 -9 15 10 14 -13 -14 -15 -16 19 17 -19 -20 20 -22 -23 -24
leaf_value=0.0053394966398886707 -0.000951241826232566 -0.015930010563553018 0.0011884929253648427 -0.0018629616497491952 -0.0074164708274579846 0.010098032464609861 0.012549552081951075 -0.0032038809817035254 -0.0017570969123223994 -0.0067666726215717806 -0.016881343377686112 0.012839896251765513 0.017788889419884896 -0.005037596334268357 -0.0076411473110570899 -0.00059387664043716697 -0.0088564279072272465 0.0048709261334060061 0.0076615612894137281 -0.0014114468465760031 -0.016455680256486579 0.0018818894823416331 -0.021778620382870682
leaf_weight=295 1657 76 6325 182 97 459 77 759 1598 113 137 82 53 424 410 4252 466 95 187 626 117 2802 56
leaf_count=295 1657 76 6325 182 97 459 77 759 1598 113 137 82 53 424 410 4252 466 95 187 626 117 2802 56
internal_value=-0.000195439 0.000588789 0.0007194 0.0012235 -0.00134364 0.0068304 -0.000351726 0.000717881 -0.000847202 -0.00313344 -0.00695064 0.00140604 0.000494847 -0.000779957 -0.00977669 -0.000502361 -0.002139 -0.00653183 -0.00077038 -7.81215e-06 -0.00378046 0.000389551 -0.0126732
internal_weight=21345 9688 9612 7725 1887 641 1734 7084 11657 1514 742 195 772 719 547 10143 2346 561 1785 7797 743 7054 153
internal_count=21345 9688 9612 7725 1887 641 1734 7084 11657 1514 742 195 772 719 547 10143 2346 561 1785 7797 743 7054 153
cat_boundaries=0 1 2 3 4 5
cat_threshold=132 4 20 4 1
is_linear=0
shrinkage=0.05


Tree=298
num_leaves=28
num_cat=9
split_feature=12 6 6 7 1 8 7 1 0 8 11 17 1 0 2 7 6 3 13 17 1 6 6 4 6 12 5
split_gain=2.77494 4.50734 10.1892 13.4239 8.34594 5.68856 5.24728 6.03905 4.58894 12.5382 4.06471 3.97796 3.966 3.73373 7.16387 6.88722 4.88312 7.80186 4.99886 4.29704 8.44403 7.962 5.38133 4.53511 4.11562 4.09931 1.19329
threshold=2.5000000000000004 0.060644910644910656 0.11270604395604397 0.016666666666666639 0 487.60000000000008 0.0078431372549019763 1 2350.0000000000005 292.50000000000006 1.5000000000000002 2 3 1850.0000000000002 4 0.058379120879120887 0.069563279857397506 5 6.5000000000000009 6 7 0.29995791245791253 0.26191863691863698 8 0.19049210593328245 3.5000000000000004 15.500000000000002
decision_type=2 2 2 2 1 2 2 1 2 2 2 1 1 2 9 2 2 9 2 1 1 2 2 1 2 2 2
left_child=1 5 3 12 -5 6 7 -1 11 -10 -8 -4 -3 19 15 -15 17 -16 -18 22 21 -21 23 -2 -17 -22 -7
right_child=13 2 8 4 -6 26 10 -9 9 -11 -12 -13 -14 14 16 24 18 -19 -20 20 25 -23 -24 -25 -26 -27 -28
leaf_value=0.0034773167937150241 0.0033678113611133893 0.012459229353088432 0.0041883012894971426 0.0004850307250197864 -0.010524302407798045 0.020898824047225602 -0.0018593312180066697 -0.010528380402728268 0.027472483247640678 0.0019975435145295644 0.013524677064430356 0.00032874155614374137 -0.0002052476826014805 -0.0010459680625415863 -0.012543569033923931 -0.010808162569110075 -0.0015566440588358661 0.0042137104885753346 0.0051455469195124089 0.00084265940273851577 -0.0045761768088009918 0.020563014557410497 0.017467441450000978 -0.00025374458497566922 -0.029358261701202506 -0.0011934954481642177 0.010080588772892952
leaf_weight=224 1378 113 769 254 561 52 61 105 61 232 145 4710 133 94 203 67 1691 101 333 3261 1288 52 51 2295 54 2940 50
leaf_count=224 1378 113 769 254 561 52 61 105 61 232 145 4710 133 94 203 67 1691 101 333 3261 1288 52 51 2295 54 2940 50
internal_value=-2.44033e-05 0.000751909 0.000376907 -0.00412648 -0.00721635 0.0047745 0.00271138 -0.0012069 0.00120471 0.0073012 0.00896922 0.000878691 0.0061103 -0.000444381 -0.00217487 -0.0107014 -0.0013357 -0.00725019 -0.000453961 -5.37348e-05 -0.000739744 0.00114872 0.00133382 0.00111343 -0.0190867 -0.00221873 0.0155958
internal_weight=21278 7470 6833 1061 815 637 535 329 5772 293 206 5479 246 13808 2543 215 2328 304 2024 11265 7541 3313 3724 3673 121 4228 102
internal_count=21278 7470 6833 1061 815 637 535 329 5772 293 206 5479 246 13808 2543 215 2328 304 2024 11265 7541 3313 3724 3673 121 4228 102
cat_boundaries=0 1 2 3 4 5 6 7 8 9
cat_threshold=608 812 8 424 256 2 4 676 2
is_linear=0
shrinkage=0.05


Tree=299
num_leaves=31
num_cat=14
split_feature=1 4 3 17 1 7 1 15 1 2 7 2 0 7 2 7 11 3 17 0 19 11 0 13 13 0 11 7 13 12
split_gain=3.61901 5.7789 5.71843 6.19059 8.28617 6.90788 6.84561 5.48845 13.1193 6.51709 5.04355 4.31985 3.78424 3.66666 8.81841 4.93874 3.46863 4.8165 3.2326 2.77309 2.55741 5.88424 3.19217 2.37973 2.17244 3.82656 3.56058 1.49172 1.3275 1.1369
threshold=0 1 2 3 4 0.082478632478632491 5 6 7 8 0.1471224853577795 9 1550.0000000000002 0.096342627960275026 10 0.092232277526395193 2.5000000000000004 11 12 1750.0000000000002 13 1.0000000180025095e-35 1950.0000000000002 8.5000000000000018 5.5000000000000009 1075.0000000000002 1.5000000000000002 0.0041666666666666735 4.5000000000000009 4.5000000000000009
decision_type=1 1 9 1 1 2 1 9 1 9 2 9 2 2 9 2 2 9 1 2 1 2 2 2 2 2 2 2 2 2
left_child=1 18 3 6 5 -5 19 13 9 -9 -6 -10 -8 15 -15 -4 20 29 24 -2 21 -3 -22 -19 26 -26 -1 -20 -29 -18
right_child=2 16 7 4 10 -7 12 8 11 -11 -12 -13 -14 14 -16 -17 17 23 27 -21 22 -23 -24 -25 25 -27 -28 28 -30 -31
leaf_value=0.0085940114528366782 0.010515962234668193 0.017455679781480948 -0.00072996714079102336 0.021357032133598033 -0.0011401100614747415 -0.0022306826595148003 -0.0014183760920265156 0.0042213378479585501 -0.018154529792692272 -0.0089629780338732756 -0.012917863063005457 -0.0067807110841126743 0.0060299311592446709 0.0076044687901406019 6.075162561058241e-05 -0.012301233597099781 0.0049183366936380608 -0.013456422409982663 -0.0049590898013363287 0.026092353199591051 0.0014905434619871055 0.0012443920388454344 -0.0026573832711882495 -0.00077879276930117142 0.0029492912930436433 0.018300474707041405 -0.0060790934125488664 -0.002780683898252615 0.0065246455739530881 -0.0037567134572392595
leaf_weight=188 62 77 10904 73 574 54 258 437 114 109 108 439 503 436 2961 93 116 135 75 53 2021 205 602 51 64 111 53 57 117 56
leaf_count=188 62 77 10904 73 574 54 258 437 114 109 108 439 503 436 2961 93 116 135 75 53 2021 205 602 51 64 111 53 57 117 56
internal_value=-3.09678e-05 0.00133626 -0.000344182 0.0024136 -0.000745966 0.0105008 0.005307 -0.000645478 -0.00403549 0.00147544 -0.00296178 -0.00940622 0.00345929 -0.000384025 0.00105154 -0.000827824 0.000463076 -0.00417929 0.00555043 0.0162791 0.00103677 0.00547667 0.000536515 -0.0094711 0.00824786 0.0126863 0.00536715 0.000899432 0.00347635 0.00197885
internal_weight=21106 3928 17178 1685 809 127 876 15493 1099 546 682 553 761 14394 3397 10997 3263 358 665 115 2905 282 2623 186 416 175 241 249 174 172
internal_count=21106 3928 17178 1685 809 127 876 15493 1099 546 682 553 761 14394 3397 10997 3263 358 665 115 2905 282 2623 186 416 175 241 249 174 172
cat_boundaries=0 1 2 3 4 5 6 7 8 9 10 11 12 13 14
cat_threshold=517 28 12 5 64 32 35 330 400 10 8 2 10 2
is_linear=0
shrinkage=0.05


Tree=300
num_leaves=14
num_cat=4
split_feature=13 4 6 6 15 13 1 0 15 5 6 14 0
split_gain=4.33125 3.70155 4.49545 5.12618 4.31097 3.69712 3.17657 8.10183 8.03653 5.71039 4.31687 2.6104 1.98701
threshold=11.500000000000002 0 0.21826159951159954 0.29283380018674143 1 5.5000000000000009 2 1650.0000000000002 3 6.5000000000000009 0.066702741702741722 0.44949494949494956 1750.0000000000002
decision_type=2 1 2 2 9 2 1 2 9 2 2 2 2
left_child=1 2 4 -4 12 -6 7 10 -9 -8 -3 -11 -1
right_child=-2 6 3 -5 5 -7 9 8 -10 11 -12 -13 -14
leaf_value=-0.0013167034937288818 -0.013976060917431657 -0.0039583453464050976 0.018606317687656991 0.0011639829835394858 0.00075520838387698559 0.010911322337855306 0.014720650594831713 0.006988338942901292 0.0010733395204090724 -0.00016683132378657114 0.00039152082366379566 -0.0018433586981492891 -0.012296207279699748
leaf_weight=127 55 826 93 77 240 143 62 831 1850 12246 1843 2865 61
leaf_count=127 55 826 93 77 240 143 62 831 1850 12246 1843 2865 61
internal_value=3.7039e-05 7.32844e-05 0.00352103 0.010706 0.00144357 0.00443147 -5.28892e-05 0.000993579 0.00293682 -0.000422285 -0.000954672 -0.000484696 -0.00463278
internal_weight=21319 21264 741 170 571 383 20523 5350 2681 15173 2669 15111 188
internal_count=21319 21264 741 170 571 383 20523 5350 2681 15173 2669 15111 188
cat_boundaries=0 1 2 3 4
cat_threshold=16 4 193 38
is_linear=0
shrinkage=0.05


Tree=301
num_leaves=18
num_cat=6
split_feature=7 7 0 19 1 5 5 17 14 0 18 5 0 6 15 0 17
split_gain=2.85108 5.61858 5.44064 6.61236 8.13873 8.11453 11.0865 4.36853 3.9143 3.42641 3.25283 4.0153 5.27774 3.83344 8.36423 4.89157 3.20357
threshold=0.18168290043290045 0.17579087579087585 2450.0000000000005 0 1 11.500000000000002 10.500000000000002 2 0.29705882352941182 1650.0000000000002 3 15.500000000000002 2350.0000000000005 0.15802514478985072 4 1850.0000000000002 5
decision_type=2 2 2 1 1 2 2 1 2 2 1 2 2 2 9 2 1
left_child=1 10 3 4 8 6 -5 -7 -2 -6 11 12 -1 15 -15 -12 -13
right_child=2 -3 -4 5 9 7 -8 -9 -10 -11 13 16 -14 14 -16 -17 -18
leaf_value=0.0011294433126354223 -0.00039379218058177058 0.012187734597753134 -0.018235965273701228 -0.0056243579909076094 -0.0015673730984330178 0.00074397084404896391 -0.030501582628259295 -0.0094124733800636552 -0.014766459557998541 0.0080947868998054468 -0.00082941947825206303 0.0074557883385568862 0.011320016515226319 -0.010805264044328468 0.0017824757197021767 -0.004506640686287958 -0.0008242968616030803
leaf_weight=5608 104 93 52 144 125 425 65 131 87 345 5903 110 130 131 2081 1068 4555
leaf_count=5608 104 93 52 144 125 425 65 131 87 345 5903 110 130 131 2081 1068 4555
internal_value=-0.000231978 -7.29093e-05 -0.00234991 -0.00177062 0.0018944 -0.00489812 -0.0133613 -0.00180491 -0.00659521 0.00540996 -0.000131126 0.000474148 0.00136032 -0.000816441 0.000996209 -0.00139279 -0.000614838
internal_weight=21157 19679 1478 1426 661 765 209 556 191 470 19586 10403 5738 9183 2212 6971 4665
internal_count=21157 19679 1478 1426 661 765 209 556 191 470 19586 10403 5738 9183 2212 6971 4665
cat_boundaries=0 1 2 3 4 5 6
cat_threshold=35 292 10 6 4 8
is_linear=0
shrinkage=0.05


Tree=302
num_leaves=14
num_cat=3
split_feature=0 0 1 12 0 1 6 0 8 7 14 1 13
split_gain=6.02605 3.86341 7.66056 6.38898 4.57544 26.4492 9.60095 5.44786 19.8865 4.2853 3.2737 2.61318 2.19006
threshold=2800.0000000000005 2450.0000000000005 0 2.5000000000000004 2350.0000000000005 1 0.12189303071656014 2150.0000000000005 411.60000000000008 0.076906916612798984 0.43303571428571436 2 3.5000000000000004
decision_type=2 2 1 2 2 1 2 2 2 2 2 1 2
left_child=1 4 9 -4 7 6 -6 11 -9 -3 -5 -1 -7
right_child=-2 2 3 10 5 12 -8 8 -10 -11 -12 -13 -14
leaf_value=-0.00050239279449094574 0.017486412206431851 -0.0040482168167144204 -0.024326363862270401 -0.00014447218341992634 0.029557414783630522 -0.0077408159425156929 0.008274396080085282 0.0020384533490387367 -0.020234050228570902 0.015965026027212541 -0.015488917911249511 0.00066341662084457747 -0.02050603235838935
leaf_weight=7994 50 53 63 101 64 63 308 302 150 54 53 12027 72
leaf_count=7994 50 53 63 101 64 63 308 302 150 54 53 12027 72
internal_value=0.000148674 0.000107983 -0.00531021 -0.010432 0.000191658 0.00488379 0.0116235 7.54603e-05 -0.00535286 0.00553467 -0.00542535 0.000198012 -0.0135456
internal_weight=21354 21304 324 217 20980 507 372 20473 452 107 154 20021 135
internal_count=21354 21304 324 217 20980 507 372 20473 452 107 154 20021 135
cat_boundaries=0 1 2 3
cat_threshold=522 309 154
is_linear=0
shrinkage=0.05


Tree=303
num_leaves=30
num_cat=10
split_feature=14 1 19 5 15 1 7 7 12 7 7 1 11 3 12 0 1 14 5 5 1 18 7 0 1 0 11 0 0
split_gain=4.18899 5.1238 5.13243 4.25778 3.63804 3.41001 5.44608 4.40856 3.30261 3.15697 3.09003 6.13186 7.06944 6.76887 5.97678 5.80133 5.26319 5.12519 4.78337 15.1092 7.40583 6.91339 7.8542 4.18907 3.32952 2.4303 2.22561 5.48096 4.45357
threshold=0.12916666666666668 0 1 11.500000000000002 2 3 0.031795634920634926 0.080374649859943997 1.0000000180025095e-35 0.17579087579087585 0.033333333333333375 4 2.5000000000000004 5 7.5000000000000009 1550.0000000000002 6 0.38675213675213682 9.5000000000000018 10.500000000000002 7 8 0.01785714285714286 2550.0000000000005 9 1350.0000000000002 1.0000000180025095e-35 1650.0000000000002 1850.0000000000002
decision_type=2 1 1 2 9 1 2 2 2 2 2 1 2 9 2 2 1 2 2 2 1 1 2 2 1 2 2 2 2
left_child=1 3 9 4 -1 7 -7 -4 -6 25 18 13 14 17 -13 -15 -14 -12 21 20 -20 24 -23 -21 -2 -3 28 -28 -5
right_child=10 2 5 26 8 6 -8 -9 -10 -11 11 12 16 15 -16 -17 -18 -19 19 23 -22 22 -24 -25 -26 -27 27 -29 -30
leaf_value=0.012880705290625238 -0.0047473086329462297 0.00093072051142006711 -0.010513411202867117 -0.0012395080821420877 -0.0033913855096560069 -0.0024581320855892111 -0.017870673433709777 0.0098069462724322196 0.011713649045962555 0.0076051114319125191 0.012044928207248451 -0.00045123194127214309 0.00048745686187697006 0.0037817184221689026 -0.010928460561440883 -0.00076122816937934917 -0.01047053303967892 -0.00013373718018446006 0.0002431260021566822 0.00074967648194671161 0.017028358103924082 -0.020289328311466511 0.0032115512878967906 0.013916696485925896 0.0071901186795439572 -0.0037459171863964236 0.00046560104921959417 -0.019913545862771571 0.0078748617684587276
leaf_weight=107 101 369 56 916 119 89 161 51 52 80 250 6564 171 1028 139 2221 322 132 104 6207 213 108 53 61 115 1124 97 50 157
leaf_count=107 101 369 56 916 119 89 161 51 52 80 250 6564 171 1028 139 2221 322 132 104 6207 213 108 53 61 115 1124 97 50 157
internal_value=-2.73621e-05 -0.0016278 -0.00332119 0.000572299 0.00616035 -0.00867725 -0.0119075 -0.000757237 0.00113555 -0.00205848 0.000281047 -0.000247385 -0.001092 0.00142557 -0.000668498 0.000674108 -0.00687219 0.00763668 0.00110284 0.00141643 0.0120664 -0.00437459 -0.0118189 0.000877818 0.00164519 -0.00259007 -0.000696353 -0.00646608 9.4095e-05
internal_weight=21217 3428 1930 1498 278 357 250 107 171 1573 17789 10827 7196 3631 6703 3249 493 382 6962 6585 317 377 161 6268 216 1493 1220 147 1073
internal_count=21217 3428 1930 1498 278 357 250 107 171 1573 17789 10827 7196 3631 6703 3249 493 382 6962 6585 317 377 161 6268 216 1493 1220 147 1073
cat_boundaries=0 1 2 3 4 5 6 7 8 9 10
cat_threshold=92 56 10 259 656 12 69 555 10 448
is_linear=0
shrinkage=0.05


Tree=304
num_leaves=23
num_cat=9
split_feature=4 0 12 7 7 13 19 14 7 7 1 13 11 7 0 1 16 19 0 1 1 1
split_gain=5.43955 5.83827 4.86971 6.06507 6.13778 4.70148 4.20128 7.37721 4.05996 8.84594 4.74224 6.30935 4.7929 3.37644 3.21701 8.55595 8.48945 6.90723 5.16326 10.0115 5.6299 2.93008
threshold=0 1850.0000000000002 5.5000000000000009 0.045133053221288529 0.0054210495386965993 7.5000000000000009 1 0.30384615384615393 0.20933706816059761 0.21478174603174607 2 4.5000000000000009 1.5000000000000002 0.066550116550116584 1650.0000000000002 3 4 5 1450.0000000000002 6 7 8
decision_type=1 2 2 2 2 2 1 2 2 2 1 2 2 2 2 1 9 1 2 1 1 1
left_child=1 2 6 4 -4 -5 7 -1 14 -10 11 -11 -12 -3 18 16 -16 -17 20 -20 -2 -8
right_child=8 13 3 5 -6 -7 21 -9 9 10 12 -13 -14 -15 15 17 -18 -19 19 -21 -22 -23
leaf_value=0.021409889960649693 0.0030208224664130152 -0.0020683733031286729 -0.010842402841044981 -0.02360567952040583 0.0083373185693892803 -0.0052333652500349747 0.0016581561138993275 -0.0023648332807630918 -0.020350450020529987 -0.0097983675339375163 0.0035128101411097423 0.0096647932939231407 -0.012199345976114273 -0.017577501053505758 -0.00077245730646805953 0.0047666823618520609 0.0044918065614353705 -0.00085641325623355487 0.0027148195567669496 -0.0041741194898048855 -0.00026250573906431453 -0.0027558381724476534
leaf_weight=59 1729 56 81 75 86 65 559 73 68 249 413 50 55 94 1073 613 2682 4417 750 1733 5238 1113
leaf_count=59 1729 56 81 75 86 65 559 73 68 249 413 50 55 94 1073 613 2682 4417 750 1733 5238 1113
internal_value=6.73091e-05 -0.00224601 -0.00157868 -0.00740006 -0.000965421 -0.0150757 -0.000588007 0.00767993 0.000342582 -0.00306654 -0.00153419 -0.00633189 0.00163144 -0.0117874 0.000498877 0.00118767 0.00298947 -0.000163035 -0.000141444 -0.00209917 0.000556277 -0.00127902
internal_weight=21331 2261 2111 307 167 140 1804 132 19070 835 767 299 468 150 18235 8785 3755 5030 9450 2483 6967 1672
internal_count=21331 2261 2111 307 167 140 1804 132 19070 835 767 299 468 150 18235 8785 3755 5030 9450 2483 6967 1672
cat_boundaries=0 1 2 3 4 5 6 7 8 9
cat_threshold=4 36 328 113 38 36 328 144 593
is_linear=0
shrinkage=0.05


Tree=305
num_leaves=25
num_cat=4
split_feature=8 5 15 7 7 7 6 7 19 0 12 14 7 0 12 4 5 13 12 7 7 14 1 7
split_gain=3.85466 7.47305 12.1491 8.43219 5.58698 16.0955 11.8681 15.8785 6.73389 6.48454 5.4186 5.10229 4.17872 2.96938 7.83467 6.53939 6.18502 5.63698 5.48126 5.36475 3.66381 2.74215 3.93305 3.63046
threshold=513.75000000000011 9.5000000000000018 0 0.07622655122655124 0.10489853283970933 0.062622549019607857 0.18344525844525847 0.1704545454545455 1 1750.0000000000002 1.5000000000000002 0.48529411764705888 0.11785130718954251 1850.0000000000002 5.5000000000000009 2 16.500000000000004 6.5000000000000009 2.5000000000000004 0.29289215686274517 0.34569597069597074 0.24264705882352944 3 0.1329399766899767
decision_type=2 2 9 2 2 2 2 2 1 2 2 2 2 2 2 1 2 2 2 2 2 2 1 2
left_child=13 2 3 -2 5 9 12 -8 -7 -3 -4 -12 -6 20 15 19 17 -16 -17 -15 21 22 -1 -23
right_child=1 4 10 -5 6 8 7 -9 -10 -11 11 -13 -14 14 16 18 -18 -19 -20 -21 -22 23 -24 -25
leaf_value=0.003513961958157682 0.019118839892211789 -0.0024116857307158314 -0.005406575643441134 -0.0092311563306591571 0.0073109906567097238 -0.005671335371184371 0.023229497781192716 -0.0018463215436632476 -0.019944744147885014 0.0053743998231671804 -0.033752523214025131 -0.012986425645649433 -0.0082875994697812656 -0.00097551513742088829 -0.0100521895211136 -0.0014838362947620196 0.018541616613666219 0.0062341491605590596 -0.01811709686010347 -0.014265987573143762 0.013727774456716503 0.00031561985330888379 0.00040859151256895064 -0.0026577724008534985
leaf_weight=1535 51 677 57 54 57 268 132 121 132 442 64 55 174 2860 69 87 75 231 115 78 52 9707 3027 1148
leaf_count=1535 51 677 57 54 57 268 132 121 132 442 64 55 174 2860 69 87 75 231 115 78 52 9707 3027 1148
internal_value=-5.34237e-05 -0.00199407 -0.00962993 0.00414416 -0.000922835 -0.00241344 0.00375532 0.0112367 -0.011022 0.000663783 -0.0171107 -0.0241547 -0.0044386 0.000180059 -0.00113177 -0.00194754 0.00569896 0.00248829 -0.0104366 -0.00132385 0.000478144 0.000433454 0.00146207 1.16068e-06
internal_weight=21268 2284 281 105 2003 1519 484 253 400 1119 176 119 231 18984 3515 3140 375 300 202 2938 15469 15417 4562 10855
internal_count=21268 2284 281 105 2003 1519 484 253 400 1119 176 119 231 18984 3515 3140 375 300 202 2938 15469 15417 4562 10855
cat_boundaries=0 1 2 3 4
cat_threshold=6 50 19 89
is_linear=0
shrinkage=0.05


Tree=306
num_leaves=16
num_cat=3
split_feature=5 6 8 10 6 8 6 2 14 6 18 9 17 12 5
split_gain=3.17309 2.4779 6.70567 3.72576 3.60796 3.4032 2.98729 8.84404 5.76642 2.65101 9.45369 2.31067 2.16003 2.04557 0.110966
threshold=6.5000000000000009 0.3387459762459763 265.2000000000001 1.0000000180025095e-35 0.42228327228327234 309.00000000000006 0.29283380018674143 0 0.21825396825396828 0.27306547619047622 1 1.0000000180025095e-35 2 1.5000000000000002 10.500000000000002
decision_type=2 2 2 2 2 2 2 9 2 2 1 2 1 2 2
left_child=13 6 14 5 -5 -4 9 8 -8 11 -11 -2 -9 -1 -3
right_child=1 2 3 4 -6 -7 7 12 -10 10 -12 -13 -14 -15 -16
leaf_value=0.0014183292631059887 0.00049721878750419435 -0.012298172265291216 -0.0082527080375632833 -0.0052054416698458809 0.0033550865374580375 -0.0015474419976955454 0.0059531924878639814 -0.0044948383086760128 0.025926621860708113 0.0061956816803597449 -0.010395720246594674 -0.00066484582533120915 0.0024908040982417369 0.015057341634695019 -0.015519787202804135
leaf_weight=54 10371 55 218 152 647 1434 83 165 64 130 221 7281 291 56 52
leaf_count=54 10371 55 218 152 647 1434 83 165 64 130 221 7281 291 56 52
internal_value=-0.000108291 -0.000152315 -0.00161143 -0.00107654 0.00172655 -0.00243228 4.82883e-05 0.00351004 0.013716 -6.76611e-05 -0.00437042 1.78968e-05 -7.91087e-05 0.00836183 -0.0138638
internal_weight=21274 21164 2558 2451 799 1652 18606 603 147 18003 351 17652 456 110 107
internal_count=21274 21164 2558 2451 799 1652 18606 603 147 18003 351 17652 456 110 107
cat_boundaries=0 1 2 3
cat_threshold=256 8 9
is_linear=0
shrinkage=0.05


Tree=307
num_leaves=30
num_cat=11
split_feature=15 1 3 7 6 14 17 1 0 14 2 6 5 1 13 0 1 7 7 19 6 14 14 19 1 7 6 12 14
split_gain=2.16472 3.25577 7.01697 6.65186 8.36451 5.77345 5.39082 9.12132 6.83149 6.11223 5.0295 4.96457 4.28904 4.01399 2.97884 5.04783 6.75081 6.46478 5.91261 4.73826 7.89452 7.40251 6.82071 3.83928 4.82583 3.56876 3.07202 2.30656 1.94419
threshold=0 1 2 0.0018939393939393994 0.17321682946682945 0.56696428571428581 3 4 1550.0000000000002 0.67708333333333337 5 0.29283380018674143 12.500000000000002 6 6.5000000000000009 1550.0000000000002 7 0.017647058823529422 0.066550116550116584 8 0.38039321789321795 0.48529411764705888 0.41421568627450983 9 10 0.066550116550116584 0.11670274170274171 1.5000000000000002 0.62019230769230782
decision_type=9 1 9 2 2 2 1 1 2 2 9 2 2 1 2 2 1 2 2 1 2 2 2 1 1 2 2 2 2
left_child=14 2 5 27 -5 10 9 12 -9 11 -2 -3 -8 -7 19 23 18 -18 -17 21 26 22 -1 24 -16 -23 -21 -4 -25
right_child=1 6 3 4 -6 13 7 8 -10 -11 -12 -13 -14 -15 15 16 17 -19 -20 20 -22 25 -24 28 -26 -27 -28 -29 -30
leaf_value=0.002593372481786337 -0.0023917156309816536 0.0011235265951954831 0.0082945879374165098 -0.0045467596729709342 -0.020356554927442361 0.01030935613493131 -0.0013858464308820354 0.00012020937265813571 -0.0052665383229813303 -0.013743041164886494 0.00077685467917761129 0.0063415218286763777 0.0037833351555134152 -0.00085039298849695025 0.0038861132335972848 0.0079646224113132224 0.025226144132037193 0.0074994012807682465 -0.0067152593262493612 -0.0019527032786755298 -0.015344609820880414 -0.00085989958420395855 0.015811825625687129 0.0026168671397896921 -0.0080791506227539025 -0.019568526661113049 0.00096150162948621014 -0.0054509753836136238 0.013607954960316422
leaf_weight=1383 3001 4156 76 220 135 186 648 1023 1386 65 2141 512 1054 142 133 152 78 151 125 1571 89 50 105 206 205 52 2131 51 50
leaf_count=1383 3001 4156 76 220 135 186 648 1023 1386 65 2141 512 1054 142 133 152 78 151 125 1571 89 50 105 206 205 52 2131 51 50
internal_value=5.69789e-05 -0.000276847 -0.00117999 -0.00690251 -0.0105589 -0.000664063 0.000331612 -0.000991711 -0.0029667 0.0014807 -0.00107554 0.00169585 0.00180468 0.00576638 0.000818263 0.00319039 0.00686021 0.0129709 0.00129343 0.000334865 -0.00062731 0.00261645 0.00352613 6.42579e-05 -0.00339455 -0.0103976 -0.000275186 0.00277472 0.00458448
internal_weight=21277 14796 5952 482 355 5470 8844 4111 2409 4733 5142 4668 1702 328 6481 1100 506 229 277 5381 3791 1590 1488 594 338 102 3702 127 256
internal_count=21277 14796 5952 482 355 5470 8844 4111 2409 4733 5142 4668 1702 328 6481 1100 506 229 277 5381 3791 1590 1488 594 338 102 3702 127 256
cat_boundaries=0 1 2 3 4 5 6 7 8 9 10 11
cat_threshold=34 53 3 10 138 274 17 796 14 22 54
is_linear=0
shrinkage=0.05


Tree=308
num_leaves=16
num_cat=4
split_feature=16 5 7 11 3 7 3 3 7 14 7 7 11 5 8
split_gain=2.859 5.46136 5.48685 2.83371 2.76299 6.59957 5.16154 23.1241 10.9236 7.09538 4.81562 4.71647 3.22656 2.68621 0.0261258
threshold=0 11.500000000000002 0.07277820218996689 1.5000000000000002 1 0.2211829836829837 2 3 0.061935286935286944 0.32291666666666669 0.16412198912198916 0.12322677322677324 4.5000000000000009 10.500000000000002 328.75000000000006
decision_type=9 2 2 2 9 2 9 9 2 2 2 2 2 2 2
left_child=1 -1 3 -3 5 10 12 9 -9 -8 11 -2 13 -6 -14
right_child=4 2 -4 -5 6 -7 7 8 -10 -11 -12 -13 14 -15 -16
leaf_value=-0.019018192126030297 0.0027801597566800553 -0.00033965854635161744 0.01066741030888572 -0.015856342604716443 0.001541056521417359 -0.012496781817326944 -0.004862708872803146 -0.010167211995638432 -0.036047947235702947 0.0056187929528100575 0.013658082829986483 -0.0083854111094100806 -0.0097635431865928709 -0.00022559887521765603 -0.0081551397127994137
leaf_weight=58 1300 62 62 56 2482 75 328 94 72 318 94 102 50 16167 51
leaf_count=58 1300 62 62 56 2482 75 328 94 72 318 94 102 50 16167 51
internal_value=-0.000109073 -0.00544633 -0.00137575 -0.00770351 -4.63657e-05 0.00196426 -0.000208758 -0.00408682 -0.0201771 0.00029239 0.00270238 0.00196783 -3.8723e-05 9.52573e-06 -0.00895138
internal_weight=21371 238 180 118 21133 1571 19562 812 166 646 1496 1402 18750 18649 101
internal_count=21371 238 180 118 21133 1571 19562 812 166 646 1496 1402 18750 18649 101
cat_boundaries=0 1 2 3 4
cat_threshold=4 4 3 8
is_linear=0
shrinkage=0.05


Tree=309
num_leaves=30
num_cat=11
split_feature=14 17 1 14 0 17 1 0 1 1 7 7 6 4 6 8 7 1 6 6 19 4 7 4 7 6 0 0 0
split_gain=3.18257 8.07125 9.16323 7.31314 7.72882 7.05384 7.73612 9.6372 7.33404 6.53703 5.81013 5.31118 5.21846 5.00185 4.82021 5.21174 5.11601 7.42468 5.07306 4.74765 4.71034 4.58942 4.23455 3.87599 3.62105 2.11801 1.47713 0.479779 0.204427
threshold=0.26969696969696971 0 1 0.2817460317460318 1450.0000000000002 2 3 2150.0000000000005 4 5 0.18193473193473197 0.10836247086247087 0.16005096483037662 6 0.47689698645580997 328.75000000000006 0.054232654600301668 7 0.066702741702741722 0.051610644257703092 8 9 0.066695804195804231 10 0.038482106129164965 0.19049210593328245 1350.0000000000002 1750.0000000000002 1750.0000000000002
decision_type=2 1 1 2 2 1 1 2 1 1 2 2 2 1 2 2 2 1 2 2 1 1 2 1 2 2 2 2 2
left_child=1 2 23 4 24 8 19 -8 20 25 -10 13 -13 -4 16 27 18 -18 -3 -7 -5 -17 -11 26 -2 -6 -1 -16 -25
right_child=3 14 11 5 9 6 7 -9 10 22 -12 12 -14 -15 15 21 17 -19 -20 -21 -22 -23 -24 28 -26 -27 -28 -29 -30
leaf_value=-0.00072052162698763489 -0.0056922082346576603 -0.0015850311281059267 0.0031022897551885352 -0.012032374475931968 -0.027579394271732241 -0.0033841385741829435 -0.0022520581140534424 -0.012341815629524897 0.001049680129413026 0.0037561384821310643 0.0087420334635440137 0.0067525733192011998 -0.011132076135928622 -0.0030541666408276397 -0.012030055395608424 0.0084796532757580294 0.0041378531389230358 -0.00072691474613363464 0.0049330896842976046 0.0017868387306373631 -0.00078031834842665288 -0.004035029336456942 -0.01246193699584699 -0.014173346414121197 0.0091680969128452514 -0.014064956150949002 -0.0068394015484428616 -0.0070731799823429004 -0.018214038422266984
leaf_weight=146 81 353 1024 160 69 571 3291 255 5474 80 257 53 177 476 92 115 1164 2359 1934 1994 222 168 81 68 83 50 304 104 58
leaf_count=146 81 353 1024 160 69 571 3291 255 5474 80 257 53 177 476 92 115 1164 2359 1934 1994 222 168 81 68 83 50 304 104 58
internal_value=1.62419e-05 0.000758881 -0.00176754 -0.000487625 -0.00679115 -0.000258668 -0.0014586 -0.00296926 0.000941714 -0.0118398 0.00139221 6.37652e-05 -0.00701083 0.00114896 0.00168538 -0.00313289 0.00208552 0.000890088 0.00392701 0.000633248 -0.00567994 0.0012075 -0.00414577 -0.00717504 0.00182856 -0.0202033 -0.00474864 -0.00939988 -0.0148544
internal_weight=21263 8595 2306 12668 444 12224 6111 3546 6113 280 5731 1730 230 1500 6289 479 5810 3523 2287 2565 382 283 161 576 164 119 450 196 126
internal_count=21263 8595 2306 12668 444 12224 6111 3546 6113 280 5731 1730 230 1500 6289 479 5810 3523 2287 2565 382 283 161 576 164 119 450 196 126
cat_boundaries=0 1 2 3 4 5 6 7 8 9 10 11
cat_threshold=1 706 5 897 512 776 17 706 1 2 25
is_linear=0
shrinkage=0.05


Tree=310
num_leaves=25
num_cat=6
split_feature=0 3 0 8 17 7 13 9 6 5 7 7 10 6 6 18 19 17 17 8 8 5 7 7
split_gain=3.4082 6.47299 4.80671 13.2057 11.2209 4.87634 4.97376 4.51911 3.68852 3.01848 8.98001 12.8883 6.85258 3.77181 2.97845 3.54967 6.35335 3.68896 3.31034 4.15286 2.77059 1.9791 1.78586 0.813679
threshold=2350.0000000000005 0 2050.0000000000005 487.60000000000008 1 0.17928921568627457 4.5000000000000009 1.0000000180025095e-35 0.12103775853775854 13.500000000000002 0.011111111111111122 0.13896316102198458 1.0000000180025095e-35 0.123934766214178 0.12103775853775854 2 3 4 5 309.00000000000006 353.30000000000001 12.500000000000002 0.076906916612798984 0.07085084033613448
decision_type=2 9 2 2 1 2 2 2 2 2 2 2 2 2 2 1 1 1 1 2 2 2 2 2
left_child=2 7 14 5 8 6 -4 21 -5 10 -3 -12 13 -11 18 16 -16 -17 19 -1 -20 -2 -14 -6
right_child=1 9 3 4 23 -7 -8 -9 -10 12 11 -13 22 -15 15 17 -18 -19 20 -21 -22 -23 -24 -25
leaf_value=-0.00026103134879157256 -0.006512693596693377 0.027138724842538625 0.0042770472475616586 -0.015081764545291663 -0.023113741409033536 0.013543738777846544 -0.0071562046518122693 -0.017877645309393606 0.0012967475251802667 -0.0044279050374147946 -0.001112523636438971 0.017534366219510534 -0.016164416573941711 0.011783894286048407 0.0005187689461380097 -0.0018690495930683883 -0.013266180380901311 0.00028444186425310883 0.0007389670884196325 0.0027612866459566978 -0.0017096507115877879 0.0067468760148534229 -0.0028008174523711203 -0.032089830916740149
leaf_weight=1810 60 52 203 50 50 67 179 54 110 51 278 139 50 121 194 2785 141 6889 2979 3055 1887 53 50 51
leaf_count=1810 60 52 203 50 50 67 179 54 110 51 278 139 50 121 194 2785 141 6889 2979 3055 1887 53 50 51
internal_value=7.78605e-05 0.00307534 -5.52304e-05 -0.00409719 -0.0130411 0.00110181 -0.00108042 -0.00564164 -0.00359674 0.0050479 0.00754629 0.00510311 0.000925612 0.00697691 9.01491e-05 -0.000515435 -0.00549961 -0.000336806 0.000713034 0.00163349 -0.000210157 -0.000293603 -0.00948262 -0.0251556
internal_weight=21358 908 20450 710 261 449 382 167 160 741 469 417 272 172 19740 10009 335 9674 9731 4865 4866 113 100 101
internal_count=21358 908 20450 710 261 449 382 167 160 741 469 417 272 172 19740 10009 335 9674 9731 4865 4866 113 100 101
cat_boundaries=0 1 2 3 4 5 6
cat_threshold=12 12 1 34 1 5
is_linear=0
shrinkage=0.05


Tree=311
num_leaves=21
num_cat=9
split_feature=6 7 14 19 1 14 3 17 7 7 2 1 6 16 2 14 14 2 13 6
split_gain=3.22817 6.41961 12.0406 5.36612 4.77516 4.01198 3.92757 2.88356 2.43354 6.87259 7.63244 11.437 7.74362 5.60394 8.87923 4.08961 3.63017 4.39913 2.55494 2.17985
threshold=0.36379823879823886 0.14767316017316021 0.16025641025641027 0 1 0.087121212121212141 2 3 0.11428571428571432 0.077844622697563884 4 5 0.23119119442648856 6 7 0.63068181818181823 0.5590277777777779 8 2.5000000000000004 0.16584249084249086
decision_type=2 2 2 1 1 2 9 1 2 2 9 1 2 9 9 2 2 9 2 2
left_child=8 3 -3 5 6 -2 -5 -6 9 13 12 -12 -11 14 -1 16 17 -10 -15 -18
right_child=1 2 -4 4 7 -7 -8 -9 15 10 11 -13 -14 18 -16 -17 19 -19 -20 -21
leaf_value=0.0029478264723629133 -0.017816332496659017 -0.0043829087263849735 0.023428159134442007 0.012329268654781012 -0.0018127589221922967 -0.00082542839288515476 0.0030059181485803878 0.0042189973493805153 0.0013257528859343859 0.0017108165679386011 -0.00036727063911880746 0.010483208269192607 -0.0096377746302024128 -0.0022995332825828546 -0.01287199168128534 -0.012247367589229561 0.00090528780920431028 -0.0024767956947737736 0.00012645595444877173 0.01559705117753908
leaf_weight=149 64 68 91 126 869 76 842 246 1102 997 422 577 177 1198 208 83 50 2420 11535 51
leaf_count=149 64 68 91 126 869 76 842 246 1102 997 422 577 177 1198 208 83 50 2420 11535 51
internal_value=9.35058e-05 0.00182847 0.0115341 0.00113427 0.00177949 -0.00801985 0.00433315 -0.000456313 -0.000124359 0.000154702 0.00275876 0.00594151 -1.70601e-07 -0.000277583 -0.00636891 -0.00127366 -0.00102226 -0.00129028 -0.000101716 0.0083239
internal_weight=21351 2382 159 2223 2083 140 968 1115 18969 15263 2173 999 1174 13090 357 3706 3623 3522 12733 101
internal_count=21351 2382 159 2223 2083 140 968 1115 18969 15263 2173 999 1174 13090 357 3706 3623 3522 12733 101
cat_boundaries=0 1 2 3 4 5 6 7 8 9
cat_threshold=3 173 12 1 274 78 68 272 260
is_linear=0
shrinkage=0.05


Tree=312
num_leaves=21
num_cat=4
split_feature=0 9 7 6 6 7 0 1 0 8 14 6 16 14 7 0 2 1 7 6
split_gain=2.7012 19.4958 10.9749 4.62669 13.934 4.64927 4.21903 15.6281 5.25244 15.7552 7.76056 5.5672 4.92974 10.0861 4.1468 2.38576 12.7648 6.36383 1.43914 1.3204
threshold=2450.0000000000005 1.0000000180025095e-35 0.071478174603174627 0.21672951231774765 0.16471224853577796 0.058379120879120887 2350.0000000000005 0 2150.0000000000005 411.60000000000008 0.36038961038961043 0.27859547859547862 1 0.31009615384615391 0.057212885154061643 1750.0000000000002 2 3 0.087190934065934075 0.20248811645870476
decision_type=2 2 2 2 2 2 2 1 2 2 2 2 9 2 2 2 9 1 2 2
left_child=6 3 -3 4 5 -2 8 19 15 11 -11 -10 14 -14 -9 17 -17 -1 -5 -8
right_child=1 2 -4 18 -6 -7 7 12 9 10 -12 -13 13 -15 -16 16 -18 -19 -20 -21
leaf_value=0.001526430552810671 0.017780338129442599 -0.03930032019612982 -0.0066563883796334272 0.0049901135973632335 -0.024517899750266227 -0.0020706553313021478 -0.015702433000062254 0.01182891183739735 0.0043228973926729688 -0.0083464072885758734 -0.030916992882671565 -0.012617544186456751 0.0060073443267139653 0.027994580751054744 -0.003975268248088506 0.0019185145154232298 -0.0025770674314230333 -0.0011069763275210378 0.016815539061109414 -0.0055605715862475334
leaf_weight=3061 54 51 52 50 50 65 69 72 253 85 69 60 126 89 98 5696 2174 9068 53 60
leaf_count=3061 54 51 52 50 50 65 69 72 253 85 69 60 126 89 98 5696 2174 9068 53 60
internal_value=-8.73535e-05 -0.00429352 -0.0228199 0.00272199 -0.00236893 0.00693736 -1.21718e-05 0.00446196 -0.000124539 -0.00536633 -0.0184592 0.00107553 0.00939379 0.0144375 0.00256725 -2.13682e-06 0.000675823 -0.000442037 0.011075 -0.010195
internal_weight=21355 375 103 272 169 119 20980 514 20466 467 154 313 385 215 170 19999 7870 12129 103 129
internal_count=21355 375 103 272 169 119 20980 514 20466 467 154 313 385 215 170 19999 7870 12129 103 129
cat_boundaries=0 1 2 3 4
cat_threshold=648 34 266 140
is_linear=0
shrinkage=0.05


Tree=313
num_leaves=21
num_cat=6
split_feature=5 19 1 7 1 12 0 2 1 12 0 7 7 6 1 7 7 0 10 6
split_gain=2.95683 8.66852 11.163 7.21588 6.80374 5.24205 3.88125 3.84256 4.97906 4.51764 3.69646 3.59709 5.18092 3.92018 3.65746 3.6315 6.23328 2.79006 2.70333 0.765585
threshold=8.5000000000000018 0 1 0.096342627960275026 2 1.5000000000000002 1750.0000000000002 3 4 2.5000000000000004 2350.0000000000005 0.2334087481146305 0.24295634920634923 0.19049210593328245 5 0.21478174603174607 0.21402257872846109 1850.0000000000002 1.0000000180025095e-35 0.22414021164021167
decision_type=2 1 1 2 1 2 2 9 1 2 2 2 2 2 1 2 2 2 2 2
left_child=1 2 6 -4 5 -3 -1 9 -9 -6 -8 15 -13 -14 -15 16 17 -2 19 -17
right_child=11 4 3 -5 7 -7 10 8 -10 -11 -12 12 13 14 -16 18 -18 -19 -20 -21
leaf_value=0.013572675875958898 4.3731058534864759e-05 -0.022904041059062644 0.010671279186448246 0.036300509636518812 -0.010248298470729165 -0.0027372354877666688 -0.0043654697571204317 -0.0027578603201469441 0.010840037119075522 0.006943738224498671 0.011081124422158681 -0.019413653672493709 -0.013949913355007545 -0.0052080393659773181 0.0042102195584297264 0.0067426504423985113 -0.017399873523006464 -0.001527417225504781 0.01588179273691414 -0.0017966412148385678
leaf_weight=62 16237 59 57 53 112 71 161 112 156 58 51 52 67 212 183 52 53 3421 58 53
leaf_count=62 16237 59 57 53 112 71 161 112 156 58 51 52 67 212 183 52 53 3421 58 53
internal_value=-0.000194022 0.00252965 0.00821318 0.0211016 -0.00143212 -0.0110406 0.00247818 0.00160249 0.00526254 -0.00413929 -0.000649544 -0.000321201 -0.00445091 -0.00276679 -0.000869905 -0.000214395 -0.000275857 -0.000229689 0.00721804 0.00243234
internal_weight=21340 952 384 110 568 130 274 438 268 170 212 20388 514 462 395 19874 19711 19658 163 105
internal_count=21340 952 384 110 568 130 274 438 268 170 212 20388 514 462 395 19874 19711 19658 163 105
cat_boundaries=0 1 2 3 4 5 6
cat_threshold=5 410 65 276 18 458
is_linear=0
shrinkage=0.05


Tree=314
num_leaves=16
num_cat=4
split_feature=0 1 14 5 16 7 7 0 8 5 5 3 1 6 6
split_gain=5.06566 6.80861 6.40826 4.3372 3.64153 5.58123 7.73203 3.05618 15.4421 15.9315 8.95213 3.69741 15.9027 3.29926 2.84487
threshold=2550.0000000000005 0 0.32291666666666669 11.500000000000002 1 0.08461538461538462 0.0078431372549019763 2250.0000000000005 513.75000000000011 13.500000000000002 15.500000000000002 2 3 0.089622414622414645 0.10873228079110432
decision_type=2 1 2 2 9 2 2 2 2 2 2 9 1 2 2
left_child=4 3 -3 -2 5 6 -1 11 10 -10 -9 12 -6 -13 -8
right_child=1 2 -4 -5 7 -7 14 8 9 -11 -12 13 -14 -15 -16
leaf_value=0.015841746282239912 -0.012024150815393243 0.028232784932806045 0.0059915401587883636 0.0058156126799682774 -0.0091554431986402389 0.019827470173738128 0.0012863381420292201 0.0052333002469231752 -0.025969937324313627 0.0031034380699949044 -0.014121276429634439 -0.0010958451570351833 0.0037577633337572275 0.00033473316277064173 -0.014656270103638664
leaf_weight=64 56 57 75 87 265 58 62 351 124 76 72 6089 1812 11920 51
leaf_count=64 56 57 75 87 265 58 62 351 124 76 72 6089 1812 11920 51
internal_value=0.00013523 0.00687724 0.0144974 -0.00109408 4.6706e-05 0.00610673 0.00195568 -2.49982e-05 -0.00347392 -0.0149221 0.0019389 8.19634e-05 0.00207422 -0.000148875 -0.005909
internal_weight=21219 275 132 143 20944 235 177 20709 623 200 423 20086 2077 18009 113
internal_count=21219 275 132 143 20944 235 177 20709 623 200 423 20086 2077 18009 113
cat_boundaries=0 1 2 3 4
cat_threshold=769 64 12 5
is_linear=0
shrinkage=0.05


Tree=315
num_leaves=11
num_cat=4
split_feature=7 11 2 0 7 0 3 3 1 14
split_gain=3.60319 2.15873 2.34176 11.0765 11.178 7.44006 7.29018 20.197 5.05699 0.417447
threshold=0.38006535947712422 4.5000000000000009 0 2350.0000000000005 0.08350840336134456 1850.0000000000002 1 2 3 0.6132478632478634
decision_type=2 2 9 2 2 2 9 9 1 2
left_child=1 2 6 5 -5 -4 8 -8 -1 -3
right_child=-2 9 3 4 -6 -7 7 -9 -10 -11
leaf_value=0.0012693765354602274 -0.010924625805268685 -0.0098729451576417149 0.00074304777747817119 0.0016017764137359336 0.0292857460191112 -0.0045295490618031233 -0.00066059075388214927 -0.019785449368807162 -0.0011027668525529248 -0.0039113854799541605
leaf_weight=3960 75 55 10414 80 67 715 598 171 5166 63
leaf_count=3960 75 55 10414 80 67 715 598 171 5166 63
internal_value=1.54316e-05 5.39728e-05 9.15619e-05 0.000583888 0.0142196 0.000404302 -0.000469591 -0.00511272 -7.31717e-05 -0.00669008
internal_weight=21364 21289 21171 11276 147 11129 9895 769 9126 118
internal_count=21364 21289 21171 11276 147 11129 9895 769 9126 118
cat_boundaries=0 1 2 3 4
cat_threshold=26 6 8 360
is_linear=0
shrinkage=0.05


Tree=316
num_leaves=24
num_cat=7
split_feature=1 7 0 5 6 14 0 5 19 0 17 19 1 5 15 1 0 13 6 6 14 6 6
split_gain=2.8382 5.22627 5.53362 4.9444 4.81576 8.01644 6.02552 5.45698 4.83822 3.88828 3.82605 7.92988 8.18314 5.45849 4.30474 4.48148 3.51233 5.56033 5.19987 3.36342 2.68321 1.66657 0.587941
threshold=0 0.33408748114630477 1850.0000000000002 12.500000000000002 0.068315018315018322 0.24264705882352944 2150.0000000000005 11.500000000000002 1 1175.0000000000002 2 3 4 16.500000000000004 5 6 1750.0000000000002 6.5000000000000009 0.27648390552802321 0.32763630704807184 0.48529411764705888 0.036047979797979808 0.042068531958237849
decision_type=1 2 2 2 2 2 2 2 1 2 1 1 1 2 9 1 2 2 2 2 2 2 2
left_child=3 9 -3 4 7 8 -7 21 -6 20 14 12 -12 -13 15 -5 18 -18 -11 -16 -2 -1 -9
right_child=1 2 -4 10 5 6 -8 22 -10 16 11 13 -14 -15 19 -17 17 -19 -20 -21 -22 -23 -24
leaf_value=0.0039105744853329197 0.015456932000275973 0.022897059345044768 0.0001469462500377135 0.0067376846906509694 0.0060422789670070108 -0.0098326060059987699 0.002443086582835827 -0.0013811590624790565 -0.0045581442895068968 -0.00015160453547898012 -0.0018968264389701388 0.0060831688240254277 -0.012088166228184566 -0.0074777617104547587 -0.00027307741850340043 2.2011317860073687e-05 0.00033546222419985282 0.0046133975602789942 -0.0037677737386873304 -0.012798902019858361 0.0013553498037667438 0.015961461144615895 -0.0089013757359869081
leaf_weight=52 69 52 55 491 202 654 118 51 209 7175 645 339 282 95 2095 503 6081 868 1154 55 66 64 53
leaf_count=52 69 52 55 491 202 654 118 51 209 7175 645 339 282 95 2095 503 6081 868 1154 55 66 64 53
internal_value=-0.000164413 0.000190812 0.0112031 -0.00109604 -0.00368984 -0.00495309 -0.00795627 0.00310305 0.000687906 0.000114487 -0.000290682 -0.00249479 -0.00509303 0.00304461 0.000669257 0.00337338 3.98352e-05 0.000869819 -0.000652632 -0.000590758 0.00856283 0.0105593 -0.00521358
internal_weight=21428 15520 107 5908 1403 1183 772 220 411 15413 4505 1361 927 434 3144 994 15278 6949 8329 2150 135 116 104
internal_count=21428 15520 107 5908 1403 1183 772 220 411 15413 4505 1361 927 434 3144 994 15278 6949 8329 2150 135 116 104
cat_boundaries=0 1 2 3 4 5 6 7
cat_threshold=525 17 6 49 520 2 5
is_linear=0
shrinkage=0.05


Tree=317
num_leaves=19
num_cat=4
split_feature=0 0 15 1 19 12 8 11 11 7 6 7 7 5 2 9 5 8
split_gain=3.34104 12.8285 5.79036 8.36467 11.6993 8.26685 6.4342 4.79273 4.58901 3.87744 3.69253 3.12788 3.25621 2.78276 2.73594 1.78636 0.951075 0.0493077
threshold=1250.0000000000002 1350.0000000000002 0 1 2 5.5000000000000009 309.00000000000006 1.0000000180025095e-35 1.5000000000000002 0.15152788388082508 0.11920163170163171 0.1329399766899767 0.11516522692993285 13.500000000000002 3 1.0000000180025095e-35 15.500000000000002 309.00000000000006
decision_type=2 2 9 1 1 2 2 2 2 2 2 2 2 2 9 2 2 2
left_child=9 10 6 5 -5 -4 8 -8 -3 11 -2 12 14 -11 -1 -13 -14 -15
right_child=1 2 3 4 -6 -7 7 -9 -10 13 -12 15 16 17 -16 -17 -18 -19
leaf_value=0.0023901403783476664 -0.0062856054870793834 -0.0047275170365274405 0.0018276210497992934 0.0033814276270219528 -0.0038415251631656214 0.010316317564607642 0.00099709918249845731 -0.0014259243654796945 6.6290524216647661e-05 -0.016530889064073562 -0.021149011071215178 0.0029880288942398404 -0.0028204275149619207 -0.0010883861167642933 -5.0326111812936913e-05 0.013939690085491549 -0.01203549389818883 -0.0032657978107006507
leaf_weight=2346 78 1693 2693 871 1536 321 3603 4707 708 50 90 76 56 52 2249 73 56 52
leaf_count=2346 78 1693 2693 871 1536 321 3603 4707 708 50 90 76 56 52 2249 73 56 52
internal_value=-0.000155752 -0.000502844 -0.000359699 0.000970974 -0.00122464 0.00272266 -0.00103312 -0.000375364 -0.00331393 0.000973509 -0.0142481 0.00122122 0.000995443 -0.00683742 0.00120076 0.00835361 -0.00742796 -0.00217709
internal_weight=21310 16300 16132 5421 2407 3014 10711 8310 2401 5010 168 4856 4707 154 4595 149 112 104
internal_count=21310 16300 16132 5421 2407 3014 10711 8310 2401 5010 168 4856 4707 154 4595 149 112 104
cat_boundaries=0 1 2 3 4
cat_threshold=5 628 33 259
is_linear=0
shrinkage=0.05


Tree=318
num_leaves=8
num_cat=1
split_feature=7 7 7 12 1 0 7
split_gain=2.36756 2.52039 2.78576 2.59088 6.93938 4.69491 1.7231
threshold=0.4010822510822511 0.3285014005602242 0.3005681818181819 2.5000000000000004 0 1850.0000000000002 0.34569597069597074
decision_type=2 2 2 2 1 2 2
left_child=1 2 3 4 -1 -5 -3
right_child=-2 6 -4 5 -6 -7 -8
leaf_value=-0.0020676684823539553 -0.010674718693973354 0.013125414752447216 -0.010532226534708151 2.9236144998549371e-05 0.0015982179546134723 -0.0023631421352137008 0.0011407875818973882
leaf_weight=1666 52 61 63 11288 5625 2506 59
leaf_count=1666 52 61 63 11288 5625 2506 59
internal_value=-1.88616e-05 7.19182e-06 -3.38094e-05 -2.44111e-06 0.000759916 -0.000405395 0.00723297
internal_weight=21320 21268 21148 21085 7291 13794 120
internal_count=21320 21268 21148 21085 7291 13794 120
cat_boundaries=0 1
cat_threshold=644
is_linear=0
shrinkage=0.05


Tree=319
num_leaves=23
num_cat=3
split_feature=8 14 6 5 0 7 12 5 14 6 19 0 0 7 14 0 6 6 1 1 0 6
split_gain=3.36237 5.32689 7.81614 7.53901 7.44329 3.87472 3.78568 4.4328 3.13612 4.50332 13.8281 12.6156 4.85058 3.59656 3.80568 3.53403 8.94323 7.81983 9.74453 6.08855 3.37799 2.00734
threshold=592.30000000000007 0.19375000000000003 0.13654091007032185 16.500000000000004 1550.0000000000002 0.088235294117647065 1.5000000000000002 13.500000000000002 0.46862745098039221 0.32763630704807184 0 2250.0000000000005 2350.0000000000005 0.26369978061154536 0.23303167420814483 1950.0000000000002 0.23809523809523811 0.26988795518207287 1 2 2550.0000000000005 0.061442859972271745
decision_type=2 2 2 2 2 2 2 2 2 2 1 2 2 2 2 2 2 2 1 1 2 2
left_child=8 6 3 4 -3 -4 7 -2 9 13 11 -11 -12 20 -15 16 19 18 -17 -10 -1 -5
right_child=1 2 5 21 -6 -7 -8 -9 15 10 12 -13 -14 14 -16 17 -18 -19 -20 -21 -22 -23
leaf_value=0.0003697587976508285 0.017338967952385265 -0.0008028501360968221 -0.016819200676400217 0.0014789006616920232 0.020950013726000111 -0.00087777673278325869 0.022528861010191487 -0.0017138898178624613 -0.005166791953824061 -0.0060697118696830515 -0.00071248163723465149 -0.029722621882955238 0.013930004966798529 0.011304969523290668 -0.00042394762328727464 0.0057872722577633909 -0.019388074569043616 0.012797538718303381 -0.0092720498291014378 0.00097970243459992532 0.0071166618332078567 -0.011454699443653226
leaf_weight=14060 53 64 72 75 102 81 51 72 486 227 2277 75 58 158 123 131 62 59 506 2137 188 50
leaf_count=14060 53 64 72 75 102 81 51 72 486 227 2277 75 58 158 123 131 62 59 506 2137 188 50
internal_value=5.95668e-05 0.00368735 0.000769413 0.00557973 0.0125634 -0.00837962 0.0110485 0.00636452 -4.99006e-05 0.000224244 -0.00167668 -0.011561 -0.000347284 0.00056926 0.00617096 -0.00144179 -0.000618759 -0.00461684 -0.00622978 -0.000175108 0.000458783 -0.00369454
internal_weight=21167 620 444 291 166 153 176 125 20547 17166 2637 302 2335 14529 281 3381 2685 696 637 2623 14248 125
internal_count=21167 620 444 291 166 153 176 125 20547 17166 2637 302 2335 14529 281 3381 2685 696 637 2623 14248 125
cat_boundaries=0 1 2 3
cat_threshold=3 137 136
is_linear=0
shrinkage=0.05


Tree=320
num_leaves=25
num_cat=8
split_feature=7 0 14 7 14 7 6 7 1 1 7 8 5 7 3 3 1 8 18 1 14 2 8 13
split_gain=6.54486 7.19586 7.77073 7.38202 9.02125 6.00073 10.3177 8.61022 5.14615 5.12973 5.0647 4.43504 3.67913 11.8331 5.41065 4.63462 6.94443 3.67919 3.30456 7.38631 4.13643 5.03408 3.88993 2.13461
threshold=0.18168290043290045 2350.0000000000005 0.56696428571428581 0.085645604395604411 0.37980769230769235 0.24032217782217782 0.28243746993746999 0.20404411764705885 0 1 0.20774225774225777 355.20000000000005 11.500000000000002 0.16236541236541241 2 3 4 513.75000000000011 5 6 0.36038961038961043 7 355.20000000000005 2.5000000000000004
decision_type=2 2 2 2 2 2 2 2 1 1 2 2 2 2 9 9 1 2 1 1 2 9 2 2
left_child=1 12 3 9 -5 6 8 -8 10 -3 -2 -10 13 14 -1 16 -14 -17 20 23 21 -7 -21 -20
right_child=5 2 -4 4 -6 18 7 -9 11 -11 -12 -13 15 -15 -16 17 -18 -19 19 22 -22 -23 -24 -25
leaf_value=-0.0001733710734758872 0.014213790472596886 0.0049714717715186813 0.022537168369082542 0.017247864138906353 -0.0040030296684967145 0.0080222367146215237 -0.028901857570428863 -0.0045730197562299894 -0.0096472834271920573 -0.0052501266409994149 -0.0063302685241214936 -0.0010920082593547703 -0.0006932323948603881 -0.02000762183067439 -0.0057258335746035727 0.00034027868522980395 0.0074893279460107294 -0.002471701796865091 0.01333009760248764 -0.018748554755183687 0.017160051093938259 -0.0056280862845032829 -0.0030528253427258246 -0.00017763492177729889
leaf_weight=2918 75 237 58 163 72 133 81 66 306 234 50 300 502 84 507 13270 531 1275 58 77 52 119 81 59
leaf_count=2918 75 237 58 163 72 133 81 66 306 234 50 300 502 84 507 13270 531 1275 58 77 52 119 81 59
internal_value=-5.15388e-05 0.000185865 0.00494406 0.00349873 0.010737 -0.00328606 -0.00589182 -0.0179787 -0.00346122 -0.000112691 0.00555201 -0.00532414 -4.59249e-06 -0.00146723 -0.00101252 0.000324873 0.00354438 9.37189e-05 0.000665332 -0.00325703 0.00418306 0.00167126 -0.010065 0.00600524
internal_weight=21308 19851 764 706 235 1457 878 147 731 471 125 606 19087 3509 3425 15578 1033 14545 579 275 304 252 158 117
internal_count=21308 19851 764 706 235 1457 878 147 731 471 125 606 19087 3509 3425 15578 1033 14545 579 275 304 252 158 117
cat_boundaries=0 1 2 3 4 5 6 7 8
cat_threshold=130 281 3 4 901 4 656 258
is_linear=0
shrinkage=0.05


Tree=321
num_leaves=27
num_cat=7
split_feature=15 1 7 5 12 7 7 12 1 7 7 5 1 7 7 12 6 7 18 3 6 5 4 12 6 5
split_gain=2.50738 6.40501 5.44387 5.33838 4.88136 4.51769 3.68372 9.4789 5.66223 4.61677 4.11392 3.90288 3.55387 8.43282 4.11086 3.06006 4.34083 4.45278 3.61908 2.97426 3.41038 2.93819 2.35423 3.71789 3.32009 0.549053
threshold=0 1 0.22222222222222227 10.500000000000002 2.5000000000000004 0.099563671622495159 0.16666666666666674 1.0000000180025095e-35 2 0.16081173728232553 0.2556277056277057 13.500000000000002 3 0.055555555555555566 0.027792632204396917 3.5000000000000004 0.047680097680097684 0.11516522692993285 4 5 0.26191863691863698 8.5000000000000018 6 2.5000000000000004 0.067465704230410123 12.500000000000002
decision_type=9 1 2 2 2 2 2 2 1 2 2 2 1 2 2 2 2 2 1 9 2 2 1 2 2 2
left_child=6 15 3 4 -3 -5 9 -8 10 12 -9 -11 13 -1 -14 22 18 -18 -17 20 -4 -10 24 -24 -2 -21
right_child=1 2 19 5 -6 -7 7 8 21 11 -12 -13 14 -15 -16 16 17 -19 -20 25 -22 -23 23 -25 -26 -27
leaf_value=-0.00094891084085972415 -0.0087420779320278343 0.010264567616954446 -0.020405709213609326 0.00095672947769586672 0.0019792094543581752 0.0048875519052599056 -0.015883447869961698 0.0024215221550756335 0.017560667122597805 -0.017401049951634683 -0.0095728399940223138 -0.0014927734169233814 0.00057955526392153192 0.0048893507868204246 -0.0015567266875482898 -0.010546334860156534 0.003889999130258857 -0.0053286849637515848 0.0010820624686471404 0.0044092488147583157 -0.0026807480363869201 0.0061527736763865399 -0.0013719266580521951 -0.0073147093313386275 0.0033782717742029036 -0.0027929278192195027
leaf_weight=1501 70 375 58 3873 338 901 63 280 64 72 96 83 3900 1052 5329 125 817 156 136 51 51 478 686 427 293 55
leaf_count=1501 70 375 58 3873 338 901 63 280 64 72 96 83 3900 1052 5329 125 817 156 136 51 51 478 686 427 293 55
internal_value=0.000370511 0.00104165 0.001992 0.00230131 0.00633687 0.0016986 -6.72757e-05 0.00287797 0.00416551 -0.000309376 -0.000624265 -0.00888242 -0.000196592 0.00145114 -0.000653267 -0.000957924 0.000876078 0.00241198 -0.00484971 -0.00580925 -0.0110945 0.00736396 -0.00249772 -0.00361934 0.00101311 0.000614316
internal_weight=21330 8412 5702 5487 713 4774 12918 981 918 11937 376 155 11782 2553 9229 2710 1234 973 261 215 109 542 1476 1113 363 106
internal_count=21330 8412 5702 5487 713 4774 12918 981 918 11937 376 155 11782 2553 9229 2710 1234 973 261 215 109 542 1476 1113 363 106
cat_boundaries=0 1 2 3 4 5 6 7
cat_threshold=1 162 293 133 5 6 2
is_linear=0
shrinkage=0.05


Tree=322
num_leaves=28
num_cat=7
split_feature=5 3 18 5 8 7 9 13 6 18 6 6 6 8 8 6 11 16 6 6 4 12 7 17 14 12 4
split_gain=2.94915 6.69622 8.56606 10.8632 6.24789 5.16126 4.79926 5.50401 7.86531 5.80264 3.76334 13.2479 4.22506 3.33188 2.78913 4.85469 5.74803 4.81739 9.63896 5.24443 4.01839 4.01232 3.67072 3.61402 2.74275 7.49389 4.12874
threshold=11.500000000000002 0 1 10.500000000000002 291.65000000000003 0.034328579916815219 1.0000000180025095e-35 2.5000000000000004 0.075040849673202625 2 0.13335667600373485 0.14762488328664802 0.11388888888888891 443.05000000000007 411.60000000000008 0.27306547619047622 1.0000000180025095e-35 3 0.051610644257703092 0.047680097680097684 4 1.0000000180025095e-35 0.066550116550116584 5 0.39444444444444454 5.5000000000000009 6
decision_type=2 9 1 2 2 2 2 2 2 1 2 2 2 2 2 2 2 9 2 2 1 2 2 1 2 2 1
left_child=1 2 4 5 -1 -4 7 9 -9 -3 12 -12 -8 -6 17 21 20 24 19 -19 -17 -16 -23 -20 25 -2 -26
right_child=14 6 3 -5 13 -7 10 8 -10 -11 11 -13 -14 -15 15 16 -18 18 23 -21 -22 22 -24 -25 26 -27 -28
leaf_value=-0.014473566075980241 -0.00087639564887845084 0.01069329909615468 0.0060580037242057277 -0.031657541400542659 0.010029245199554641 -0.012593513790189343 -0.0012180841489701465 0.0066267716260079079 -0.0026018421999616909 0.0013094221910988403 -0.022078120017032875 -0.0025010112397549685 0.0099193129394168286 -0.0049334206601435492 -0.0090135130936963657 0.0015125664571013719 -0.014127117590036957 -0.0016874611713788717 0.0067265367353618226 -0.016364090079302663 -0.0068487815376486365 0.0038614031776223246 0.00063463878157217219 0.0020469738893068761 0.0030301293310670495 -0.011441122353290815 -0.00090960571420873747
leaf_weight=53 6963 244 51 62 115 136 433 289 1148 498 94 1071 106 55 79 546 89 665 651 67 184 1919 1630 1183 1130 172 1590
leaf_count=53 6963 244 51 62 115 136 433 289 1148 498 94 1071 106 55 79 546 89 665 651 67 184 1919 1630 1183 1130 172 1590
internal_value=-2.76154e-05 -0.0011876 -0.00674606 -0.0129982 0.000493245 -0.00750674 -0.000493296 0.00105989 -0.000745844 0.00455699 -0.00248234 -0.00408062 0.000972202 0.00518838 0.000271871 0.0013464 -0.00213064 -0.000112834 0.00181278 -0.00303081 -0.00066805 0.00213132 0.0023794 0.00375588 -0.000615432 -0.00113107 0.000734918
internal_weight=21223 4355 472 249 223 187 3883 2179 1437 742 1704 1165 539 170 16868 4447 819 12421 2566 732 730 3628 3549 1834 9855 7135 2720
internal_count=21223 4355 472 249 223 187 3883 2179 1437 742 1704 1165 539 170 16868 4447 819 12421 2566 732 730 3628 3549 1834 9855 7135 2720
cat_boundaries=0 1 2 3 4 5 6 7
cat_threshold=4 4 8 73 17 8 25
is_linear=0
shrinkage=0.05


Tree=323
num_leaves=29
num_cat=8
split_feature=4 1 16 6 14 14 5 5 6 6 14 17 6 1 1 6 14 6 6 6 1 14 14 17 14 14 9 9
split_gain=1.87142 8.6137 7.1546 3.86906 7.83885 2.9332 3.76559 2.80045 6.15412 7.22257 6.97176 12.5886 6.82941 6.21898 5.11063 2.78183 8.36622 8.45743 4.76101 4.08043 7.18956 2.61556 9.53108 4.04381 2.54147 2.35529 2.31565 1.76978
threshold=0 1 2 0.061442859972271745 0.45804195804195807 0.5590277777777779 14.500000000000002 12.500000000000002 0.22021630330453865 0.23970658970658973 0.29705882352941182 3 0.26191863691863698 4 5 0.21038748832866483 0.36931818181818188 0.21826159951159954 0.23622904872904874 0.17781385281385284 6 0.43303571428571436 0.45804195804195807 7 0.24264705882352944 0.35504201680672276 1.0000000180025095e-35 1.0000000180025095e-35
decision_type=1 1 9 2 2 2 2 2 2 2 2 1 2 1 1 2 2 2 2 2 1 2 2 1 2 2 2 2
left_child=1 2 5 4 27 6 -1 8 10 13 11 -2 -11 -10 -12 19 17 -17 -18 24 -21 23 -23 -5 -9 -4 -6 -3
right_child=7 3 25 21 26 -7 -8 15 9 12 14 -13 -14 -15 -16 16 18 -19 -20 20 -22 22 -24 -25 -26 -27 -28 -29
leaf_value=-0.0017033959295229427 0.00079040050828641016 -0.0057084392661123848 0.013324156066345608 0.0061079656345923578 -0.0009668311584861048 -0.018653226559799091 -0.0088967270147637459 0.0020053402154980209 -0.00099740694040211593 -0.0079398188405320983 -0.0074807365575520549 -0.012016507877707939 0.0011110593000398005 0.014713311979377811 -0.00040880485369001709 -0.013679774438398302 -0.0011054859220705651 -0.0011349462727500024 0.01771348256806142 -0.0066842198338861588 0.0057043526737761861 -0.020974834864730684 0.0040467742716686593 -0.00091498213559936957 -7.4225898018529169e-05 2.3598381521878766e-05 0.013267000843682942 -0.016346682274671294
leaf_weight=286 341 71 57 538 62 51 500 1802 108 240 277 439 1584 155 2362 142 54 2495 89 131 753 53 135 330 7955 80 53 87
leaf_count=286 341 71 57 538 62 51 500 1802 108 240 277 439 1584 155 2362 142 54 2495 89 131 753 53 135 330 7955 80 53 87
internal_value=-0.000317174 -0.00165976 -0.00520883 0.000960767 -0.00433792 -0.00695024 -0.00627931 -0.000152854 -0.00110248 0.00103707 -0.00240849 -0.00656151 -7.98457e-05 0.00878328 -0.001181 0.000236621 -0.00117173 -0.00181047 0.010607 0.000604558 0.00385741 0.0023397 -0.00300719 0.00349778 0.000309845 0.00517935 0.00559311 -0.0115662
internal_weight=21230 2303 974 1329 273 837 786 18927 5506 2087 3419 780 1824 263 2639 13421 2780 2637 143 10641 884 1056 188 868 9757 137 115 158
internal_count=21230 2303 974 1329 273 837 786 18927 5506 2087 3419 780 1824 263 2639 13421 2780 2637 143 10641 884 1056 188 868 9757 137 115 158
cat_boundaries=0 1 2 3 4 5 6 7 8
cat_threshold=4 170 1 10 778 516 9 10
is_linear=0
shrinkage=0.05


Tree=324
num_leaves=22
num_cat=7
split_feature=3 0 1 0 0 17 1 17 1 12 12 6 11 12 5 15 6 12 12 9 5
split_gain=2.79709 10.0759 5.84873 5.13528 8.14178 5.01272 4.85024 4.4758 10.6459 9.25451 7.09512 3.547 5.12576 3.7599 3.49871 7.2368 6.68778 2.82586 6.39785 4.10444 3.35128
threshold=0 2450.0000000000005 1 1350.0000000000002 1550.0000000000002 2 3 4 5 5.5000000000000009 4.5000000000000009 0.16471224853577796 1.0000000180025095e-35 1.5000000000000002 15.500000000000002 6 0.24170951597422188 7.5000000000000009 6.5000000000000009 1.0000000180025095e-35 15.500000000000002
decision_type=9 2 1 2 2 1 1 1 1 2 2 2 2 2 2 9 2 2 2 2 2
left_child=6 2 3 5 -5 -2 17 8 10 -10 -8 12 -9 -13 15 -4 -16 18 20 -20 -1
right_child=1 -3 14 4 -6 -7 7 11 9 -11 -12 13 -14 -15 16 -17 -18 -19 19 -21 -22
leaf_value=0.00096988769349570694 -0.0065576056501945191 -0.01654629254092773 0.002577006012436048 -0.0076990258564529502 -0.0013251126674441588 0.0023789083897364401 0.0014474796405171647 0.0066254350171041816 -0.0036579424342678222 -0.021140085785814069 0.024141349812718826 0.0014989708105567845 0.00075268651759573084 -0.0031904734212279389 0.00055406766157889214 -0.0033613379964626739 -0.0049456680867705684 -0.0058476866590790461 0.0024769802764058116 0.019250560198379785 0.0042755769630533347
leaf_weight=2041 173 93 3651 630 2447 1107 102 488 692 85 52 825 1557 887 3695 589 650 100 60 93 1228
leaf_count=2041 173 93 3651 630 2447 1107 102 488 692 85 52 825 1557 887 3695 589 650 100 60 93 1228
internal_value=0.000308297 -0.000147257 -2.9529e-05 -0.00151952 -0.00263014 0.00113844 0.0010305 -2.41303e-05 -0.00310862 -0.00549962 0.00855484 0.000746442 0.00215411 -0.000930665 0.000727583 0.00175023 -0.000268678 0.00243038 0.00267939 0.0126727 0.00221167
internal_weight=21245 13035 12942 4357 3077 1280 8210 4688 931 777 154 3757 2045 1712 8585 4240 4345 3522 3422 153 3269
internal_count=21245 13035 12942 4357 3077 1280 8210 4688 931 777 154 3757 2045 1712 8585 4240 4345 3522 3422 153 3269
cat_boundaries=0 1 2 3 4 5 6 7
cat_threshold=2 267 8 297 8 512 35
is_linear=0
shrinkage=0.05


Tree=325
num_leaves=21
num_cat=7
split_feature=0 7 3 1 6 6 0 0 1 1 2 0 7 0 7 19 19 7 6 6
split_gain=6.82689 7.5195 5.31199 7.0558 11.6645 7.80442 2.97788 9.07138 8.49673 8.19446 9.37049 39.761 5.86425 4.45152 4.38554 3.60564 3.16957 2.49057 2.20729 0.888216
threshold=2350.0000000000005 0.18168290043290045 0 1 0.14989531166001757 0.085957615369380083 1450.0000000000002 1550.0000000000002 2 3 4 1350.0000000000002 0.010336538461538461 2150.0000000000005 0.21478174603174607 5 6 0.04545454545454547 0.25739723239723239 0.15507154882154886
decision_type=2 2 9 1 2 2 2 2 1 1 9 2 2 2 2 1 1 2 2 2
left_child=6 2 17 4 -4 -5 9 19 12 10 11 -1 -9 -10 15 -11 -12 -2 -3 -8
right_child=1 18 3 5 -6 -7 7 8 13 14 16 -13 -14 -15 -16 -17 -18 -19 -20 -21
leaf_value=-0.014243641435747396 -0.0096364806639030586 -0.011972181929741055 0.016159427394582468 -0.0051009211207515212 -0.013752414904301985 0.014566650384861388 -0.017768038234540397 0.0033199786057184072 -0.0015620248607348655 -0.0053942133497550905 0.0029063881223483257 0.012491750075039816 -3.9681091526553252e-05 -0.010438766099014802 -0.014335810211819731 6.7395335124648383e-05 -0.0011295937459375965 0.0038757845925243752 -0.00010482617810870824 -0.0090926692364554779
leaf_weight=173 64 70 55 58 80 387 70 1771 5439 312 995 709 4872 145 56 4915 937 73 89 51
leaf_count=173 64 70 55 58 80 387 70 1771 5439 312 995 709 4872 145 56 4915 937 73 89 51
internal_value=0.000185456 0.0045078 0.00668928 0.00869494 -0.0014581 0.0117394 2.57682e-07 -0.000488387 -0.000353571 0.000745446 0.00291916 0.00716648 0.000854706 -0.00178932 -0.000417121 -0.000268799 0.000953241 -0.00227077 -0.00532945 -0.0141115
internal_weight=21321 876 717 580 135 445 20445 12348 12227 8097 2814 882 6643 5584 5283 5227 1932 137 159 121
internal_count=21321 876 717 580 135 445 20445 12348 12227 8097 2814 882 6643 5584 5283 5227 1932 137 159 121
cat_boundaries=0 1 2 3 4 5 6 7
cat_threshold=12 134 865 149 144 4 56
is_linear=0
shrinkage=0.05


Tree=326
num_leaves=29
num_cat=14
split_feature=0 2 3 15 17 4 1 3 0 0 10 1 19 6 12 1 6 0 5 6 5 0 12 6 3 2 19 1
split_gain=2.35602 7.45643 8.49645 9.86256 9.37531 6.93004 8.10162 12.3153 6.76344 9.52189 24.3258 8.28884 8.94508 8.40179 6.10437 6.05397 5.67533 5.12962 4.94104 5.15475 5.79459 4.85824 4.64087 4.62373 4.19428 9.51751 6.14454 4.10162
threshold=1750.0000000000002 0 1 2 3 4 5 6 2150.0000000000005 2350.0000000000005 1.0000000180025095e-35 7 8 0.22414021164021167 2.5000000000000004 9 0.21446592623063213 1550.0000000000002 9.5000000000000018 0.13438674615145207 15.500000000000002 1550.0000000000002 2.5000000000000004 0.11853054353054356 10 11 12 13
decision_type=2 9 9 9 1 1 1 9 2 2 2 1 1 2 2 1 2 2 2 2 2 2 2 2 9 9 1 1
left_child=5 8 4 22 15 18 24 17 11 10 -10 12 -2 -13 -6 -3 -5 -8 -1 23 -21 -9 -4 -20 26 -26 -7 -11
right_child=1 2 3 16 14 6 7 21 9 27 -12 13 -14 -15 -16 -17 -18 -19 19 20 -22 -23 -24 -25 25 -27 -28 -29
leaf_value=-0.013254246714145499 0.0093675775823133592 0.0042896335676576572 0.010109204051056595 -0.029060852285977958 -0.0065022756388868983 0.00414067459031208 0.004992505507233954 -0.0017409891872221105 -0.032680736517068001 0.0052794938449371599 -0.00019386891022469234 0.0063576734900005474 -0.0054370633146533795 0.00052355238766403807 -0.00068453022183641689 -0.00041052899692795085 -0.0085528586164958058 0.023722600176856345 0.0012996025739709734 0.0093283102393126403 0.0012106359706814526 -0.0049797670293982776 -0.0075174581952566323 -0.007434416211539222 -0.0084317212668473251 0.00038385045285042933 -0.0018163186010898898 -0.0035068959115751191
leaf_weight=54 121 1203 66 74 734 1302 109 3129 80 339 206 1768 461 948 1169 1577 62 55 1636 428 452 1838 86 167 351 2016 642 207
leaf_count=54 121 1203 66 74 734 1302 109 3129 80 339 206 1768 461 948 1169 1577 62 55 1636 428 452 1838 86 167 351 2016 642 207
internal_value=-4.28427e-05 0.000565762 -0.000739037 -0.00892642 -0.000217573 -0.000497634 -0.00113937 -0.00248034 0.00213288 -0.00189044 -0.0092811 0.00315433 -0.00225288 0.00430546 -0.00291317 0.00163148 -0.0183615 0.010626 0.00171409 0.00202174 0.00515878 -0.00293357 0.000127815 0.000490628 0.000458726 -0.000953374 0.00217417 0.00198086
internal_weight=21280 9101 4971 288 4683 12179 9442 5131 4130 832 286 3298 582 2716 1903 2780 136 164 2737 2683 880 4967 152 1803 4311 2367 1944 546
internal_count=21280 9101 4971 288 4683 12179 9442 5131 4130 832 286 3298 582 2716 1903 2780 136 164 2737 2683 880 4967 152 1803 4311 2367 1944 546
cat_boundaries=0 1 2 3 4 5 6 7 8 9 10 11 12 13 14
cat_threshold=10 3 5 10 28 397 8 5 10 337 2 10 25 532
is_linear=0
shrinkage=0.05


Tree=327
num_leaves=25
num_cat=7
split_feature=1 15 7 7 6 0 3 6 17 14 7 17 6 14 6 0 0 5 1 6 5 1 6 6
split_gain=1.65374 3.4755 5.10032 5.39096 6.62558 4.27297 3.47775 7.11246 4.94587 3.14657 9.94529 4.15751 3.12168 2.79223 6.92516 2.94752 7.52535 9.43723 6.55123 4.58377 4.62756 4.4964 2.18573 4.32569
threshold=0 1 0.12999500499500502 0.014044289044289048 0.095892914275267235 1750.0000000000002 2 0.27306547619047622 3 0.46410256410256417 0.14104853479853482 4 0.40743853096794286 0.70294117647058829 0.097210550887021491 1650.0000000000002 1450.0000000000002 10.500000000000002 5 0.090486964016375807 14.500000000000002 6 0.015909090909090911 0.056963012477718365
decision_type=1 9 2 2 2 2 9 2 1 2 2 1 2 2 2 2 2 2 1 2 2 1 2 2
left_child=1 2 3 5 -5 -1 7 8 -3 11 -11 -8 -9 15 22 16 18 -18 -2 20 -17 -21 -15 -24
right_child=13 6 -4 4 -6 -7 9 12 -10 10 -12 -13 -14 14 -16 19 17 -19 -20 21 -22 -23 23 -25
leaf_value=0.0027246831255409907 0.0027241241492067052 0.0038271402570688607 0.015312486277385193 0.0084328295553431805 -0.0085510362708371528 0.020425931298030685 0.0014588067347814553 -0.025819930544123057 -0.0080155994687004985 -0.0047874899772867418 0.018024835173113676 -0.0020233383756759786 -0.0081516434047371154 0.0090781789328902972 -0.018959829870436807 -0.0038765207124307312 0.006269770336265747 -0.0038951461680885404 -0.00066254099020658284 -0.00019548544094178007 0.0013552486862371438 0.0027896341693913178 -0.011642076560030027 0.0067367396254281887
leaf_weight=99 2522 180 77 85 177 52 2201 50 156 756 51 1390 50 50 64 779 260 1875 3271 1804 924 4220 70 59
leaf_count=99 2522 180 77 85 177 52 2201 50 156 756 51 1390 50 50 64 779 260 1875 3271 1804 924 4220 70 59
internal_value=0.000219408 -0.000542769 0.00342842 0.00129576 -0.003041 0.00882048 -0.000951556 -0.00516146 -0.00179593 -0.000523441 -0.00334582 0.00010937 -0.0169858 0.000474693 -0.00484361 0.000557548 -0.000119775 -0.00265726 0.000815413 0.00125249 -0.00103791 0.00189999 0.000203526 -0.00323626
internal_weight=21222 5324 490 413 262 151 4834 436 336 4398 807 3591 100 15898 243 15655 7928 2135 5793 7727 1703 6024 179 129
internal_count=21222 5324 490 413 262 151 4834 436 336 4398 807 3591 100 15898 243 15655 7928 2135 5793 7727 1703 6024 179 129
cat_boundaries=0 1 2 3 4 5 6 7
cat_threshold=264 12 12 5 6 148 134
is_linear=0
shrinkage=0.05


Tree=328
num_leaves=19
num_cat=6
split_feature=0 9 14 0 1 5 16 6 6 14 6 0 16 17 1 1 14 14
split_gain=3.42548 10.396 9.11307 4.72315 11.5999 4.80218 6.18845 3.75241 7.97213 3.38123 5.29478 6.14918 6.04836 3.84933 5.70703 5.49781 0.734506 0.680486
threshold=2450.0000000000005 1.0000000180025095e-35 0.46410256410256417 2350.0000000000005 0 8.5000000000000018 1 0.21672951231774765 0.12912147765088944 0.26969696969696971 0.23970658970658973 2150.0000000000005 2 3 4 5 0.36931818181818188 0.35504201680672276
decision_type=2 2 2 2 1 2 9 2 2 2 2 2 9 1 1 1 2 2
left_child=3 2 7 9 17 -6 -7 8 -2 13 12 -12 -11 14 -1 -15 -3 -5
right_child=1 16 -4 4 5 6 -8 -9 -10 10 11 -13 -14 15 -16 -17 -18 -19
leaf_value=-0.0054180098780828015 0.0036086219293927704 -0.022464008961676385 0.018548274443654176 -0.0059748465636451 0.020712902461705002 -0.0016238166048424319 0.011808080572816657 0.0030841919712405255 -0.022769523461608859 0.0014410549595795432 -0.0034989290012117204 -0.020783739240973126 -0.001116126777107617 0.003481720635133365 0.00035964781747923263 0.00026229387663225944 -0.014096807600516412 -0.01370088912121821
leaf_weight=561 54 51 55 57 69 150 195 94 61 3220 634 56 8135 1974 1701 4020 54 57
leaf_count=561 54 51 55 57 69 150 195 94 61 3220 634 56 8135 1974 1701 4020 54 57
internal_value=-7.80443e-05 -0.00485338 0.00043937 6.55411e-06 0.00467523 0.00846707 0.00626332 -0.00432613 -0.0103833 -0.000114871 -0.000649104 -0.00490175 -0.000390686 0.000664541 -0.00109081 0.00132658 -0.0181609 -0.00904449
internal_weight=21198 369 264 20829 528 414 345 209 115 20301 12045 690 11355 8256 2262 5994 105 114
internal_count=21198 369 264 20829 528 414 345 209 115 20301 12045 690 11355 8256 2262 5994 105 114
cat_boundaries=0 1 2 3 4 5 6
cat_threshold=136 34 34 1 706 200
is_linear=0
shrinkage=0.05


Tree=329
num_leaves=28
num_cat=8
split_feature=5 4 19 12 6 6 6 6 13 0 13 6 2 0 19 5 12 6 9 0 4 16 0 0 19 16 6
split_gain=2.06504 9.28362 13.8117 8.16548 5.25523 4.84342 10.5343 6.51554 7.31674 5.02206 4.55058 3.29342 2.21793 6.26197 8.28065 5.77864 3.29786 2.98457 1.98308 1.93957 5.97427 10.343 4.9944 6.76196 4.69741 2.38123 1.65499
threshold=10.500000000000002 0 1 2.5000000000000004 0.10210475798711095 0.097873422873422877 0.090486964016375807 0.11429126429126431 4.5000000000000009 1350.0000000000002 1.5000000000000002 0.17426718162012281 2 1750.0000000000002 3 17.500000000000004 2.5000000000000004 0.21038748832866483 1.0000000180025095e-35 1750.0000000000002 4 5 1250.0000000000002 1350.0000000000002 6 7 0.13654091007032185
decision_type=2 1 1 2 2 2 2 2 2 2 2 2 9 2 1 2 2 2 2 2 1 9 2 2 1 9 2
left_child=1 2 11 10 -5 6 9 18 -9 -3 -4 -1 13 15 26 17 -16 -2 -7 22 24 -22 25 -24 -21 -14 -15
right_child=12 5 3 4 -6 7 -8 8 -10 -11 -12 -13 19 14 16 -17 -18 -19 -20 20 21 -23 23 -25 -26 -27 -28
leaf_value=0.001435947150923312 0.010257722556536251 -0.0086937836192678229 0.011434220719863386 0.017490461960434914 -0.002499955161086594 -0.018807659695966771 0.025165117551971761 -0.0014929335469592003 0.0067691323488255897 0.0049671717161391066 0.02696373376266082 -0.016074867510429487 0.0012977044624378894 0.013973274390128528 -0.020941114812158049 -0.0019815490394830704 -0.0034636490240271367 0.026349809868261222 -0.0056714688893407588 -0.0009345978816042924 0.0080941796008830464 -0.0051111260087677883 -0.011203549017873543 -0.0012086911496967383 0.0020853366998866084 -0.0013449955281858016 0.0021885379117268784
leaf_weight=50 68 86 85 50 96 59 56 1675 319 309 106 58 3570 55 55 60 53 50 56 1890 169 889 174 6164 4012 1111 65
leaf_count=50 68 86 85 50 96 59 56 1675 319 309 106 58 3570 55 55 60 53 50 56 1890 169 889 174 6164 4012 1111 65
internal_value=0.000126563 0.00134174 0.00792098 0.0128663 0.00434608 0.000166487 0.00487015 -0.00083858 -0.000171169 0.00199289 0.0200527 -0.00729275 -7.2055e-05 0.00353744 -0.00186206 0.0106524 -0.0113164 0.0170764 -0.0124109 -0.000155445 0.000497909 -0.00294573 -0.000568268 -0.00148308 0.00111832 0.000670379 0.00700604
internal_weight=21390 3005 445 337 146 2560 451 2109 1994 395 191 108 18385 406 228 178 108 118 115 17979 6960 1058 11019 6338 5902 4681 120
internal_count=21390 3005 445 337 146 2560 451 2109 1994 395 191 108 18385 406 228 178 108 118 115 17979 6960 1058 11019 6338 5902 4681 120
cat_boundaries=0 1 2 3 4 5 6 7 8
cat_threshold=2 16 4 3 19 32 5 3
is_linear=0
shrinkage=0.05


Tree=330
num_leaves=22
num_cat=10
split_feature=2 16 0 18 6 8 17 17 14 18 6 5 0 4 6 6 1 0 1 3 14
split_gain=3.55955 7.19181 7.60639 7.85031 5.79372 5.76862 6.32607 4.97757 4.5122 2.58873 7.50081 9.28296 5.94759 4.62145 2.72858 4.12462 7.74348 5.16617 3.10409 5.82205 3.6704
threshold=0 1 1750.0000000000002 2 0.088339438339438345 381.20000000000005 3 4 0.42261904761904767 5 0.17781385281385284 12.500000000000002 2350.0000000000005 6 0.090486964016375807 0.074531555046260939 7 1850.0000000000002 8 9 0.20714285714285716
decision_type=9 9 2 1 2 2 1 1 2 1 2 2 2 1 2 2 1 2 1 9 2
left_child=1 8 3 4 -3 -4 -7 -5 -1 10 12 -12 13 -2 15 17 -17 -11 19 -16 -20
right_child=9 2 5 7 -6 6 -8 -9 -10 14 11 -13 -14 -15 18 16 -18 -19 20 -21 -22
leaf_value=0.019115871777210167 -0.0042480894280606321 0.0099097482155917627 0.006737285348904002 -0.0088424167312849827 0.00060238850176320112 -0.013557266790605309 -0.004084614574661828 0.00060160947463742194 -0.00044997654532870422 0.00079243847311358186 -0.025925094939336396 -0.0013671844266355039 0.01354933142347235 0.0037514523580585695 0.006871896239472982 0.0020286146915853621 -0.0056506850258890087 -0.005677281256084115 0.001945897385808971 0.0011574566435952839 -0.0011417166356524229
leaf_weight=68 522 246 91 278 522 231 790 276 52 4204 69 87 71 265 468 521 868 333 1419 6920 2992
leaf_count=68 522 246 91 278 522 231 790 276 52 4204 69 87 71 265 468 521 868 333 1419 6920 2992
internal_value=8.2942e-05 -0.00166448 -0.0022685 0.000285695 0.00353759 -0.00532545 -0.00640058 -0.00421021 0.00981908 0.000321821 -0.00212315 -0.0122293 -0.00031041 -0.00156078 0.000462809 -0.00041229 -0.00279633 0.000317584 0.000902717 0.00152824 -0.000148109
internal_weight=21293 2554 2434 1322 768 1112 1021 554 120 18739 1014 156 858 787 17725 5926 1389 4537 11799 7388 4411
internal_count=21293 2554 2434 1322 768 1112 1021 554 120 18739 1014 156 858 787 17725 5926 1389 4537 11799 7388 4411
cat_boundaries=0 1 2 3 4 5 6 7 8 9 10
cat_threshold=20 6 5 8 10 1 21 777 752 4
is_linear=0
shrinkage=0.05


Tree=331
num_leaves=30
num_cat=6
split_feature=4 0 17 6 0 7 7 0 15 3 0 6 6 7 6 8 17 6 8 6 6 9 4 9 0 8 6 14 14
split_gain=2.25724 5.49744 7.50502 8.96213 6.01959 5.46493 6.43544 3.75817 3.00725 4.44456 9.02437 4.90126 9.84251 6.42803 3.88698 2.79784 9.19779 3.19202 2.75012 2.68584 5.3441 2.48542 2.1563 7.23766 5.16014 3.14526 2.10191 7.21827 6.7193
threshold=0 1250.0000000000002 1 0.22943287649170005 1850.0000000000002 1.0000000180025095e-35 0.0212121212121212 1650.0000000000002 2 3 1950.0000000000002 0.15887396916808685 0.18344525844525847 0.07612044817927173 0.1428804855275444 353.30000000000001 4 0.066702741702741722 407.20000000000005 0.020220588235294119 0.036047979797979808 1.0000000180025095e-35 5 1.0000000180025095e-35 1750.0000000000002 340.90000000000003 0.15507154882154886 0.30384615384615393 0.12916666666666668
decision_type=1 2 1 2 2 2 2 2 9 9 2 2 2 2 2 2 1 2 2 2 2 2 1 2 2 2 2 2 2
left_child=8 15 3 4 -3 7 -7 -4 9 10 14 13 -13 -11 -1 19 17 -17 -18 -2 -21 -5 23 24 -10 -25 28 -28 -24
right_child=1 2 5 21 -6 6 -8 -9 22 11 -12 12 -14 -15 -16 16 18 -19 -20 20 -22 -23 26 25 -26 -27 27 -29 -30
leaf_value=-0.0096904854734088785 -0.0062589469853968878 0.00035135445269403949 -0.017653901003324975 0.0063743980565050158 -0.011186442042766948 0.0065003950729257843 -0.0049862362202262311 -0.005490035436108826 0.0057784766034924941 -0.0046893018209153703 0.015795068427299462 -0.02745272785785698 -0.0047552599997008936 0.011985159854094188 0.0050410450053667392 -0.00020542050523755071 -0.019303002178132762 0.017150871872824307 -0.0043099972795237577 0.017796758244461988 0.0031021623232324949 0.020539337124209852 -0.0078550060938491865 0.0071535711512580279 0.022733151372685508 -0.0060311316275994094 3.7295737638279791e-05 0.0036535097290570809 0.00014680922276312804
leaf_weight=107 62 1029 127 64 127 142 863 127 211 252 90 62 208 75 77 52 66 54 57 69 599 60 270 61 57 175 4817 1934 9264
leaf_count=107 62 1029 127 64 127 142 863 127 211 252 90 62 208 75 77 52 66 54 57 69 599 60 270 61 57 175 4817 1934 9264
internal_value=0.000119827 -0.00103884 -0.00226001 0.000450533 -0.000916206 -0.00497978 -0.00336325 -0.011572 0.00034972 -0.00249846 0.00272125 -0.00489947 -0.00996727 -0.000864884 -0.00352566 0.00218343 -0.00263844 0.00789194 -0.0114261 0.00369605 0.00462002 0.0132284 0.000498881 0.00368865 0.00938451 -0.00262322 0.000397958 0.00107325 -7.97998e-05
internal_weight=21158 3498 2539 1280 1156 1259 1005 254 17660 871 274 597 270 327 184 959 229 106 123 730 668 124 16789 504 268 236 16285 6751 9534
internal_count=21158 3498 2539 1280 1156 1259 1005 254 17660 871 274 597 270 327 184 959 229 106 123 730 668 124 16789 504 268 236 16285 6751 9534
cat_boundaries=0 1 2 3 4 5 6
cat_threshold=19 12 36 6 5 16
is_linear=0
shrinkage=0.05


Tree=332
num_leaves=25
num_cat=7
split_feature=7 1 19 5 0 19 7 5 6 7 1 3 5 4 6 7 7 7 7 1 5 0 5 5
split_gain=2.17626 3.61905 5.11127 4.94727 4.81793 6.03451 4.5201 3.77721 3.4464 3.17252 7.87974 8.46008 13.6977 8.26403 3.757 6.25042 4.73895 2.98849 10.2095 8.82493 7.16383 5.02564 4.14793 2.49638
threshold=0.21478174603174607 0 1 13.500000000000002 1550.0000000000002 2 0.2556277056277057 10.500000000000002 0.25009426847662147 0.16081173728232553 3 4 9.5000000000000018 5 0.23314675520557876 0.17928921568627457 0.1951465201465202 0.097253645047762696 0.090996503496503525 6 9.5000000000000018 1650.0000000000002 10.500000000000002 14.500000000000002
decision_type=2 1 1 2 2 1 2 2 2 2 1 9 2 1 2 2 2 2 2 1 2 2 2 2
left_child=9 2 3 -2 -3 6 -6 -7 -4 17 14 12 -12 -13 16 -16 -11 18 22 21 -21 -19 -1 -20
right_child=1 4 8 -5 5 7 -8 -9 -10 10 11 13 -14 -15 15 -17 -18 19 23 20 -22 -23 -24 -25
leaf_value=0.0020548728197192583 0.020509542764404851 -0.01408588809829036 -0.011341481999709057 0.0042440146227624822 0.020874556156340988 -0.010009774106345792 0.002950220839942203 0.0013231737786864347 0.0060497359897468302 -0.00030398655358421646 -0.036150430166162553 0.0098226931090844242 -0.0077196600199302386 -0.006652288807640243 0.0083517372346760942 -0.012550719715363812 0.011401737111600292 0.0013541574012982636 -0.017916984489608195 0.0077606236060324329 -0.0018670812548947789 0.007827140066904964 -0.00042635693578938687 -0.0058704642939846965
leaf_weight=1908 93 55 52 94 60 107 85 235 63 206 56 101 174 234 57 96 149 565 93 219 1641 639 14371 80
leaf_count=1908 93 55 52 94 60 107 85 235 63 206 56 101 174 234 57 96 149 565 93 219 1641 639 14371 80
internal_value=-4.04519e-05 0.00244801 0.0067234 0.0117072 -5.72132e-05 0.00152596 0.00969834 -0.00215937 -0.00166899 -0.000142461 -0.00278944 -0.00678345 -0.0140319 -0.00154446 0.00175177 -0.00476353 0.00460912 3.07147e-06 -0.000263943 0.00143679 -0.000729574 0.00475012 -0.000135541 -0.0123463
internal_weight=21433 844 302 187 542 487 145 342 115 20589 1073 565 230 335 508 153 355 19516 16452 3064 1860 1204 16279 173
internal_count=21433 844 302 187 542 487 145 342 115 20589 1073 565 230 335 508 153 355 19516 16452 3064 1860 1204 16279 173
cat_boundaries=0 1 2 3 4 5 6 7
cat_threshold=678 18 1 299 2 9 85
is_linear=0
shrinkage=0.05


Tree=333
num_leaves=24
num_cat=7
split_feature=14 19 14 17 6 7 6 16 13 6 7 4 6 2 7 8 5 6 19 2 6 6 9
split_gain=2.83265 5.98595 5.21006 7.1398 5.50662 5.44056 3.56809 9.87717 9.74103 5.39591 3.67806 4.27993 3.849 3.37489 7.61877 4.86712 5.27764 4.68074 3.68566 2.63372 4.21403 2.06876 1.86755
threshold=0.20714285714285716 0 0.32291666666666669 1 1.0000000180025095e-35 0.13688394938394943 0.206387403446227 2 3.5000000000000004 0.32763630704807184 0.038095238095238119 3 0.17321682946682945 4 0.2502976190476191 309.00000000000006 14.500000000000002 0.10132668257668258 5 6 0.095892914275267235 0.23809523809523811 1.0000000180025095e-35
decision_type=2 1 2 1 2 2 2 9 2 2 2 1 2 9 2 2 2 2 1 9 2 2 2
left_child=1 22 3 19 -5 -6 10 8 -8 -9 11 -4 -12 14 17 18 -17 -3 -15 20 -2 -21 -1
right_child=2 13 6 4 5 -7 7 9 -10 -11 12 -13 -14 15 -16 16 -18 -19 -20 21 -22 -23 -24
leaf_value=-0.013314890799248656 0.010589109887727179 -0.010638112005544827 -0.00086523816732100671 -0.016182150956176752 0.00026330306185865974 -0.0046675929838043148 0.012706694985464426 0.0090295462831068967 -0.0082425380140308327 -0.0037488879530316165 -0.00011836314471313642 0.0025006995199160862 -0.004902283186187904 0.0031316717954772534 0.017298937317562001 0.0066974789337700671 0.001971317520393171 -0.00032041601743655829 -0.001835225334162186 -0.0075331450453478962 -0.0056764470316086188 -0.017593153384437815 -0.0023094600518507994
leaf_weight=89 52 120 1386 56 4092 648 71 557 254 97 4302 2944 466 603 58 917 1660 1309 946 315 170 61 68
leaf_count=89 52 120 1386 56 4092 648 71 557 254 97 4302 2944 466 603 58 917 1660 1309 946 315 170 61 68
internal_value=0.000362062 0.00130754 9.44138e-06 -0.00124469 -0.000593709 -0.000410794 0.00068075 0.00354891 -0.00355651 0.00702683 0.000372118 0.00142707 -0.000585919 0.00158039 -0.000462698 0.00231606 0.00365308 -0.00118684 0.000106675 -0.00634948 -0.00178604 -0.00892778 -0.00803634
internal_weight=21241 5770 15471 5394 4796 4740 10077 979 325 654 9098 4330 4768 5613 1487 4126 2577 1429 1549 598 222 376 157
internal_count=21241 5770 15471 5394 4796 4740 10077 979 325 654 9098 4330 4768 5613 1487 4126 2577 1429 1549 598 222 376 157
cat_boundaries=0 1 2 3 4 5 6 7
cat_threshold=4 1 40 2 18 48 136
is_linear=0
shrinkage=0.05


Tree=334
num_leaves=31
num_cat=11
split_feature=15 1 14 19 6 8 6 12 2 6 6 6 14 4 7 7 7 6 7 4 19 14 5 19 7 7 8 2 1 1
split_gain=2.72412 5.87258 3.52734 6.62867 12.7421 6.01414 3.43646 5.48065 5.67019 3.55666 3.29722 7.85987 6.30228 3.12054 10.2887 6.64062 6.57309 3.03646 5.31847 5.13538 4.85832 4.67465 3.95065 3.91667 2.95127 13.9726 7.25486 2.92149 4.03471 4.02254
threshold=0 1 0.54195804195804198 2 0.067465704230410123 381.20000000000005 0.046081349206349216 2.5000000000000004 3 0.023870573870573873 0.22943287649170005 0.123934766214178 0.20714285714285716 4 0.039018334606569928 0.028625541125541113 0.066695804195804231 0.19328367710720654 0.12520396270396275 5 6 0.2817460317460318 14.500000000000002 7 0.095038784744667107 0.090996503496503525 265.2000000000001 8 9 10
decision_type=9 1 2 1 2 2 2 2 9 2 2 2 2 1 2 2 2 2 2 1 1 2 2 1 2 2 2 9 1 1
left_child=1 17 10 4 -4 -5 7 8 9 -2 11 -3 -12 24 15 -15 -16 18 20 23 -1 -20 -21 -19 25 -8 -26 28 -9 -29
right_child=6 2 3 5 -6 -7 13 27 -10 -11 12 -13 -14 14 16 -17 -18 19 21 22 -22 -23 -24 -25 26 -27 -28 29 -30 -31
leaf_value=0.0073012239447333999 0.0076353628571857431 -0.0012179366135307271 0.0049701747111976155 -0.0040590622316541104 -0.021791412238128003 0.011796764784256918 -0.0010569484084798503 0.0055124061903165239 -4.3762779418141287e-05 0.023867153252627869 -6.1870028027490787e-06 0.0036442605451977488 -0.0081600541155645075 -0.00041561654353997361 -0.012267098409163431 0.01373742057970076 -0.0033921900888961181 0.0093575733453583193 -0.017395667213086899 0.020411073687137106 0.00074405176244039068 -0.00020545092180813894 0.0050805212311005521 -0.0010400393381184531 0.01203403054610511 -0.026580259679920143 8.4656269509798929e-05 0.0067063995660713851 -0.0046864852196971552 -0.00029066846539812076
leaf_weight=378 68 2063 70 214 122 83 7663 114 131 67 828 1392 332 509 321 99 596 126 65 94 1069 101 76 271 133 54 2826 287 464 671
leaf_count=378 68 2063 70 214 122 83 7663 114 131 67 828 1392 332 509 321 99 596 126 65 94 1069 101 76 271 133 54 2826 287 464 671
internal_value=-0.000315812 0.000468217 -0.000460344 -0.00449928 -0.0114388 0.000359909 -0.000723461 0.00131417 0.00794035 0.014609 -3.3381e-05 0.000741015 -0.00233988 -0.001025 -0.00313422 0.00188891 -0.00649889 0.00263442 0.00154014 0.0057939 0.00251258 -0.00693656 0.0128042 0.00240879 -0.000720098 -0.00123555 0.000621752 0.000166667 -0.0026154 0.00185316
internal_weight=21287 7284 5104 489 192 297 14003 1802 266 135 4615 3455 1160 12201 1525 608 917 2180 1613 567 1447 166 170 397 10676 7717 2959 1536 578 958
internal_count=21287 7284 5104 489 192 297 14003 1802 266 135 4615 3455 1160 12201 1525 608 917 2180 1613 567 1447 166 170 397 10676 7717 2959 1536 578 958
cat_boundaries=0 1 2 3 4 5 6 7 8 9 10 11
cat_threshold=42 581 18 384 11 17 38 16 136 260 585
is_linear=0
shrinkage=0.05


Tree=335
num_leaves=24
num_cat=6
split_feature=19 14 6 2 5 6 2 1 1 10 6 5 0 6 6 6 2 6 5 14 6 0 0
split_gain=1.93724 8.00825 7.02239 4.78821 5.77121 4.23015 4.73246 8.97254 6.68501 5.46326 5.38737 4.61298 3.8889 3.73151 5.28024 2.95814 8.96888 7.17883 6.90321 6.08202 5.92291 2.97435 2.41536
threshold=0 0.56696428571428581 0.059274821039526922 1 15.500000000000002 0.32763630704807184 2 3 4 1.0000000180025095e-35 0.40743853096794286 12.500000000000002 1250.0000000000002 0.070106119370825268 0.1272772366522367 0.28553044178044185 5 0.27306547619047622 13.500000000000002 0.22649572649572652 0.31035076035076042 2250.0000000000005 2150.0000000000005
decision_type=1 2 2 9 2 2 9 1 1 2 2 2 2 2 2 2 9 2 2 2 2 2 2
left_child=1 2 3 12 -5 15 8 9 22 -8 -9 -10 -1 -4 -15 17 20 21 -18 -19 -17 -2 -7
right_child=5 -3 13 4 -6 6 7 10 11 -11 -12 -13 -14 14 -16 16 18 19 -20 -21 -22 -23 -24
leaf_value=-0.0044150745375081896 0.00046970479279222384 0.016395817117617381 0.011793277024260753 0.013366205404129097 -0.007447120661769684 -0.005357948074547144 -0.0015950518922906807 0.0033133944999649868 -0.0087090533672143592 -0.015253995601652246 0.022055271542362441 -0.025213853613848786 -0.022901599688603627 -0.0041005952166685072 0.0023768838581323579 0.022761752134512949 0.0054225647238133508 -2.1025745836259041e-05 -0.0067353245580235649 -0.016408853760349149 0.0022501655020996146 -0.0031366094527530532 0.010033323794603349
leaf_weight=50 15954 88 91 51 96 52 281 146 115 99 52 67 66 364 2319 92 273 108 204 119 57 593 50
leaf_count=50 15954 88 91 51 96 52 281 146 115 99 52 67 66 364 2319 92 273 108 204 119 57 593 50
internal_value=0.000373207 0.0015215 0.00109551 -0.00671295 -0.000211765 0.000175782 -0.00324309 -0.000557356 -0.00839393 -0.00502142 0.00783957 -0.0140149 -0.0137481 0.00183582 0.00149809 0.000345255 0.00371996 0.000219312 0.000218386 -0.008612 0.013977 0.000340464 0.00199154
internal_weight=21387 3125 3037 263 147 18262 862 578 284 380 198 182 116 2774 2683 17400 626 16774 477 227 149 16547 102
internal_count=21387 3125 3037 263 147 18262 862 578 284 380 198 182 116 2774 2683 17400 626 16774 477 227 149 16547 102
cat_boundaries=0 1 2 3 4 5 6
cat_threshold=12 152 18 481 320 256
is_linear=0
shrinkage=0.05


Tree=336
num_leaves=23
num_cat=9
split_feature=3 0 1 12 3 3 7 0 17 7 7 18 5 14 19 0 0 0 17 18 7 5
split_gain=2.57985 6.32584 5.16372 5.90985 4.33268 15.4123 11.5913 8.11333 3.69061 9.77806 4.616 3.58545 4.12413 3.17508 3.0596 5.51398 7.82024 5.23843 4.70682 3.72304 3.52898 0.790906
threshold=0 2450.0000000000005 1 7.5000000000000009 2 3 0.1091585497835498 1950.0000000000002 4 0.13336834733893563 0.11111111111111113 5 11.500000000000002 0.43303571428571436 6 2250.0000000000005 2550.0000000000005 1750.0000000000002 7 8 0.092232277526395193 12.500000000000002
decision_type=9 2 1 2 9 9 2 2 1 2 2 1 2 2 1 2 2 2 1 1 2 2
left_child=2 4 3 8 11 6 -6 -7 9 -1 -10 12 -2 -13 15 17 -17 -4 20 -20 -16 -3
right_child=1 21 14 -5 5 7 -8 -9 10 -11 -12 13 -14 -15 18 16 -18 -19 19 -21 -22 -23
leaf_value=0.002668254174233285 -0.0066485742651499237 -0.01709028791003632 -0.0009833766509520362 -0.010494869889731966 0.0032791454309778756 -0.025626665043334169 -0.012896917922865157 -0.0017941738443019298 0.0021410289062758696 0.014812427930777576 -0.0038942228213114586 6.6885076950637493e-05 0.0072686575867511264 -0.0018692181645463956 -0.0086935846906731305 -0.016901892626013323 0.0028348574645279609 0.0036482701987148808 -0.0074727674311448255 0.00044440344465889966 -0.00016238469620015515 -0.0084109311236086528
leaf_weight=1174 65 53 1273 92 491 114 143 52 1670 193 391 9065 294 2763 380 104 97 1173 158 1274 178 52
leaf_count=1174 65 53 1273 92 491 114 143 52 1670 193 391 9065 294 2763 380 104 97 1173 158 1274 178 52
internal_value=-0.000133627 -0.000568279 0.000563997 0.00200529 -0.000469889 -0.00401103 -0.000363663 -0.0171292 0.00234662 0.004351 0.000991249 -0.000233952 0.00462013 -0.00038506 -0.000532066 0.000581395 -0.00737719 0.00123777 -0.00200864 -0.000474904 -0.00586702 -0.0127919
internal_weight=21249 13092 8157 3520 12987 800 634 166 3428 1367 2061 12187 359 11828 4637 2647 201 2446 1990 1432 558 105
internal_count=21249 13092 8157 3520 12987 800 634 166 3428 1367 2061 12187 359 11828 4637 2647 201 2446 1990 1432 558 105
cat_boundaries=0 1 2 3 4 5 6 7 8 9
cat_threshold=2 297 5 8 10 2 17 8 2
is_linear=0
shrinkage=0.05


Tree=337
num_leaves=28
num_cat=8
split_feature=7 7 3 6 6 0 5 19 7 12 16 5 5 2 2 16 6 6 6 12 6 6 2 16 0 10 9
split_gain=2.82401 6.73508 8.24191 12.8832 8.89167 9.67357 6.73291 4.5315 6.53981 8.38945 5.37207 4.09046 5.79261 11.191 8.3225 4.01584 7.15836 3.71748 3.45555 10.9626 7.46403 5.3776 4.74151 2.34498 2.27457 2.23042 1.83186
threshold=0.010336538461538461 0.0157796451914099 0 0.12292522292522294 0.17426718162012281 1550.0000000000002 13.500000000000002 1 0.0078431372549019763 3.5000000000000004 2 11.500000000000002 9.5000000000000018 3 4 5 0.11670274170274171 0.25739723239723239 0.19735493264905032 3.5000000000000004 0.17130677057147645 0.25009426847662147 6 7 1650.0000000000002 1.0000000180025095e-35 1.0000000180025095e-35
decision_type=2 2 9 2 2 2 2 1 2 2 9 2 2 9 9 9 2 2 2 2 2 2 9 9 2 2 2
left_child=7 2 3 -2 5 -4 -5 18 10 24 26 12 14 -14 -3 16 -13 -17 20 21 22 -20 -1 -12 -10 -11 -9
right_child=1 11 4 6 -6 -7 -8 8 9 25 23 15 13 -15 -16 17 -18 -19 19 -21 -22 -23 -24 -25 -26 -27 -28
leaf_value=-0.010544491544502176 0.0035758847509747126 0.0063496350904990164 0.0069956623638669658 -0.035719437835117183 0.014069334907281853 -0.015284063340895326 -0.013111548211221416 0.019219670468433338 0.0064026639461517336 0.011722781468506582 0.0012057738756230249 -0.0016756124794483187 -0.0084450583945614114 -0.0003435277917254017 -0.0019898433862134625 0.00045480548615605575 0.021138216595237073 -0.0027448653541898445 -0.025815739643649534 0.01039153915745291 0.016042745651352702 -0.007134685935169408 -0.0002952730649565726 -0.0040741513846106496 -0.0080924443679593391 0.023773071276082192 0.0062552904399732758
leaf_weight=113 67 430 84 60 77 116 73 55 50 96 4221 73 712 1055 926 10041 65 998 59 66 66 111 1393 212 59 64 54
leaf_count=113 67 430 84 60 77 116 73 55 50 96 4221 73 712 1055 926 10041 65 998 59 66 66 111 1393 212 59 64 54
internal_value=1.79644e-05 -0.000366485 -0.00621112 -0.0136225 -0.00035532 -0.00592658 -0.0233106 0.000876253 0.00167633 0.00925481 0.00123118 -0.000171528 -0.00177132 -0.00365772 0.000686833 0.000275476 0.00845719 0.000165384 -0.00125504 -0.00690355 -0.000415025 -0.0136181 -0.00113628 0.00094467 -0.00144331 0.0165429 0.0117216
internal_weight=21396 14777 477 200 277 200 133 6619 4811 269 4542 14300 3123 1767 1356 11177 138 11039 1808 236 1572 170 1506 4433 109 160 109
internal_count=21396 14777 477 200 277 200 133 6619 4811 269 4542 14300 3123 1767 1356 11177 138 11039 1808 236 1572 170 1506 4433 109 160 109
cat_boundaries=0 1 2 3 4 5 6 7 8
cat_threshold=2 20 66 24 8 4 16 33
is_linear=0
shrinkage=0.05


Tree=338
num_leaves=23
num_cat=10
split_feature=14 12 1 0 7 7 4 1 7 7 12 7 7 7 3 1 19 2 3 18 19 8
split_gain=1.47426 2.59966 2.78147 4.5016 3.24893 5.14242 1.96673 4.96939 4.86465 7.15492 4.57432 3.4307 6.77863 3.27526 2.39303 4.43229 4.53055 3.88807 7.35064 5.07483 3.74522 1.22872
threshold=0.62019230769230782 8.5000000000000018 0 1750.0000000000002 0.1329399766899767 0.068403818403818414 1 2 0.061538461538461542 0.18193473193473197 3.5000000000000004 0.088235294117647065 0.11111111111111113 0.037509018759018763 3 4 5 6 7 8 9 340.90000000000003
decision_type=2 2 1 2 2 2 1 1 2 2 2 2 2 2 9 1 1 9 9 1 1 2
left_child=6 2 3 -2 5 -4 7 8 10 -10 -1 13 -13 -9 15 20 -17 19 -19 -16 -8 -3
right_child=1 21 4 -5 -6 -7 14 11 9 -11 -12 12 -14 -15 17 16 -18 18 -20 -21 -22 -23
leaf_value=-0.0024328044800472166 0.002854171728320194 6.2770382673652081e-05 0.0031758683285521071 -0.015201750274238019 -0.0049444533899770165 0.015028642835500448 0.0030416133236810098 0.0051444072714214454 -0.0074704126335248845 0.010922271614420977 0.007375654780331792 0.022699578840172652 0.0036201914250732791 -0.0016646090434450243 0.0066596586253098418 -0.0024919551059419966 0.00037865637245525934 -0.0018430348274279199 -0.014946346006072159 -0.00093706340149892094 -0.00023018016181042944 -0.010418028063301383
leaf_weight=252 99 54 448 53 84 115 1875 402 397 61 225 66 158 315 216 2228 3561 485 131 8319 1637 58
leaf_count=252 99 54 448 53 84 115 1875 402 397 61 225 66 158 315 216 2228 3561 485 131 8319 1637 58
internal_value=-0.000198566 0.00176922 0.00276924 -0.0032292 0.004164 0.00559695 -0.000286753 0.00125176 -0.00132597 -0.00502073 0.00219383 0.00380007 0.0092418 0.002153 -0.00044361 0.00012131 -0.000728542 -0.0010173 -0.00482386 -0.00073724 0.00152025 -0.00536479
internal_weight=21239 911 799 152 647 563 20328 1876 935 458 477 941 224 717 18452 9301 5789 9151 616 8535 3512 112
internal_count=21239 911 799 152 647 563 20328 1876 935 458 477 941 224 717 18452 9301 5789 9151 616 8535 3512 112
cat_boundaries=0 1 2 3 4 5 6 7 8 9 10
cat_threshold=13 24 456 6 105 3 401 8 2 11
is_linear=0
shrinkage=0.05


Tree=339
num_leaves=29
num_cat=13
split_feature=3 1 15 1 14 4 17 7 15 5 6 14 1 5 15 5 5 14 7 3 17 2 5 7 15 6 6 8
split_gain=4.36811 3.68306 5.88269 8.25041 7.02431 5.91002 5.52159 4.497 4.18143 4.05173 8.72141 3.60244 6.45421 4.65906 3.76005 10.4345 6.19502 3.63888 7.75275 4.56482 3.60881 4.09263 3.9809 3.58641 3.39224 3.29981 2.74128 2.85119
threshold=0 1 2 3 0.46410256410256417 4 5 0.070550527903469093 6 9.5000000000000018 0.19735493264905032 0.30384615384615393 7 7.5000000000000009 8 10.500000000000002 12.500000000000002 0.34313725490196084 0.0212121212121212 9 10 11 17.500000000000004 0.11111111111111113 12 0.13896316102198458 0.18244301994302001 407.20000000000005
decision_type=9 1 9 1 2 1 1 2 9 2 2 2 1 2 9 2 2 2 2 9 1 9 2 2 9 2 2 2
left_child=11 8 3 4 -3 6 -4 -5 26 10 -10 12 20 -14 17 -16 -17 18 -13 -19 21 -1 -22 -15 -11 -7 27 -2
right_child=1 2 5 7 -6 25 -8 -9 9 24 -12 14 13 23 15 16 -18 19 -20 -21 22 -23 -24 -25 -26 -27 -28 -29
leaf_value=0.0008303329157332718 0.0018783872002167265 -0.0018902113834806417 0.015992152777302326 -0.0051506766965931528 0.015338714613352676 -0.0010766986480299518 0.001446106382771521 -0.015250758243804209 -0.0077001370303332803 -0.00094606009987511944 0.018453871125957984 -0.0030354435103125501 -0.016584348296256445 -0.0031867786694750075 0.025216737032056818 -0.0127151382966312 0.0067386189793903362 0.0010279688377220068 0.0065420579995233603 -0.0037803225846967576 0.00089815455561342719 0.0075605804897607258 -0.0060022943238494005 0.0016172725563225691 -0.0040256461452996438 0.0012736082152153816 -0.0040184026388751888 0.015821095169667388
leaf_weight=549 77 295 103 336 74 3683 175 164 60 1476 68 301 57 1730 62 54 169 3341 709 569 1180 386 254 501 2346 2512 62 70
leaf_count=549 77 295 103 336 74 3683 175 164 60 1476 68 301 57 1730 62 54 169 3341 709 569 1180 386 254 501 2346 2512 62 70
internal_value=-0.000332297 -0.000993856 -0.000319074 -0.00415734 0.00152362 0.00020183 0.00720362 -0.00829755 -0.00218144 -0.00254985 0.00619418 0.000439771 -0.000570066 -0.00245787 0.00134413 0.0068327 0.00202784 0.00101026 0.00368777 0.000321206 0.00125825 0.00365941 -0.000321856 -0.00210797 -0.00284936 -0.000123477 0.00457978 0.00851777
internal_weight=21363 11501 7342 869 369 6473 278 500 4159 3950 128 9862 4657 2288 5205 285 223 4920 1010 3910 2369 935 1434 2231 3822 6195 209 147
internal_count=21363 11501 7342 869 369 6473 278 500 4159 3950 128 9862 4657 2288 5205 285 223 4920 1010 3910 2369 935 1434 2231 3822 6195 209 147
cat_boundaries=0 1 2 3 4 5 6 7 8 9 10 11 12 13
cat_threshold=6 104 12 263 16 12 40 362 3 2 12 19 6
is_linear=0
shrinkage=0.05


Tree=340
num_leaves=21
num_cat=7
split_feature=4 5 5 0 1 14 1 16 16 5 0 2 6 6 10 5 5 3 9 9
split_gain=2.45038 6.55286 5.35684 5.18901 6.85138 5.37269 2.5654 6.59386 4.95217 7.14948 6.93805 6.18964 4.80413 5.47146 4.86552 3.9021 2.94471 2.57505 2.11505 0.932006
threshold=0 9.5000000000000018 10.500000000000002 1550.0000000000002 1 0.069047619047619066 2 3 4 10.500000000000002 1350.0000000000002 5 0.25535534726711201 0.14762488328664802 1.0000000180025095e-35 6.5000000000000009 16.500000000000004 6 1.0000000180025095e-35 1.0000000180025095e-35
decision_type=1 2 2 2 1 2 1 9 9 2 2 9 2 2 2 2 2 9 2 2
left_child=6 19 18 4 -4 -5 7 16 12 11 -11 -10 13 -8 -14 -9 -1 -17 -3 -2
right_child=1 2 3 5 -6 -7 8 15 9 10 -12 -13 14 -15 -16 17 -18 -19 -20 -21
leaf_value=-0.019868237486725934 -0.017812331113964321 0.0029922197491811988 0.0090971392377590145 0.0063686640113592152 -0.00074478394295502879 -0.0044817115394064112 0.0007378519489772158 0.012891298844837227 0.011697690874823448 0.0007000933649794509 -0.0034047747473457978 0.0006659380411216737 -0.018516280457965637 0.0073679420481946025 7.4457449069165678e-05 0.00088551977859722703 -0.0039330498331179055 -0.0015060591503708327 0.016860930724241944 -0.0088068215618446726
leaf_weight=57 56 56 200 125 1115 1307 1301 65 156 1500 3281 565 57 409 92 9514 59 1268 54 59
leaf_count=57 56 56 200 125 1115 1307 1301 65 156 1500 3281 565 57 409 92 9514 59 1268 54 59
internal_value=-0.000155758 -0.00148492 -0.00101888 -0.00145213 0.000815603 -0.00353458 6.05979e-05 0.000545187 -0.000660879 -0.0014144 -0.00211691 0.00322431 0.00156493 0.00232365 -0.00703744 0.000676695 -0.0108297 0.000603686 0.0098005 -0.0131921
internal_weight=21296 2972 2857 2747 1315 1432 18324 10963 7361 5502 4781 721 1859 1710 149 10847 116 10782 110 115
internal_count=21296 2972 2857 2747 1315 1432 18324 10963 7361 5502 4781 721 1859 1710 149 10847 116 10782 110 115
cat_boundaries=0 1 2 3 4 5 6 7
cat_threshold=11 16 313 2 34 144 3
is_linear=0
shrinkage=0.05


Tree=341
num_leaves=29
num_cat=6
split_feature=6 6 5 8 19 19 5 14 12 14 6 15 5 0 17 13 6 6 6 16 6 13 19 0 8 14 12 0
split_gain=3.67785 3.20065 6.63187 4.7358 4.21687 3.31325 7.44842 5.65283 3.17957 3.11306 8.99414 5.33306 3.06979 6.34828 5.84684 5.7305 4.473 3.04913 2.57977 4.03094 3.10659 2.77072 2.37587 2.28591 2.12162 1.84658 1.16276 0.801239
threshold=0.047502334267040154 0.051610644257703092 15.500000000000002 294.35000000000008 0 1 17.500000000000004 0.20714285714285716 4.5000000000000009 0.54195804195804198 0.26988795518207287 2 13.500000000000002 1250.0000000000002 3 4.5000000000000009 0.042068531958237849 0.036047979797979808 0.039283769063180839 4 0.037436868686868692 5.5000000000000009 5 1750.0000000000002 357.60000000000008 0.55050505050505061 4.5000000000000009 1550.0000000000002
decision_type=2 2 2 2 1 1 2 2 2 2 2 9 2 2 1 2 2 2 2 9 2 2 1 2 2 2 2 2
left_child=12 2 3 -2 24 6 7 -3 -5 11 -11 -7 13 16 15 -15 25 -16 20 23 22 -21 -14 -20 -4 -1 -6 -8
right_child=1 5 4 8 26 9 27 -9 -10 10 -12 -13 18 14 17 -17 -18 -19 19 21 -22 -23 -24 -25 -26 -27 -28 -29
leaf_value=0.0062971472430358374 0.0010855850314014945 0.0006533780491925188 0.0023651827858494866 -0.0099463482157149345 -0.01107599776542674 -0.00096059449086492916 -0.0051731897960356349 0.0056910244407297316 -0.025153543916530907 -0.0038402030643758392 0.017245351565334032 0.0010361996337294567 0.0014445147633991046 0.027957961820708269 0.0067690604683408083 0.0097154215117637634 -0.013121520578473187 -0.0073801677106530407 0.0021465064238315678 0.017781840647056478 -0.009744206022683435 0.0054872927418107105 -0.0030995954220923477 -0.0079325333971417313 0.016535435285419228 -0.0030231930891312258 -0.00060064294267687262 -0.011818293801530502
leaf_weight=124 58 1887 56 89 52 8516 96 790 56 1105 53 5492 1087 58 94 167 60 64 381 67 82 145 380 66 50 93 54 86
leaf_count=124 58 1887 56 89 52 8516 96 790 56 1105 53 5492 1087 58 94 167 60 64 381 67 82 145 380 66 50 93 54 86
internal_value=7.02086e-05 -0.000188854 -0.00453018 -0.0109895 0.00165488 -8.89012e-05 0.00146944 0.00214002 -0.0158195 -0.000383387 -0.00287515 -0.000177674 0.00173587 0.00472787 0.00889817 0.0138044 -0.00103827 0.000975958 0.000841521 0.00346178 -0.000273231 0.00895063 0.000256163 0.000643921 0.00826916 0.00230272 -0.00524471 -0.00831318
internal_weight=21308 18440 415 203 212 18025 2859 2677 145 15166 1158 14008 2868 660 383 225 277 158 2208 659 1549 212 1467 447 106 217 106 182
internal_count=21308 18440 415 203 212 18025 2859 2677 145 15166 1158 14008 2868 660 383 225 277 158 2208 659 1549 212 1467 447 106 217 106 182
cat_boundaries=0 1 2 3 4 5 6
cat_threshold=33 12 33 5 65 49
is_linear=0
shrinkage=0.05


Tree=342
num_leaves=22
num_cat=7
split_feature=0 11 2 1 6 14 11 3 8 17 0 1 0 11 14 1 0 0 1 14 7
split_gain=4.18039 7.46009 9.25816 4.3795 9.94354 8.52941 3.68517 2.9063 10.1798 11.7894 8.04604 7.71611 5.41544 4.67623 3.66807 3.03125 8.13405 6.14541 2.93664 0.60631 0.135941
threshold=2250.0000000000005 2.5000000000000004 0 1 0.13071911748382339 0.17156862745098042 1.0000000180025095e-35 2 292.50000000000006 3 1950.0000000000002 4 1950.0000000000002 1.5000000000000002 0.73030303030303034 5 1950.0000000000002 1850.0000000000002 6 0.79285714285714304 0.031795634920634926
decision_type=2 2 9 1 2 2 2 9 2 1 2 1 2 2 2 1 2 2 1 2 2
left_child=7 2 3 4 -2 -5 -4 8 12 10 -10 -11 13 -1 15 16 -9 -17 20 -20 -16
right_child=1 -3 6 5 -6 -7 -8 14 9 11 -12 -13 -14 -15 18 17 -18 -19 19 -21 -22
leaf_value=0.0014491482697079076 0.013831769401693476 -0.02135273667604283 0.00078735513681614836 -0.023650665040293787 -0.0051751468724642808 -0.0045871039900779228 0.018066442395663924 0.00020710127245479319 0.0054681070571577844 0.0036823803458662799 0.017784055290086306 -0.0054379508936019593 -0.016650518109755857 -0.012586104240912346 0.001719995664432645 2.0038249571058911e-05 0.0057393270810497561 -0.0031395026437034362 -0.017411302558146418 -0.0096247136779129515 -0.0019489025560152883
leaf_weight=222 92 54 54 73 273 299 72 4846 603 524 170 400 84 81 50 10720 770 1797 50 50 51
leaf_count=222 92 54 54 73 273 299 72 4846 603 524 170 400 84 81 50 10720 770 1797 50 50 51
internal_value=-2.13863e-05 -0.00332397 -0.00219587 -0.00433512 -0.000374113 -0.00811006 0.00987721 0.000126937 0.00189159 0.00356947 0.00807223 -0.000281765 -0.00541707 -0.00230285 -7.46389e-05 -2.19577e-07 0.000963899 -0.000433214 -0.00679202 -0.0122891 -0.000120669
internal_weight=21335 917 863 737 365 372 126 20418 2084 1697 773 924 387 303 18334 18133 5616 12517 201 100 101
internal_count=21335 917 863 737 365 372 126 20418 2084 1697 773 924 387 303 18334 18133 5616 12517 201 100 101
cat_boundaries=0 1 2 3 4 5 6 7
cat_threshold=26 391 12 5 832 145 362
is_linear=0
shrinkage=0.05


Tree=343
num_leaves=23
num_cat=7
split_feature=5 19 10 13 2 0 12 0 12 5 14 2 0 14 0 2 19 8 0 2 2 14
split_gain=3.0105 5.74754 6.86955 9.31877 6.7115 4.52161 3.7182 5.4612 4.49788 3.52015 1.94756 4.41835 4.03346 2.80696 1.25668 9.78903 6.27786 5.68524 2.37677 11.4803 2.49331 1.03302
threshold=8.5000000000000018 0 1.0000000180025095e-35 3.5000000000000004 1 1750.0000000000002 2.5000000000000004 1650.0000000000002 1.0000000180025095e-35 7.5000000000000009 0.67708333333333337 2 1550.0000000000002 0.74166666666666681 1850.0000000000002 3 4 357.60000000000008 1750.0000000000002 5 6 0.42261904761904767
decision_type=2 1 2 2 9 2 2 2 2 2 2 9 2 2 2 9 1 2 2 9 9 2
left_child=1 2 21 -4 6 -6 8 -8 -3 -7 14 13 -13 -12 18 16 -16 -17 20 -20 -2 -1
right_child=10 4 3 -5 5 9 7 -9 -10 -11 11 12 -14 -15 15 17 -18 -19 19 -21 -22 -23
leaf_value=0.0094040005164588956 0.0016635334666591313 -0.0056071546035153528 -0.021887579320997271 0.00543685307726264 0.022163728464926993 -0.000801438232883811 0.0090905269682407374 -0.010553680461916057 0.0096180777758053393 0.012296107264135483 0.0040925771848839007 0.0017298533652620439 0.016188007530903346 -0.0088061656114983965 -0.0067636971080952167 0.012222861018308924 -0.0010629160741225999 0.00097310336057772426 0.006268132683487926 -0.00021462607264370891 -0.00066744023245687725 3.5392785710947851e-05
leaf_weight=62 1283 70 83 50 70 80 50 121 158 143 81 98 95 88 812 121 1203 1563 819 3879 10212 56
leaf_count=62 1283 70 83 50 70 80 50 121 158 143 81 98 95 88 812 121 1203 1563 819 3879 10212 56
internal_value=-1.43724e-05 0.00274717 -0.00367738 -0.0116152 0.00505752 0.0107118 0.000744955 -0.00480976 0.00494366 0.00759744 -0.000142946 0.00349155 0.00841077 -0.00247734 -0.000209088 -0.00104059 -0.00338226 0.00177091 -1.91456e-05 0.000928395 -0.000406405 0.00495788
internal_weight=21197 943 251 133 692 293 399 171 228 223 20254 362 193 169 19892 3699 2015 1684 16193 4698 11495 118
internal_count=21197 943 251 133 692 293 399 171 228 223 20254 362 193 169 19892 3699 2015 1684 16193 4698 11495 118
cat_boundaries=0 1 2 3 4 5 6 7
cat_threshold=48 274 136 268 33 8 20
is_linear=0
shrinkage=0.05


Tree=344
num_leaves=21
num_cat=2
split_feature=0 7 7 14 14 6 6 14 14 14 7 13 0 2 0 2 0 0 6 0
split_gain=3.32625 5.0901 3.13596 5.75849 4.61114 2.49499 8.29975 4.62319 6.93718 3.9249 14.8059 7.38464 3.37006 9.50545 6.5723 4.65249 10.8264 5.14057 3.76122 2.38191
threshold=2550.0000000000005 0.15376131221719461 0.066550116550116584 0.36931818181818188 0.32291666666666669 0.27306547619047622 0.28553044178044185 0.22649572649572652 0.13809523809523813 0.35504201680672276 0.095496660202542605 3.5000000000000004 2250.0000000000005 0 2450.0000000000005 1 1950.0000000000002 2150.0000000000005 0.13896316102198458 1850.0000000000002
decision_type=2 2 2 2 2 2 2 2 2 2 2 2 2 9 2 9 2 2 2 2
left_child=5 2 3 -2 -4 12 7 8 -7 11 -11 -8 15 18 -15 16 -1 -17 -14 -9
right_child=1 -3 4 -5 -6 6 9 19 -10 10 -12 -13 13 14 -16 17 -18 -19 -20 -21
leaf_value=0.00031125068489927803 -0.006976343711104358 -0.0086051035391272231 0.025929986324161294 0.014520830762083249 0.0052101158826001765 -0.017184560687518589 -0.00062333244997565959 -0.0099446250757734694 0.0073680400079342004 -0.0083238088702150045 0.017278653164952994 -0.01411800839139947 -0.001587992954834287 0.015214892288759597 -0.0060893636422171714 -0.00014238957131363313 0.0077772113102549936 0.0080721951832927255 -0.013741176090296851 -0.024225886755424447
leaf_weight=1807 66 53 50 59 58 51 2939 56 66 103 125 105 96 87 62 14413 664 193 189 61
leaf_count=1807 66 53 50 59 58 51 2939 56 66 103 125 105 96 87 62 14413 664 193 189 61
internal_value=2.49269e-05 0.00538079 0.00856213 0.00317032 0.0148026 -4.79559e-05 -0.00126546 -0.0103624 -0.00333438 -0.000614879 0.00571263 -0.00108882 0.000195808 -0.00415524 0.00595066 0.000306387 0.00230814 -3.3821e-05 -0.00932044 -0.0173904
internal_weight=21303 286 233 125 108 21017 3506 234 117 3272 228 3044 17511 434 149 17077 2471 14606 285 117
internal_count=21303 286 233 125 108 21017 3506 234 117 3272 228 3044 17511 434 149 17077 2471 14606 285 117
cat_boundaries=0 1 2
cat_threshold=18 6
is_linear=0
shrinkage=0.05


Tree=345
num_leaves=22
num_cat=7
split_feature=1 5 6 6 6 7 6 4 7 16 16 7 3 2 5 15 9 5 7 6 14
split_gain=2.63521 3.55748 3.09282 8.18968 5.52746 10.8882 4.39009 2.58979 2.898 4.6919 4.35748 4.29341 3.9725 3.42731 2.87774 3.81175 1.73441 1.69476 1.23839 1.12867 0.91539
threshold=0 6.5000000000000009 0.37064210299504424 0.3387459762459763 0.42228327228327234 0.0036858974358974302 0.32763630704807184 1 0.0047619047619047528 2 3 0.063082750582750605 4 5 13.500000000000002 6 1.0000000180025095e-35 10.500000000000002 0.055170932009167305 0.14762488328664802 0.41421568627450983
decision_type=1 2 2 2 2 2 2 1 2 9 9 2 9 9 2 9 2 2 2 2 2
left_child=1 -1 3 6 -4 -6 -3 14 10 11 12 -10 -9 -11 18 16 -16 -5 -2 -17 -12
right_child=7 2 4 17 5 -7 -8 8 9 13 20 -13 -14 -15 15 19 -18 -19 -20 -21 -22
leaf_value=0.013428341536616376 0.0054668737654337447 0.0010193379192239818 -0.013949795786377995 0.0073579370081424721 -0.0021184241682635544 0.020084747574213198 -0.012906451578856559 0.0067675259532929454 -0.00087631362881438694 -0.0027103714986021817 -0.0039601574518850872 0.015043177546726334 0.00070369144311989429 -0.00042802486274022946 -0.0093293754137065039 0.0032033017338955238 0.0010548033256035968 0.019561759206099493 0.01594577804983904 0.012299551002797671 -0.012682138976569361
leaf_weight=56 59 7955 86 50 861 59 57 293 80 2229 56 90 2563 6247 83 73 78 66 54 64 65
leaf_count=56 59 7955 86 50 861 59 57 293 80 2229 56 90 2563 6247 83 73 78 66 54 64 65
internal_value=0.00022664 0.000863639 0.000787551 0.00111124 -0.00182768 -0.000694525 0.000920265 -0.000260318 -0.000399539 -0.000863161 0.0009456 0.00713212 0.00134723 -0.00103072 0.00359279 0.00110386 -0.00404715 0.0143015 0.0104745 0.00694566 -0.00798556
internal_weight=21224 9190 9134 8128 1006 920 8012 12034 11623 8646 2977 170 2856 8476 411 298 161 116 113 137 121
internal_count=21224 9190 9134 8128 1006 920 8012 12034 11623 8646 2977 170 2856 8476 411 298 161 116 113 137 121
cat_boundaries=0 1 2 3 4 5 6 7
cat_threshold=904 16 8 97 12 24 5
is_linear=0
shrinkage=0.05


Tree=346
num_leaves=31
num_cat=11
split_feature=5 3 17 1 0 6 1 0 12 6 14 6 0 6 5 11 17 6 18 1 1 19 8 0 6 15 6 14 8 1
split_gain=2.01998 3.92068 10.7493 6.98429 7.00008 6.99606 6.72705 9.85641 10.168 9.88742 7.70332 10.997 5.47882 4.9143 6.90527 5.64041 3.91178 8.37574 5.5055 6.83662 5.02876 11.4152 8.76488 5.01399 4.44435 6.15607 4.17682 3.70016 2.96656 1.86754
threshold=12.500000000000002 0 1 2 1350.0000000000002 0.10000000000000002 3 1950.0000000000002 3.5000000000000004 0.047680097680097684 0.32291666666666669 0.11590909090909092 1350.0000000000002 0.206387403446227 9.5000000000000018 1.0000000180025095e-35 4 0.022423328305681254 5 6 7 8 357.60000000000008 1550.0000000000002 0.24170951597422188 9 0.23622904872904874 0.22649572649572652 381.20000000000005 10
decision_type=2 9 1 1 2 2 1 2 2 2 2 2 2 2 2 2 1 2 1 1 1 1 2 2 2 9 2 2 2 1
left_child=1 2 13 5 -5 -4 7 9 -9 -3 11 -8 -12 14 -1 -15 17 28 23 -20 21 22 -18 -19 26 -26 -22 -23 29 -2
right_child=16 6 3 4 -6 -7 10 8 -10 -11 12 -13 -14 15 -16 -17 20 18 19 -21 24 27 -24 -25 25 -27 -28 -29 -30 -31
leaf_value=-0.010539499918619792 -0.0065422221582623263 0.021253427421023333 0.010359020910106636 0.0022657317743262424 -0.0066806241562670649 -7.9246625564378259e-05 -0.022063305653631689 0.001337561686154337 -0.014269069416420253 0.002938482689648538 -0.011728652526373761 -0.0046817143358831165 0.00019435257706897804 0.0068773915735073389 0.0074510835493050466 0.02554227820981075 -0.016614029292568496 0.0010543491930243357 0.0079660978291399218 -0.0056760645537274603 0.00089933902331875305 0.0026258842456965466 0.0022552958459538574 0.0048762210492076501 -0.00078476055618951221 -0.010595110635569489 0.013443812740308151 -0.0023773439272110927 -0.012567531595025029 0.0011551395413356232
leaf_weight=66 145 83 211 326 664 671 100 284 165 657 104 1011 1310 100 278 68 223 1594 111 383 6904 557 85 1859 1810 166 67 1098 101 160
leaf_count=66 145 83 211 326 664 671 100 284 165 657 104 1011 1310 100 278 68 223 1594 111 383 6904 557 85 1859 1810 166 67 1098 101 160
internal_value=0.000121653 -0.000647581 0.000933869 -0.000831417 -0.00369731 0.00239078 -0.00166075 0.0014346 -0.00439761 0.00499273 -0.00311823 -0.00624621 -0.000682587 0.00728048 0.0039994 0.0144322 0.000428983 0.00169419 0.0024015 -0.00251348 -7.73046e-05 -0.00236236 -0.0110479 0.00310295 0.000426121 -0.0016665 0.00101991 -0.000689313 -0.00514037 -0.00268089
internal_weight=21361 6098 2384 1872 990 882 3714 1189 449 740 2525 1111 1414 512 344 168 15263 4353 3947 494 10910 1963 308 3453 8947 1976 6971 1655 406 305
internal_count=21361 6098 2384 1872 990 882 3714 1189 449 740 2525 1111 1414 512 344 168 15263 4353 3947 494 10910 1963 308 3453 8947 1976 6971 1655 406 305
cat_boundaries=0 1 2 3 4 5 6 7 8 9 10 11
cat_threshold=9 8 848 47 4 10 11 13 1 3 526
is_linear=0
shrinkage=0.05


Tree=347
num_leaves=22
num_cat=6
split_feature=6 6 1 6 5 1 6 6 0 7 2 1 14 2 14 16 14 5 7 7 7
split_gain=3.53015 8.0657 9.46803 6.29097 4.07071 4.2689 9.47336 8.62048 3.82684 7.58598 7.43566 6.93342 3.77341 3.58099 6.64505 5.3753 3.17088 8.29266 3.50323 2.02086 0.918523
threshold=0.17781385281385284 0.18244301994302001 0 0.17694007381507385 16.500000000000004 1 0.31378205128205133 0.29995791245791253 1850.0000000000002 0.034328579916815219 2 3 0.23303167420814483 4 0.59411764705882364 5 0.25833333333333336 9.5000000000000018 0.11111111111111113 0.064786010558069387 0.07622655122655124
decision_type=2 2 1 2 2 1 2 2 2 2 9 1 2 9 2 9 2 2 2 2 2
left_child=3 2 20 8 13 6 -6 -7 16 11 -11 -10 -5 15 -15 -3 17 -1 -18 -4 -2
right_child=1 4 19 12 5 7 -8 -9 9 10 -12 -13 -14 14 -16 -17 18 -19 -20 -21 -22
leaf_value=-0.017028449339365277 0.0036581016778945924 0.0040206572682265664 0.014916413021730444 -0.0019453550287175413 -0.0080734489621681876 0.0020484243490899059 0.01055560364564509 -0.020961882412919533 -0.0036293304127481894 -0.012302438291888476 -0.0027738973303923723 0.0059241701180629512 -0.020114072274703246 0.0025243434925822047 -0.015866872265934945 -0.0010679801707358465 -0.00022096520341049032 0.0017598755485830186 -0.0034270907442715487 0.028795188253193545 -0.0057892609787402009
leaf_weight=60 50 618 51 51 160 73 119 92 347 257 972 398 65 2776 50 2980 8337 2774 949 54 53
leaf_count=60 50 618 51 51 160 73 119 92 347 257 972 398 65 2776 50 2980 8337 2774 949 54 53
internal_value=-7.54092e-05 0.00083707 0.0105373 -0.000529786 0.000543295 -0.00408692 -0.000123304 -0.0101655 -0.000434343 -0.00247585 -0.00488911 0.00150522 -0.0121261 0.000863317 0.0021912 -0.000185224 -0.000101841 0.0013621 -0.000548621 0.0201363 -0.00109669
internal_weight=21286 7076 208 14210 6868 444 279 165 14094 1974 1229 745 116 6424 2826 3598 12120 2834 9286 105 103
internal_count=21286 7076 208 14210 6868 444 279 165 14094 1974 1229 745 116 6424 2826 3598 12120 2834 9286 105 103
cat_boundaries=0 1 2 3 4 5 6
cat_threshold=157 848 388 612 274 36
is_linear=0
shrinkage=0.05


Tree=348
num_leaves=29
num_cat=12
split_feature=3 1 17 1 1 0 7 7 14 12 0 0 14 0 14 8 0 2 19 1 1 5 2 5 15 19 0 7
split_gain=3.24291 5.57841 8.08832 7.15515 7.11184 7.40582 6.95511 6.60875 5.73706 5.5358 4.75004 4.30084 2.89525 5.71898 7.65743 7.69257 7.21673 5.00259 7.30802 5.14372 3.84466 5.18501 7.63817 5.02757 8.70794 5.54805 4.14836 1.35239
threshold=0 1 2 3 4 1550.0000000000002 0.1091585497835498 0.16628151260504206 0.46410256410256417 2.5000000000000004 1450.0000000000002 1950.0000000000002 0.48529411764705888 1950.0000000000002 0.53589743589743599 411.60000000000008 2050.0000000000005 5 6 7 8 13.500000000000002 9 13.500000000000002 10 11 2350.0000000000005 0.032473082473082469
decision_type=9 1 1 1 1 2 2 2 2 2 2 2 2 2 2 2 2 9 1 1 1 2 9 2 9 1 2 2
left_child=12 7 4 9 5 -3 -5 10 -6 -4 27 -12 20 17 16 -16 -15 18 -14 -19 23 22 -22 24 -1 -25 -23 -2
right_child=1 2 3 6 8 -7 -8 -9 -10 -11 11 -13 13 14 15 -17 -18 19 -20 -21 21 26 -24 25 -26 -27 -28 -29
leaf_value=-0.0053632246510322314 0.0056025868081487715 -0.00011616616268939754 0.00014425662021099958 0.00091167786010534183 -0.0034160716405651995 0.013066991371454107 -0.0094607904432605049 0.0085642534152915086 0.01031328989230805 -0.019334163728496459 -0.018336170161861221 -0.0052323477834744277 0.010682725549173454 -0.0053144397484582093 -0.0062231460867489506 0.0093822122755738216 -0.025319543994868861 0.0045962328093524267 -0.000136345167221197 -0.0024769117557675311 0.011995476424894253 0.00028813634490556188 0.0022073324489246949 0.0028270890759737647 0.0024559892373293194 -0.0012540318205378374 0.0076788131181950662 -0.0058092469125296236
leaf_weight=1057 50 180 53 680 440 261 212 60 92 117 153 106 233 105 257 114 79 299 445 1543 204 7212 3288 1549 530 1780 195 54
leaf_count=1057 50 180 53 680 440 261 212 60 92 117 153 106 233 105 257 114 79 299 445 1543 204 7212 3288 1549 530 1780 195 54
internal_value=0.000211888 -0.00149297 -0.000393581 -0.00339571 0.00288436 0.00751569 -0.0015363 -0.00665076 -0.0010226 -0.0125247 -0.00934885 -0.0129732 0.000434287 -0.000969294 -0.00556403 -0.00142797 -0.0139036 4.26418e-05 0.00368294 -0.00131016 0.000707468 0.00123038 0.00281982 -0.000453433 -0.00277021 0.000649659 0.000482707 -0.000322788
internal_weight=21348 2458 2035 1062 973 441 892 423 532 170 363 259 18890 3075 555 371 184 2520 678 1842 15815 10899 3492 4916 1587 3329 7407 104
internal_count=21348 2458 2035 1062 973 441 892 423 532 170 363 259 18890 3075 555 371 184 2520 678 1842 15815 10899 3492 4916 1587 3329 7407 104
cat_boundaries=0 1 2 3 4 5 6 7 8 9 10 11 12
cat_threshold=3 129 5 32 554 14 20 65 585 128 1 7
is_linear=0
shrinkage=0.05


Tree=349
num_leaves=18
num_cat=2
split_feature=7 0 6 0 13 7 6 7 5 8 8 18 3 7 6 0 14
split_gain=3.42602 5.89907 8.38578 6.75215 4.56446 7.67646 10.2957 6.05742 5.22942 4.6914 4.68211 3.96955 7.24577 4.90517 2.14843 2.07896 3.70234
threshold=0.19754901960784316 2550.0000000000005 0.20370971620971626 2450.0000000000005 3.5000000000000004 0.21478174603174607 0.1607673372379255 0.22222222222222227 14.500000000000002 411.60000000000008 513.75000000000011 0 1 0.1471224853577795 0.12225829725829727 1450.0000000000002 0.2817460317460318
decision_type=2 2 2 2 2 2 2 2 2 2 2 1 9 2 2 2 2
left_child=1 3 14 11 5 6 -2 -7 -8 -9 15 12 -1 -13 -3 -6 -17
right_child=4 2 -4 -5 10 7 8 9 -10 -11 -12 13 -14 -15 -16 16 -18
leaf_value=0.0051056628763088523 0.0065267737885868109 -0.004584542791194776 0.020145133794981174 -0.01410348450678379 0.0088202021680772302 0.013604693229130486 -0.024696246185189452 0.00018404178973139044 -0.0068923968123272067 -0.0097215850328890262 0.014133844168887275 -0.0010915657891465316 0.00021604946502599943 0.0043263448781364622 0.0070259401450554525 -0.013506682637202852 0.00021004625238207599
leaf_weight=812 54 85 87 86 50 57 116 314 64 193 61 8636 9719 439 75 59 296
leaf_count=812 54 85 87 86 50 57 116 314 64 193 61 8636 9719 439 75 59 296
internal_value=-0.000187695 -2.76699e-05 0.00765136 -0.000123989 -0.00271202 -0.00500807 -0.0126215 -0.00184931 -0.018366 -0.00358674 0.00121986 -6.26694e-05 0.000597552 -0.000828563 0.000857871 -0.000725211 -0.00206964
internal_weight=21203 19939 247 19692 1264 798 234 564 180 507 466 19606 10531 9075 160 405 355
internal_count=21203 19939 247 19692 1264 798 234 564 180 507 466 19606 10531 9075 160 405 355
cat_boundaries=0 1 2
cat_threshold=6 4
is_linear=0
shrinkage=0.05


Tree=350
num_leaves=29
num_cat=5
split_feature=5 3 7 7 7 8 7 2 7 11 7 6 18 8 5 5 14 4 14 6 7 7 7 6 8 2 9 9
split_gain=2.07427 3.66374 3.58601 4.15978 3.55 7.81477 7.26335 4.75039 4.09001 3.24679 3.17054 4.71262 2.83044 5.74262 6.60135 8.68835 5.04725 6.18409 4.57447 4.13918 2.98536 7.14089 5.59082 4.45312 4.09681 2.70243 1.61099 1.28754
threshold=15.500000000000002 0 0.1704545454545455 0.15915854978354979 0.0212121212121212 265.2000000000001 0.11785130718954251 1 0.011904761904761913 1.5000000000000002 0.1951465201465202 0.21672951231774765 2 265.2000000000001 12.500000000000002 11.500000000000002 0.29705882352941182 3 0.39444444444444454 0.1515771265771266 0.24295634920634923 0.20933706816059761 0.3005681818181819 0.22021630330453865 592.30000000000007 4 1.0000000180025095e-35 1.0000000180025095e-35
decision_type=2 9 2 2 2 2 2 9 2 2 2 2 1 2 2 2 2 1 2 2 2 2 2 2 2 9 2 2
left_child=12 4 3 25 7 -6 -7 9 -9 -2 -4 -12 20 14 15 -14 17 -15 -18 -16 21 24 23 -22 -1 -3 -23 -24
right_child=1 2 10 -5 5 6 -8 8 -10 -11 11 -13 13 16 19 -17 18 -19 -20 -21 22 26 27 -25 -26 -27 -28 -29
leaf_value=0.00099488212295453034 -0.0037156778903610064 -0.00089610844371648029 -0.016690213534479532 0.013221962916788472 -0.015784978874629207 0.0041269843750865306 -0.0031673492717988749 0.0014297530866338093 -0.0081181868540460434 -0.015228558788519531 0.0041713527601925614 -0.011206622727331706 0.0077051078757414447 0.0055163030151225154 0.0075347445067586146 -0.0081883654539920449 -0.0042428073600421527 -0.00061569482988101012 -0.00057302830857199137 0.023968123950064184 0.0030677275890308732 -0.01601460726553763 -0.0052327578593913014 0.022221125086480886 0.010689584550926008 -0.0049748114890985212 -0.0046002112565994525 0.0050626019374109231
leaf_weight=5966 226 4465 65 50 60 1558 437 960 127 84 94 106 182 574 164 163 1356 1388 2272 50 53 69 73 71 111 439 56 52
leaf_count=5966 226 4465 65 50 60 1558 437 960 127 84 94 106 182 574 164 163 1356 1388 2272 50 53 69 73 71 111 439 56 52
internal_value=2.17072e-06 -0.000593024 -0.0014273 -0.0011269 0.000670486 0.00199446 0.00252918 -0.00127229 0.000311352 -0.00662169 -0.00709683 -0.00397897 0.000411769 -0.000356009 0.00447537 0.000196018 -0.000839783 0.00120325 -0.00194464 0.0113743 0.00114238 0.000928634 0.00651226 0.0140346 0.00117196 -0.0012732 -0.010901 -0.000949888
internal_weight=21271 8671 5219 4954 3452 2055 1995 1397 1087 310 265 200 12600 6149 559 345 5590 1962 3628 214 6451 6202 249 124 6077 4904 125 125
internal_count=21271 8671 5219 4954 3452 2055 1995 1397 1087 310 265 200 12600 6149 559 345 5590 1962 3628 214 6451 6202 249 124 6077 4904 125 125
cat_boundaries=0 1 2 3 4 5
cat_threshold=10 20 6 2 387
is_linear=0
shrinkage=0.05


Tree=351
num_leaves=28
num_cat=9
split_feature=13 8 5 7 7 0 7 7 7 17 19 5 1 5 0 5 8 5 15 3 19 17 1 7 14 7 19
split_gain=2.82515 4.02219 6.23764 8.57315 11.7275 6.40774 6.02695 13.202 7.94853 5.063 10.7155 6.26662 6.24866 5.23896 3.50432 3.48658 5.06824 4.46175 3.12406 2.58975 2.48246 3.47717 2.16778 1.87704 1.77433 4.01582 1.87761
threshold=7.5000000000000009 513.75000000000011 9.5000000000000018 0.097827111613876347 0.07085084033613448 1550.0000000000002 0.10836247086247087 0.022222222222222209 0.18982371794871797 0 1 15.500000000000002 2 7.5000000000000009 1550.0000000000002 15.500000000000002 265.2000000000001 11.500000000000002 3 4 5 6 7 0.0036858974358974302 0.51470588235294124 0.045133053221288529 8
decision_type=2 2 2 2 2 2 2 2 2 1 1 2 1 2 2 2 2 2 9 9 1 1 1 2 2 2 1
left_child=1 9 6 4 -4 -5 7 -3 -8 10 14 13 -12 -11 -1 16 -2 -18 24 -13 21 -20 -19 -22 26 -26 -17
right_child=15 2 3 5 -6 -7 8 -9 -10 11 12 19 -14 -15 -16 18 17 22 20 -21 23 -23 -24 -25 25 -27 -28
leaf_value=0.0029993188157677649 0.0071043201837250412 -0.019130641682414521 -0.00095590137353208319 -0.0094733353031402016 -0.014955774284570972 0.0070013740905758492 -0.030968755254122828 0.0091826447665843431 -0.0042079294320534573 -0.0074117798484056377 0.0069552289545147987 0.0012612128362424846 -0.0023789908132619418 0.0020818500377189643 0.019914175147968758 0.0053559429537600439 0.0066496433544671165 -0.0018023775757961523 0.0050045606778133835 -0.0009531380915644371 -0.0012161101798137909 -0.002892038569039869 -0.0090645576728288491 -0.011418626971010652 0.0020376598462462426 0.018958441968532969 -0.0035980939567661291
leaf_weight=50 85 71 1148 68 172 447 56 98 55 148 182 1961 2881 8020 79 107 64 160 204 3992 79 390 423 105 100 54 108
leaf_count=50 85 71 1148 68 172 447 56 98 55 148 182 1961 2881 8020 79 107 64 160 204 3992 79 390 423 105 100 54 108
internal_value=0.000173193 0.000352245 -0.0017061 -0.000645417 -0.00278013 0.00482607 -0.00865737 -0.00271229 -0.0177089 0.000603697 -0.00119271 0.0010099 -0.00180353 0.00190983 0.012397 -0.00167812 -0.0043742 -0.0058822 4.24796e-05 -0.000223183 -0.00175237 -0.000142118 -0.0072579 -0.0066754 0.00377201 0.00797092 0.000939862
internal_weight=21307 19428 2115 1835 1320 515 280 169 111 17313 3192 14121 3063 8168 129 1879 732 647 1147 5953 778 594 583 184 369 154 215
internal_count=21307 19428 2115 1835 1320 515 280 169 111 17313 3192 14121 3063 8168 129 1879 732 647 1147 5953 778 594 583 184 369 154 215
cat_boundaries=0 1 2 3 4 5 6 7 8 9
cat_threshold=1 1 8 10 10 19 9 544 33
is_linear=0
shrinkage=0.05


Tree=352
num_leaves=30
num_cat=13
split_feature=0 0 1 1 2 0 19 6 18 6 6 4 19 1 13 11 13 0 4 0 2 8 6 11 2 1 6 18 6
split_gain=4.45477 5.34026 11.1502 8.23577 9.82288 10.5192 6.8498 6.64927 5.74876 5.54933 5.36722 4.55153 5.8968 4.92274 4.76401 4.45874 11.1058 4.23655 7.67124 3.98587 14.424 7.63046 9.8939 6.20666 4.32741 4.27913 3.9046 3.62384 3.46923
threshold=1750.0000000000002 1450.0000000000002 0 1 2 1350.0000000000002 3 0.022423328305681254 4 0.16584249084249086 0.10210475798711095 5 6 7 3.5000000000000004 1.5000000000000002 3.5000000000000004 1350.0000000000002 8 1850.0000000000002 9 309.00000000000006 0.083690982220393992 1.5000000000000002 10 11 0.14077186430127608 12 0.13438674615145207
decision_type=2 2 1 1 9 2 1 2 1 2 2 1 1 1 2 2 2 2 1 2 9 2 2 2 9 1 2 1 2
left_child=1 3 7 4 5 -1 9 -3 -9 -4 -6 19 13 14 -13 16 -14 27 -19 20 23 22 -21 -2 -23 -22 -8 -5 -15
right_child=11 2 6 17 10 -7 26 8 -10 -11 -12 12 15 28 -16 -17 -18 18 -20 21 25 24 -24 -25 -26 -27 -28 -29 -30
leaf_value=-0.0011573607302270831 -0.0033571005659598593 -0.013800350050239461 -0.0028308536810860829 -0.0075962239059122489 -0.0079203986586519302 0.0080296241101722784 -0.003156424837428359 0.0030691092580324379 -0.0072723963673536982 0.0059746019889714494 0.0021085016443020237 -0.015658812638481751 0.00035999873466789726 0.015012941461345936 0.0021438155711318058 0.0015635205064124119 -0.022158918434692441 -0.0063260845712215137 0.00092577315314101123 -0.016017925227060914 0.0058738679036741967 0.0023098930097713976 -0.0016299626769320766 -0.018793562396623002 -0.002280938147836468 0.0022562135435365677 -0.0083332111870651898 0.0003556238255542948 0.0017977461408490672
leaf_weight=450 422 69 771 138 260 1013 623 1358 140 233 274 68 100 74 84 84 121 780 679 141 1168 2442 783 77 642 2849 877 4482 151
leaf_count=450 422 69 771 138 260 1013 623 1358 140 233 274 68 100 74 84 84 121 780 679 141 1168 2442 783 77 642 2849 877 4482 151
internal_value=0.000162375 -0.00046634 -0.00194294 0.000277996 0.00305512 0.0051685 -0.00400365 0.00136681 0.00207455 -0.000779592 -0.00272348 0.000991944 -0.00291358 0.00128604 -0.00546123 -0.00798061 -0.0119694 -0.000638287 -0.00298818 0.00130631 0.00232642 0.000160154 -0.00382553 -0.00562633 0.00135431 0.00332007 -0.00614217 0.000102429 0.00588263
internal_weight=21353 12147 4071 8076 1997 1463 2504 1567 1498 1004 534 9206 682 377 152 305 221 6079 1459 8524 4516 4008 924 499 3084 4017 1500 4620 225
internal_count=21353 12147 4071 8076 1997 1463 2504 1567 1498 1004 534 9206 682 377 152 305 221 6079 1459 8524 4516 4008 924 499 3084 4017 1500 4620 225
cat_boundaries=0 1 2 3 4 5 6 7 8 9 10 11 12 13
cat_threshold=844 144 400 37 12 7 18 384 22 16 26 771 2
is_linear=0
shrinkage=0.05


Tree=353
num_leaves=26
num_cat=8
split_feature=5 14 16 2 11 8 8 19 13 8 12 17 2 14 19 5 13 8 17 15 5 9 8 13 8
split_gain=2.23616 3.71178 3.52273 2.88647 3.43514 5.84532 2.87365 2.70782 6.07513 5.34614 2.87308 4.09354 2.64989 5.93824 4.89278 2.97849 4.66242 3.19621 2.48105 2.12442 7.99134 7.11545 2.01463 1.24109 0.979699
threshold=15.500000000000002 0.44097222222222227 0 1 2.5000000000000004 292.50000000000006 355.20000000000005 2 4.5000000000000009 443.05000000000007 2.5000000000000004 3 4 0.5590277777777779 5 16.500000000000004 1.5000000000000002 443.05000000000007 6 7 13.500000000000002 1.0000000180025095e-35 309.00000000000006 5.5000000000000009 357.60000000000008
decision_type=2 2 9 9 2 2 2 1 2 2 2 1 9 2 1 2 2 2 1 9 2 2 2 2 2
left_child=1 3 6 19 18 -6 -2 8 -3 -10 24 -12 13 14 -4 17 -17 -14 -5 21 -21 -1 -15 -8 -9
right_child=2 7 12 4 5 -7 23 10 9 -11 11 -13 15 22 -16 16 -18 -19 -20 20 -22 -23 -24 -25 -26
leaf_value=0.0012266526490939448 -0.018063042119145393 -0.016891161236275414 -0.0084789497978693135 0.0032880574387916758 -0.0034109535502273394 0.015227463646342271 -0.0097404030570760382 0.0035151709193984668 0.00024522688907962489 -0.011782130638704353 0.0040596900002064212 -0.0014713545145199954 -0.001533832802797605 0.003586280952093371 0.00069875943511031927 -0.018483622240480679 -0.0030301262281174387 0.0013458814676387907 0.00080243752270985893 0.0049730011009785973 -0.0029224519397431513 -0.004117211338651605 0.015824844844769915 0.00063662253292825295 0.012550746450666339
leaf_weight=1560 50 79 143 1374 66 116 50 75 470 115 385 2186 3834 57 2851 58 308 1287 3741 744 563 1037 82 68 50
leaf_count=1560 50 79 143 1374 66 116 50 75 470 115 385 2186 3834 57 2851 58 308 1287 3741 744 563 1037 82 68 50
internal_value=9.04952e-06 0.000437071 -0.000602737 0.00095647 0.00171507 0.00846848 -0.00756675 -0.000985248 -0.00381912 -0.00211913 -0.000272114 -0.000633029 -0.000457702 0.000701218 0.000234426 -0.0011195 -0.00547904 -0.000810108 0.00147813 -7.7005e-05 0.00156004 -0.000903709 0.0108062 -0.00376042 0.0071294
internal_weight=21349 12561 8788 9201 5297 182 168 3360 664 585 2696 2571 8620 3133 2994 5487 366 5121 5115 3904 1307 2597 139 118 125
internal_count=21349 12561 8788 9201 5297 182 168 3360 664 585 2696 2571 8620 3133 2994 5487 366 5121 5115 3904 1307 2597 139 118 125
cat_boundaries=0 1 2 3 4 5 6 7 8
cat_threshold=68 147 2 8 11 4 2 5
is_linear=0
shrinkage=0.05


Tree=354
num_leaves=17
num_cat=1
split_feature=6 16 6 7 6 11 7 7 6 6 6 7 5 5 9 11
split_gain=2.68123 5.96614 6.94285 2.79476 5.35213 4.22991 2.93178 4.94842 4.62382 2.65007 3.64976 7.08245 2.81844 2.11573 2.05292 0.701852
threshold=0.15802514478985072 0 0.19181450357920948 0.19754901960784316 0.15692340067340069 1.5000000000000002 0.1167748917748918 0.077023629964806453 0.15507154882154886 0.1607673372379255 0.16584249084249086 0.12520396270396275 7.5000000000000009 14.500000000000002 1.0000000180025095e-35 1.0000000180025095e-35
decision_type=2 9 2 2 2 2 2 2 2 2 2 2 2 2 2 2
left_child=3 2 -2 4 6 13 7 -1 -8 14 11 -11 -12 -5 15 -3
right_child=1 9 -4 5 -6 -7 8 -9 -10 10 12 -13 -14 -15 -16 -17
leaf_value=-0.0006099036349929358 0.023892483591544826 -0.0022529029816973443 0.0021391538022409963 0.018217507415804371 -0.016410353449436855 -0.0057519757544950527 -0.0033685671127750543 0.0026436753582930578 0.01199554249680802 -0.00080058479572537244 0.0057133347656417761 -0.019140923217586852 0.00037830047162433229 0.0041824751496315005 0.012749509294206899 0.005556694516968547
leaf_weight=10133 61 51 92 58 53 51 1230 1321 51 222 256 69 7506 50 75 66
leaf_count=10133 61 51 92 58 53 51 1230 1321 51 222 256 69 7506 50 75 66
internal_value=-2.11197e-05 0.000674683 0.0101487 -0.000472448 -0.000554361 0.00611565 -0.000488372 -0.000234665 -0.00275688 0.000485977 0.000348154 -0.00514932 0.000554256 0.0117198 0.00629196 0.00215251
internal_weight=21345 8398 153 12947 12788 159 12735 11454 1281 8245 8053 291 7762 108 192 117
internal_count=21345 8398 153 12947 12788 159 12735 11454 1281 8245 8053 291 7762 108 192 117
cat_boundaries=0 1
cat_threshold=14
is_linear=0
shrinkage=0.05


Tree=355
num_leaves=20
num_cat=5
split_feature=0 3 6 14 6 0 2 6 14 6 14 4 19 6 0 18 0 14 6
split_gain=2.74563 7.71345 10.4956 7.91222 2.97908 2.18986 4.07693 7.68373 3.90311 3.31662 3.17 1.66644 4.39768 7.99323 5.23028 2.63104 9.10679 7.0296 0.86926
threshold=2450.0000000000005 0 0.1858780108780109 0.36038961038961043 0.206387403446227 2350.0000000000005 1 0.26469721727074674 0.44097222222222227 0.14989531166001757 0.32291666666666669 2 3 0.15507154882154886 1850.0000000000002 4 2150.0000000000005 0.080128205128205135 0.17937585290526473
decision_type=2 9 2 2 2 2 9 2 2 2 2 1 1 2 2 1 2 2 2
left_child=5 3 -3 4 -2 11 7 9 10 -7 -8 12 13 -1 -14 16 -13 -17 -5
right_child=1 2 -4 18 -6 6 8 -9 -10 -11 -12 15 14 -15 -16 17 -18 -19 -20
leaf_value=0.0032953615440094279 -0.00092435019090771672 -0.032473549626621544 -0.00055039674043655396 0.005800774189360116 -0.015789601711126474 -0.0015421499244191431 0.0080753352111819516 0.010821552516253137 0.017741304133651836 -0.018473840146096515 -0.0031925386714896087 0.00091673529563916691 0.00086588081255735286 0.024878474339842797 -0.0045919071172355061 -0.010722349566640333 -0.010885708861770213 -0.00057759119944785452 0.013839680314907489
leaf_weight=302 70 51 52 92 65 55 182 67 66 61 95 6023 7567 50 466 176 168 5736 53
leaf_count=302 70 51 52 92 65 55 182 67 66 61 95 6023 7567 50 466 176 168 5736 53
internal_value=0.000256389 -0.00393897 -0.0149095 0.000607399 -0.00808169 0.000332853 0.00351838 -0.00252165 0.00662138 -0.0104459 0.0042109 0.00025107 0.000792307 0.00618542 0.000548588 -0.000124453 0.0005955 -0.000878115 0.00873913
internal_weight=21397 383 103 280 135 21014 526 183 343 116 277 20488 8385 352 8033 12103 6191 5912 145
internal_count=21397 383 103 280 135 21014 526 183 343 116 277 20488 8385 352 8033 12103 6191 5912 145
cat_boundaries=0 1 2 3 4 5
cat_threshold=2 16 26 32 4
is_linear=0
shrinkage=0.05


Tree=356
num_leaves=14
num_cat=4
split_feature=0 14 14 18 6 6 7 0 2 1 5 14 1
split_gain=3.97282 6.55444 4.02503 5.33333 8.38422 7.84656 2.60481 2.45752 5.52359 5.35983 4.71742 4.52008 3.63913
threshold=2250.0000000000005 0.56696428571428581 0.48529411764705888 0 0.30622895622895624 0.31035076035076042 0.36972455648926245 1450.0000000000002 1 2 7.5000000000000009 0.32291666666666669 3
decision_type=2 2 2 1 2 2 2 2 9 1 2 2 1
left_child=6 2 3 5 -5 -2 7 10 9 -9 -1 -10 -12
right_child=1 -3 -4 4 -6 -7 -8 8 11 -11 12 -13 -14
leaf_value=0.013981177525056411 -0.003598808218215498 0.011248024550361047 -0.014475176483882884 -0.0033689136038759803 -0.01988570259906532 0.016856884982594304 0.0091160693873340894 0.00048132464691114481 -0.0010526495513079395 -0.0036500368090233489 0.0019100815999122938 0.0012412871137743591 -0.00038079013828267301
leaf_weight=64 138 69 95 442 93 71 75 1163 4588 2422 2538 4037 5418
leaf_count=64 138 69 95 442 93 71 75 1163 4588 2422 2538 4037 5418
internal_value=-0.000329495 -0.00356526 -0.00478351 -0.003546 -0.00612556 0.00319728 -0.000184798 -0.000219279 -0.000665911 -0.00231218 0.000460693 2.10214e-05 0.00035193
internal_weight=21213 908 839 744 535 209 20305 20230 12210 3585 8020 8625 7956
internal_count=21213 908 839 744 535 209 20305 20230 12210 3585 8020 8625 7956
cat_boundaries=0 1 2 3 4
cat_threshold=6 144 96 148
is_linear=0
shrinkage=0.05


Tree=357
num_leaves=26
num_cat=5
split_feature=8 17 5 7 13 5 12 13 8 0 0 8 8 18 0 0 2 17 12 0 0 1 7 0 12
split_gain=2.13069 6.46319 16.2974 6.5589 8.36821 5.41652 4.19458 5.96139 3.28273 12.3689 12.5906 12.8795 6.35743 5.57897 13.4844 3.59207 4.90671 12.9379 6.59259 4.31943 7.30471 5.87375 3.24583 3.1319 1.92081
threshold=513.75000000000011 0 9.5000000000000018 0.10600649350649349 2.5000000000000004 12.500000000000002 6.5000000000000009 3.5000000000000004 411.60000000000008 1350.0000000000002 1550.0000000000002 487.60000000000008 443.05000000000007 1 1250.0000000000002 1850.0000000000002 2 3 2.5000000000000004 1750.0000000000002 1350.0000000000002 4 0.14545454545454545 1950.0000000000002 4.5000000000000009
decision_type=2 1 2 2 2 2 2 2 2 2 2 2 2 1 2 2 9 1 2 2 2 1 2 2 2
left_child=8 6 -3 4 -4 -5 7 23 15 13 11 -11 -12 24 -15 19 18 -18 -17 20 -1 -21 -9 -2 -10
right_child=1 2 3 5 -6 -7 -8 22 9 10 12 -13 -14 14 -16 16 17 -19 -20 21 -22 -23 -24 -25 -26
leaf_value=0.00079429676363705387 0.0015638340075989025 -0.025164560543965889 -0.016425246238412166 0.017105816023808625 -0.0022918736039526776 -4.4414299480312055e-05 0.013149453678275816 -0.0045944374375337807 -0.0049117549995404729 -0.0031824904185898529 0.0046686310305907993 0.011533318503749113 -0.0010110278579194784 -0.0019904575102762984 -0.031941644126987634 0.00072170155078723911 -0.0029708607494136259 0.012099955620642035 -0.0050868308900551482 0.0037337488077170897 -0.0021341684451675427 -6.4296875279978849e-05 0.0079358581641460202 0.0098132634766699891 0.0065496801822022962
leaf_weight=4818 505 88 132 63 507 171 65 554 109 198 690 597 1723 84 68 762 423 203 1361 1681 3816 2566 57 149 55
leaf_count=4818 505 88 132 63 507 171 65 554 109 198 690 597 1723 84 68 762 423 203 1361 1681 3816 2566 57 149 55
internal_value=-6.95683e-05 -0.00151064 -0.00460816 -0.00258882 -0.00521144 0.00457296 0.000756457 0.000125643 0.000102797 0.00148134 0.00241104 0.00786825 0.000613077 -0.0079569 -0.0144397 -0.000208014 -0.00184879 0.00202973 -0.00298792 0.000142153 -0.000500008 0.00144764 -0.00342549 0.00344329 -0.0010066
internal_weight=21445 2291 961 873 639 234 1330 1265 19154 3524 3208 795 2413 316 152 15630 2749 626 2123 12881 8634 4247 611 654 164
internal_count=21445 2291 961 873 639 234 1330 1265 19154 3524 3208 795 2413 316 152 15630 2749 626 2123 12881 8634 4247 611 654 164
cat_boundaries=0 1 2 3 4 5
cat_threshold=5 5 264 10 833
is_linear=0
shrinkage=0.05


Tree=358
num_leaves=24
num_cat=6
split_feature=3 0 2 3 5 17 7 3 0 7 7 6 5 1 0 12 0 7 0 7 11 6 12
split_gain=4.15141 8.3506 7.24357 6.83539 4.96391 4.70991 8.07373 5.00154 3.69744 3.29024 7.73725 15.858 9.18829 5.94467 5.79651 5.77814 4.72056 4.17816 6.69695 4.61535 2.95065 3.89673 1.76609
threshold=0 2450.0000000000005 1 2 11.500000000000002 3 0.26698717948717959 4 1750.0000000000002 0.0073051948051948016 0.022283272283272277 0.13314102156013924 9.5000000000000018 5 2150.0000000000005 5.5000000000000009 1950.0000000000002 0.025389928698752225 1750.0000000000002 0.032473082473082469 2.5000000000000004 0.027874902874902879 3.5000000000000004
decision_type=9 2 9 9 2 1 2 9 2 2 2 2 2 1 2 2 2 2 2 2 2 2 2
left_child=9 2 3 4 -2 6 -4 -7 -5 13 11 15 -13 14 16 -11 -1 18 -12 -19 21 -15 -22
right_child=1 -3 5 8 -6 7 -8 -9 -10 10 17 12 -14 20 -16 -17 -18 19 -20 -21 22 -23 -24
leaf_value=0.0056763932330869708 -0.0094124609487242737 -0.016259617632364526 0.0010149796226540341 -0.023817177710274386 -0.00028103776997226757 0.0035191391942729407 -0.015950698775737744 -0.0016664104529925867 -0.0062164550423622136 0.006235246845464875 -0.0021622650644244398 -0.029169066734903028 -0.0083600083221456092 -0.0081030253607328375 0.018750189433635121 -0.0070905770749066094 -0.0023490772944435609 -0.006252962994132482 0.018599795397505704 0.00090010509444663628 0.01071924185127263 0.00022603026846115142 0.0013697301968932153
leaf_weight=886 213 85 5689 74 494 501 71 5294 50 284 73 64 310 163 71 114 231 236 83 5072 92 1014 112
leaf_count=886 213 85 5689 74 494 501 71 5294 50 284 73 64 310 163 71 114 231 236 83 5072 92 1014 112
internal_value=-5.41532e-05 -0.000640789 -0.000534121 -0.00501425 -0.0029898 -0.000207405 0.000804457 -0.00121281 -0.0154723 0.000776577 0.000157093 -0.00452842 -0.0119209 0.00228334 0.00485635 0.0024183 0.00401669 0.000819102 0.00888422 0.000582071 3.44943e-05 -0.000927441 0.00558618
internal_weight=21276 12471 12386 831 707 11555 5760 5795 124 8805 6236 772 374 2569 1188 398 1117 5464 156 5308 1381 1177 204
internal_count=21276 12471 12386 831 707 11555 5760 5795 124 8805 6236 772 374 2569 1188 398 1117 5464 156 5308 1381 1177 204
cat_boundaries=0 1 2 3 4 5 6
cat_threshold=10 18 4 12 4 229
is_linear=0
shrinkage=0.05


Tree=359
num_leaves=28
num_cat=9
split_feature=0 1 7 7 14 12 2 0 19 7 19 7 7 15 7 19 1 16 8 8 19 7 7 14 11 13 13
split_gain=2.98678 4.57453 8.28312 11.1725 7.92373 5.45556 5.75278 8.89848 5.34575 4.73237 7.16624 4.31675 5.58239 3.07022 5.25458 5.33991 5.76154 3.00988 3.64418 3.77908 3.64212 6.79664 6.60474 2.83286 2.67265 1.31793 0.0203175
threshold=1750.0000000000002 0 0.075052521008403386 0.095038784744667107 0.44097222222222227 6.5000000000000009 1 2150.0000000000005 2 0.086523199023199021 3 0.061935286935286944 0.050980392156862758 4 0.076906916612798984 5 6 7 381.20000000000005 487.60000000000008 8 0.13336834733893563 0.15376131221719461 0.31009615384615391 1.0000000180025095e-35 6.5000000000000009 3.5000000000000004
decision_type=2 1 2 2 2 2 9 2 1 2 1 2 2 9 2 1 1 9 2 2 1 2 2 2 2 2 2
left_child=13 2 11 23 -5 6 8 -8 -3 10 -7 12 -2 17 15 16 -15 18 25 -20 21 -19 -22 -4 -13 -1 -17
right_child=1 5 3 4 -6 9 7 -9 -10 -11 -12 24 -14 14 -16 26 -18 20 19 -21 22 -23 -24 -25 -26 -27 -28
leaf_value=-0.0038669645985854526 0.00097374373414129539 -0.0033864761175506791 -0.028744320018107401 -0.0053968717349208387 0.01496097491207448 0.018345340381908628 0.0031019604520347633 -0.0032850278398696212 0.0008597097991425263 -0.0037457471097857784 0.0013998473501971942 9.0478141619651414e-05 -0.015263556528451114 0.0096420166042716776 -0.01478169404673485 -0.011083359179981784 -0.0050494947957081928 -0.00048835325904191278 -0.01826779341014723 -0.0029839091429190983 0.00037081426720520871 -0.0063560228606912884 0.0087746688241108536 -0.013550852524576249 0.014021248295903205 0.0071331434092431704 -0.012494709602940609
leaf_weight=56 606 1140 51 365 55 130 3654 641 2079 73 129 54 58 124 98 51 125 4964 78 84 5591 548 244 77 95 53 51
leaf_count=56 606 1140 51 365 55 130 3654 641 2079 73 129 54 58 124 98 51 125 4964 78 84 5591 548 244 77 95 53 51
internal_value=8.26054e-05 0.000760852 -0.00190713 -0.00667223 -0.00273096 0.00122452 0.000948942 0.00214375 -0.000649896 0.00749845 0.0106677 0.00128131 -0.000444575 -0.00043489 -0.00444605 -0.00168699 0.00235656 -0.000275806 -0.00538801 -0.0103428 -0.000149075 -0.00106977 0.000720999 -0.0196045 0.00897251 0.00148171 -0.0107364
internal_weight=21274 9207 1361 548 420 7846 7514 4295 3219 332 259 813 664 12067 449 351 249 11618 271 162 11347 5512 5835 128 149 109 102
internal_count=21274 9207 1361 548 420 7846 7514 4295 3219 332 259 813 664 12067 449 351 249 11618 271 162 11347 5512 5835 128 149 109 102
cat_boundaries=0 1 2 3 4 5 6 7 8 9
cat_threshold=12 272 9 3 7 49 356 10 18
is_linear=0
shrinkage=0.05


Tree=360
num_leaves=29
num_cat=8
split_feature=12 14 17 3 12 8 9 0 17 14 11 10 5 3 0 14 0 14 0 17 0 17 16 0 10 8 16 12
split_gain=3.20033 4.47415 5.98472 5.07718 4.81641 4.1363 4.43778 3.09589 11.5238 11.1633 3.20214 3.00574 5.60079 2.45014 2.04537 6.99598 5.22298 5.09351 5.49503 5.28017 5.49716 4.07816 3.94981 3.5088 3.16003 2.16921 2.16156 2.09359
threshold=3.5000000000000004 0.45804195804195807 0 1 2.5000000000000004 381.20000000000005 1.0000000180025095e-35 2350.0000000000005 2 0.19375000000000003 1.0000000180025095e-35 1.0000000180025095e-35 12.500000000000002 3 1750.0000000000002 0.32291666666666669 2050.0000000000005 0.2752525252525253 1250.0000000000002 4 1350.0000000000002 5 6 1850.0000000000002 1.0000000180025095e-35 353.30000000000001 7 5.5000000000000009
decision_type=2 2 1 9 2 2 2 2 1 2 2 2 2 9 2 2 2 2 2 1 2 1 9 2 2 2 9 2
left_child=1 7 3 -3 -5 6 -4 11 10 -10 -9 13 -13 -1 17 16 24 19 26 20 -2 -20 27 -24 -16 -21 -19 -17
right_child=14 2 5 4 -6 -7 -8 8 9 -11 -12 12 -14 -15 15 22 -18 18 21 25 -22 -23 23 -25 -26 -27 -28 -29
leaf_value=0.0030412086031539869 0.00078089028943841368 -0.0090505442970465321 0.0035576132654678082 -0.0081616467712447051 0.010402363980317424 -0.023140570968945527 -0.016936397539185629 0.013516128253751647 -0.027373302727937698 0.00055146531279509268 0.0039868527402480451 -0.0043547064700468598 -0.00054009557660922487 -0.00042722932434365653 -0.0020460732882020237 -0.0008060352584081037 0.0071574195800349115 0.0019184246386184283 0.0021602104139730369 -0.0092011141435553636 0.015746645756555697 -0.0028683897384793483 0.0043167384074108148 0.00079727810938093899 -0.0097198700674938545 0.0027613337193563414 -0.0012992450822484989 -0.013841919981959192
leaf_weight=548 102 103 50 50 116 67 56 163 51 120 192 1458 2830 5812 320 70 100 1985 477 66 154 2449 1593 1275 231 89 701 55
leaf_count=548 102 103 50 50 116 67 56 163 51 120 192 1458 2830 5812 320 70 100 1985 477 66 154 2449 1593 1275 231 89 701 55
internal_value=-0.000264905 -0.000824236 -0.00575813 -0.000803296 0.00453745 -0.0126829 -0.00726941 -0.00062907 0.00311548 -0.00734731 0.00813316 -0.000814047 -0.00183713 -0.000124266 0.000407194 0.00134223 -0.00335529 -0.000158515 -0.000552005 0.0052144 0.00941592 -0.00205104 0.00236397 0.00274256 -0.00526322 -0.002191 0.00108097 -0.00605724
internal_weight=21283 11616 442 269 166 173 106 11174 526 171 355 10648 4288 6360 9667 3644 651 6023 5612 411 256 2926 2993 2868 551 155 2686 125
internal_count=21283 11616 442 269 166 173 106 11174 526 171 355 10648 4288 6360 9667 3644 651 6023 5612 411 256 2926 2993 2868 551 155 2686 125
cat_boundaries=0 1 2 3 4 5 6 7 8
cat_threshold=5 5 6 12 10 1 68 67
is_linear=0
shrinkage=0.05


Tree=361
num_leaves=23
num_cat=7
split_feature=7 1 0 11 11 3 1 17 0 13 19 6 7 15 2 7 14 7 14 7 10 7
split_gain=2.84097 4.34978 2.71028 8.01595 3.03229 2.58962 8.62207 7.04414 7.36286 7.31503 4.10421 6.18191 4.84058 3.86736 7.09774 5.04874 4.75529 3.03262 5.52197 5.1367 2.4817 1.11834
threshold=0.26369978061154536 0 1950.0000000000002 1.0000000180025095e-35 1.0000000180025095e-35 1 2 3 1550.0000000000002 2.5000000000000004 4 0.089622414622414645 0.07612044817927173 5 6 0.1329399766899767 0.2752525252525253 0.2334087481146305 0.21825396825396828 0.21478174603174607 1.0000000180025095e-35 0.29784798534798546
decision_type=2 1 2 2 2 9 1 1 2 2 1 2 2 9 9 2 2 2 2 2 2 2
left_child=5 21 3 -3 -4 6 7 8 -1 -9 12 -12 -8 14 15 -7 -16 19 -19 -15 -5 -2
right_child=1 2 4 20 -6 13 10 9 -10 -11 11 -13 -14 17 16 -17 -18 18 -20 -21 -22 -23
leaf_value=3.4391502260022157e-05 0.00052091546018015261 -0.0080750719853676847 0.019723642910556758 0.0053770075853475756 0.0047360941698190891 -0.0029027424090058919 -0.0024348424714051688 -0.0073996616536509494 0.019053495940812806 0.0045992880771578903 0.0034618734393956937 -0.0083648644680632944 0.0070853917110661 -0.00017917008868922782 -0.0023903507964860185 0.011120234151698046 -0.019590052751030915 -0.019171091434309038 1.2506285537649127e-05 0.0092380084897541407 0.019887387891783598 -0.0092367683914268313
leaf_weight=76 55 90 68 68 67 484 335 154 154 725 157 373 222 17689 64 74 108 59 103 146 52 63
leaf_count=76 55 90 68 68 67 484 335 154 154 725 157 373 222 17689 64 74 108 59 103 146 52 63
internal_value=-3.3216e-05 0.00384079 0.00656775 0.00320488 0.0122854 -0.000118943 0.00150158 0.00458605 0.0122369 0.00246899 -0.00165843 -0.00477145 0.0013356 -0.000309609 -0.00385235 -0.0010247 -0.0124654 -0.000163847 -0.00697411 -0.00010208 0.0116648 -0.00432239
internal_weight=21386 463 345 210 135 20923 2196 1109 230 879 1087 530 557 18727 730 558 172 17997 162 17835 120 118
internal_count=21386 463 345 210 135 20923 2196 1109 230 879 1087 530 557 18727 730 558 172 17997 162 17835 120 118
cat_boundaries=0 1 2 3 4 5 6 7
cat_threshold=264 12 626 1 22 4 384
is_linear=0
shrinkage=0.05


Tree=362
num_leaves=19
num_cat=7
split_feature=0 1 0 1 8 19 6 6 6 13 6 2 0 0 19 1 0 17
split_gain=1.98459 4.43062 4.11108 6.37142 12.8121 12.7656 8.7546 4.3537 3.2861 3.19529 2.02482 1.69513 3.36586 3.97935 3.59664 3.19672 14.4523 5.00818
threshold=2550.0000000000005 0 2250.0000000000005 1 357.60000000000008 2 0.19328367710720654 0.13614672364672367 0.22414021164021167 4.5000000000000009 0.21672951231774765 3 1950.0000000000002 2150.0000000000005 4 5 1850.0000000000002 6
decision_type=2 1 2 1 2 1 2 2 2 2 2 9 2 2 1 1 2 1
left_child=2 10 11 5 -5 7 -7 -4 -6 -3 -2 12 14 -14 -1 17 -17 -13
right_child=1 9 3 4 8 6 -8 -9 -10 -11 -12 15 13 -15 -16 16 -18 -19
leaf_value=0.0023088163404509031 -0.0071497475707353701 0.019568963463027632 0.0096402628852211569 0.024063624519516123 -0.013030165615641782 -0.034388530164557909 -0.010713795055238199 -0.0044424263967408079 0.0026236522075248092 0.0036423098164959813 0.0049657653756755397 0.0022687415212453623 0.0058912832304013618 -0.0022883881638966958 -0.0017466880230650702 -0.00021331767546668354 -0.0083356633270916542 -0.0002097648663805414
leaf_weight=1014 83 62 83 55 62 56 129 162 73 64 59 2624 616 196 1163 5002 615 9008
leaf_count=1014 83 62 83 55 62 56 129 162 73 64 59 2624 616 196 1163 5002 615 9008
internal_value=5.84529e-07 0.00427588 -5.43478e-05 -0.00406486 0.00353578 -0.00733493 -0.0169633 0.000315564 -0.00456551 0.0106352 -0.00197664 6.8516e-05 0.00116568 0.00391688 0.000144861 -0.000122211 -0.00110067 0.000350816
internal_weight=21126 268 20858 620 190 430 185 245 135 126 142 20238 2989 812 2177 17249 5617 11632
internal_count=21126 268 20858 620 190 430 185 245 135 126 142 20238 2989 812 2177 17249 5617 11632
cat_boundaries=0 1 2 3 4 5 6 7
cat_threshold=769 178 38 3 13 944 8
is_linear=0
shrinkage=0.05


Tree=363
num_leaves=24
num_cat=9
split_feature=3 5 1 19 6 14 19 7 0 1 14 1 14 1 5 6 14 7 17 14 1 6 6
split_gain=4.03254 4.35772 6.63216 10.7641 8.90571 8.62716 8.72962 5.5971 8.72059 5.25813 5.21405 5.20166 2.85709 4.41113 2.72306 8.57472 10.1697 4.31732 2.96406 7.9341 4.8637 1.16487 0.994142
threshold=0 11.500000000000002 1 2 0.20493464868464872 0.59411764705882364 3 0.18764140271493215 1950.0000000000002 4 0.26969696969696971 5 0.73030303030303034 6 10.500000000000002 0.097873422873422877 0.42261904761904767 0.011904761904761913 7 0.32291666666666669 8 0.060644910644910656 0.050036075036075052
decision_type=9 2 1 1 2 2 1 2 2 1 2 1 2 1 2 2 2 2 1 2 1 2 2
left_child=12 2 5 10 -5 6 -2 8 9 -3 -4 -10 14 21 15 16 -1 -17 19 -16 -20 -14 -15
right_child=1 7 3 4 -6 -7 -8 -9 11 -11 -12 -13 13 22 18 17 -18 -19 20 -21 -22 -23 -24
leaf_value=0.019113638024594235 0.0043733224983332477 0.0017874257472067258 -0.00894907309239815 -0.027380937364710086 -0.0058507790735112157 0.017658560368109425 -0.011279283786468485 -0.013262748583915763 0.013383065167765476 -0.0049116508306042313 0.012725149896661087 0.0016391955178484997 -0.0086232887388303352 -0.0027417623775773774 -0.0037690613403771329 0.0044091887907747656 0.0023298115794928233 -0.0010424741156577959 0.0019878958884037806 0.0019922138248178209 -0.00041374238694140918 -0.019037400303408503 0.0071799101643264295
leaf_weight=140 163 470 55 118 81 53 179 87 142 758 56 276 58 51 1737 474 254 1553 2596 911 11024 50 50
leaf_count=140 163 470 55 118 81 53 179 87 142 758 56 276 58 51 1737 474 254 1553 2596 911 11024 50 50
internal_value=-0.000332755 -0.00224214 -0.0055656 -0.0108889 -0.0177266 -0.00108468 -0.00402105 -0.000903062 -0.000249786 -0.00237311 0.00182157 0.00598812 -8.51973e-05 -0.00589883 -2.02287e-05 0.00154427 0.00829361 0.00023236 -0.000253057 -0.00178027 4.51374e-05 -0.0123053 0.00197447
internal_weight=21336 2438 705 310 199 395 342 1733 1646 1228 111 418 18898 209 18689 2421 394 2027 16268 2648 13620 108 101
internal_count=21336 2438 705 310 199 395 342 1733 1646 1228 111 418 18898 209 18689 2421 394 2027 16268 2648 13620 108 101
cat_boundaries=0 1 2 3 4 5 6 7 8 9
cat_threshold=3 450 28 9 550 56 677 1 257
is_linear=0
shrinkage=0.05


Tree=364
num_leaves=21
num_cat=2
split_feature=7 7 14 10 6 12 7 5 5 4 8 8 14 15 6 6 7 14 11 8
split_gain=2.49793 5.30072 5.84737 3.99621 3.35837 3.33993 3.21208 11.6577 3.35794 5.72172 3.54152 2.60639 7.3949 6.88483 6.10166 4.55678 10.0246 3.20831 2.17663 0.0773423
threshold=0.010336538461538461 0.0091242091242091251 0.36038961038961043 1.0000000180025095e-35 0.093666355431061318 8.5000000000000018 0.0078431372549019763 13.500000000000002 14.500000000000002 0 292.50000000000006 513.75000000000011 0.40588235294117653 1 0.095243482008187899 0.42228327228327234 0.088235294117647065 0.40588235294117653 1.0000000180025095e-35 353.30000000000001
decision_type=2 2 2 2 2 2 2 2 2 1 2 2 2 9 2 2 2 2 2 2
left_child=1 6 3 18 -4 11 8 -8 9 -1 -10 15 14 -14 -13 17 -17 -2 -3 -7
right_child=5 2 4 -5 -6 19 7 -9 10 -11 -12 12 13 -15 -16 16 -18 -19 -20 -21
leaf_value=-0.005732409468996981 -0.00076608428054213682 0.014725413588806989 0.0078047858684190691 -0.0085295088871410393 0.023998792698385858 -0.01098831000737846 -0.023163365907385016 0.0043291257934395186 0.0043386527618387996 0.0026751901665370494 -0.00095032216607230421 -0.0084931450048882761 -0.0036620946062612351 -0.019018616349629675 0.0010796541130364177 -0.0064863147782161833 0.023943954194753859 0.0010072485097445828 0.00037264167996389525 -0.0082072613742202524
leaf_weight=213 9331 50 70 66 59 50 64 97 351 2308 3221 199 258 102 1018 50 59 3510 56 50
leaf_count=213 9331 50 70 66 59 50 64 97 351 2308 3221 199 258 102 1018 50 59 3510 56 50
internal_value=-0.000127858 0.000683229 0.0071643 0.00112902 0.0152113 -0.000491342 0.0003713 -0.00659957 0.000555497 0.0019527 -0.000430605 -0.000428656 -0.00234786 -0.00864313 -0.00048566 -0.000194943 0.00998512 -0.000281356 0.00714282 -0.00959779
internal_weight=21182 6555 301 172 129 14627 6254 161 6093 2521 3572 14527 1577 360 1217 12950 109 12841 106 100
internal_count=21182 6555 301 172 129 14627 6254 161 6093 2521 3572 14527 1577 360 1217 12950 109 12841 106 100
cat_boundaries=0 1 2
cat_threshold=4 5
is_linear=0
shrinkage=0.05


end of trees

feature_importances:
distance=1603
pace_score_top3=1075
course_code=926
leader_margin=787
front_active_horse_ratio=654
started_count=642
straight_length=548
track_code=361
cond_code_youngest=340
lead_horse_count_in_race=232
front_active_horse_count_in_race=223
turf_condition_code=219
race_type_code=203
escape_horse_count_in_race=187
dirt_condition_code=186
weather_code=150
grade_code=141
weight_type_code=97
is_steep_slope=76
is_local=67

parameters:
[boosting: gbdt]
[objective: regression]
[metric: rmse]
[tree_learner: serial]
[device_type: cpu]
[data_sample_strategy: bagging]
[data: ]
[valid: ]
[num_iterations: 5000]
[learning_rate: 0.05]
[num_leaves: 31]
[num_threads: 0]
[seed: 42]
[deterministic: 0]
[force_col_wise: 0]
[force_row_wise: 0]
[histogram_pool_size: -1]
[max_depth: 5]
[min_data_in_leaf: 50]
[min_sum_hessian_in_leaf: 0.001]
[bagging_fraction: 0.8]
[pos_bagging_fraction: 1]
[neg_bagging_fraction: 1]
[bagging_freq: 1]
[bagging_seed: 400]
[bagging_by_query: 0]
[feature_fraction: 0.8]
[feature_fraction_bynode: 1]
[feature_fraction_seed: 30056]
[extra_trees: 0]
[extra_seed: 12879]
[early_stopping_round: 0]
[early_stopping_min_delta: 0]
[first_metric_only: 0]
[max_delta_step: 0]
[lambda_l1: 0]
[lambda_l2: 0]
[linear_lambda: 0]
[min_gain_to_split: 0]
[drop_rate: 0.1]
[max_drop: 50]
[skip_drop: 0.5]
[xgboost_dart_mode: 0]
[uniform_drop: 0]
[drop_seed: 17869]
[top_rate: 0.2]
[other_rate: 0.1]
[min_data_per_group: 100]
[max_cat_threshold: 32]
[cat_l2: 10]
[cat_smooth: 10]
[max_cat_to_onehot: 4]
[top_k: 20]
[monotone_constraints: ]
[monotone_constraints_method: basic]
[monotone_penalty: 0]
[feature_contri: ]
[forcedsplits_filename: ]
[refit_decay_rate: 0.9]
[cegb_tradeoff: 1]
[cegb_penalty_split: 0]
[cegb_penalty_feature_lazy: ]
[cegb_penalty_feature_coupled: ]
[path_smooth: 0]
[interaction_constraints: ]
[verbosity: -1]
[saved_feature_importance_type: 0]
[use_quantized_grad: 0]
[num_grad_quant_bins: 4]
[quant_train_renew_leaf: 0]
[stochastic_rounding: 1]
[linear_tree: 0]
[max_bin: 255]
[max_bin_by_feature: ]
[min_data_in_bin: 3]
[bin_construct_sample_cnt: 200000]
[data_random_seed: 175]
[is_enable_sparse: 1]
[enable_bundle: 1]
[use_missing: 1]
[zero_as_missing: 0]
[feature_pre_filter: 1]
[pre_partition: 0]
[two_round: 0]
[header: 0]
[label_column: ]
[weight_column: ]
[group_column: ]
[ignore_column: ]
[categorical_feature: 1,2,3,4,15,16,17,18,19]
[forcedbins_filename: ]
[precise_float_parser: 0]
[parser_config_file: ]
[objective_seed: 16083]
[num_class: 1]
[is_unbalance: 0]
[scale_pos_weight: 1]
[sigmoid: 1]
[boost_from_average: 1]
[reg_sqrt: 0]
[alpha: 0.9]
[fair_c: 1]
[poisson_max_delta_step: 0.7]
[tweedie_variance_power: 1.5]
[lambdarank_truncation_level: 30]
[lambdarank_norm: 1]
[label_gain: ]
[lambdarank_position_bias_regularization: 0]
[eval_at: ]
[multi_error_top_k: 1]
[auc_mu_weights: ]
[num_machines: 1]
[local_listen_port: 12400]
[time_out: 120]
[machine_list_filename: ]
[machines: ]
[gpu_platform_id: -1]
[gpu_device_id: -1]
[gpu_use_dp: 0]
[num_gpu: 1]

end of parameters

pandas_categorical:[["01", "02", "03", "04", "05", "06", "07", "08", "09", "10"], ["10", "11", "12", "17", "18", "20", "21", "23", "24"], ["0", "1", "2", "3", "4"], ["0", "1", "2", "3", "4"], ["1", "2", "3", "4", "5", "6"], ["0", "A", "B", "C", "D", "E", "L"], ["11", "12", "13", "14"], ["1", "2", "3", "4"], ["005", "010", "016", "701", "703", "999"]]
